   Compiling mechanic-physics v0.1.0 (/Users/jens/repos/mechanic/crates/mechanic-physics)
    Finished `test` profile [optimized + debuginfo] target(s) in 1.94s
     Running unittests src/lib.rs (target/debug/deps/mechanic_physics-ced37d44e4e3378f)

running 1 test
test joint_machine::tests::terrain_ticks::saved_car::saved_car_cold_drop_remains_bounded_through_settling ... EVENT elapsed=0e0 dt=1.6666666666666666e-2 outcome=Refine(TerrainSweepHit { collider: 31, node: TerrainNodeId { coordinates: BrickCoord { x: -67108864, y: -67108864, z: -67108864 }, level: 27 }, triangle: 1, fraction: 0.7349788693579988, separation: 2.220446049250313e-16 })
EVENT elapsed=0e0 dt=1.2249647822633315e-2 outcome=Complete { arrived: false, drive_impulses: [(1, 1.3393676808161424e-10), (2, -4.444607856600649e-10), (4, 4.420075334937993e-10), (5, -7.351691468812741e-10), (7, 5.435044719891869e-10), (9, -4.130343294728765e-10)] }
EVENT elapsed=0e0 dt=1.445815724464999e-2 outcome=Refine(TerrainSweepHit { collider: 31, node: TerrainNodeId { coordinates: BrickCoord { x: -67108864, y: -67108864, z: -67108864 }, level: 27 }, triangle: 1, fraction: 0.8495027417085231, separation: 1.6653345369377348e-16 })
EVENT elapsed=0e0 dt=1.2470498764834982e-2 outcome=Refine(TerrainSweepHit { collider: 31, node: TerrainNodeId { coordinates: BrickCoord { x: -67108864, y: -67108864, z: -67108864 }, level: 27 }, triangle: 1, fraction: 0.9872684235642222, separation: 2.7755575615628914e-16 })
EVENT elapsed=0e0 dt=1.2311729656618212e-2 outcome=Complete { arrived: false, drive_impulses: [(1, 1.3893775209549131e-10), (2, -4.4903196995491073e-10), (4, 4.3362896300085306e-10), (5, -7.274160149177101e-10), (7, 5.406254219750003e-10), (9, -4.1175360858750277e-10)] }
EVENT elapsed=0e0 dt=1.2391114210726598e-2 outcome=Refine(TerrainSweepHit { collider: 31, node: TerrainNodeId { coordinates: BrickCoord { x: -67108864, y: -67108864, z: -67108864 }, level: 27 }, triangle: 1, fraction: 0.9936887029162875, separation: 1.6653345369377348e-16 })
EVENT elapsed=0e0 dt=1.231966811202905e-2 outcome=Refine(TerrainSweepHit { collider: 31, node: TerrainNodeId { coordinates: BrickCoord { x: -67108864, y: -67108864, z: -67108864 }, level: 27 }, triangle: 1, fraction: 0.9995377136276247, separation: 1.1102230246251565e-16 })
EVENT elapsed=0e0 dt=1.2313972897348672e-2 outcome=Complete { arrived: false, drive_impulses: [(1, 1.391175067672389e-10), (2, -4.4919622512142815e-10), (4, 4.3332727258140594e-10), (5, -7.271365899980672e-10), (7, 5.405212996185962e-10), (9, -4.117067162508844e-10)] }
EVENT elapsed=0e0 dt=1.2316820504688861e-2 outcome=Refine(TerrainSweepHit { collider: 31, node: TerrainNodeId { coordinates: BrickCoord { x: -67108864, y: -67108864, z: -67108864 }, level: 27 }, triangle: 1, fraction: 0.9997722425025954, separation: 3.3306690738754696e-16 })
EVENT elapsed=0e0 dt=1.2314257658082691e-2 outcome=Refine(TerrainSweepHit { collider: 31, node: TerrainNodeId { coordinates: BrickCoord { x: -67108864, y: -67108864, z: -67108864 }, level: 27 }, triangle: 1, fraction: 0.9999834112497106, separation: 2.220446049250313e-16 })
EVENT elapsed=0e0 dt=1.2314053379937401e-2 outcome=Complete { arrived: false, drive_impulses: [(1, 1.3912347777152293e-10), (2, -4.4920162622532225e-10), (4, 4.3331695101028756e-10), (5, -7.271270356836862e-10), (7, 5.405180261128114e-10), (9, -4.117054741941166e-10)] }
EVENT elapsed=0e0 dt=1.2314155519010047e-2 outcome=Refine(TerrainSweepHit { collider: 31, node: TerrainNodeId { coordinates: BrickCoord { x: -67108864, y: -67108864, z: -67108864 }, level: 27 }, triangle: 1, fraction: 0.9999918289399321, separation: 2.220446049250313e-16 })
EVENT elapsed=0e0 dt=1.2314063593844666e-2 outcome=Refine(TerrainSweepHit { collider: 31, node: TerrainNodeId { coordinates: BrickCoord { x: -67108864, y: -67108864, z: -67108864 }, level: 27 }, triangle: 1, fraction: 0.9999994049805483, separation: 2.220446049250313e-16 })
EVENT elapsed=0e0 dt=1.2314056266737297e-2 outcome=Complete { arrived: false, drive_impulses: [(1, 1.3912327796809737e-10), (2, -4.49201466258915e-10), (4, 4.333169781775988e-10), (5, -7.271270409643013e-10), (7, 5.405182831324655e-10), (9, -4.117057944192634e-10)] }
EVENT elapsed=0e0 dt=1.2314059930290982e-2 outcome=Refine(TerrainSweepHit { collider: 31, node: TerrainNodeId { coordinates: BrickCoord { x: -67108864, y: -67108864, z: -67108864 }, level: 27 }, triangle: 1, fraction: 0.9999997069157887, separation: 4.440892098500626e-16 })
EVENT elapsed=0e0 dt=1.2314056633092665e-2 outcome=Refine(TerrainSweepHit { collider: 31, node: TerrainNodeId { coordinates: BrickCoord { x: -67108864, y: -67108864, z: -67108864 }, level: 27 }, triangle: 1, fraction: 0.9999999786576623, separation: 2.220446049250313e-16 })
EVENT elapsed=0e0 dt=1.2314056370281911e-2 outcome=Complete { arrived: false, drive_impulses: [(1, 1.391242307551198e-10), (2, -4.4920229953985883e-10), (4, 4.333160167639164e-10), (5, -7.271261762969751e-10), (7, 5.405174208711364e-10), (9, -4.1170492209343586e-10)] }
EVENT elapsed=0e0 dt=1.231405650168729e-2 outcome=Refine(TerrainSweepHit { collider: 31, node: TerrainNodeId { coordinates: BrickCoord { x: -67108864, y: -67108864, z: -67108864 }, level: 27 }, triangle: 1, fraction: 0.99999998948757, separation: 2.220446049250313e-16 })
EVENT elapsed=0e0 dt=1.2314056383422449e-2 outcome=Refine(TerrainSweepHit { collider: 31, node: TerrainNodeId { coordinates: BrickCoord { x: -67108864, y: -67108864, z: -67108864 }, level: 27 }, triangle: 1, fraction: 0.9999999992344861, separation: 2.220446049250313e-16 })
EVENT elapsed=0e0 dt=1.2314056373995868e-2 outcome=Complete { arrived: false, drive_impulses: [(1, 1.3912368586581285e-10), (2, -4.4920187625229586e-10), (4, 4.3331648637682297e-10), (5, -7.271266263679316e-10), (7, 5.405178970589774e-10), (9, -4.117053869039833e-10)] }
EVENT elapsed=0e0 dt=1.2314056378709158e-2 outcome=Refine(TerrainSweepHit { collider: 31, node: TerrainNodeId { coordinates: BrickCoord { x: -67108864, y: -67108864, z: -67108864 }, level: 27 }, triangle: 1, fraction: 0.9999999996229363, separation: 2.220446049250313e-16 })
EVENT elapsed=0e0 dt=1.2314056374467197e-2 outcome=Refine(TerrainSweepHit { collider: 31, node: TerrainNodeId { coordinates: BrickCoord { x: -67108864, y: -67108864, z: -67108864 }, level: 27 }, triangle: 1, fraction: 0.9999999999725411, separation: 4.440892098500626e-16 })
EVENT elapsed=0e0 dt=1.2314056374129067e-2 outcome=Complete { arrived: false, drive_impulses: [(1, 1.3912370265464114e-10), (2, -4.4920186398090604e-10), (4, 4.333165639687467e-10), (5, -7.271266614859176e-10), (7, 5.405179064420907e-10), (9, -4.1170540566189847e-10)] }
EVENT elapsed=1.2314056374129067e-2 dt=4.3526102925376e-3 outcome=Refine(TerrainSweepHit { collider: 5, node: TerrainNodeId { coordinates: BrickCoord { x: -67108864, y: -67108864, z: -67108864 }, level: 27 }, triangle: 1, fraction: 1.3906957363474248e-7, separation: 1.1102230246251565e-16 })
EVENT elapsed=1.2314056374129067e-2 dt=6.053156575813958e-10 outcome=Complete { arrived: false, drive_impulses: [(1, -7.263787704505903e-6), (2, 1.8159469059645544e-6), (4, 7.263787704505903e-6), (5, -1.8159469059645544e-6), (7, 1.8159469059645544e-6), (9, -1.8159469059645544e-6)] }
EVENT elapsed=1.2314056374129067e-2 dt=2.1763054489266284e-3 outcome=Refine(TerrainSweepHit { collider: 5, node: TerrainNodeId { coordinates: BrickCoord { x: -67108864, y: -67108864, z: -67108864 }, level: 27 }, triangle: 1, fraction: 2.789851798468135e-7, separation: 1.1102230246251565e-16 })
EVENT elapsed=1.2314056374129067e-2 dt=2.176310896767547e-4 outcome=Refine(TerrainSweepHit { collider: 5, node: TerrainNodeId { coordinates: BrickCoord { x: -67108864, y: -67108864, z: -67108864 }, level: 27 }, triangle: 1, fraction: 2.7926250574239475e-6, separation: 5.551115123125783e-17 })
EVENT elapsed=1.2314056374129067e-2 dt=2.1763653751767292e-5 outcome=Refine(TerrainSweepHit { collider: 5, node: TerrainNodeId { coordinates: BrickCoord { x: -67108864, y: -67108864, z: -67108864 }, level: 27 }, triangle: 1, fraction: 2.7920745246490242e-5, separation: 0.0 })
EVENT elapsed=1.2314056374129067e-2 dt=2.1769101592685526e-6 outcome=Refine(TerrainSweepHit { collider: 5, node: TerrainNodeId { coordinates: BrickCoord { x: -67108864, y: -67108864, z: -67108864 }, level: 27 }, triangle: 1, fraction: 0.0002791327761784146, separation: 1.1102230246251565e-16 })
EVENT elapsed=1.2314056374129067e-2 dt=2.1823580001867854e-7 outcome=Refine(TerrainSweepHit { collider: 5, node: TerrainNodeId { coordinates: BrickCoord { x: -67108864, y: -67108864, z: -67108864 }, level: 27 }, triangle: 1, fraction: 0.0027843549538921764, separation: -1.6653345369377348e-16 })
EVENT elapsed=1.2314056374129067e-2 dt=2.236836409369111e-8 outcome=Refine(TerrainSweepHit { collider: 5, node: TerrainNodeId { coordinates: BrickCoord { x: -67108864, y: -67108864, z: -67108864 }, level: 27 }, triangle: 1, fraction: 0.0271654119997784, separation: 5.551115123125783e-17 })
EVENT elapsed=1.2314056374129067e-2 dt=2.7816205011923675e-9 outcome=Refine(TerrainSweepHit { collider: 5, node: TerrainNodeId { coordinates: BrickCoord { x: -67108864, y: -67108864, z: -67108864 }, level: 27 }, triangle: 1, fraction: 0.21845029386734538, separation: 1.6653345369377348e-16 })
EVENT elapsed=1.2314056374129067e-2 dt=8.22946141942493e-10 outcome=Refine(TerrainSweepHit { collider: 5, node: TerrainNodeId { coordinates: BrickCoord { x: -67108864, y: -67108864, z: -67108864 }, level: 27 }, triangle: 1, fraction: 0.7383785935654181, separation: 1.1102230246251565e-16 })
EVENT elapsed=1.2314056374129067e-2 dt=6.270787060175056e-10 outcome=Refine(TerrainSweepHit { collider: 5, node: TerrainNodeId { coordinates: BrickCoord { x: -67108864, y: -67108864, z: -67108864 }, level: 27 }, triangle: 1, fraction: 0.9690104430783997, separation: 1.1102230246251565e-16 })
EVENT elapsed=1.2314056374129067e-2 dt=6.076458147630526e-10 outcome=Complete { arrived: true, drive_impulses: [(1, -7.2917495899679674e-6), (2, 1.8229373772524574e-6), (4, 7.2917495899679674e-6), (5, -1.8229373772524574e-6), (7, 1.8229373772524574e-6), (9, -1.8229373772524574e-6)] }
EVENT elapsed=1.2314056981774882e-2 dt=4.352609684891784e-3 outcome=Refine(TerrainSweepHit { collider: 40, node: TerrainNodeId { coordinates: BrickCoord { x: -67108864, y: -67108864, z: -67108864 }, level: 27 }, triangle: 1, fraction: 9.040348913913476e-9, separation: 1.1102230246251565e-16 })
EVENT elapsed=1.2314056981774882e-2 dt=3.934911023750072e-11 outcome=Complete { arrived: false, drive_impulses: [(1, -4.7218931072829696e-7), (2, -1.1804732637142968e-7), (4, -4.7218931072829696e-7), (5, -1.1804732637142968e-7), (7, 1.1804732637142968e-7), (9, -1.1804732637142968e-7)] }
EVENT elapsed=1.2314056981774882e-2 dt=2.1763048621204475e-3 outcome=Refine(TerrainSweepHit { collider: 40, node: TerrainNodeId { coordinates: BrickCoord { x: -67108864, y: -67108864, z: -67108864 }, level: 27 }, triangle: 1, fraction: 1.815172723240721e-8, separation: 0.0 })
EVENT elapsed=1.2314056981774882e-2 dt=2.1763052162624395e-4 outcome=Refine(TerrainSweepHit { collider: 40, node: TerrainNodeId { coordinates: BrickCoord { x: -67108864, y: -67108864, z: -67108864 }, level: 27 }, triangle: 1, fraction: 1.82122640524085e-7, separation: -1.6653345369377348e-16 })
EVENT elapsed=1.2314056981774882e-2 dt=2.176308757682361e-5 outcome=Refine(TerrainSweepHit { collider: 40, node: TerrainNodeId { coordinates: BrickCoord { x: -67108864, y: -67108864, z: -67108864 }, level: 27 }, triangle: 1, fraction: 1.8210540915220008e-6, separation: -5.551115123125783e-17 })
EVENT elapsed=1.2314056981774882e-2 dt=2.1763441718815746e-6 outcome=Refine(TerrainSweepHit { collider: 40, node: TerrainNodeId { coordinates: BrickCoord { x: -67108864, y: -67108864, z: -67108864 }, level: 27 }, triangle: 1, fraction: 1.821007962732324e-5, separation: -1.1102230246251565e-16 })
EVENT elapsed=1.2314056981774882e-2 dt=2.1766983138737123e-7 outcome=Refine(TerrainSweepHit { collider: 40, node: TerrainNodeId { coordinates: BrickCoord { x: -67108864, y: -67108864, z: -67108864 }, level: 27 }, triangle: 1, fraction: 0.00018207100408673682, separation: 1.6653345369377348e-16 })
EVENT elapsed=1.2314056981774882e-2 dt=2.1802397337950873e-8 outcome=Refine(TerrainSweepHit { collider: 40, node: TerrainNodeId { coordinates: BrickCoord { x: -67108864, y: -67108864, z: -67108864 }, level: 27 }, triangle: 1, fraction: 0.0018177524496394426, separation: -1.1102230246251565e-16 })
EVENT elapsed=1.2314056981774882e-2 dt=2.2156539330088383e-9 outcome=Refine(TerrainSweepHit { collider: 40, node: TerrainNodeId { coordinates: BrickCoord { x: -67108864, y: -67108864, z: -67108864 }, level: 27 }, triangle: 1, fraction: 0.017886981454804385, separation: -1.1102230246251565e-16 })
EVENT elapsed=1.2314056981774882e-2 dt=2.569795925146345e-10 outcome=Refine(TerrainSweepHit { collider: 40, node: TerrainNodeId { coordinates: BrickCoord { x: -67108864, y: -67108864, z: -67108864 }, level: 27 }, triangle: 1, fraction: 0.15421987554059768, separation: -1.1102230246251565e-16 })
EVENT elapsed=1.2314056981774882e-2 dt=6.111215846521411e-11 outcome=Refine(TerrainSweepHit { collider: 40, node: TerrainNodeId { coordinates: BrickCoord { x: -67108864, y: -67108864, z: -67108864 }, level: 27 }, triangle: 1, fraction: 0.6485020618777213, separation: -1.1102230246251565e-16 })
EVENT elapsed=1.2314056981774882e-2 dt=4.152541506027206e-11 outcome=Refine(TerrainSweepHit { collider: 40, node: TerrainNodeId { coordinates: BrickCoord { x: -67108864, y: -67108864, z: -67108864 }, level: 27 }, triangle: 1, fraction: 0.9543880708382417, separation: -1.1102230246251565e-16 })
EVENT elapsed=1.2314056981774882e-2 dt=3.963136077013032e-11 outcome=Complete { arrived: true, drive_impulses: [(1, -4.755763170329033e-7), (2, -1.1889407793818004e-7), (4, -4.755763170329033e-7), (5, -1.1889407793818004e-7), (7, 1.1889407793818004e-7), (9, -1.1889407793818004e-7)] }
EVENT elapsed=1.2314057021406243e-2 dt=4.3526096452604236e-3 outcome=Complete { arrived: false, drive_impulses: [(1, -19.815112773643115), (2, -5.978886093724938), (4, -2.7460080289384754), (5, -12.850498162892823), (7, -10.522859563982356), (9, -13.057828455592677)] }
STOP coordinate=0 q=-3.050202724316764e-2 displacement=-7.374438893892969e-2 target=-5.7499997317790985e-2 fraction=3.6610202434494793e-1
STOP coordinate=3 q=-2.7991017142800376e-2 displacement=-7.334915229759281e-2 target=-5.7499997317790985e-2 fraction=4.02308400992373e-1
STOP coordinate=6 q=-3.0307337430300656e-2 displacement=-7.618770971636084e-2 target=-5.7499997317790985e-2 fraction=3.569166206560856e-1
STOP coordinate=8 q=-2.8729572852046987e-2 displacement=-7.610747099392941e-2 target=-5.7499997317790985e-2 fraction=3.7802365641658e-1
EVENT elapsed=0e0 dt=1.6666666666666666e-2 outcome=JointStop(StopHit { coordinate: 6, fraction: 0.3569166206560856 })
STOP coordinate=0 q=-3.050202724316764e-2 displacement=-3.817009096859684e-2 target=-5.7499997317790985e-2 fraction=7.073069356013592e-1
STOP coordinate=3 q=-2.7991017142800376e-2 displacement=-3.509949222114796e-2 target=-5.7499997317790985e-2 fraction=8.407238483413448e-1
STOP coordinate=6 q=-3.0307337430300656e-2 displacement=-3.849206008110799e-2 target=-5.7499997317790985e-2 fraction=7.064485462766011e-1
STOP coordinate=8 q=-2.8729572852046987e-2 displacement=-3.6648483952269856e-2 target=-5.7499997317790985e-2 fraction=7.850372338242951e-1
EVENT elapsed=0e0 dt=5.948610344268093e-3 outcome=JointStop(StopHit { coordinate: 6, fraction: 0.7064485462766011 })
STOP coordinate=0 q=-3.050202724316764e-2 displacement=-2.7406836794901294e-2 target=-5.7499997317790985e-2 fraction=9.850815793395751e-1
STOP coordinate=6 q=-3.0307337430300656e-2 displacement=-2.75893684290441e-2 target=-5.7499997317790985e-2 fraction=9.856209632861279e-1
EVENT elapsed=0e0 dt=4.202387130074146e-3 outcome=JointStop(StopHit { coordinate: 0, fraction: 0.9850815793395751 })
STOP coordinate=0 q=-3.050202724316764e-2 displacement=-2.7013359527778318e-2 target=-5.7499997317790985e-2 fraction=9.994303021384975e-1
EVENT elapsed=0e0 dt=4.139694151089744e-3 outcome=JointStop(StopHit { coordinate: 0, fraction: 0.9994303021384975 })
STOP coordinate=0 q=-3.050202724316764e-2 displacement=-2.6998548338009645e-2 target=-5.7499997317790985e-2 fraction=9.999785816859832e-1
EVENT elapsed=0e0 dt=4.137335776184594e-3 outcome=JointStop(StopHit { coordinate: 0, fraction: 0.9999785816859832 })
STOP coordinate=0 q=-3.050202724316764e-2 displacement=-2.699799180165536e-2 target=-5.7499997317790985e-2 fraction=9.99999195235254e-1
EVENT elapsed=0e0 dt=4.137247161427746e-3 outcome=JointStop(StopHit { coordinate: 0, fraction: 0.999999195235254 })
STOP coordinate=0 q=-3.050202724316764e-2 displacement=-2.699797089096897e-2 target=-5.7499997317790985e-2 fraction=9.999999697627046e-1
EVENT elapsed=0e0 dt=4.137243831917085e-3 outcome=JointStop(StopHit { coordinate: 0, fraction: 0.9999999697627046 })
EVENT elapsed=0e0 dt=4.137243706818021e-3 outcome=Complete { arrived: true, drive_impulses: [(1, 0.009172019265487465), (2, -0.3691667977988529), (4, -0.23817694806231426), (5, 0.3696560679576912), (7, -0.3697040158263725), (9, -0.12552909822202268)] }
STOP coordinate=3 q=-5.280620921845443e-2 displacement=-5.4248560558741575e-2 target=-5.7499997317790985e-2 fraction=8.652373539485932e-2
STOP coordinate=6 q=-5.748336376316832e-2 displacement=-4.3100619557913084e-2 target=-5.7499997317790985e-2 fraction=3.859237939796264e-4
STOP coordinate=8 q=-5.458283434605328e-2 displacement=-7.538043795151987e-2 target=-5.7499997317790985e-2 fraction=3.8699204342827614e-2
EVENT elapsed=4.137243706818021e-3 dt=1.2529422959848645e-2 outcome=JointStop(StopHit { coordinate: 6, fraction: 0.0003859237939796264 })
STOP coordinate=6 q=-5.748336376316832e-2 displacement=-2.1387653136262465e-5 target=-5.7499997317790985e-2 fraction=7.77717616640245e-1
EVENT elapsed=4.137243706818021e-3 dt=4.83540244504023e-6 outcome=JointStop(StopHit { coordinate: 6, fraction: 0.777717616640245 })
STOP coordinate=6 q=-5.748336376316832e-2 displacement=-1.663383436413987e-5 target=-5.7499997317790985e-2 fraction=9.999831823816782e-1
EVENT elapsed=4.137243706818021e-3 dt=3.7605776650531003e-6 outcome=JointStop(StopHit { coordinate: 6, fraction: 0.9999831823816782 })
EVENT elapsed=4.137243706818021e-3 dt=3.76051442109326e-6 outcome=Complete { arrived: true, drive_impulses: [(1, 0.04512617189467179), (2, -0.011281542848412315), (4, -0.04512617189467179), (5, 0.011281542848412315), (7, -0.011281542848412315), (9, 0.011281542848412315)] }
STOP coordinate=3 q=-5.2829832347209456e-2 displacement=-6.926341866602824e-2 target=-5.7499997317790985e-2 fraction=6.742614009712625e-2
STOP coordinate=8 q=-5.461429899995049e-2 displacement=-7.934600572300649e-2 target=-5.7499997317790985e-2 fraction=3.636853917907784e-2
EVENT elapsed=4.141004221239115e-3 dt=1.2525662445427552e-2 outcome=JointStop(StopHit { coordinate: 8, fraction: 0.03636853917907784 })
STOP coordinate=8 q=-5.461429899995049e-2 displacement=-4.071335144432667e-3 target=-5.7499997317790985e-2 fraction=7.08784272350198e-1
EVENT elapsed=4.141004221239115e-3 dt=4.555400453904359e-4 outcome=JointStop(StopHit { coordinate: 8, fraction: 0.708784272350198 })
STOP coordinate=8 q=-5.461429899995049e-2 displacement=-2.8910790510915394e-3 target=-5.7499997317790985e-2 fraction=9.981388494897738e-1
EVENT elapsed=4.141004221239115e-3 dt=3.228796195984363e-4 outcome=JointStop(StopHit { coordinate: 8, fraction: 0.9981388494897738 })
STOP coordinate=8 q=-5.461429899995049e-2 displacement=-2.8857220067003654e-3 target=-5.7499997317790985e-2 fraction=9.99991791011118e-1
EVENT elapsed=4.141004221239115e-3 dt=3.22278692029679e-4 outcome=JointStop(StopHit { coordinate: 8, fraction: 0.999991791011118 })
STOP coordinate=8 q=-5.461429899995049e-2 displacement=-2.8856984221173566e-3 target=-5.7499997317790985e-2 fraction=9.999999638642556e-1
EVENT elapsed=4.141004221239115e-3 dt=3.2227604644747925e-4 outcome=JointStop(StopHit { coordinate: 8, fraction: 0.9999999638642556 })
EVENT elapsed=4.141004221239115e-3 dt=3.222760348017944e-4 outcome=Complete { arrived: true, drive_impulses: [(1, 3.8673123183426124), (2, -0.966828068851247), (4, -1.423749850109503), (5, 0.966828068851247), (7, -0.966828068851247), (9, 0.966828068851247)] }
STOP coordinate=0 q=-5.7038198139022306e-2 displacement=-1.169106857804127e-2 target=-5.7499997317790985e-2 fraction=3.9500168499229646e-2
STOP coordinate=3 q=-5.54001230275077e-2 displacement=-4.226373486707937e-2 target=-5.7499997317790985e-2 fraction=4.968501475052899e-2
STOP coordinate=6 q=-5.7497457429480876e-2 displacement=-9.597151162169035e-3 target=-5.7499997317790985e-2 fraction=2.6465023496980973e-4
EVENT elapsed=4.463280256040909e-3 dt=1.2203386410625757e-2 outcome=JointStop(StopHit { coordinate: 6, fraction: 0.00026465023496980973 })
STOP coordinate=6 q=-5.7497457429480876e-2 displacement=-4.030217560648465e-6 target=-5.7499997317790985e-2 fraction=6.302112161161215e-1
EVENT elapsed=4.463280256040909e-3 dt=3.2296290809994896e-6 outcome=JointStop(StopHit { coordinate: 6, fraction: 0.6302112161161215 })
EVENT elapsed=4.463280256040909e-3 dt=2.0353484707406804e-6 outcome=Complete { arrived: true, drive_impulses: [(1, -0.02442418102188778), (2, 0.00610604518767833), (4, 0.02442418102188778), (5, -0.00610604518767833), (7, 0.00610604518767833), (9, -0.00610604518767833)] }
STOP coordinate=0 q=-5.70423486043776e-2 displacement=-1.0202242272577084e-2 target=-5.7499997317790985e-2 fraction=4.4857659834594374e-2
STOP coordinate=3 q=-5.541039518902858e-2 displacement=-4.519606730799946e-2 target=-5.7499997317790985e-2 fraction=4.623415826253888e-2
EVENT elapsed=4.46531560451165e-3 dt=1.2201351062155016e-2 outcome=JointStop(StopHit { coordinate: 0, fraction: 0.044857659834594374 })
STOP coordinate=0 q=-5.70423486043776e-2 displacement=-9.068706406099096e-4 target=-5.7499997317790985e-2 fraction=5.046460795175742e-1
STOP coordinate=3 q=-5.541039518902858e-2 displacement=-2.972718556779204e-3 target=-5.7499997317790985e-2 fraction=7.029263244571624e-1
EVENT elapsed=4.46531560451165e-3 dt=5.473240554686164e-4 outcome=JointStop(StopHit { coordinate: 0, fraction: 0.5046460795175742 })
STOP coordinate=0 q=-5.70423486043776e-2 displacement=-4.62857068925434e-4 target=-5.7499997317790985e-2 fraction=9.887473782691841e-1
EVENT elapsed=4.46531560451165e-3 dt=2.7620493881789663e-4 outcome=JointStop(StopHit { coordinate: 0, fraction: 0.9887473782691841 })
STOP coordinate=0 q=-5.70423486043776e-2 displacement=-4.5770688539371586e-4 target=-5.7499997317790985e-2 fraction=9.998729056035853e-1
EVENT elapsed=4.46531560451165e-3 dt=2.730969091211957e-4 outcome=JointStop(StopHit { coordinate: 0, fraction: 0.9998729056035853 })
STOP coordinate=0 q=-5.70423486043776e-2 displacement=-4.5764936285963613e-4 target=-5.7499997317790985e-2 fraction=9.999985809086456e-1
EVENT elapsed=4.46531560451165e-3 dt=2.730622000343682e-4 outcome=JointStop(StopHit { coordinate: 0, fraction: 0.9999985809086456 })
EVENT elapsed=4.46531560451165e-3 dt=2.7306181253416095e-4 outcome=Complete { arrived: true, drive_impulses: [(1, -3.2767416662917257), (2, 0.819185407477758), (4, 3.2767416662917257), (5, -0.819185407477758), (7, 0.819185407477758), (9, -0.819185407477758)] }
EVENT elapsed=4.738377417045811e-3 dt=1.1928289249620855e-2 outcome=Release(VelocityReversal { fraction: 0.8445328879704906, row: [0.0, 0.0, 0.0, 0.0, 0.0, 0.0, 0.0, 0.0, 1.0, 0.0, 0.0, 0.0, 0.0, 0.0, 0.0, 0.0] })
STOP coordinate=3 q=-5.690075037967173e-2 displacement=-2.7300497109830013e-2 target=-5.7499997317790985e-2 fraction=2.19500376021902e-2
STOP coordinate=8 q=-5.7498918664844995e-2 displacement=-1.0952089245744871e-3 target=-5.7499997317790985e-2 fraction=9.848832691074006e-4
EVENT elapsed=4.738377417045811e-3 dt=5.964144624810428e-3 outcome=JointStop(StopHit { coordinate: 8, fraction: 0.0009848832691074006 })
STOP coordinate=8 q=-5.7498918664844995e-2 displacement=-3.531353763866621e-6 target=-5.7499997317790985e-2 fraction=3.0545026585200036e-1
EVENT elapsed=4.738377417045811e-3 dt=5.873986255512625e-6 outcome=JointStop(StopHit { coordinate: 8, fraction: 0.30545026585200036 })
STOP coordinate=8 q=-5.7498918664844995e-2 displacement=-1.0788343991732366e-6 target=-5.7499997317790985e-2 fraction=9.99831806269012e-1
EVENT elapsed=4.738377417045811e-3 dt=1.7942106633573274e-6 outcome=JointStop(StopHit { coordinate: 8, fraction: 0.999831806269012 })
EVENT elapsed=4.738377417045811e-3 dt=1.7939088883716788e-6 outcome=Complete { arrived: true, drive_impulses: [(1, -0.02152690610783656), (2, 0.005381726467207424), (4, 0.02152690610783656), (5, -0.005381726467207424), (7, 0.005381726467207424), (9, -0.005381726467207424)] }
STOP coordinate=3 q=-5.691073242434164e-2 displacement=-4.271714586469233e-2 target=-5.7499997317790985e-2 fraction=1.3794575492376298e-2
EVENT elapsed=4.740171325934183e-3 dt=1.1926495340732483e-2 outcome=JointStop(StopHit { coordinate: 3, fraction: 0.013794575492376298 })
STOP coordinate=0 q=-5.7499997155017364e-2 displacement=-3.691141438407818e-5 target=-5.7499997317790985e-2 fraction=4.4098451302112125e-6
STOP coordinate=3 q=-5.691073242434164e-2 displacement=-8.805189261601358e-4 target=-5.7499997317790985e-2 fraction=6.692245628598578e-1
EVENT elapsed=4.740171325934183e-3 dt=1.645209403372084e-4 outcome=JointStop(StopHit { coordinate: 0, fraction: 4.4098451302112125e-6 })
EVENT elapsed=4.740171325934183e-3 dt=7.25511867563808e-10 outcome=Complete { arrived: true, drive_impulses: [(1, -8.70614218726774e-6), (2, 2.176535522651505e-6), (4, 8.70614218726774e-6), (5, -2.176535522651505e-6), (7, 2.176535522651505e-6), (9, -2.176535522651505e-6)] }
STOP coordinate=3 q=-5.691073631910675e-2 displacement=-4.250916104879803e-2 target=-5.7499997317790985e-2 fraction=1.3861976669165419e-2
EVENT elapsed=4.7401720514460505e-3 dt=1.1926494615220617e-2 outcome=JointStop(StopHit { coordinate: 3, fraction: 0.013861976669165419 })
STOP coordinate=3 q=-5.691073631910675e-2 displacement=-8.829780754586574e-4 target=-5.7499997317790985e-2 fraction=6.673563195531732e-1
EVENT elapsed=4.7401720514460505e-3 dt=1.6532479010111518e-4 outcome=JointStop(StopHit { coordinate: 3, fraction: 0.6673563195531732 })
STOP coordinate=3 q=-5.691073631910675e-2 displacement=-5.898724498083093e-4 target=-5.7499997317790985e-2 fraction=9.989634180672885e-1
EVENT elapsed=4.7401720514460505e-3 dt=1.103305434527811e-4 outcome=JointStop(StopHit { coordinate: 3, fraction: 0.9989634180672885 })
STOP coordinate=3 q=-5.691073631910675e-2 displacement=-5.892622600150724e-4 target=-5.7499997317790985e-2 fraction=9.999978594745934e-1
EVENT elapsed=4.7401720514460505e-3 dt=1.1021617680481171e-4 outcome=JointStop(StopHit { coordinate: 3, fraction: 0.9999978594745934 })
EVENT elapsed=4.7401720514460505e-3 dt=1.1021594088428504e-4 outcome=Complete { arrived: true, drive_impulses: [(1, -1.3225912566587883), (2, 0.33064781049361225), (4, 1.3225912566587883), (5, -0.33064781049361225), (7, 0.33064781049361225), (9, -0.33064781049361225)] }
STOP coordinate=6 q=-5.7444667463144715e-2 displacement=-8.367079387879091e-3 target=-5.7499997317790985e-2 fraction=6.612803832891009e-3
EVENT elapsed=4.850387992330335e-3 dt=1.1816278674336331e-2 outcome=JointStop(StopHit { coordinate: 6, fraction: 0.006612803832891009 })
STOP coordinate=0 q=-5.749933927695342e-2 displacement=-3.206059808371336e-5 target=-5.7499997317790985e-2 fraction=2.0524908357757138e-2
STOP coordinate=6 q=-5.7444667463144715e-2 displacement=-1.1440324530169615e-4 target=-5.7499997317790985e-2 fraction=4.836388557016738e-1
EVENT elapsed=4.850387992330335e-3 dt=7.813873290815958e-5 outcome=JointStop(StopHit { coordinate: 0, fraction: 0.020524908357757138 })
STOP coordinate=0 q=-5.749933927695342e-2 displacement=-6.606635308247697e-7 target=-5.7499997317790985e-2 fraction=9.960302133547546e-1
EVENT elapsed=4.850387992330335e-3 dt=1.6037903321312372e-6 outcome=JointStop(StopHit { coordinate: 0, fraction: 0.9960302133547546 })
EVENT elapsed=4.850387992330335e-3 dt=1.597423626688969e-6 outcome=Complete { arrived: true, drive_impulses: [(1, 0.01916908302817242), (2, -0.0047922707038359404), (4, -0.01916908302817242), (5, 0.0047922707038359404), (7, -0.0047922707038359404), (9, 0.0047922707038359404)] }
STOP coordinate=6 q=-5.744701388466126e-2 displacement=-7.7742064524945875e-3 target=-5.7499997317790985e-2 fraction=6.815285065233212e-3
EVENT elapsed=4.8519854159570245e-3 dt=1.1814681250709641e-2 outcome=JointStop(StopHit { coordinate: 6, fraction: 0.006815285065233212 })
STOP coordinate=6 q=-5.744701388466126e-2 displacement=-1.0856665951677204e-4 target=-5.7499997317790985e-2 fraction=4.8802674196253437e-1
EVENT elapsed=4.8519854159570245e-3 dt=8.052042067845226e-5 outcome=JointStop(StopHit { coordinate: 6, fraction: 0.48802674196253437 })
STOP coordinate=6 q=-5.744701388466126e-2 displacement=-5.3082208007734664e-5 target=-5.7499997317790985e-2 fraction=9.981392093186056e-1
EVENT elapsed=4.8519854159570245e-3 dt=3.929611856515774e-5 outcome=JointStop(StopHit { coordinate: 6, fraction: 0.9981392093186056 })
STOP coordinate=6 q=-5.744701388466126e-2 displacement=-5.29836077222297e-5 target=-5.7499997317790985e-2 fraction=9.999967047826456e-1
EVENT elapsed=4.8519854159570245e-3 dt=3.922299671391672e-5 outcome=JointStop(StopHit { coordinate: 6, fraction: 0.9999967047826456 })
EVENT elapsed=4.8519854159570245e-3 dt=3.922286746561726e-5 outcome=Complete { arrived: true, drive_impulses: [(1, 0.4706743975045853), (2, -0.11766859806970667), (4, -0.4706743975045853), (5, 0.11766859806970667), (7, -0.11766859806970667), (9, 0.11766859806970667)] }
EVENT elapsed=4.8912082834226414e-3 dt=1.1775458383244026e-2 outcome=Refine(TerrainSweepHit { collider: 67, node: TerrainNodeId { coordinates: BrickCoord { x: -67108864, y: -67108864, z: -67108864 }, level: 27 }, triangle: 1, fraction: 0.9040641590245934, separation: -2.7755575615628914e-16 })
EVENT elapsed=4.8912082834226414e-3 dt=1.0645769880376608e-2 outcome=Complete { arrived: false, drive_impulses: [(1, 1.2220724928644133), (2, -0.9175710290010185), (4, -3.4411196712556547), (5, 0.9205032310096235), (7, -0.9193350016146513), (9, 0.9193350252933462)] }
EVENT elapsed=4.8912082834226414e-3 dt=1.1210614131810317e-2 outcome=Refine(TerrainSweepHit { collider: 67, node: TerrainNodeId { coordinates: BrickCoord { x: -67108864, y: -67108864, z: -67108864 }, level: 27 }, triangle: 1, fraction: 0.9507212560491359, separation: -1.1102230246251565e-16 })
EVENT elapsed=4.8912082834226414e-3 dt=1.0702254305519979e-2 outcome=Refine(TerrainSweepHit { collider: 67, node: TerrainNodeId { coordinates: BrickCoord { x: -67108864, y: -67108864, z: -67108864 }, level: 27 }, triangle: 1, fraction: 0.9969550100500767, separation: 2.7755575615628914e-16 })
EVENT elapsed=4.8912082834226414e-3 dt=1.0669666048718147e-2 outcome=Complete { arrived: false, drive_impulses: [(1, 1.2227540268511443), (2, -0.9180908127016716), (4, -3.441465733226045), (5, 0.9210286556405393), (7, -0.91985629723382), (9, 0.9198563209053628)] }
EVENT elapsed=4.8912082834226414e-3 dt=1.0685960177119064e-2 outcome=Refine(TerrainSweepHit { collider: 67, node: TerrainNodeId { coordinates: BrickCoord { x: -67108864, y: -67108864, z: -67108864 }, level: 27 }, triangle: 1, fraction: 0.9985101668370012, separation: -5.551115123125783e-17 })
EVENT elapsed=4.8912082834226414e-3 dt=1.0671295461558239e-2 outcome=Refine(TerrainSweepHit { collider: 67, node: TerrainNodeId { coordinates: BrickCoord { x: -67108864, y: -67108864, z: -67108864 }, level: 27 }, triangle: 1, fraction: 0.9999138950911609, separation: 5.551115123125783e-17 })
EVENT elapsed=4.8912082834226414e-3 dt=1.0670376610635326e-2 outcome=Complete { arrived: false, drive_impulses: [(1, 1.2227742112293853), (2, -0.918106199573255), (4, -3.4414759600287224), (5, 0.9210442100946625), (7, -0.9198717288338207), (9, 0.9198717525051443)] }
EVENT elapsed=4.8912082834226414e-3 dt=1.0670836036096781e-2 outcome=Refine(TerrainSweepHit { collider: 67, node: TerrainNodeId { coordinates: BrickCoord { x: -67108864, y: -67108864, z: -67108864 }, level: 27 }, triangle: 1, fraction: 0.9999579347127333, separation: -1.6653345369377348e-16 })
EVENT elapsed=4.8912082834226414e-3 dt=1.0670422553181472e-2 outcome=Refine(TerrainSweepHit { collider: 67, node: TerrainNodeId { coordinates: BrickCoord { x: -67108864, y: -67108864, z: -67108864 }, level: 27 }, triangle: 1, fraction: 0.9999975736357304, separation: 2.7755575615628914e-16 })
EVENT elapsed=4.8912082834226414e-3 dt=1.0670396662849448e-2 outcome=Complete { arrived: false, drive_impulses: [(1, 1.222774780768917), (2, -0.9181066337363074), (4, -3.4414762485781862), (5, 0.9210446489868171), (7, -0.9198721642589199), (9, 0.9198721879302441)] }
EVENT elapsed=4.8912082834226414e-3 dt=1.067040960801546e-2 outcome=Refine(TerrainSweepHit { collider: 67, node: TerrainNodeId { coordinates: BrickCoord { x: -67108864, y: -67108864, z: -67108864 }, level: 27 }, triangle: 1, fraction: 0.9999988146859968, separation: 1.6653345369377348e-16 })
EVENT elapsed=4.8912082834226414e-3 dt=1.067039795736605e-2 outcome=Refine(TerrainSweepHit { collider: 67, node: TerrainNodeId { coordinates: BrickCoord { x: -67108864, y: -67108864, z: -67108864 }, level: 27 }, triangle: 1, fraction: 0.9999999316338204, separation: -1.1102230246251565e-16 })
EVENT elapsed=4.8912082834226414e-3 dt=1.0670397227871706e-2 outcome=Complete { arrived: false, drive_impulses: [(1, 1.2227747968170926), (2, -0.918106645969917), (4, -3.441476256708758), (5, 0.9210446613536759), (7, -0.9198721765281028), (9, 0.919872200199412)] }
EVENT elapsed=4.8912082834226414e-3 dt=1.0670397592618877e-2 outcome=Refine(TerrainSweepHit { collider: 67, node: TerrainNodeId { coordinates: BrickCoord { x: -67108864, y: -67108864, z: -67108864 }, level: 27 }, triangle: 1, fraction: 0.9999999666021736, separation: -5.551115123125783e-17 })
EVENT elapsed=4.8912082834226414e-3 dt=1.0670397264346423e-2 outcome=Refine(TerrainSweepHit { collider: 67, node: TerrainNodeId { coordinates: BrickCoord { x: -67108864, y: -67108864, z: -67108864 }, level: 27 }, triangle: 1, fraction: 0.9999999980736861, separation: -1.6653345369377348e-16 })
EVENT elapsed=4.8912082834226414e-3 dt=1.067039724379189e-2 outcome=Complete { arrived: false, drive_impulses: [(1, 1.2227747972692702), (2, -0.9181066463146083), (4, -3.44147625693787), (5, 0.9210446617021296), (7, -0.9198721768737895), (9, 0.9198722005451104)] }
EVENT elapsed=4.8912082834226414e-3 dt=1.0670397254069156e-2 outcome=Refine(TerrainSweepHit { collider: 67, node: TerrainNodeId { coordinates: BrickCoord { x: -67108864, y: -67108864, z: -67108864 }, level: 27 }, triangle: 1, fraction: 0.9999999990589735, separation: 5.551115123125783e-17 })
EVENT elapsed=4.8912082834226414e-3 dt=1.0670397244819616e-2 outcome=Refine(TerrainSweepHit { collider: 67, node: TerrainNodeId { coordinates: BrickCoord { x: -67108864, y: -67108864, z: -67108864 }, level: 27 }, triangle: 1, fraction: 0.9999999999457357, separation: 5.551115123125783e-17 })
EVENT elapsed=4.8912082834226414e-3 dt=1.0670397244240595e-2 outcome=Complete { arrived: false, drive_impulses: [(1, 1.222774797282017), (2, -0.9181066463243264), (4, -3.4414762569443247), (5, 0.9210446617119428), (7, -0.9198721768835324), (9, 0.9198722005548534)] }
EVENT elapsed=1.5561605527663235e-2 dt=1.1050611390034312e-3 outcome=Complete { arrived: false, drive_impulses: [(1, -0.3163540490453663), (2, -0.775348356236471), (4, -8.718335315043824), (5, 0.7763882678296941), (7, -0.7761642373582259), (9, 3.3151832950977407)] }
STOP coordinate=8 q=-4.3770415753237965e-2 displacement=-2.3369787313161708e-2 target=-5.7499997317790985e-2 fraction=5.874927906092072e-1
EVENT elapsed=0e0 dt=1.6666666666666666e-2 outcome=JointStop(StopHit { coordinate: 8, fraction: 0.5874927906092072 })
STOP coordinate=8 q=-4.3770415753237965e-2 displacement=-1.67849397092015e-2 target=-5.7499997317790985e-2 fraction=8.179702639638597e-1
EVENT elapsed=0e0 dt=9.791546510153454e-3 outcome=JointStop(StopHit { coordinate: 8, fraction: 0.8179702639638597 })
STOP coordinate=8 q=-4.3770415753237965e-2 displacement=-1.4156640443700843e-2 target=-5.7499997317790985e-2 fraction=9.698333173858458e-1
EVENT elapsed=0e0 dt=8.00919388352463e-3 outcome=JointStop(StopHit { coordinate: 8, fraction: 0.9698333173858458 })
STOP coordinate=8 q=-4.3770415753237965e-2 displacement=-1.3785921156627728e-2 target=-5.7499997317790985e-2 fraction=9.959132515386814e-1
EVENT elapsed=0e0 dt=7.767583073645117e-3 outcome=JointStop(StopHit { coordinate: 8, fraction: 0.9959132515386814 })
STOP coordinate=8 q=-4.3770415753237965e-2 displacement=-1.3736956345588053e-2 target=-5.7499997317790985e-2 fraction=9.994631430100307e-1
EVENT elapsed=0e0 dt=7.735838915470733e-3 outcome=JointStop(StopHit { coordinate: 8, fraction: 0.9994631430100307 })
STOP coordinate=8 q=-4.3770415753237965e-2 displacement=-1.373054592498676e-2 target=-5.7499997317790985e-2 fraction=9.999297653247724e-1
EVENT elapsed=0e0 dt=7.731685876275686e-3 outcome=JointStop(StopHit { coordinate: 8, fraction: 0.9999297653247724 })
STOP coordinate=8 q=-4.3770415753237965e-2 displacement=-1.3729707651868662e-2 target=-5.7499997317790985e-2 fraction=9.999908164602743e-1
EVENT elapsed=0e0 dt=7.731142843829204e-3 outcome=JointStop(StopHit { coordinate: 8, fraction: 0.9999908164602743 })
STOP coordinate=8 q=-4.3770415753237965e-2 displacement=-1.3729598049812948e-2 target=-5.7499997317790985e-2 fraction=9.999987992904186e-1
EVENT elapsed=0e0 dt=7.731071844571773e-3 outcome=JointStop(StopHit { coordinate: 8, fraction: 0.9999987992904186 })
STOP coordinate=8 q=-4.3770415753237965e-2 displacement=-1.3729583719909967e-2 target=-5.7499997317790985e-2 fraction=9.999998430136711e-1
EVENT elapsed=0e0 dt=7.731062561799734e-3 outcome=JointStop(StopHit { coordinate: 8, fraction: 0.9999998430136711 })
STOP coordinate=8 q=-4.3770415753237965e-2 displacement=-1.3729581846353988e-2 target=-5.7499997317790985e-2 fraction=9.999999794749053e-1
EVENT elapsed=0e0 dt=7.731061348128603e-3 outcome=JointStop(StopHit { coordinate: 8, fraction: 0.9999999794749053 })
EVENT elapsed=0e0 dt=7.731061189447837e-3 outcome=Refine(TerrainSweepHit { collider: 40, node: TerrainNodeId { coordinates: BrickCoord { x: -67108864, y: -67108864, z: -67108864 }, level: 27 }, triangle: 1, fraction: 0.4729771150423131, separation: 2.7755575615628914e-16 })
EVENT elapsed=0e0 dt=3.6566150176006312e-3 outcome=Complete { arrived: false, drive_impulses: [(1, -0.2998844964598934), (2, 0.24293705858021641), (4, 0.10948527854163381), (5, -0.24380392480002486), (7, 0.2446280273979975), (9, 1.7004536177445608)] }
EVENT elapsed=0e0 dt=5.693838103524234e-3 outcome=Refine(TerrainSweepHit { collider: 40, node: TerrainNodeId { coordinates: BrickCoord { x: -67108864, y: -67108864, z: -67108864 }, level: 27 }, triangle: 1, fraction: 0.6510892083768013, separation: 2.7755575615628914e-16 })
EVENT elapsed=0e0 dt=3.8603373261929916e-3 outcome=Refine(TerrainSweepHit { collider: 40, node: TerrainNodeId { coordinates: BrickCoord { x: -67108864, y: -67108864, z: -67108864 }, level: 27 }, triangle: 1, fraction: 0.9720415614632564, separation: 1.6653345369377348e-16 })
EVENT elapsed=0e0 dt=3.7524083223275276e-3 outcome=Complete { arrived: false, drive_impulses: [(1, -0.307969036389221), (2, 0.24937616488480563), (4, 0.11319182498212033), (5, -0.250264797042104), (7, 0.2511097293199401), (9, 1.6939719151735704)] }
EVENT elapsed=0e0 dt=3.8063728242602596e-3 outcome=Refine(TerrainSweepHit { collider: 40, node: TerrainNodeId { coordinates: BrickCoord { x: -67108864, y: -67108864, z: -67108864 }, level: 27 }, triangle: 1, fraction: 0.9862043413988653, separation: 1.6653345369377348e-16 })
EVENT elapsed=0e0 dt=3.757804772520801e-3 outcome=Refine(TerrainSweepHit { collider: 40, node: TerrainNodeId { coordinates: BrickCoord { x: -67108864, y: -67108864, z: -67108864 }, level: 27 }, triangle: 1, fraction: 0.9993002784040214, separation: 2.220446049250313e-16 })
EVENT elapsed=0e0 dt=3.7551753553679962e-3 outcome=Complete { arrived: false, drive_impulses: [(1, -0.30820338248324697), (2, 0.24956287248389522), (4, 0.11329966109298462), (5, -0.25045213245100645), (7, 0.25129766564395006), (9, 1.693783978831376)] }
EVENT elapsed=0e0 dt=3.7564900639443987e-3 outcome=Refine(TerrainSweepHit { collider: 40, node: TerrainNodeId { coordinates: BrickCoord { x: -67108864, y: -67108864, z: -67108864 }, level: 27 }, triangle: 1, fraction: 0.9996595068319992, separation: 2.7755575615628914e-16 })
EVENT elapsed=0e0 dt=3.7553068262256364e-3 outcome=Refine(TerrainSweepHit { collider: 40, node: TerrainNodeId { coordinates: BrickCoord { x: -67108864, y: -67108864, z: -67108864 }, level: 27 }, triangle: 1, fraction: 0.9999830284516502, separation: 1.6653345369377348e-16 })
EVENT elapsed=0e0 dt=3.755243092854267e-3 outcome=Complete { arrived: false, drive_impulses: [(1, -0.3082091198970122), (2, 0.24956744362151242), (4, 0.11330230148450239), (5, -0.25045671895688476), (7, 0.25130226685980456), (9, 1.6937793776150822)] }
EVENT elapsed=0e0 dt=3.7552749595399517e-3 outcome=Refine(TerrainSweepHit { collider: 40, node: TerrainNodeId { coordinates: BrickCoord { x: -67108864, y: -67108864, z: -67108864 }, level: 27 }, triangle: 1, fraction: 0.9999917442935351, separation: -2.220446049250313e-16 })
EVENT elapsed=0e0 dt=3.7552462795228353e-3 outcome=Refine(TerrainSweepHit { collider: 40, node: TerrainNodeId { coordinates: BrickCoord { x: -67108864, y: -67108864, z: -67108864 }, level: 27 }, triangle: 1, fraction: 0.9999995886782587, separation: 0.0 })
EVENT elapsed=0e0 dt=3.7552447349083963e-3 outcome=Complete { arrived: false, drive_impulses: [(1, -0.3082092589805169), (2, 0.24956755443276205), (4, 0.11330236549171409), (5, -0.25045683014068143), (7, 0.25130237840019126), (9, 1.6937792660746798)] }
EVENT elapsed=0e0 dt=3.755245507215616e-3 outcome=Refine(TerrainSweepHit { collider: 40, node: TerrainNodeId { coordinates: BrickCoord { x: -67108864, y: -67108864, z: -67108864 }, level: 27 }, triangle: 1, fraction: 0.9999997999166843, separation: 1.1102230246251565e-16 })
EVENT elapsed=0e0 dt=3.755244812139118e-3 outcome=Refine(TerrainSweepHit { collider: 40, node: TerrainNodeId { coordinates: BrickCoord { x: -67108864, y: -67108864, z: -67108864 }, level: 27 }, triangle: 1, fraction: 0.9999999900313292, separation: 1.1102230246251565e-16 })
EVENT elapsed=0e0 dt=3.755244774704319e-3 outcome=Complete { arrived: false, drive_impulses: [(1, -0.3082092623512715), (2, 0.24956755711832226), (4, 0.1133023670429573), (5, -0.2504568328352723), (7, 0.2513023811034242), (9, 1.6937792633714512)] }
EVENT elapsed=0e0 dt=3.7552447934217185e-3 outcome=Refine(TerrainSweepHit { collider: 40, node: TerrainNodeId { coordinates: BrickCoord { x: -67108864, y: -67108864, z: -67108864 }, level: 27 }, triangle: 1, fraction: 0.999999995150914, separation: 2.7755575615628914e-16 })
EVENT elapsed=0e0 dt=3.755244776576059e-3 outcome=Refine(TerrainSweepHit { collider: 40, node: TerrainNodeId { coordinates: BrickCoord { x: -67108864, y: -67108864, z: -67108864 }, level: 27 }, triangle: 1, fraction: 0.9999999997584301, separation: -2.220446049250313e-16 })
EVENT elapsed=0e0 dt=3.755244775668905e-3 outcome=Complete { arrived: false, drive_impulses: [(1, -0.3082092624329746), (2, 0.24956755718341803), (4, 0.11330236708055975), (5, -0.2504568329005872), (7, 0.2513023811689495), (9, 1.6937792633059252)] }
STOP coordinate=6 q=-5.2592787312721864e-2 displacement=-1.5772154549868397e-2 target=-5.7499997317790985e-2 fraction=3.1113124015831223e-1
STOP coordinate=8 q=-5.0879671363715816e-2 displacement=-1.659207032738644e-2 target=-5.7499997317790985e-2 fraction=3.990054178560123e-1
EVENT elapsed=3.755244775668905e-3 dt=1.2911421890997761e-2 outcome=JointStop(StopHit { coordinate: 6, fraction: 0.31113124015831223 })
STOP coordinate=6 q=-5.2592787312721864e-2 displacement=-6.964570261504028e-3 target=-5.7499997317790985e-2 fraction=7.045962379320426e-1
STOP coordinate=8 q=-5.0879671363715816e-2 displacement=-7.0974287031402164e-3 target=-5.7499997317790985e-2 fraction=9.327780849909834e-1
EVENT elapsed=3.755244775668905e-3 dt=4.017146705153314e-3 outcome=JointStop(StopHit { coordinate: 6, fraction: 0.7045962379320426 })
STOP coordinate=6 q=-5.2592787312721864e-2 displacement=-5.045684906652097e-3 target=-5.7499997317790985e-2 fraction=9.725557770362524e-1
EVENT elapsed=3.755244775668905e-3 dt=2.8304664556721257e-3 outcome=JointStop(StopHit { coordinate: 6, fraction: 0.9725557770362524 })
STOP coordinate=6 q=-5.2592787312721864e-2 displacement=-4.915370208244534e-3 target=-5.7499997317790985e-2 fraction=9.983398599027747e-1
EVENT elapsed=3.755244775668905e-3 dt=2.7527865031712513e-3 outcome=JointStop(StopHit { coordinate: 6, fraction: 0.9983398599027747 })
STOP coordinate=6 q=-5.2592787312721864e-2 displacement=-4.907686785803013e-3 target=-5.7499997317790985e-2 fraction=9.999028502113723e-1
EVENT elapsed=3.755244775668905e-3 dt=2.748216491918236e-3 outcome=JointStop(StopHit { coordinate: 6, fraction: 0.9999028502113723 })
STOP coordinate=6 q=-5.2592787312721864e-2 displacement=-4.907237848213006e-3 target=-5.7499997317790985e-2 fraction=9.999943261067129e-1
EVENT elapsed=3.755244775668905e-3 dt=2.747949503266943e-3 outcome=JointStop(StopHit { coordinate: 6, fraction: 0.9999943261067129 })
STOP coordinate=6 q=-5.2592787312721864e-2 displacement=-4.907211631011316e-3 target=-5.7499997317790985e-2 fraction=9.999996686627116e-1
EVENT elapsed=3.755244775668905e-3 dt=2.747933911694703e-3 outcome=JointStop(StopHit { coordinate: 6, fraction: 0.9999996686627116 })
EVENT elapsed=3.755244775668905e-3 dt=2.747933001201732e-3 outcome=Refine(TerrainSweepHit { collider: 5, node: TerrainNodeId { coordinates: BrickCoord { x: -67108864, y: -67108864, z: -67108864 }, level: 27 }, triangle: 1, fraction: 0.12727049540920155, separation: 1.1102230246251565e-15 })
EVENT elapsed=3.755244775668905e-3 dt=3.4973079441423847e-4 outcome=Complete { arrived: false, drive_impulses: [(1, 2.105346084489805), (2, -0.28351390004247917), (4, -1.207333709694272), (5, 0.28497827214834104), (7, -1.0491923446597153), (9, 0.2862837291741601)] }
EVENT elapsed=3.755244775668905e-3 dt=1.5488318978079854e-3 outcome=Refine(TerrainSweepHit { collider: 5, node: TerrainNodeId { coordinates: BrickCoord { x: -67108864, y: -67108864, z: -67108864 }, level: 27 }, triangle: 1, fraction: 0.22681895154751652, separation: 8.881784197001252e-16 })
EVENT elapsed=3.755244775668905e-3 dt=4.696409047536132e-4 outcome=Refine(TerrainSweepHit { collider: 5, node: TerrainNodeId { coordinates: BrickCoord { x: -67108864, y: -67108864, z: -67108864 }, level: 27 }, triangle: 1, fraction: 0.7512804378733754, separation: 5.551115123125783e-16 })
EVENT elapsed=3.755244775668905e-3 dt=3.6172180544817594e-4 outcome=Refine(TerrainSweepHit { collider: 5, node: TerrainNodeId { coordinates: BrickCoord { x: -67108864, y: -67108864, z: -67108864 }, level: 27 }, triangle: 1, fraction: 0.9758660199381253, separation: 4.440892098500626e-16 })
EVENT elapsed=3.755244775668905e-3 dt=3.529920186075443e-4 outcome=Complete { arrived: false, drive_impulses: [(1, 2.1047266788776895), (2, -0.28289550345457537), (4, -1.2067542548241454), (5, 0.28436015763941236), (7, -1.058976016879848), (9, 0.28566523491305285)] }
EVENT elapsed=3.755244775668905e-3 dt=3.573569120278601e-4 outcome=Refine(TerrainSweepHit { collider: 5, node: TerrainNodeId { coordinates: BrickCoord { x: -67108864, y: -67108864, z: -67108864 }, level: 27 }, triangle: 1, fraction: 0.9878038052081899, separation: 7.216449660063518e-16 })
EVENT elapsed=3.755244775668905e-3 dt=3.534285079495759e-4 outcome=Refine(TerrainSweepHit { collider: 5, node: TerrainNodeId { coordinates: BrickCoord { x: -67108864, y: -67108864, z: -67108864 }, level: 27 }, triangle: 1, fraction: 0.9987999282664605, separation: 8.326672684688674e-16 })
EVENT elapsed=3.755244775668905e-3 dt=3.530356675417475e-4 outcome=Refine(TerrainSweepHit { collider: 5, node: TerrainNodeId { coordinates: BrickCoord { x: -67108864, y: -67108864, z: -67108864 }, level: 27 }, triangle: 1, fraction: 0.9999130003731638, separation: 1.1657341758564144e-15 })
EVENT elapsed=3.755244775668905e-3 dt=3.5300495357041146e-4 outcome=Complete { arrived: false, drive_impulses: [(1, 2.1047242216701996), (2, -0.2828930502371835), (4, -1.2067519559356257), (5, 0.28435770554229484), (7, -1.0590148217670223), (9, 0.2856627813108016)] }
EVENT elapsed=3.755244775668905e-3 dt=3.5302031055607945e-4 outcome=Refine(TerrainSweepHit { collider: 5, node: TerrainNodeId { coordinates: BrickCoord { x: -67108864, y: -67108864, z: -67108864 }, level: 27 }, triangle: 1, fraction: 0.9999565630968271, separation: 8.326672684688674e-16 })
EVENT elapsed=3.755244775668905e-3 dt=3.5300648926897825e-4 outcome=Refine(TerrainSweepHit { collider: 5, node: TerrainNodeId { coordinates: BrickCoord { x: -67108864, y: -67108864, z: -67108864 }, level: 27 }, triangle: 1, fraction: 0.999995772788357, separation: 9.992007221626409e-16 })
EVENT elapsed=3.755244775668905e-3 dt=3.5300510714026816e-4 outcome=Refine(TerrainSweepHit { collider: 5, node: TerrainNodeId { coordinates: BrickCoord { x: -67108864, y: -67108864, z: -67108864 }, level: 27 }, triangle: 1, fraction: 0.9999996939260718, separation: 9.43689570931383e-16 })
EVENT elapsed=3.755244775668905e-3 dt=3.5300499909460834e-4 outcome=Complete { arrived: false, drive_impulses: [(1, 2.1047242130221355), (2, -0.28289304160315554), (4, -1.2067519478447517), (5, 0.2843576969122069), (7, -1.059014958339608), (9, 0.2856627726754161)] }
STOP coordinate=6 q=-5.325049824351073e-2 displacement=-1.1863669233225016e-2 target=-5.7499997317790985e-2 fraction=3.5819433184964733e-1
STOP coordinate=8 q=-5.154769931374636e-2 displacement=-1.890789081276472e-2 target=-5.7499997317790985e-2 fraction=3.1480497020990994e-1
EVENT elapsed=4.108249774763513e-3 dt=1.2558416891903153e-2 outcome=JointStop(StopHit { coordinate: 8, fraction: 0.31480497020990994 })
STOP coordinate=6 q=-5.325049824351073e-2 displacement=-5.41090544027722e-3 target=-5.7499997317790985e-2 fraction=7.853582216847123e-1
STOP coordinate=8 q=-5.154769931374636e-2 displacement=-8.22070341197598e-3 target=-5.7499997317790985e-2 fraction=7.24061884457877e-1
EVENT elapsed=4.108249774763513e-3 dt=3.953452055539202e-3 outcome=JointStop(StopHit { coordinate: 8, fraction: 0.724061884457877 })
STOP coordinate=8 q=-5.154769931374636e-2 displacement=-6.092377028137455e-3 target=-5.7499997317790985e-2 fraction=9.770074925688483e-1
EVENT elapsed=4.108249774763513e-3 dt=2.862543945447582e-3 outcome=JointStop(StopHit { coordinate: 8, fraction: 0.9770074925688483 })
STOP coordinate=8 q=-5.154769931374636e-2 displacement=-5.959929873588663e-3 target=-5.7499997317790985e-2 fraction=9.987194699088899e-1
EVENT elapsed=4.108249774763513e-3 dt=2.7967268825098805e-3 outcome=JointStop(StopHit { coordinate: 8, fraction: 0.9987194699088899 })
STOP coordinate=8 q=-5.154769931374636e-2 displacement=-5.952710733156912e-3 target=-5.7499997317790985e-2 fraction=9.999306653504956e-1
EVENT elapsed=4.108249774763513e-3 dt=2.79314558958021e-3 outcome=JointStop(StopHit { coordinate: 8, fraction: 0.9999306653504956 })
STOP coordinate=8 q=-5.154769931374636e-2 displacement=-5.952320315300655e-3 target=-5.7499997317790985e-2 fraction=9.99996251670803e-1
EVENT elapsed=4.108249774763513e-3 dt=2.792951927809742e-3 outcome=JointStop(StopHit { coordinate: 8, fraction: 0.999996251670803 })
STOP coordinate=8 q=-5.154769931374636e-2 displacement=-5.952299210117251e-3 target=-5.7499997317790985e-2 fraction=9.999997973770166e-1
EVENT elapsed=4.108249774763513e-3 dt=2.792941458906485e-3 outcome=JointStop(StopHit { coordinate: 8, fraction: 0.9999997973770166 })
EVENT elapsed=4.108249774763513e-3 dt=2.7929408929923544e-3 outcome=Complete { arrived: true, drive_impulses: [(1, -13.934044739219278), (2, -8.378822370854243), (4, -0.430651454357503), (5, -0.35824536180243083), (7, -8.378822370854243), (9, -0.35337199204796477)] }
STOP coordinate=0 q=-4.7200088875005916e-2 displacement=-1.186080013566551e-2 target=-5.7499997317790985e-2 fraction=8.683991235813149e-1
STOP coordinate=6 q=-5.720936695415062e-2 displacement=-9.005787218912584e-3 target=-5.7499997317790985e-2 fraction=3.2271511260007366e-2
EVENT elapsed=6.901190667755868e-3 dt=9.765475998910799e-3 outcome=JointStop(StopHit { coordinate: 6, fraction: 0.032271511260007366 })
STOP coordinate=6 q=-5.720936695415062e-2 displacement=-5.04446438269365e-4 target=-5.7499997317790985e-2 fraction=5.761372102010495e-1
EVENT elapsed=6.901190667755868e-3 dt=3.1514666865818154e-4 outcome=JointStop(StopHit { coordinate: 6, fraction: 0.5761372102010495 })
STOP coordinate=6 q=-5.720936695415062e-2 displacement=-2.915785799243941e-4 target=-5.7499997317790985e-2 fraction=9.967479905956326e-1
EVENT elapsed=6.901190667755868e-3 dt=1.8156772248487923e-4 outcome=JointStop(StopHit { coordinate: 6, fraction: 0.9967479905956326 })
STOP coordinate=6 q=-5.720936695415062e-2 displacement=-2.9063401150640115e-4 target=-5.7499997317790985e-2 fraction=9.99987448592082e-1
EVENT elapsed=6.901190667755868e-3 dt=1.8097726254382883e-4 outcome=JointStop(StopHit { coordinate: 6, fraction: 0.999987448592082 })
EVENT elapsed=6.901190667755868e-3 dt=1.8097499102438276e-4 outcome=Complete { arrived: true, drive_impulses: [(1, -2.1716998365422433), (2, -0.5429249531076256), (4, 2.1716998365422433), (5, -0.5429249531076256), (7, -0.5429249531076256), (9, -0.5429249531076256)] }
EVENT elapsed=7.0821656587802505e-3 dt=9.584501007886416e-3 outcome=Complete { arrived: false, drive_impulses: [(1, -5.230696784681974), (2, -13.546119120243988), (4, 4.970126515097103), (5, -6.276810363065642), (7, -3.252205766624057), (9, -6.28002842892545)] }
STOP coordinate=0 q=-5.576933197529678e-2 displacement=-2.3965891314637632e-3 target=-5.7499997317790985e-2 fraction=7.221368568241685e-1
EVENT elapsed=0e0 dt=1.6666666666666666e-2 outcome=JointStop(StopHit { coordinate: 0, fraction: 0.7221368568241685 })
STOP coordinate=0 q=-5.576933197529678e-2 displacement=-3.2016588303845216e-3 target=-5.7499997317790985e-2 fraction=5.405527053881477e-1
EVENT elapsed=0e0 dt=1.2035614280402809e-2 outcome=JointStop(StopHit { coordinate: 0, fraction: 0.5405527053881477 })
STOP coordinate=0 q=-5.576933197529678e-2 displacement=-2.942626622464978e-3 target=-5.7499997317790985e-2 fraction=5.881362349139841e-1
EVENT elapsed=0e0 dt=6.505883860279962e-3 outcome=JointStop(StopHit { coordinate: 0, fraction: 0.5881362349139841 })
STOP coordinate=0 q=-5.576933197529678e-2 displacement=-2.0867668812177575e-3 target=-5.7499997317790985e-2 fraction=8.293525060567646e-1
EVENT elapsed=0e0 dt=3.826346038372714e-3 outcome=JointStop(StopHit { coordinate: 0, fraction: 0.8293525060567646 })
STOP coordinate=0 q=-5.576933197529678e-2 displacement=-1.8014851687542268e-3 target=-5.7499997317790985e-2 fraction=9.606880880906754e-1
EVENT elapsed=0e0 dt=3.1733896759647833e-3 outcome=JointStop(StopHit { coordinate: 0, fraction: 0.9606880880906754 })
STOP coordinate=0 q=-5.576933197529678e-2 displacement=-1.7435348883985367e-3 target=-5.7499997317790985e-2 fraction=9.926187046843945e-1
EVENT elapsed=0e0 dt=3.0486376605692958e-3 outcome=JointStop(StopHit { coordinate: 0, fraction: 0.9926187046843945 })
STOP coordinate=0 q=-5.576933197529678e-2 displacement=-1.7329646246409015e-3 target=-5.7499997317790985e-2 fraction=9.986732088387712e-1
EVENT elapsed=0e0 dt=3.026134765686357e-3 outcome=JointStop(StopHit { coordinate: 0, fraction: 0.9986732088387712 })
STOP coordinate=0 q=-5.576933197529678e-2 displacement=-1.7310748801786105e-3 target=-5.7499997317790985e-2 fraction=9.997634200062089e-1
EVENT elapsed=0e0 dt=3.022119716826557e-3 outcome=JointStop(StopHit { coordinate: 0, fraction: 0.9997634200062089 })
STOP coordinate=0 q=-5.576933197529678e-2 displacement=-1.7307382477342857e-3 target=-5.7499997317790985e-2 fraction=9.999578762183275e-1
EVENT elapsed=0e0 dt=3.0214047437627143e-3 outcome=JointStop(StopHit { coordinate: 0, fraction: 0.9999578762183275 })
STOP coordinate=0 q=-5.576933197529678e-2 displacement=-1.7306783197082278e-3 target=-5.7499997317790985e-2 fraction=9.9999250166026e-1
EVENT elapsed=0e0 dt=3.021277470768944e-3 outcome=JointStop(StopHit { coordinate: 0, fraction: 0.99999250166026 })
STOP coordinate=0 q=-5.576933197529678e-2 displacement=-1.7306676524128624e-3 target=-5.7499997317790985e-2 fraction=9.999986653019988e-1
EVENT elapsed=0e0 dt=3.0212548162040194e-3 outcome=JointStop(StopHit { coordinate: 0, fraction: 0.9999986653019988 })
STOP coordinate=0 q=-5.576933197529678e-2 displacement=-1.730665753653934e-3 target=-5.7499997317790985e-2 fraction=9.999997624268423e-1
EVENT elapsed=0e0 dt=3.021250783741255e-3 outcome=JointStop(StopHit { coordinate: 0, fraction: 0.9999997624268423 })
EVENT elapsed=0e0 dt=3.0212500659731662e-3 outcome=Complete { arrived: true, drive_impulses: [(1, 0.042023268072495665), (2, -0.10435397460316409), (4, 0.07280400583304576), (5, 0.10585267605348622), (7, -0.10582221248661011), (9, 0.10582222641520339)] }
EVENT elapsed=3.0212500659731662e-3 dt=1.36454166006935e-2 outcome=Refine(TerrainSweepHit { collider: 33, node: TerrainNodeId { coordinates: BrickCoord { x: -67108864, y: -67108864, z: -67108864 }, level: 27 }, triangle: 1, fraction: 0.2615206451064535, separation: 5.551115123125783e-17 })
EVENT elapsed=3.0212500659731662e-3 dt=3.568558152159674e-3 outcome=Complete { arrived: false, drive_impulses: [(1, 1.3072545463082093), (2, -1.0711889332691202), (4, -0.944390240417124), (5, 1.0795911249223435), (7, -1.07979871632619), (9, 1.079798800624224)] }
EVENT elapsed=3.0212500659731662e-3 dt=8.606987376426588e-3 outcome=Refine(TerrainSweepHit { collider: 33, node: TerrainNodeId { coordinates: BrickCoord { x: -67108864, y: -67108864, z: -67108864 }, level: 27 }, triangle: 1, fraction: 0.429699496230978, separation: -1.1102230246251565e-16 })
EVENT elapsed=3.0212500659731662e-3 dt=4.0724010745863655e-3 outcome=Refine(TerrainSweepHit { collider: 33, node: TerrainNodeId { coordinates: BrickCoord { x: -67108864, y: -67108864, z: -67108864 }, level: 27 }, triangle: 1, fraction: 0.9420871688820274, separation: -1.6653345369377348e-16 })
EVENT elapsed=3.0212500659731662e-3 dt=3.836556798909195e-3 outcome=Complete { arrived: false, drive_impulses: [(1, 1.3240646022027638), (2, -1.0858440430858685), (4, -0.9566557319041494), (5, 1.094237057585765), (7, -1.0944691326976201), (9, 1.0944692171548944)] }
EVENT elapsed=3.0212500659731662e-3 dt=3.95447893674778e-3 outcome=Refine(TerrainSweepHit { collider: 33, node: TerrainNodeId { coordinates: BrickCoord { x: -67108864, y: -67108864, z: -67108864 }, level: 27 }, triangle: 1, fraction: 0.9711697928312388, separation: 2.220446049250313e-16 })
EVENT elapsed=3.0212500659731662e-3 dt=3.8483490126930532e-3 outcome=Refine(TerrainSweepHit { collider: 33, node: TerrainNodeId { coordinates: BrickCoord { x: -67108864, y: -67108864, z: -67108864 }, level: 27 }, triangle: 1, fraction: 0.9988719958957749, separation: -1.1102230246251565e-16 })
EVENT elapsed=3.0212500659731662e-3 dt=3.844008059212245e-3 outcome=Complete { arrived: false, drive_impulses: [(1, 1.3245293055746452), (2, -1.086249452689303), (4, -0.9569948795446349), (5, 1.094642188800615), (7, -1.0948749477866042), (9, 1.0948750322695588)] }
EVENT elapsed=3.0212500659731662e-3 dt=3.846178535952649e-3 outcome=Refine(TerrainSweepHit { collider: 33, node: TerrainNodeId { coordinates: BrickCoord { x: -67108864, y: -67108864, z: -67108864 }, level: 27 }, triangle: 1, fraction: 0.9994545292099799, separation: -1.6653345369377348e-16 })
EVENT elapsed=3.0212500659731662e-3 dt=3.844225106886285e-3 outcome=Refine(TerrainSweepHit { collider: 33, node: TerrainNodeId { coordinates: BrickCoord { x: -67108864, y: -67108864, z: -67108864 }, level: 27 }, triangle: 1, fraction: 0.999979372968699, separation: -4.440892098500626e-16 })
EVENT elapsed=3.0212500659731662e-3 dt=3.8441458119346772e-3 outcome=Complete { arrived: false, drive_impulses: [(1, 1.3245378952319686), (2, -1.0862569464922216), (4, -0.9570011484439116), (5, 1.0946496774448655), (7, -1.094882449075333), (9, 1.0948825335587644)] }
EVENT elapsed=3.0212500659731662e-3 dt=3.844185459410481e-3 outcome=Refine(TerrainSweepHit { collider: 33, node: TerrainNodeId { coordinates: BrickCoord { x: -67108864, y: -67108864, z: -67108864 }, level: 27 }, triangle: 1, fraction: 0.999990030916234, separation: 5.551115123125783e-17 })
EVENT elapsed=3.0212500659731662e-3 dt=3.8441497766822574e-3 outcome=Refine(TerrainSweepHit { collider: 33, node: TerrainNodeId { coordinates: BrickCoord { x: -67108864, y: -67108864, z: -67108864 }, level: 27 }, triangle: 1, fraction: 0.9999996232575294, separation: 2.220446049250313e-16 })
EVENT elapsed=3.0212500659731662e-3 dt=3.844148328427773e-3 outcome=Complete { arrived: false, drive_impulses: [(1, 1.3245380521489938), (2, -1.0862570833900884), (4, -0.9570012629650336), (5, 1.0946498142484842), (7, -1.0948825861099463), (9, 1.0948826705933852)] }
EVENT elapsed=3.0212500659731662e-3 dt=3.8441490525550153e-3 outcome=Refine(TerrainSweepHit { collider: 33, node: TerrainNodeId { coordinates: BrickCoord { x: -67108864, y: -67108864, z: -67108864 }, level: 27 }, triangle: 1, fraction: 0.9999998179215865, separation: -1.6653345369377348e-16 })
EVENT elapsed=3.0212500659731662e-3 dt=3.8441484008404974e-3 outcome=Refine(TerrainSweepHit { collider: 33, node: TerrainNodeId { coordinates: BrickCoord { x: -67108864, y: -67108864, z: -67108864 }, level: 27 }, triangle: 1, fraction: 0.9999999931191683, separation: 5.551115123125783e-17 })
EVENT elapsed=3.0212500659731662e-3 dt=3.844148374389559e-3 outcome=Complete { arrived: false, drive_impulses: [(1, 1.3245380550149644), (2, -1.0862570858904141), (4, -0.9570012650566669), (5, 1.0946498167470935), (7, -1.0948825886127744), (9, 1.0948826730962133)] }
EVENT elapsed=3.0212500659731662e-3 dt=3.844148387615028e-3 outcome=Refine(TerrainSweepHit { collider: 33, node: TerrainNodeId { coordinates: BrickCoord { x: -67108864, y: -67108864, z: -67108864 }, level: 27 }, triangle: 1, fraction: 0.9999999966745559, separation: -1.1102230246251565e-16 })
EVENT elapsed=3.0212500659731662e-3 dt=3.844148375712106e-3 outcome=Complete { arrived: true, drive_impulses: [(1, 1.3245380550974293), (2, -1.0862570859623624), (4, -0.957001265116861), (5, 1.0946498168189926), (7, -1.0948825886847935), (9, 1.0948826731682313)] }
EVENT elapsed=6.865398441685272e-3 dt=9.801268224981395e-3 outcome=Refine(TerrainSweepHit { collider: 42, node: TerrainNodeId { coordinates: BrickCoord { x: -67108864, y: -67108864, z: -67108864 }, level: 27 }, triangle: 1, fraction: 0.5186672126940548, separation: -3.3306690738754696e-16 })
EVENT elapsed=6.865398441685272e-3 dt=5.083596471117906e-3 outcome=Complete { arrived: false, drive_impulses: [(1, 1.2926893161961865), (2, -1.0415550875662365), (4, 4.663085973104517), (5, -0.830709029012715), (7, -1.0417757386500743), (9, 1.0417757703882624)] }
EVENT elapsed=6.865398441685272e-3 dt=7.44243234804965e-3 outcome=Refine(TerrainSweepHit { collider: 42, node: TerrainNodeId { coordinates: BrickCoord { x: -67108864, y: -67108864, z: -67108864 }, level: 27 }, triangle: 1, fraction: 0.711057763626109, separation: -2.7755575615628914e-16 })
EVENT elapsed=6.865398441685272e-3 dt=5.319480058811081e-3 outcome=Complete { arrived: false, drive_impulses: [(1, 1.312700705007325), (2, -1.0637422173068125), (4, 4.636209532927649), (5, -0.8085464629823708), (7, -1.0638166792260126), (9, 1.063816710333677)] }
EVENT elapsed=6.865398441685272e-3 dt=6.3809562034303656e-3 outcome=Refine(TerrainSweepHit { collider: 42, node: TerrainNodeId { coordinates: BrickCoord { x: -67108864, y: -67108864, z: -67108864 }, level: 27 }, triangle: 1, fraction: 0.8453714375081892, separation: -2.7755575615628914e-16 })
EVENT elapsed=6.865398441685272e-3 dt=5.425627673273009e-3 outcome=Complete { arrived: false, drive_impulses: [(1, 1.3216592961111227), (2, -1.073684965340123), (4, 4.624166989954864), (5, -0.798615560493042), (7, -1.0736935183373535), (9, 1.0736935488584245)] }
EVENT elapsed=6.865398441685272e-3 dt=5.903291938351688e-3 outcome=Refine(TerrainSweepHit { collider: 42, node: TerrainNodeId { coordinates: BrickCoord { x: -67108864, y: -67108864, z: -67108864 }, level: 27 }, triangle: 1, fraction: 0.9219018979606357, separation: 0.0 })
EVENT elapsed=6.865398441685272e-3 dt=5.473394099780877e-3 outcome=Complete { arrived: false, drive_impulses: [(1, 1.325681415451126), (2, -1.0781509196189516), (4, 4.618758247286446), (5, -0.7941550951359602), (7, -1.0781297910639027), (9, 1.0781298213078225)] }
EVENT elapsed=6.865398441685272e-3 dt=5.688343019066282e-3 outcome=Refine(TerrainSweepHit { collider: 42, node: TerrainNodeId { coordinates: BrickCoord { x: -67108864, y: -67108864, z: -67108864 }, level: 27 }, triangle: 1, fraction: 0.9606076175309219, separation: 3.3306690738754696e-16 })
EVENT elapsed=6.865398441685272e-3 dt=5.494888991709418e-3 outcome=Refine(TerrainSweepHit { collider: 42, node: TerrainNodeId { coordinates: BrickCoord { x: -67108864, y: -67108864, z: -67108864 }, level: 27 }, triangle: 1, fraction: 0.998073628834695, separation: 1.1102230246251565e-16 })
EVENT elapsed=6.865398441685272e-3 dt=5.484303795999236e-3 outcome=Complete { arrived: false, drive_impulses: [(1, 1.326599255794654), (2, -1.079170212067223), (4, 4.617523810109876), (5, -0.7931370700652234), (7, -1.0791423024673104), (9, 1.079142332646638)] }
EVENT elapsed=6.865398441685272e-3 dt=5.489596393854327e-3 outcome=Refine(TerrainSweepHit { collider: 42, node: TerrainNodeId { coordinates: BrickCoord { x: -67108864, y: -67108864, z: -67108864 }, level: 27 }, triangle: 1, fraction: 0.9991363145801816, separation: -1.1102230246251565e-16 })
EVENT elapsed=6.865398441685272e-3 dt=5.484855109488268e-3 outcome=Complete { arrived: false, drive_impulses: [(1, 1.3266456303228304), (2, -1.079221714200796), (4, 4.617461437624064), (5, -0.7930856321128915), (7, -1.0791934619075558), (9, 1.0791934920836046)] }
EVENT elapsed=6.865398441685272e-3 dt=5.487225751671297e-3 outcome=Refine(TerrainSweepHit { collider: 42, node: TerrainNodeId { coordinates: BrickCoord { x: -67108864, y: -67108864, z: -67108864 }, level: 27 }, triangle: 1, fraction: 0.999612983696809, separation: -2.220446049250313e-16 })
EVENT elapsed=6.865398441685272e-3 dt=5.485102105846111e-3 outcome=Complete { arrived: false, drive_impulses: [(1, 1.326666406532077), (2, -1.079244787675715), (4, 4.6174334941323405), (5, -0.7930625873962931), (7, -1.0792163818503866), (9, 1.0792164120249665)] }
EVENT elapsed=6.865398441685272e-3 dt=5.486163928758704e-3 outcome=Refine(TerrainSweepHit { collider: 42, node: TerrainNodeId { coordinates: BrickCoord { x: -67108864, y: -67108864, z: -67108864 }, level: 27 }, triangle: 1, fraction: 0.9998266218152216, separation: -2.7755575615628914e-16 })
EVENT elapsed=6.865398441685272e-3 dt=5.485212747615339e-3 outcome=Complete { arrived: false, drive_impulses: [(1, 1.3266757131648572), (2, -1.079255123371325), (4, 4.617420976929113), (5, -0.793052264583804), (7, -1.079226648771332), (9, 1.0792266789452556)] }
EVENT elapsed=6.865398441685272e-3 dt=5.485688338187022e-3 outcome=Refine(TerrainSweepHit { collider: 42, node: TerrainNodeId { coordinates: BrickCoord { x: -67108864, y: -67108864, z: -67108864 }, level: 27 }, triangle: 1, fraction: 0.999922337559657, separation: 0.0 })
EVENT elapsed=6.865398441685272e-3 dt=5.4852623062437164e-3 outcome=Complete { arrived: false, drive_impulses: [(1, 1.3266798817791705), (2, -1.079259752924159), (4, 4.617415370238312), (5, -0.79304764080174), (7, -1.0792312475186179), (9, 1.0792312776922455)] }
EVENT elapsed=6.865398441685272e-3 dt=5.485475322215369e-3 outcome=Refine(TerrainSweepHit { collider: 42, node: TerrainNodeId { coordinates: BrickCoord { x: -67108864, y: -67108864, z: -67108864 }, level: 27 }, triangle: 1, fraction: 0.9999652138922787, separation: 2.7755575615628914e-16 })
EVENT elapsed=6.865398441685272e-3 dt=5.485284503879907e-3 outcome=Complete { arrived: false, drive_impulses: [(1, 1.3266817489270168), (2, -1.0792618265295983), (4, 4.617412858966802), (5, -0.7930455697811023), (7, -1.0792333073260407), (9, 1.07923333749954)] }
EVENT elapsed=6.865398441685272e-3 dt=5.485379913047638e-3 outcome=Refine(TerrainSweepHit { collider: 42, node: TerrainNodeId { coordinates: BrickCoord { x: -67108864, y: -67108864, z: -67108864 }, level: 27 }, triangle: 1, fraction: 0.9999844191593088, separation: 3.3306690738754696e-16 })
EVENT elapsed=6.865398441685272e-3 dt=5.485294446217082e-3 outcome=Complete { arrived: false, drive_impulses: [(1, 1.3266825852234683), (2, -1.0792627552986025), (4, 4.617411734166934), (5, -0.7930446421698347), (7, -1.0792342299149043), (9, 1.0792342600883418)] }
EVENT elapsed=6.865398441685272e-3 dt=5.48533717963236e-3 outcome=Refine(TerrainSweepHit { collider: 42, node: TerrainNodeId { coordinates: BrickCoord { x: -67108864, y: -67108864, z: -67108864 }, level: 27 }, triangle: 1, fraction: 0.999993021347717, separation: -1.1102230246251565e-16 })
EVENT elapsed=6.865398441685272e-3 dt=5.485298899371528e-3 outcome=Complete { arrived: false, drive_impulses: [(1, 1.3266829597990264), (2, -1.079263171292452), (4, 4.617411230371253), (5, -0.7930442266945362), (7, -1.0792346431406856), (9, 1.0792346733140967)] }
EVENT elapsed=6.865398441685272e-3 dt=5.4853180395019446e-3 outcome=Refine(TerrainSweepHit { collider: 42, node: TerrainNodeId { coordinates: BrickCoord { x: -67108864, y: -67108864, z: -67108864 }, level: 27 }, triangle: 1, fraction: 0.9999968742785144, separation: -2.7755575615628914e-16 })
EVENT elapsed=6.865398441685272e-3 dt=5.485300893925493e-3 outcome=Complete { arrived: false, drive_impulses: [(1, 1.3266831275702409), (2, -1.079263357614787), (4, 4.617411004722737), (5, -0.7930440406044647), (7, -1.0792348282232032), (9, 1.0792348583966056)] }
EVENT elapsed=6.865398441685272e-3 dt=5.485309466713719e-3 outcome=Refine(TerrainSweepHit { collider: 42, node: TerrainNodeId { coordinates: BrickCoord { x: -67108864, y: -67108864, z: -67108864 }, level: 27 }, triangle: 1, fraction: 0.9999985999996954, separation: 5.551115123125783e-17 })
EVENT elapsed=6.865398441685272e-3 dt=5.485301787278795e-3 outcome=Complete { arrived: false, drive_impulses: [(1, 1.3266832027143363), (2, -1.0792634410678554), (4, 4.61741090365563), (5, -0.7930439572554147), (7, -1.079234911120972), (9, 1.0792349412943651)] }
EVENT elapsed=6.865398441685272e-3 dt=5.485305626996256e-3 outcome=Refine(TerrainSweepHit { collider: 42, node: TerrainNodeId { coordinates: BrickCoord { x: -67108864, y: -67108864, z: -67108864 }, level: 27 }, triangle: 1, fraction: 0.9999993729449606, separation: 3.3306690738754696e-16 })
EVENT elapsed=6.865398441685272e-3 dt=5.48530218740772e-3 outcome=Complete { arrived: false, drive_impulses: [(1, 1.3266832363710435), (2, -1.0792634784461164), (4, 4.617410858388103), (5, -0.7930439199237496), (7, -1.0792349482505117), (9, 1.079234978423902)] }
EVENT elapsed=6.865398441685272e-3 dt=5.4853039072019875e-3 outcome=Refine(TerrainSweepHit { collider: 42, node: TerrainNodeId { coordinates: BrickCoord { x: -67108864, y: -67108864, z: -67108864 }, level: 27 }, triangle: 1, fraction: 0.9999997191446349, separation: 1.6653345369377348e-16 })
EVENT elapsed=6.865398441685272e-3 dt=5.485302366624956e-3 outcome=Complete { arrived: false, drive_impulses: [(1, 1.3266832514458244), (2, -1.0792634951877893), (4, 4.617410838112846), (5, -0.7930439032029453), (7, -1.079234964880781), (9, 1.0792349950541706)] }
EVENT elapsed=6.865398441685272e-3 dt=5.485303136913472e-3 outcome=Refine(TerrainSweepHit { collider: 42, node: TerrainNodeId { coordinates: BrickCoord { x: -67108864, y: -67108864, z: -67108864 }, level: 27 }, triangle: 1, fraction: 0.9999998742059456, separation: -1.1102230246251565e-16 })
EVENT elapsed=6.865398441685272e-3 dt=5.485302446894951e-3 outcome=Complete { arrived: false, drive_impulses: [(1, 1.3266832581977037), (2, -1.079263502686254), (4, 4.617410829031739), (5, -0.7930438957138279), (7, -1.0792349723293524), (9, 1.0792350025027424)] }
EVENT elapsed=6.865398441685272e-3 dt=5.4853027919042115e-3 outcome=Refine(TerrainSweepHit { collider: 42, node: TerrainNodeId { coordinates: BrickCoord { x: -67108864, y: -67108864, z: -67108864 }, level: 27 }, triangle: 1, fraction: 0.9999999436574267, separation: -2.7755575615628914e-16 })
EVENT elapsed=6.865398441685272e-3 dt=5.485302482848137e-3 outcome=Complete { arrived: false, drive_impulses: [(1, 1.3266832612218995), (2, -1.0792635060448421), (4, 4.617410824964259), (5, -0.7930438923594275), (7, -1.079234975665589), (9, 1.079235005838977)] }
EVENT elapsed=6.865398441685272e-3 dt=5.4853026373761745e-3 outcome=Refine(TerrainSweepHit { collider: 42, node: TerrainNodeId { coordinates: BrickCoord { x: -67108864, y: -67108864, z: -67108864 }, level: 27 }, triangle: 1, fraction: 0.999999974764261, separation: -1.1102230246251565e-16 })
EVENT elapsed=6.865398441685272e-3 dt=5.485302498950509e-3 outcome=Complete { arrived: false, drive_impulses: [(1, 1.3266832625763432), (2, -1.0792635075490542), (4, 4.617410823142556), (5, -0.793043890857095), (7, -1.0792349771597909), (9, 1.0792350073331787)] }
EVENT elapsed=6.865398441685272e-3 dt=5.485302568163342e-3 outcome=Refine(TerrainSweepHit { collider: 42, node: TerrainNodeId { coordinates: BrickCoord { x: -67108864, y: -67108864, z: -67108864 }, level: 27 }, triangle: 1, fraction: 0.9999999886969909, separation: 2.7755575615628914e-16 })
EVENT elapsed=6.865398441685272e-3 dt=5.485302506162917e-3 outcome=Complete { arrived: false, drive_impulses: [(1, 1.326683263183022), (2, -1.0792635082228037), (4, 4.617410822326612), (5, -0.7930438901841789), (7, -1.079234977829061), (9, 1.079235008002451)] }
EVENT elapsed=6.865398441685272e-3 dt=5.485302537163129e-3 outcome=Refine(TerrainSweepHit { collider: 42, node: TerrainNodeId { coordinates: BrickCoord { x: -67108864, y: -67108864, z: -67108864 }, level: 27 }, triangle: 1, fraction: 0.9999999949374918, separation: -5.551115123125783e-17 })
EVENT elapsed=6.865398441685272e-3 dt=5.48530250939374e-3 outcome=Complete { arrived: false, drive_impulses: [(1, 1.3266832634547738), (2, -1.0792635085246105), (4, 4.6174108219611005), (5, -0.793043889882751), (7, -1.0792349781288613), (9, 1.0792350083022493)] }
EVENT elapsed=6.865398441685272e-3 dt=5.4853025232784345e-3 outcome=Refine(TerrainSweepHit { collider: 42, node: TerrainNodeId { coordinates: BrickCoord { x: -67108864, y: -67108864, z: -67108864 }, level: 27 }, triangle: 1, fraction: 0.9999999977324603, separation: 1.6653345369377348e-16 })
EVENT elapsed=6.865398441685272e-3 dt=5.485302510840293e-3 outcome=Complete { arrived: false, drive_impulses: [(1, 1.3266832635764527), (2, -1.0792635086597413), (4, 4.617410821797442), (5, -0.7930438897477883), (7, -1.079234978263093), (9, 1.0792350084364812)] }
EVENT elapsed=1.2350700952525565e-2 dt=4.315965714141102e-3 outcome=Refine(TerrainSweepHit { collider: 41, node: TerrainNodeId { coordinates: BrickCoord { x: -67108864, y: -67108864, z: -67108864 }, level: 27 }, triangle: 1, fraction: 0.08246345075137436, separation: 4.440892098500626e-16 })
EVENT elapsed=1.2350700952525565e-2 dt=3.55909426112695e-4 outcome=Complete { arrived: false, drive_impulses: [(1, -2.9856281047015867), (2, 0.19216752402176032), (4, -0.9119614673045306), (5, -0.20071037986755938), (7, -1.067728239073446), (9, -0.19924753355427172)] }
EVENT elapsed=1.2350700952525565e-2 dt=2.3359375701268986e-3 outcome=Refine(TerrainSweepHit { collider: 41, node: TerrainNodeId { coordinates: BrickCoord { x: -67108864, y: -67108864, z: -67108864 }, level: 27 }, triangle: 1, fraction: 0.3257936970351932, separation: 7.510658761589184e-14 })
EVENT elapsed=1.2350700952525565e-2 dt=7.610337370150481e-4 outcome=Complete { arrived: false, drive_impulses: [(1, -2.993123757518266), (2, 0.17936983830566458), (4, -0.9320547067058946), (5, -0.1879583336111305), (7, -2.2831011270863817), (9, -0.1864584461665036)] }
EVENT elapsed=1.2350700952525565e-2 dt=1.5484856535709734e-3 outcome=Complete { arrived: false, drive_impulses: [(1, -3.0092159904286477), (2, 0.1544816901252784), (4, -0.9679256055477862), (5, -0.16313520107988377), (7, -4.645456789880889), (9, -0.1615682833198196)] }
EVENT elapsed=1.2350700952525565e-2 dt=1.942211611848936e-3 outcome=Refine(TerrainSweepHit { collider: 41, node: TerrainNodeId { coordinates: BrickCoord { x: -67108864, y: -67108864, z: -67108864 }, level: 27 }, triangle: 1, fraction: 0.552688273014996, separation: 7.771561172376096e-16 })
EVENT elapsed=1.2350700952525565e-2 dt=1.5878582493987696e-3 outcome=Complete { arrived: false, drive_impulses: [(1, -3.009990465413016), (2, 0.15322558801169198), (4, -0.9696481004965265), (5, -0.16188168527569013), (7, -4.763574573020613), (9, -0.1603115558379072)] }
EVENT elapsed=1.2350700952525565e-2 dt=1.7650349306238527e-3 outcome=Complete { arrived: false, drive_impulses: [(1, -3.0134115970928033), (2, 0.14755479876483799), (4, -0.9773436026352456), (5, -0.1562218937336939), (7, -5.295104597149377), (9, -0.15463744839091847)] }
EVENT elapsed=1.2350700952525565e-2 dt=1.8536232712363944e-3 outcome=Refine(TerrainSweepHit { collider: 41, node: TerrainNodeId { coordinates: BrickCoord { x: -67108864, y: -67108864, z: -67108864 }, level: 27 }, triangle: 1, fraction: 0.6857161276277095, separation: 5.678790770957676e-14 })
EVENT elapsed=1.2350700952525565e-2 dt=1.7738937646851068e-3 outcome=Complete { arrived: false, drive_impulses: [(1, -3.0135798523199253), (2, 0.14727045744809664), (4, -0.977726190603918), (5, -0.15593807595716272), (7, -5.321681098355816), (9, -0.15435292045838167)] }
EVENT elapsed=1.2350700952525565e-2 dt=1.8137585179607506e-3 outcome=Refine(TerrainSweepHit { collider: 41, node: TerrainNodeId { coordinates: BrickCoord { x: -67108864, y: -67108864, z: -67108864 }, level: 27 }, triangle: 1, fraction: 0.8230019155861797, separation: 1.7541523789077473e-14 })
EVENT elapsed=1.2350700952525565e-2 dt=1.777880240012671e-3 outcome=Complete { arrived: false, drive_impulses: [(1, -3.013655479723082), (2, 0.14714247869384878), (4, -0.9778982923022665), (5, -0.15581033200636193), (7, -5.333640523898712), (9, -0.15422485710690653)] }
EVENT elapsed=1.2350700952525565e-2 dt=1.7958193789867109e-3 outcome=Complete { arrived: false, drive_impulses: [(1, -3.013995131797127), (2, 0.14656638086275636), (4, -0.9786722728348272), (5, -0.1552352847590328), (7, -5.38745793884175), (9, -0.15364837385206692)] }
EVENT elapsed=1.2350700952525565e-2 dt=1.8047889484737309e-3 outcome=Complete { arrived: false, drive_impulses: [(1, -3.0141645463193463), (2, 0.14627821315807862), (4, -0.9790589739379606), (5, -0.15494763866527209), (7, -5.414366646313269), (9, -0.15336001054548967)] }
EVENT elapsed=1.2350700952525565e-2 dt=1.8092737332172407e-3 outcome=Refine(TerrainSweepHit { collider: 41, node: TerrainNodeId { coordinates: BrickCoord { x: -67108864, y: -67108864, z: -67108864 }, level: 27 }, triangle: 1, fraction: 0.8684362964320549, separation: 1.0058620603103918e-13 })
EVENT elapsed=1.2350700952525565e-2 dt=1.8052374269480818e-3 outcome=Complete { arrived: false, drive_impulses: [(1, -3.0141730098510613), (2, 0.14626380269282863), (4, -0.9790783039881465), (5, -0.154933254216465), (7, -5.415712081686845), (9, -0.1533455902498201)] }
EVENT elapsed=1.2350700952525565e-2 dt=1.8072555800826614e-3 outcome=Complete { arrived: false, drive_impulses: [(1, -3.0142110872686807), (2, 0.1461989531472576), (4, -0.9791652833423125), (5, -0.15486852166947254), (7, -5.421766540867937), (9, -0.15328069640816144)] }
EVENT elapsed=1.2350700952525565e-2 dt=1.808264656649951e-3 outcome=Complete { arrived: false, drive_impulses: [(1, -3.0142301207776865), (2, 0.14616652686977216), (4, -0.9792087694213352), (5, -0.15483615384503344), (7, -5.424793770458483), (9, -0.15324824794633252)] }
EVENT elapsed=1.2350700952525565e-2 dt=1.8087691949335957e-3 outcome=Refine(TerrainSweepHit { collider: 41, node: TerrainNodeId { coordinates: BrickCoord { x: -67108864, y: -67108864, z: -67108864 }, level: 27 }, triangle: 1, fraction: 0.8791592440197907, separation: 1.0402789740737717e-13 })
EVENT elapsed=1.2350700952525565e-2 dt=1.8083151104783155e-3 outcome=Complete { arrived: false, drive_impulses: [(1, -3.014231072362156), (2, 0.1461649055295655), (4, -0.9792109436623974), (5, -0.15483453542667078), (7, -5.42494513193801), (9, -0.15324662549627407)] }
EVENT elapsed=1.2350700952525565e-2 dt=1.8085421527059557e-3 outcome=Refine(TerrainSweepHit { collider: 41, node: TerrainNodeId { coordinates: BrickCoord { x: -67108864, y: -67108864, z: -67108864 }, level: 27 }, triangle: 1, fraction: 0.8864682480399044, separation: 1.0452749776845849e-13 })
EVENT elapsed=1.2350700952525565e-2 dt=1.8083378147010795e-3 outcome=Complete { arrived: false, drive_impulses: [(1, -3.014231500572332), (2, 0.14616417592565228), (4, -0.9792119220689283), (5, -0.15483380713756334), (7, -5.425013244603797), (9, -0.15324589539290845)] }
EVENT elapsed=1.2350700952525565e-2 dt=1.8084399837035177e-3 outcome=Refine(TerrainSweepHit { collider: 41, node: TerrainNodeId { coordinates: BrickCoord { x: -67108864, y: -67108864, z: -67108864 }, level: 27 }, triangle: 1, fraction: 0.8915119411984197, separation: 1.084687895058778e-13 })
EVENT elapsed=1.2350700952525565e-2 dt=1.8083480316013233e-3 outcome=Complete { arrived: false, drive_impulses: [(1, -3.014231693266341), (2, 0.1461638476037278), (4, -0.979212362351465), (5, -0.1548334794072951), (7, -5.425043895303402), (9, -0.1532455668462254)] }
EVENT elapsed=1.2350700952525565e-2 dt=1.8083940076524204e-3 outcome=Refine(TerrainSweepHit { collider: 41, node: TerrainNodeId { coordinates: BrickCoord { x: -67108864, y: -67108864, z: -67108864 }, level: 27 }, triangle: 1, fraction: 0.895100950842661, separation: 1.2706502516834917e-13 })
EVENT elapsed=1.2350700952525565e-2 dt=1.808352629206433e-3 outcome=Complete { arrived: false, drive_impulses: [(1, -3.0142317799785348), (2, 0.14616369985882485), (4, -0.9792125604785318), (5, -0.15483333192863694), (7, -5.4250576881182235), (9, -0.15324541900018132)] }
EVENT elapsed=1.2350700952525565e-2 dt=1.8083733184294268e-3 outcome=Refine(TerrainSweepHit { collider: 41, node: TerrainNodeId { coordinates: BrickCoord { x: -67108864, y: -67108864, z: -67108864 }, level: 27 }, triangle: 1, fraction: 0.8978409564622035, separation: 1.939004512507836e-13 })
EVENT elapsed=1.2350700952525565e-2 dt=1.8083546981287324e-3 outcome=Complete { arrived: false, drive_impulses: [(1, -3.0142318189990003), (2, 0.1461636333736144), (4, -0.9792126496356908), (5, -0.15483326556323568), (7, -5.425063894884893), (9, -0.1532453524694558)] }
EVENT elapsed=1.2350700952525565e-2 dt=1.8083640082790795e-3 outcome=Complete { arrived: false, drive_impulses: [(1, -3.0142319945908906), (2, 0.1461633341901093), (4, -0.9792130508428002), (5, -0.15483296691887294), (7, -5.425091825334907), (9, -0.1532450530811364)] }
EVENT elapsed=1.2350700952525565e-2 dt=1.8083686633542531e-3 outcome=Refine(TerrainSweepHit { collider: 41, node: TerrainNodeId { coordinates: BrickCoord { x: -67108864, y: -67108864, z: -67108864 }, level: 27 }, triangle: 1, fraction: 0.8991394412318711, separation: 1.6431300764452317e-13 })
EVENT elapsed=1.2350700952525565e-2 dt=1.8083644737865968e-3 outcome=Complete { arrived: false, drive_impulses: [(1, -3.014232003370471), (2, 0.14616331923093007), (4, -0.979213070903151), (5, -0.15483295198665284), (7, -5.4250932218574075), (9, -0.15324503811171764)] }
EVENT elapsed=1.2350700952525565e-2 dt=1.808366568570425e-3 outcome=Refine(TerrainSweepHit { collider: 41, node: TerrainNodeId { coordinates: BrickCoord { x: -67108864, y: -67108864, z: -67108864 }, level: 27 }, triangle: 1, fraction: 0.9002234239248059, separation: 1.7974510768681284e-13 })
EVENT elapsed=1.2350700952525565e-2 dt=1.8083646832649796e-3 outcome=Complete { arrived: false, drive_impulses: [(1, -3.014232007321294), (2, 0.14616331249930284), (4, -0.9792130799303038), (5, -0.15483294526715582), (7, -5.425093850292533), (9, -0.15324503137548198)] }
EVENT elapsed=1.2350700952525565e-2 dt=1.8083656259177024e-3 outcome=Complete { arrived: false, drive_impulses: [(1, -3.0142320250999526), (2, 0.14616328220696503), (4, -0.9792131205525126), (5, -0.15483291502940655), (7, -5.425096678250598), (9, -0.15324500106240616)] }
EVENT elapsed=1.2350700952525565e-2 dt=1.8083660972440635e-3 outcome=Refine(TerrainSweepHit { collider: 41, node: TerrainNodeId { coordinates: BrickCoord { x: -67108864, y: -67108864, z: -67108864 }, level: 27 }, triangle: 1, fraction: 0.9003901735308062, separation: 2.1344037648418634e-13 })
EVENT elapsed=1.2350700952525565e-2 dt=1.8083656730503385e-3 outcome=Refine(TerrainSweepHit { collider: 41, node: TerrainNodeId { coordinates: BrickCoord { x: -67108864, y: -67108864, z: -67108864 }, level: 27 }, triangle: 1, fraction: 0.9005438376590907, separation: 2.4763524564264117e-13 })
EVENT elapsed=1.2350700952525565e-2 dt=1.808365630630966e-3 outcome=Complete { arrived: false, drive_impulses: [(1, -3.0142320251888446), (2, 0.1461632820555032), (4, -0.9792131207556187), (5, -0.1548329148782173), (7, -5.425096692390388), (9, -0.15324500091084148)] }
EVENT elapsed=1.2350700952525565e-2 dt=1.8083656518406523e-3 outcome=Refine(TerrainSweepHit { collider: 41, node: TerrainNodeId { coordinates: BrickCoord { x: -67108864, y: -67108864, z: -67108864 }, level: 27 }, triangle: 1, fraction: 0.900551630346261, separation: 2.493005801795789e-13 })
EVENT elapsed=1.2350700952525565e-2 dt=1.8083656327519345e-3 outcome=Complete { arrived: false, drive_impulses: [(1, -3.0142320252288384), (2, 0.14616328198734693), (4, -0.9792131208470218), (5, -0.15483291481018155), (7, -5.425096698753293), (9, -0.15324500084263634)] }
EVENT elapsed=1.2350700952525565e-2 dt=1.8083656422962936e-3 outcome=Complete { arrived: false, drive_impulses: [(1, -3.014232025408848), (2, 0.14616328168063591), (4, -0.9792131212583196), (5, -0.1548329145040255), (7, -5.425096727386369), (9, -0.153245000535716)] }
EVENT elapsed=1.2350700952525565e-2 dt=1.808365647068473e-3 outcome=Refine(TerrainSweepHit { collider: 41, node: TerrainNodeId { coordinates: BrickCoord { x: -67108864, y: -67108864, z: -67108864 }, level: 27 }, triangle: 1, fraction: 0.9005540720697673, separation: 2.498001805406602e-13 })
EVENT elapsed=1.2350700952525565e-2 dt=1.8083656427735114e-3 outcome=Complete { arrived: false, drive_impulses: [(1, -3.014232025417856), (2, 0.14616328166530276), (4, -0.9792131212788884), (5, -0.1548329144887195), (7, -5.425096728818023), (9, -0.15324500052037213)] }
EVENT elapsed=1.2350700952525565e-2 dt=1.8083656449209922e-3 outcome=Refine(TerrainSweepHit { collider: 41, node: TerrainNodeId { coordinates: BrickCoord { x: -67108864, y: -67108864, z: -67108864 }, level: 27 }, triangle: 1, fraction: 0.9005545629844969, separation: 2.4991120284312274e-13 })
EVENT elapsed=1.2350700952525565e-2 dt=1.8083656429882596e-3 outcome=Complete { arrived: false, drive_impulses: [(1, -3.0142320254219133), (2, 0.14616328165839934), (4, -0.9792131212881408), (5, -0.15483291448182845), (7, -5.425096729462267), (9, -0.15324500051346612)] }
EVENT elapsed=1.2350700952525565e-2 dt=1.8083656439546259e-3 outcome=Complete { arrived: false, drive_impulses: [(1, -3.0142320254401263), (2, 0.14616328162734515), (4, -0.9792131213297854), (5, -0.1548329144508303), (7, -5.425096732361366), (9, -0.1532450004823903)] }
EVENT elapsed=1.2350700952525565e-2 dt=1.808365644437809e-3 outcome=Refine(TerrainSweepHit { collider: 41, node: TerrainNodeId { coordinates: BrickCoord { x: -67108864, y: -67108864, z: -67108864 }, level: 27 }, triangle: 1, fraction: 0.9005548785248567, separation: 2.4974466938942896e-13 })
EVENT elapsed=1.2350700952525565e-2 dt=1.8083656440029442e-3 outcome=Complete { arrived: false, drive_impulses: [(1, -3.014232025441046), (2, 0.14616328162579312), (4, -0.9792131213318637), (5, -0.15483291444928024), (7, -5.42509673250632), (9, -0.15324500048083656)] }
EVENT elapsed=1.2350700952525565e-2 dt=1.8083656442203766e-3 outcome=Refine(TerrainSweepHit { collider: 41, node: TerrainNodeId { coordinates: BrickCoord { x: -67108864, y: -67108864, z: -67108864 }, level: 27 }, triangle: 1, fraction: 0.9005550142834411, separation: 2.498556916918915e-13 })
EVENT elapsed=1.2350700952525565e-2 dt=1.8083656440246875e-3 outcome=Complete { arrived: false, drive_impulses: [(1, -3.014232025441442), (2, 0.1461632816250955), (4, -0.9792131213328065), (5, -0.15483291444858255), (7, -5.425096732571551), (9, -0.1532450004801364)] }
EVENT elapsed=1.2350700952525565e-2 dt=1.808365644122532e-3 outcome=Refine(TerrainSweepHit { collider: 41, node: TerrainNodeId { coordinates: BrickCoord { x: -67108864, y: -67108864, z: -67108864 }, level: 27 }, triangle: 1, fraction: 0.9005545915064632, separation: 2.498001805406602e-13 })
EVENT elapsed=1.2350700952525565e-2 dt=1.808365644034472e-3 outcome=Complete { arrived: false, drive_impulses: [(1, -3.014232025441637), (2, 0.1461632816247814), (4, -0.9792131213332272), (5, -0.15483291444827027), (7, -5.425096732600903), (9, -0.1532450004798241)] }
STOP coordinate=0 q=-5.576933197529678e-2 displacement=-3.2339564589006363e-3 target=-5.7499997317790985e-2 fraction=5.351541879084343e-1
EVENT elapsed=0e0 dt=8.333333333333333e-3 outcome=JointStop(StopHit { coordinate: 0, fraction: 0.5351541879084343 })
STOP coordinate=0 q=-5.576933197529678e-2 displacement=-2.33442674943205e-3 target=-5.7499997317790985e-2 fraction=7.413663088444582e-1
EVENT elapsed=0e0 dt=4.459618232570285e-3 outcome=JointStop(StopHit { coordinate: 0, fraction: 0.7413663088444582 })
STOP coordinate=0 q=-5.576933197529678e-2 displacement=-1.8619720542210573e-3 target=-5.7499997317790985e-2 fraction=9.29479762368516e-1
EVENT elapsed=0e0 dt=3.306210707936079e-3 outcome=JointStop(StopHit { coordinate: 0, fraction: 0.929479762368516 })
STOP coordinate=0 q=-5.576933197529678e-2 displacement=-1.7549643953467325e-3 target=-5.7499997317790985e-2 fraction=9.86154104939704e-1
EVENT elapsed=0e0 dt=3.07305594315267e-3 outcome=JointStop(StopHit { coordinate: 0, fraction: 0.986154104939704 })
STOP coordinate=0 q=-5.576933197529678e-2 displacement=-1.7350210637863985e-3 target=-5.7499997317790985e-2 fraction=9.974895282927073e-1
EVENT elapsed=0e0 dt=3.030506733049359e-3 outcome=JointStop(StopHit { coordinate: 0, fraction: 0.9974895282927073 })
STOP coordinate=0 q=-5.576933197529678e-2 displacement=-1.7314416244653583e-3 target=-5.7499997317790985e-2 fraction=9.995516557069072e-1
EVENT elapsed=0e0 dt=3.022898731637279e-3 outcome=JointStop(StopHit { coordinate: 0, fraction: 0.9995516557069072 })
STOP coordinate=0 q=-5.576933197529678e-2 displacement=-1.7308035495776748e-3 target=-5.7499997317790985e-2 fraction=9.999201486017852e-1
EVENT elapsed=0e0 dt=3.021543432242352e-3 outcome=JointStop(StopHit { coordinate: 0, fraction: 0.9999201486017852 })
STOP coordinate=0 q=-5.576933197529678e-2 displacement=-1.7306899439723192e-3 target=-5.7499997317790985e-2 fraction=9.999857851614617e-1
EVENT elapsed=0e0 dt=3.021302157774521e-3 outcome=JointStop(StopHit { coordinate: 0, fraction: 0.9999857851614617 })
STOP coordinate=0 q=-5.576933197529678e-2 displacement=-1.730669721523758e-3 target=-5.7499997317790985e-2 fraction=9.999974697485616e-1
EVENT elapsed=0e0 dt=3.0212592104521727e-3 outcome=JointStop(StopHit { coordinate: 0, fraction: 0.9999974697485616 })
STOP coordinate=0 q=-5.576933197529678e-2 displacement=-1.7306661219509503e-3 target=-5.7499997317790985e-2 fraction=9.999995496203834e-1
EVENT elapsed=0e0 dt=3.02125156590671e-3 outcome=JointStop(StopHit { coordinate: 0, fraction: 0.9999995496203834 })
STOP coordinate=0 q=-5.576933197529678e-2 displacement=-1.7306654812354902e-3 target=-5.7499997317790985e-2 fraction=9.999999198335635e-1
EVENT elapsed=0e0 dt=3.021250205196588e-3 outcome=JointStop(StopHit { coordinate: 0, fraction: 0.9999999198335635 })
EVENT elapsed=0e0 dt=3.0212499629937253e-3 outcome=Complete { arrived: true, drive_impulses: [(1, 0.042023259795200746), (2, -0.1043539683475652), (4, 0.0728040104441144), (5, 0.10585266974044853), (7, -0.10582220617482015), (9, 0.10582222010341462)] }
EVENT elapsed=3.0212499629937253e-3 dt=5.312083370339608e-3 outcome=Refine(TerrainSweepHit { collider: 33, node: TerrainNodeId { coordinates: BrickCoord { x: -67108864, y: -67108864, z: -67108864 }, level: 27 }, triangle: 1, fraction: 0.7146842196523919, separation: 0.0 })
EVENT elapsed=3.0212499629937253e-3 dt=3.796462158259611e-3 outcome=Complete { arrived: false, drive_impulses: [(1, 1.3215615481075391), (2, -1.0836606244129083), (4, -0.9548290309739172), (5, 1.0920551150380984), (7, -1.092283513167986), (9, 1.0922835974893195)] }
EVENT elapsed=3.0212499629937253e-3 dt=4.5542727642996095e-3 outcome=Refine(TerrainSweepHit { collider: 33, node: TerrainNodeId { coordinates: BrickCoord { x: -67108864, y: -67108864, z: -67108864 }, level: 27 }, triangle: 1, fraction: 0.8389367871208152, separation: -1.1102230246251565e-16 })
EVENT elapsed=3.0212499629937253e-3 dt=3.872243218863611e-3 outcome=Refine(TerrainSweepHit { collider: 33, node: TerrainNodeId { coordinates: BrickCoord { x: -67108864, y: -67108864, z: -67108864 }, level: 27 }, triangle: 1, fraction: 0.9925023383457631, separation: 1.6653345369377348e-16 })
EVENT elapsed=3.0212499629937253e-3 dt=3.843210449365658e-3 outcome=Complete { arrived: false, drive_impulses: [(1, 1.3244795777780345), (2, -1.0862060688453343), (4, -0.9569585874013224), (5, 1.0945988348723057), (7, -1.0948315206509471), (9, 1.0948316051311493)] }
EVENT elapsed=3.0212499629937253e-3 dt=3.8577268341146347e-3 outcome=Refine(TerrainSweepHit { collider: 33, node: TerrainNodeId { coordinates: BrickCoord { x: -67108864, y: -67108864, z: -67108864 }, level: 27 }, triangle: 1, fraction: 0.9963626669071001, separation: -1.1102230246251565e-16 })
EVENT elapsed=3.0212499629937253e-3 dt=3.8446620878405556e-3 outcome=Refine(TerrainSweepHit { collider: 33, node: TerrainNodeId { coordinates: BrickCoord { x: -67108864, y: -67108864, z: -67108864 }, level: 27 }, triangle: 1, fraction: 0.9998619472390046, separation: -3.3306690738754696e-16 })
EVENT elapsed=3.0212499629937253e-3 dt=3.844131321624235e-3 outcome=Complete { arrived: false, drive_impulses: [(1, 1.324537000340479), (2, -1.0862561654300154), (4, -0.957000495480751), (5, 1.0946488969800758), (7, -1.0948816672854933), (9, 1.0948817517688751)] }
EVENT elapsed=3.0212499629937253e-3 dt=3.844396704732395e-3 outcome=Refine(TerrainSweepHit { collider: 33, node: TerrainNodeId { coordinates: BrickCoord { x: -67108864, y: -67108864, z: -67108864 }, level: 27 }, triangle: 1, fraction: 0.9999332748902808, separation: 1.6653345369377348e-16 })
EVENT elapsed=3.0212499629937253e-3 dt=3.844157859935051e-3 outcome=Refine(TerrainSweepHit { collider: 33, node: TerrainNodeId { coordinates: BrickCoord { x: -67108864, y: -67108864, z: -67108864 }, level: 27 }, triangle: 1, fraction: 0.9999974782169758, separation: 5.551115123125783e-17 })
EVENT elapsed=3.0212499629937253e-3 dt=3.8441481658030175e-3 outcome=Complete { arrived: false, drive_impulses: [(1, 1.3245380506669484), (2, -1.086257081757845), (4, -0.9570012620295472), (5, 1.09464981267709), (7, -1.0948825845286587), (9, 1.0948826690120979)] }
EVENT elapsed=3.0212499629937253e-3 dt=3.8441530128690343e-3 outcome=Refine(TerrainSweepHit { collider: 33, node: TerrainNodeId { coordinates: BrickCoord { x: -67108864, y: -67108864, z: -67108864 }, level: 27 }, triangle: 1, fraction: 0.9999987812286224, separation: -2.220446049250313e-16 })
EVENT elapsed=3.0212499629937253e-3 dt=3.844148650509619e-3 outcome=Refine(TerrainSweepHit { collider: 33, node: TerrainNodeId { coordinates: BrickCoord { x: -67108864, y: -67108864, z: -67108864 }, level: 27 }, triangle: 1, fraction: 0.9999999539418453, separation: 5.551115123125783e-17 })
EVENT elapsed=3.0212499629937253e-3 dt=3.844148473455226e-3 outcome=Complete { arrived: false, drive_impulses: [(1, 1.324538069850735), (2, -1.0862570984942022), (4, -0.9570012760302572), (5, 1.0946498294019233), (7, -1.0948826012817308), (9, 1.0948826857651723)] }
EVENT elapsed=3.0212499629937253e-3 dt=3.8441485619824228e-3 outcome=Refine(TerrainSweepHit { collider: 33, node: TerrainNodeId { coordinates: BrickCoord { x: -67108864, y: -67108864, z: -67108864 }, level: 27 }, triangle: 1, fraction: 0.9999999777402359, separation: -1.6653345369377348e-16 })
EVENT elapsed=3.0212499629937253e-3 dt=3.8441484823079457e-3 outcome=Refine(TerrainSweepHit { collider: 33, node: TerrainNodeId { coordinates: BrickCoord { x: -67108864, y: -67108864, z: -67108864 }, level: 27 }, triangle: 1, fraction: 0.9999999991588072, separation: 2.220446049250313e-16 })
EVENT elapsed=3.0212499629937253e-3 dt=3.844148479074276e-3 outcome=Complete { arrived: false, drive_impulses: [(1, 1.3245380702011182), (2, -1.0862570987998752), (4, -0.9570012762859595), (5, 1.0946498297073919), (7, -1.0948826015877149), (9, 1.0948826860711527)] }
EVENT elapsed=6.865398442068001e-3 dt=1.467934891265332e-3 outcome=Complete { arrived: false, drive_impulses: [(1, 0.9651452307831808), (2, -0.6838767708751164), (4, 5.096331482625818), (5, -1.1883454543982277), (7, -0.6862432758550925), (9, 0.6862433215557042)] }
EVENT elapsed=0e0 dt=8.333333333333333e-3 outcome=Refine(TerrainSweepHit { collider: 42, node: TerrainNodeId { coordinates: BrickCoord { x: -67108864, y: -67108864, z: -67108864 }, level: 27 }, triangle: 1, fraction: 0.4485710321444862, separation: 2.7755575615628914e-16 })
EVENT elapsed=0e0 dt=3.738091934537385e-3 outcome=Complete { arrived: false, drive_impulses: [(1, 0.34539379918801133), (2, -0.36861978117033384), (4, -0.4476125456312851), (5, 0.3666660752786915), (7, -0.36673319423896084), (9, 0.36673318013338224)] }
EVENT elapsed=0e0 dt=6.0357126339353594e-3 outcome=Refine(TerrainSweepHit { collider: 42, node: TerrainNodeId { coordinates: BrickCoord { x: -67108864, y: -67108864, z: -67108864 }, level: 27 }, triangle: 1, fraction: 0.643289330467768, separation: 5.551115123125783e-17 })
EVENT elapsed=0e0 dt=3.967854004477182e-3 outcome=Complete { arrived: false, drive_impulses: [(1, 0.3647730335318963), (2, -0.39011416215780753), (4, -0.473733096658592), (5, 0.3880306839442829), (7, -0.38810244235646935), (9, 0.38810242690702484)] }
EVENT elapsed=0e0 dt=5.001783319206271e-3 outcome=Refine(TerrainSweepHit { collider: 42, node: TerrainNodeId { coordinates: BrickCoord { x: -67108864, y: -67108864, z: -67108864 }, level: 27 }, triangle: 1, fraction: 0.7904120257647679, separation: -1.6653345369377348e-16 })
EVENT elapsed=0e0 dt=4.0712469359500915e-3 outcome=Refine(TerrainSweepHit { collider: 42, node: TerrainNodeId { coordinates: BrickCoord { x: -67108864, y: -67108864, z: -67108864 }, level: 27 }, triangle: 1, fraction: 0.9875656318489547, separation: 1.1102230246251565e-16 })
EVENT elapsed=0e0 dt=4.020623552714673e-3 outcome=Complete { arrived: false, drive_impulses: [(1, 0.3692038228154839), (2, -0.39503307736892745), (4, -0.47971053455419715), (5, 0.3929196855841546), (7, -0.39299251589910156), (9, 0.3929925001173243)] }
EVENT elapsed=0e0 dt=4.045935244332382e-3 outcome=Refine(TerrainSweepHit { collider: 42, node: TerrainNodeId { coordinates: BrickCoord { x: -67108864, y: -67108864, z: -67108864 }, level: 27 }, triangle: 1, fraction: 0.9942075485270744, separation: 2.7755575615628914e-16 })
EVENT elapsed=0e0 dt=4.023154721876443e-3 outcome=Complete { arrived: false, drive_impulses: [(1, 0.3694161662377065), (2, -0.3952688555422557), (4, -0.4799970488277927), (5, 0.39315402794191595), (7, -0.39322690973308116), (9, 0.3932268939341812)] }
EVENT elapsed=0e0 dt=4.034544983104413e-3 outcome=Refine(TerrainSweepHit { collider: 42, node: TerrainNodeId { coordinates: BrickCoord { x: -67108864, y: -67108864, z: -67108864 }, level: 27 }, triangle: 1, fraction: 0.9972238180959713, separation: -2.220446049250313e-16 })
EVENT elapsed=0e0 dt=4.024293747999241e-3 outcome=Refine(TerrainSweepHit { collider: 42, node: TerrainNodeId { coordinates: BrickCoord { x: -67108864, y: -67108864, z: -67108864 }, level: 27 }, triangle: 1, fraction: 0.9999531752422717, separation: 5.551115123125783e-17 })
EVENT elapsed=0e0 dt=4.024105311419463e-3 outcome=Complete { arrived: false, drive_impulses: [(1, 0.3694959081774473), (2, -0.3953573989797168), (4, -0.4801046454994339), (5, 0.39324203213066694), (7, -0.3933149332552907), (9, 0.3933149174499517)] }
EVENT elapsed=0e0 dt=4.024199529709352e-3 outcome=Refine(TerrainSweepHit { collider: 42, node: TerrainNodeId { coordinates: BrickCoord { x: -67108864, y: -67108864, z: -67108864 }, level: 27 }, triangle: 1, fraction: 0.999978325547153, separation: 2.220446049250313e-16 })
EVENT elapsed=0e0 dt=4.024114733248452e-3 outcome=Complete { arrived: false, drive_impulses: [(1, 0.3694966985328047), (2, -0.3953582765730245), (4, -0.4801057119376558), (5, 0.3932429043791156), (7, -0.39331580569536573), (9, 0.39331578988996224)] }
EVENT elapsed=0e0 dt=4.024157131478902e-3 outcome=Refine(TerrainSweepHit { collider: 42, node: TerrainNodeId { coordinates: BrickCoord { x: -67108864, y: -67108864, z: -67108864 }, level: 27 }, triangle: 1, fraction: 0.9999896435715048, separation: 2.220446049250313e-16 })
EVENT elapsed=0e0 dt=4.024118973071497e-3 outcome=Refine(TerrainSweepHit { collider: 42, node: TerrainNodeId { coordinates: BrickCoord { x: -67108864, y: -67108864, z: -67108864 }, level: 27 }, triangle: 1, fraction: 0.9999998299991255, separation: -1.1102230246251565e-16 })
EVENT elapsed=0e0 dt=4.024118288967753e-3 outcome=Complete { arrived: false, drive_impulses: [(1, 0.369496996806224), (2, -0.3953586077693306), (4, -0.4801061144024389), (5, 0.393243233558312), (7, -0.3933161349468827), (9, 0.393316119141454)] }
EVENT elapsed=0e0 dt=4.024118631019625e-3 outcome=Refine(TerrainSweepHit { collider: 42, node: TerrainNodeId { coordinates: BrickCoord { x: -67108864, y: -67108864, z: -67108864 }, level: 27 }, triangle: 1, fraction: 0.9999999213110006, separation: -1.1102230246251565e-16 })
EVENT elapsed=0e0 dt=4.02411832317294e-3 outcome=Complete { arrived: false, drive_impulses: [(1, 0.36949699967554883), (2, -0.3953586109553564), (4, -0.4801061182740538), (5, 0.3932432367249389), (7, -0.3933161381142036), (9, 0.3933161223087761)] }
EVENT elapsed=0e0 dt=4.024118477096283e-3 outcome=Refine(TerrainSweepHit { collider: 42, node: TerrainNodeId { coordinates: BrickCoord { x: -67108864, y: -67108864, z: -67108864 }, level: 27 }, triangle: 1, fraction: 0.999999962401375, separation: 1.6653345369377348e-16 })
EVENT elapsed=0e0 dt=4.024118338565274e-3 outcome=Refine(TerrainSweepHit { collider: 42, node: TerrainNodeId { coordinates: BrickCoord { x: -67108864, y: -67108864, z: -67108864 }, level: 27 }, triangle: 1, fraction: 0.9999999993827943, separation: -1.1102230246251565e-16 })
EVENT elapsed=0e0 dt=4.0241183360815655e-3 outcome=Complete { arrived: false, drive_impulses: [(1, 0.3694970007583919), (2, -0.39535861215773066), (4, -0.4801061197351605), (5, 0.3932432379199889), (7, -0.39331613930951376), (9, 0.39331612350408646)] }
EVENT elapsed=4.0241183360815655e-3 dt=4.309214997251768e-3 outcome=Refine(TerrainSweepHit { collider: 41, node: TerrainNodeId { coordinates: BrickCoord { x: -67108864, y: -67108864, z: -67108864 }, level: 27 }, triangle: 1, fraction: 0.08275281403085853, separation: 1.1102230246251565e-16 })
EVENT elapsed=4.0241183360815655e-3 dt=3.565996672865621e-4 outcome=Complete { arrived: false, drive_impulses: [(1, -3.0041359721825724), (2, 0.1934066632647146), (4, -0.9955024279957014), (5, -0.20100810163863947), (7, -1.0697989625188984), (9, -0.20065867277862326)] }
EVENT elapsed=4.0241183360815655e-3 dt=2.332907332269165e-3 outcome=Refine(TerrainSweepHit { collider: 41, node: TerrainNodeId { coordinates: BrickCoord { x: -67108864, y: -67108864, z: -67108864 }, level: 27 }, triangle: 1, fraction: 0.3268844595764567, separation: 7.882583474838611e-14 })
EVENT elapsed=4.0241183360815655e-3 dt=7.625911525507592e-4 outcome=Complete { arrived: false, drive_impulses: [(1, -3.0118478228146754), (2, 0.1807820702113535), (4, -1.0154445487287784), (5, -0.18842069510977436), (7, -2.2877733735216976), (9, -0.18804557203113684)] }
EVENT elapsed=4.0241183360815655e-3 dt=1.547749242409962e-3 outcome=Complete { arrived: false, drive_impulses: [(1, -3.028248510562109), (2, 0.15633706121102425), (4, -1.0508547688131464), (5, -0.16402662506781418), (7, -4.643247556479096), (9, -0.16360353870686667)] }
EVENT elapsed=4.0241183360815655e-3 dt=1.9403282873395634e-3 outcome=Refine(TerrainSweepHit { collider: 41, node: TerrainNodeId { coordinates: BrickCoord { x: -67108864, y: -67108864, z: -67108864 }, level: 27 }, triangle: 1, fraction: 0.5544183599825192, separation: 1.3877787807814457e-15 })
EVENT elapsed=4.0241183360815655e-3 dt=1.5870071469029222e-3 outcome=Complete { arrived: false, drive_impulses: [(1, -3.029037764666171), (2, 0.1551025921622246), (4, -1.0525551800635142), (5, -0.16279411446119305), (7, -4.761021265626967), (9, -0.16236867888301776)] }
EVENT elapsed=4.0241183360815655e-3 dt=1.7636677171212428e-3 outcome=Complete { arrived: false, drive_impulses: [(1, -3.032524920524461), (2, 0.1495285541318971), (4, -1.060152228085011), (5, -0.15722832063122683), (7, -5.291002956792381), (9, -0.15679236241093616)] }
EVENT elapsed=4.0241183360815655e-3 dt=1.851998002230403e-3 outcome=Refine(TerrainSweepHit { collider: 41, node: TerrainNodeId { coordinates: BrickCoord { x: -67108864, y: -67108864, z: -67108864 }, level: 27 }, triangle: 1, fraction: 0.6887902943090957, separation: 7.41073868937292e-14 })
EVENT elapsed=4.0241183360815655e-3 dt=1.7725007456321589e-3 outcome=Complete { arrived: false, drive_impulses: [(1, -3.032696456598125), (2, 0.1492490246125777), (4, -1.0605299316857864), (5, -0.15694917992154575), (7, -5.317502041350652), (9, -0.15651269759537043)] }
EVENT elapsed=4.0241183360815655e-3 dt=1.812249373931281e-3 outcome=Refine(TerrainSweepHit { collider: 41, node: TerrainNodeId { coordinates: BrickCoord { x: -67108864, y: -67108864, z: -67108864 }, level: 27 }, triangle: 1, fraction: 0.8315172685668589, separation: 1.0147438445073931e-13 })
EVENT elapsed=4.0241183360815655e-3 dt=1.776475608462071e-3 outcome=Complete { arrived: false, drive_impulses: [(1, -3.03277355975206), (2, 0.14912321036329648), (4, -1.0606998365793245), (5, -0.15682353993492593), (7, -5.329426629401874), (9, -0.15638682182228056)] }
EVENT elapsed=4.0241183360815655e-3 dt=1.794362491196676e-3 outcome=Complete { arrived: false, drive_impulses: [(1, -3.033119847863419), (2, 0.14855684662509175), (4, -1.0614639403718584), (5, -0.15625795501861328), (7, -5.383087275632373), (9, -0.15582017633466072)] }
EVENT elapsed=4.0241183360815655e-3 dt=1.8033059325639786e-3 outcome=Complete { arrived: false, drive_impulses: [(1, -3.0332925774329427), (2, 0.1482735421718778), (4, -1.061845708534417), (5, -0.15597503670506982), (7, -5.409917598747621), (9, -0.1555367280212486)] }
EVENT elapsed=4.0241183360815655e-3 dt=1.8077776532476298e-3 outcome=Complete { arrived: false, drive_impulses: [(1, -3.033378838715004), (2, 0.14813185927909514), (4, -1.062036522583938), (5, -0.15583354606877825), (7, -5.423332760305246), (9, -0.1553949724561472)] }
EVENT elapsed=4.0241183360815655e-3 dt=1.8100135135894553e-3 outcome=Refine(TerrainSweepHit { collider: 41, node: TerrainNodeId { coordinates: BrickCoord { x: -67108864, y: -67108864, z: -67108864 }, level: 27 }, triangle: 1, fraction: 0.8525150771408015, separation: 7.338574192772285e-14 })
EVENT elapsed=4.0241183360815655e-3 dt=1.8080012392818123e-3 outcome=Refine(TerrainSweepHit { collider: 41, node: TerrainNodeId { coordinates: BrickCoord { x: -67108864, y: -67108864, z: -67108864 }, level: 27 }, triangle: 1, fraction: 0.8916511122996271, separation: 7.37188088351104e-14 })
EVENT elapsed=4.0241183360815655e-3 dt=1.807800011851048e-3 outcome=Complete { arrived: false, drive_impulses: [(1, -3.033379269848161), (2, 0.1481311508132525), (4, -1.0620374765375242), (5, -0.155832838562858), (7, -5.423399836113034), (9, -0.15539426362570352)] }
EVENT elapsed=4.0241183360815655e-3 dt=1.8079006255664301e-3 outcome=Complete { arrived: false, drive_impulses: [(1, -3.0333812099259614), (2, 0.1481279627106361), (4, -1.0620417693143254), (5, -0.15582965477972918), (7, -5.42370167724808), (9, -0.15539107388222512)] }
EVENT elapsed=4.0241183360815655e-3 dt=1.8079509324241212e-3 outcome=Refine(TerrainSweepHit { collider: 41, node: TerrainNodeId { coordinates: BrickCoord { x: -67108864, y: -67108864, z: -67108864 }, level: 27 }, triangle: 1, fraction: 0.8953404227814495, separation: 8.79296635503124e-14 })
EVENT elapsed=4.0241183360815655e-3 dt=1.8079056562521991e-3 outcome=Complete { arrived: false, drive_impulses: [(1, -3.033381306928939), (2, 0.14812780330523126), (4, -1.06204198395255), (5, -0.15582949559029355), (7, -5.423716769304832), (9, -0.15539091439476974)] }
EVENT elapsed=4.0241183360815655e-3 dt=1.80792829433816e-3 outcome=Refine(TerrainSweepHit { collider: 41, node: TerrainNodeId { coordinates: BrickCoord { x: -67108864, y: -67108864, z: -67108864 }, level: 27 }, triangle: 1, fraction: 0.8980973532688351, separation: 1.3278267374516872e-13 })
EVENT elapsed=4.0241183360815655e-3 dt=1.8079079200607952e-3 outcome=Complete { arrived: false, drive_impulses: [(1, -3.0333813505802487), (2, 0.14812773157279427), (4, -1.0620420805397324), (5, -0.15582942395504007), (7, -5.423723560730371), (9, -0.15539084262541186)] }
EVENT elapsed=4.0241183360815655e-3 dt=1.8079181071994775e-3 outcome=Refine(TerrainSweepHit { collider: 41, node: TerrainNodeId { coordinates: BrickCoord { x: -67108864, y: -67108864, z: -67108864 }, level: 27 }, triangle: 1, fraction: 0.9010921177798337, separation: 2.1582735598713043e-13 })
EVENT elapsed=4.0241183360815655e-3 dt=1.8079089387746635e-3 outcome=Complete { arrived: false, drive_impulses: [(1, -3.0333813702233323), (2, 0.14812769929319444), (4, -1.0620421240039537), (5, -0.15582939171917426), (7, -5.423726616871863), (9, -0.15539081032919708)] }
EVENT elapsed=4.0241183360815655e-3 dt=1.8079135229870705e-3 outcome=Complete { arrived: false, drive_impulses: [(1, -3.0333814586171655), (2, 0.1481275540349823), (4, -1.062042319592955), (5, -0.1558292466577605), (7, -5.423740369508579), (9, -0.1553906649962154)] }
EVENT elapsed=4.0241183360815655e-3 dt=1.807915815093274e-3 outcome=Complete { arrived: false, drive_impulses: [(1, -3.03338150281406), (2, 0.14812748140586948), (4, -1.0620424173874314), (5, -0.15582917412704686), (7, -5.423747245826936), (9, -0.15539059232971753)] }
EVENT elapsed=4.0241183360815655e-3 dt=1.8079169611463757e-3 outcome=Complete { arrived: false, drive_impulses: [(1, -3.0333815249124987), (2, 0.1481274450913115), (4, -1.0620424662846695), (5, -0.1558291378616876), (7, -5.423750683986116), (9, -0.15539055599646756)] }
EVENT elapsed=4.0241183360815655e-3 dt=1.8079175341729266e-3 outcome=Complete { arrived: false, drive_impulses: [(1, -3.033381535961706), (2, 0.1481274269340296), (4, -1.0620424907332842), (5, -0.15582911972900818), (7, -5.423752403065705), (9, -0.15539053782984072)] }
EVENT elapsed=4.0241183360815655e-3 dt=1.8079178206862022e-3 outcome=Refine(TerrainSweepHit { collider: 41, node: TerrainNodeId { coordinates: BrickCoord { x: -67108864, y: -67108864, z: -67108864 }, level: 27 }, triangle: 1, fraction: 0.9011952075765363, separation: 2.387534614456399e-13 })
EVENT elapsed=4.0241183360815655e-3 dt=1.8079175628242542e-3 outcome=Complete { arrived: false, drive_impulses: [(1, -3.03338153651416), (2, 0.14812742602616472), (4, -1.062042491955722), (5, -0.15582911882237305), (7, -5.423752489019685), (9, -0.15539053692150814)] }
EVENT elapsed=4.0241183360815655e-3 dt=1.8079176917552282e-3 outcome=Refine(TerrainSweepHit { collider: 41, node: TerrainNodeId { coordinates: BrickCoord { x: -67108864, y: -67108864, z: -67108864 }, level: 27 }, triangle: 1, fraction: 0.9012420123706143, separation: 2.495781359357352e-13 })
EVENT elapsed=4.0241183360815655e-3 dt=1.8079175757173516e-3 outcome=Complete { arrived: false, drive_impulses: [(1, -3.0333815367627794), (2, 0.1481274256176279), (4, -1.062042492505807), (5, -0.1558291184143892), (7, -5.423752527698975), (9, -0.15539053651275922)] }
EVENT elapsed=4.0241183360815655e-3 dt=1.80791763373629e-3 outcome=Complete { arrived: false, drive_impulses: [(1, -3.0333815378815117), (2, 0.14812742377920335), (4, -1.0620424949812366), (5, -0.1558291165784543), (7, -5.423752701755784), (9, -0.15539053467338934)] }
EVENT elapsed=4.0241183360815655e-3 dt=1.8079176627457591e-3 outcome=Complete { arrived: false, drive_impulses: [(1, -3.0333815384408793), (2, 0.14812742285999167), (4, -1.0620424962189412), (5, -0.15582911566048854), (7, -5.423752788784188), (9, -0.15539053375370399)] }
EVENT elapsed=4.0241183360815655e-3 dt=1.8079176772504936e-3 outcome=Complete { arrived: false, drive_impulses: [(1, -3.0333815387205583), (2, 0.14812742240038332), (4, -1.0620424968378017), (5, -0.15582911520150544), (7, -5.42375283229839), (9, -0.15539053329386104)] }
EVENT elapsed=4.0241183360815655e-3 dt=1.8079176845028609e-3 outcome=Complete { arrived: false, drive_impulses: [(1, -3.033381538860405), (2, 0.1481274221705824), (4, -1.0620424971472244), (5, -0.15582911497201402), (7, -5.423752854055492), (9, -0.15539053306393985)] }
EVENT elapsed=4.0241183360815655e-3 dt=1.8079176881290447e-3 outcome=Refine(TerrainSweepHit { collider: 41, node: TerrainNodeId { coordinates: BrickCoord { x: -67108864, y: -67108864, z: -67108864 }, level: 27 }, triangle: 1, fraction: 0.9012433447476588, separation: 2.495781359357352e-13 })
EVENT elapsed=4.0241183360815655e-3 dt=1.8079176848654792e-3 outcome=Refine(TerrainSweepHit { collider: 41, node: TerrainNodeId { coordinates: BrickCoord { x: -67108864, y: -67108864, z: -67108864 }, level: 27 }, triangle: 1, fraction: 0.9012444714012137, separation: 2.4991120284312274e-13 })
EVENT elapsed=4.0241183360815655e-3 dt=1.8079176845391227e-3 outcome=Refine(TerrainSweepHit { collider: 41, node: TerrainNodeId { coordinates: BrickCoord { x: -67108864, y: -67108864, z: -67108864 }, level: 27 }, triangle: 1, fraction: 0.9012444722140482, separation: 2.49966713994354e-13 })
EVENT elapsed=4.0241183360815655e-3 dt=1.8079176845064871e-3 outcome=Refine(TerrainSweepHit { collider: 41, node: TerrainNodeId { coordinates: BrickCoord { x: -67108864, y: -67108864, z: -67108864 }, level: 27 }, triangle: 1, fraction: 0.9012447907459017, separation: 2.49966713994354e-13 })
EVENT elapsed=4.0241183360815655e-3 dt=1.8079176845032234e-3 outcome=Refine(TerrainSweepHit { collider: 41, node: TerrainNodeId { coordinates: BrickCoord { x: -67108864, y: -67108864, z: -67108864 }, level: 27 }, triangle: 1, fraction: 0.9012446918071817, separation: 2.498556916918915e-13 })
EVENT elapsed=4.0241183360815655e-3 dt=1.807917684502897e-3 outcome=Complete { arrived: false, drive_impulses: [(1, -3.0333815388604073), (2, 0.14812742217057845), (4, -1.0620424971472318), (5, -0.15582911497201168), (7, -5.423752854055599), (9, -0.15539053306393644)] }
EVENT elapsed=4.0241183360815655e-3 dt=1.8079176845030602e-3 outcome=Refine(TerrainSweepHit { collider: 41, node: TerrainNodeId { coordinates: BrickCoord { x: -67108864, y: -67108864, z: -67108864 }, level: 27 }, triangle: 1, fraction: 0.9012447395629497, separation: 2.4991120284312274e-13 })
EVENT elapsed=4.0241183360815655e-3 dt=1.8079176845029134e-3 outcome=Refine(TerrainSweepHit { collider: 41, node: TerrainNodeId { coordinates: BrickCoord { x: -67108864, y: -67108864, z: -67108864 }, level: 27 }, triangle: 1, fraction: 0.9012441069764883, separation: 2.498001805406602e-13 })
EVENT elapsed=4.0241183360815655e-3 dt=1.8079176845028988e-3 outcome=Refine(TerrainSweepHit { collider: 41, node: TerrainNodeId { coordinates: BrickCoord { x: -67108864, y: -67108864, z: -67108864 }, level: 27 }, triangle: 1, fraction: 0.9012448667479644, separation: 2.4991120284312274e-13 })
EVENT elapsed=4.0241183360815655e-3 dt=1.8079176845028973e-3 outcome=Refine(TerrainSweepHit { collider: 41, node: TerrainNodeId { coordinates: BrickCoord { x: -67108864, y: -67108864, z: -67108864 }, level: 27 }, triangle: 1, fraction: 0.9012445626046603, separation: 2.498001805406602e-13 })
STOP coordinate=0 q=-5.576933197529678e-2 displacement=-2.2234111326832544e-3 target=-5.7499997317790985e-2 fraction=7.78382961681768e-1
EVENT elapsed=0e0 dt=4.166666666666667e-3 outcome=JointStop(StopHit { coordinate: 0, fraction: 0.778382961681768 })
STOP coordinate=0 q=-5.576933197529678e-2 displacement=-1.8334612474876714e-3 target=-5.7499997317790985e-2 fraction=9.439334182086896e-1
EVENT elapsed=0e0 dt=3.2432623403407e-3 outcome=JointStop(StopHit { coordinate: 0, fraction: 0.9439334182086896 })
STOP coordinate=0 q=-5.576933197529678e-2 displacement=-1.7495249298016995e-3 target=-5.7499997317790985e-2 fraction=9.892201665799462e-1
EVENT elapsed=0e0 dt=3.061423707065311e-3 outcome=JointStop(StopHit { coordinate: 0, fraction: 0.9892201665799462 })
STOP coordinate=0 q=-5.576933197529678e-2 displacement=-1.7340406704237157e-3 target=-5.7499997317790985e-2 fraction=9.980534897554133e-1
EVENT elapsed=0e0 dt=3.0284220694749434e-3 outcome=JointStop(StopHit { coordinate: 0, fraction: 0.9980534897554133 })
STOP coordinate=0 q=-5.576933197529678e-2 displacement=-1.7312667273019604e-3 target=-5.7499997317790985e-2 fraction=9.996526330701846e-1
EVENT elapsed=0e0 dt=3.022527214891778e-3 outcome=JointStop(StopHit { coordinate: 0, fraction: 0.9996526330701846 })
STOP coordinate=0 q=-5.576933197529678e-2 displacement=-1.7307724059731726e-3 target=-5.7499997317790985e-2 fraction=9.999381412145253e-1
EVENT elapsed=0e0 dt=3.021477288892858e-3 outcome=JointStop(StopHit { coordinate: 0, fraction: 0.9999381412145253 })
STOP coordinate=0 q=-5.576933197529678e-2 displacement=-1.7306844001005097e-3 target=-5.7499997317790985e-2 fraction=9.999889883988654e-1
EVENT elapsed=0e0 dt=3.0212903839774274e-3 outcome=JointStop(StopHit { coordinate: 0, fraction: 0.9999889883988654 })
STOP coordinate=0 q=-5.576933197529678e-2 displacement=-1.7306687347167149e-3 target=-5.7499997317790985e-2 fraction=9.999980399354071e-1
EVENT elapsed=0e0 dt=3.0212571147328073e-3 outcome=JointStop(StopHit { coordinate: 0, fraction: 0.9999980399354071 })
STOP coordinate=0 q=-5.576933197529678e-2 displacement=-1.7306659463014946e-3 target=-5.7499997317790985e-2 fraction=9.999996511127466e-1
EVENT elapsed=0e0 dt=3.021251192873711e-3 outcome=JointStop(StopHit { coordinate: 0, fraction: 0.9999996511127466 })
STOP coordinate=0 q=-5.576933197529678e-2 displacement=-1.7306654499703352e-3 target=-5.7499997317790985e-2 fraction=9.999999378989571e-1
EVENT elapsed=0e0 dt=3.0212501387976804e-3 outcome=JointStop(StopHit { coordinate: 0, fraction: 0.9999999378989571 })
EVENT elapsed=0e0 dt=3.021249951174896e-3 outcome=Complete { arrived: true, drive_impulses: [(1, 0.04202325884522865), (2, -0.10435396762962293), (4, 0.07280401097331923), (5, 0.10585266901591031), (7, -0.10582220545042674), (9, 0.10582221937901944)] }
EVENT elapsed=3.021249951174896e-3 dt=1.1454167154917707e-3 outcome=Complete { arrived: false, drive_impulses: [(1, 1.1483709888560327), (2, -0.9332993506400281), (4, -0.828216811771073), (5, 0.9417370756669331), (7, -0.9417336713804263), (9, 0.9417337482303063)] }
EVENT elapsed=0e0 dt=4.166666666666667e-3 outcome=Refine(TerrainSweepHit { collider: 33, node: TerrainNodeId { coordinates: BrickCoord { x: -67108864, y: -67108864, z: -67108864 }, level: 27 }, triangle: 1, fraction: 0.6380440890440451, separation: -3.3306690738754696e-16 })
EVENT elapsed=0e0 dt=2.6585170376835212e-3 outcome=Complete { arrived: false, drive_impulses: [(1, 0.1839379741858862), (2, -0.1527022010445762), (4, -0.12863581602312626), (5, 0.15324156976871), (7, -0.15323734448430515), (9, 0.15323735211891665)] }
EVENT elapsed=0e0 dt=3.412591852175094e-3 outcome=Refine(TerrainSweepHit { collider: 33, node: TerrainNodeId { coordinates: BrickCoord { x: -67108864, y: -67108864, z: -67108864 }, level: 27 }, triangle: 1, fraction: 0.783932401023067, separation: -1.1102230246251565e-16 })
EVENT elapsed=0e0 dt=2.7339245191326787e-3 outcome=Refine(TerrainSweepHit { collider: 33, node: TerrainNodeId { coordinates: BrickCoord { x: -67108864, y: -67108864, z: -67108864 }, level: 27 }, triangle: 1, fraction: 0.9841931540329671, separation: 1.1102230246251565e-16 })
EVENT elapsed=0e0 dt=2.690709795373254e-3 outcome=Complete { arrived: false, drive_impulses: [(1, 0.1860110944226474), (2, -0.1545048264966111), (4, -0.13015020854414242), (5, 0.155050358119287), (7, -0.15504608283471225), (9, 0.15504609057295263)] }
EVENT elapsed=0e0 dt=2.7123171572529664e-3 outcome=Refine(TerrainSweepHit { collider: 33, node: TerrainNodeId { coordinates: BrickCoord { x: -67108864, y: -67108864, z: -67108864 }, level: 27 }, triangle: 1, fraction: 0.9922176476085345, separation: 2.220446049250313e-16 })
EVENT elapsed=0e0 dt=2.6928705315612256e-3 outcome=Refine(TerrainSweepHit { collider: 33, node: TerrainNodeId { coordinates: BrickCoord { x: -67108864, y: -67108864, z: -67108864 }, level: 27 }, triangle: 1, fraction: 0.9995499275923811, separation: 1.6653345369377348e-16 })
EVENT elapsed=0e0 dt=2.69165854483768e-3 outcome=Complete { arrived: false, drive_impulses: [(1, 0.186072153116049), (2, -0.15455792263154136), (4, -0.1301948128607745), (5, 0.15510363565146704), (7, -0.1550993588943157), (9, 0.15509936663563778)] }
EVENT elapsed=0e0 dt=2.6922645381994527e-3 outcome=Refine(TerrainSweepHit { collider: 33, node: TerrainNodeId { coordinates: BrickCoord { x: -67108864, y: -67108864, z: -67108864 }, level: 27 }, triangle: 1, fraction: 0.9997801190499283, separation: -1.6653345369377348e-16 })
EVENT elapsed=0e0 dt=2.6917191441738573e-3 outcome=Refine(TerrainSweepHit { collider: 33, node: TerrainNodeId { coordinates: BrickCoord { x: -67108864, y: -67108864, z: -67108864 }, level: 27 }, triangle: 1, fraction: 0.9999873800843261, separation: 1.1102230246251565e-16 })
EVENT elapsed=0e0 dt=2.69168517490524e-3 outcome=Complete { arrived: false, drive_impulses: [(1, 0.18607386691646735), (2, -0.15455941294168596), (4, -0.13019606481969223), (5, 0.15510513105298734), (7, -0.1551008542545048), (9, 0.15510086199591486)] }
EVENT elapsed=0e0 dt=2.691702159539549e-3 outcome=Refine(TerrainSweepHit { collider: 33, node: TerrainNodeId { coordinates: BrickCoord { x: -67108864, y: -67108864, z: -67108864 }, level: 27 }, triangle: 1, fraction: 0.9999938359475077, separation: 1.1102230246251565e-16 })
EVENT elapsed=0e0 dt=2.691686873368671e-3 outcome=Refine(TerrainSweepHit { collider: 33, node: TerrainNodeId { coordinates: BrickCoord { x: -67108864, y: -67108864, z: -67108864 }, level: 27 }, triangle: 1, fraction: 0.999999646294235, separation: 1.1102230246251565e-16 })
EVENT elapsed=0e0 dt=2.6916859213035067e-3 outcome=Complete { arrived: false, drive_impulses: [(1, 0.1860739149515338), (2, -0.15455945471268087), (4, -0.1301960999100878), (5, 0.15510517296668574), (7, -0.15510089616704262), (9, 0.15510090390845455)] }
EVENT elapsed=0e0 dt=2.691686397336089e-3 outcome=Refine(TerrainSweepHit { collider: 33, node: TerrainNodeId { coordinates: BrickCoord { x: -67108864, y: -67108864, z: -67108864 }, level: 27 }, triangle: 1, fraction: 0.9999998272374937, separation: 1.6653345369377348e-16 })
EVENT elapsed=0e0 dt=2.691685968906765e-3 outcome=Refine(TerrainSweepHit { collider: 33, node: TerrainNodeId { coordinates: BrickCoord { x: -67108864, y: -67108864, z: -67108864 }, level: 27 }, triangle: 1, fraction: 0.9999999900866399, separation: -2.220446049250313e-16 })
EVENT elapsed=0e0 dt=2.6916859422231126e-3 outcome=Complete { arrived: false, drive_impulses: [(1, 0.1860739162978303), (2, -0.1545594558834157), (4, -0.13019610089357683), (5, 0.15510517414141742), (7, -0.1551008973417434), (9, 0.1551009050831538)] }
EVENT elapsed=0e0 dt=2.691685955564939e-3 outcome=Refine(TerrainSweepHit { collider: 33, node: TerrainNodeId { coordinates: BrickCoord { x: -67108864, y: -67108864, z: -67108864 }, level: 27 }, triangle: 1, fraction: 0.9999999951577966, separation: 2.220446049250313e-16 })
EVENT elapsed=0e0 dt=2.6916859435572953e-3 outcome=Refine(TerrainSweepHit { collider: 33, node: TerrainNodeId { coordinates: BrickCoord { x: -67108864, y: -67108864, z: -67108864 }, level: 27 }, triangle: 1, fraction: 0.9999999997222042, separation: -3.3306690738754696e-16 })
EVENT elapsed=0e0 dt=2.691685942809556e-3 outcome=Complete { arrived: false, drive_impulses: [(1, 0.18607391633557052), (2, -0.1545594559162329), (4, -0.13019610092114553), (5, 0.15510517417434955), (7, -0.15510089737467572), (9, 0.1551009051160879)] }
EVENT elapsed=2.691685942809556e-3 dt=1.4749807238571104e-3 outcome=Complete { arrived: false, drive_impulses: [(1, 0.9512128728146447), (2, -0.6847759758261618), (4, 5.103445164576404), (5, -1.1854908626115062), (7, -0.6871849200766593), (9, 0.6871849656959268)] }
EVENT elapsed=0e0 dt=4.166666666666667e-3 outcome=Refine(TerrainSweepHit { collider: 42, node: TerrainNodeId { coordinates: BrickCoord { x: -67108864, y: -67108864, z: -67108864 }, level: 27 }, triangle: 1, fraction: 0.9651471026401829, separation: -5.551115123125783e-17 })
EVENT elapsed=0e0 dt=4.021446261000762e-3 outcome=Complete { arrived: false, drive_impulses: [(1, 0.3696620273556018), (2, -0.3954439326548941), (4, -0.48000007153705126), (5, 0.3932595070195098), (7, -0.3933593303502206), (9, 0.3933593145996385)] }
EVENT elapsed=0e0 dt=4.094056463833715e-3 outcome=Refine(TerrainSweepHit { collider: 42, node: TerrainNodeId { coordinates: BrickCoord { x: -67108864, y: -67108864, z: -67108864 }, level: 27 }, triangle: 1, fraction: 0.9835748950510599, separation: -5.551115123125783e-17 })
EVENT elapsed=0e0 dt=4.028707281284058e-3 outcome=Complete { arrived: false, drive_impulses: [(1, 0.37027132705342625), (2, -0.3961205170821044), (4, -0.48082196661368487), (5, 0.39393182958394807), (7, -0.3940318554793681), (9, 0.3940318396795052)] }
EVENT elapsed=0e0 dt=4.0613818725588864e-3 outcome=Refine(TerrainSweepHit { collider: 42, node: TerrainNodeId { coordinates: BrickCoord { x: -67108864, y: -67108864, z: -67108864 }, level: 27 }, triangle: 1, fraction: 0.9920841407006918, separation: -2.220446049250313e-16 })
EVENT elapsed=0e0 dt=4.031974740411541e-3 outcome=Refine(TerrainSweepHit { collider: 42, node: TerrainNodeId { coordinates: BrickCoord { x: -67108864, y: -67108864, z: -67108864 }, level: 27 }, triangle: 1, fraction: 0.9998613298294067, separation: 2.220446049250313e-16 })
EVENT elapsed=0e0 dt=4.03141562578646e-3 outcome=Complete { arrived: false, drive_impulses: [(1, 0.3704985584546473), (2, -0.39637284959837527), (4, -0.4811284924600713), (5, 0.3941825722365816), (7, -0.39428267370377584), (9, 0.39428265788543293)] }
EVENT elapsed=0e0 dt=4.0316951830990004e-3 outcome=Refine(TerrainSweepHit { collider: 42, node: TerrainNodeId { coordinates: BrickCoord { x: -67108864, y: -67108864, z: -67108864 }, level: 27 }, triangle: 1, fraction: 0.9999358119826864, separation: 3.3306690738754696e-16 })
EVENT elapsed=0e0 dt=4.031443581517714e-3 outcome=Complete { arrived: false, drive_impulses: [(1, 0.37050090385183443), (2, -0.3963754541026012), (4, -0.4811316563313851), (5, 0.39418516032956086), (7, -0.3942852625768539), (9, 0.3942852467583175)] }
EVENT elapsed=0e0 dt=4.031569382308357e-3 outcome=Refine(TerrainSweepHit { collider: 42, node: TerrainNodeId { coordinates: BrickCoord { x: -67108864, y: -67108864, z: -67108864 }, level: 27 }, triangle: 1, fraction: 0.9999693323483704, separation: 2.7755575615628914e-16 })
EVENT elapsed=0e0 dt=4.031456161596779e-3 outcome=Refine(TerrainSweepHit { collider: 42, node: TerrainNodeId { coordinates: BrickCoord { x: -67108864, y: -67108864, z: -67108864 }, level: 27 }, triangle: 1, fraction: 0.9999995024803923, separation: -5.551115123125783e-17 })
EVENT elapsed=0e0 dt=4.031454155868291e-3 outcome=Complete { arrived: false, drive_impulses: [(1, 0.37050179100577363), (2, -0.39637643926472005), (4, -0.4811328530758959), (5, 0.3941861392840619), (7, -0.3942862418264337), (9, 0.3942862260078269)] }
EVENT elapsed=0e0 dt=4.031455158732535e-3 outcome=Refine(TerrainSweepHit { collider: 42, node: TerrainNodeId { coordinates: BrickCoord { x: -67108864, y: -67108864, z: -67108864 }, level: 27 }, triangle: 1, fraction: 0.9999997697230099, separation: -5.551115123125783e-17 })
EVENT elapsed=0e0 dt=4.031454256154715e-3 outcome=Complete { arrived: false, drive_impulses: [(1, 0.37050179941947886), (2, -0.39637644860792715), (4, -0.48113286442574044), (5, 0.3941861485683959), (7, -0.39428625111356747), (9, 0.39428623529496126)] }
EVENT elapsed=0e0 dt=4.031454707443625e-3 outcome=Refine(TerrainSweepHit { collider: 42, node: TerrainNodeId { coordinates: BrickCoord { x: -67108864, y: -67108864, z: -67108864 }, level: 27 }, triangle: 1, fraction: 0.9999998899822269, separation: 3.3306690738754696e-16 })
EVENT elapsed=0e0 dt=4.031454301283606e-3 outcome=Refine(TerrainSweepHit { collider: 42, node: TerrainNodeId { coordinates: BrickCoord { x: -67108864, y: -67108864, z: -67108864 }, level: 27 }, triangle: 1, fraction: 0.9999999982156853, separation: 1.1102230246251565e-16 })
EVENT elapsed=0e0 dt=4.031454294090223e-3 outcome=Complete { arrived: false, drive_impulses: [(1, 0.37050180260214505), (2, -0.3963764521422001), (4, -0.48113286871906275), (5, 0.39418615208039953), (7, -0.39428625462662686), (9, 0.3942862388080175)] }
EVENT elapsed=4.031454294090223e-3 dt=1.3521237257644366e-4 outcome=Complete { arrived: false, drive_impulses: [(1, -1.6225484292644023), (2, 0.2240060991217653), (4, -0.9804245031031955), (5, -0.23186924300279566), (7, -0.4056371028124318), (9, -0.23141167748606542)] }
EVENT elapsed=0e0 dt=4.166666666666667e-3 outcome=Refine(TerrainSweepHit { collider: 41, node: TerrainNodeId { coordinates: BrickCoord { x: -67108864, y: -67108864, z: -67108864 }, level: 27 }, triangle: 1, fraction: 0.09715288515695684, separation: -5.551115123125783e-17 })
EVENT elapsed=0e0 dt=4.0480368815398683e-4 outcome=Complete { arrived: false, drive_impulses: [(1, -1.3873630294159705), (2, -0.03640441768151436), (4, -0.024703637615793913), (5, 0.03635696960061804), (7, -1.2144110198032085), (9, 0.03636035788168775)] }
EVENT elapsed=0e0 dt=2.2857351774103266e-3 outcome=Refine(TerrainSweepHit { collider: 41, node: TerrainNodeId { coordinates: BrickCoord { x: -67108864, y: -67108864, z: -67108864 }, level: 27 }, triangle: 1, fraction: 0.3889120219298697, separation: 6.106226635438361e-16 })
EVENT elapsed=0e0 dt=8.889498894428795e-4 outcome=Complete { arrived: false, drive_impulses: [(1, -1.3968468236356952), (2, -0.051482404565669916), (4, -0.04785367058902012), (5, 0.051372017189753094), (7, -2.6668495702579103), (9, 0.05137977552415116)] }
EVENT elapsed=0e0 dt=1.587342533426603e-3 outcome=Complete { arrived: false, drive_impulses: [(1, -1.4109940418245364), (2, -0.0733619017482309), (4, -0.07886197951282273), (5, 0.07317886004879282), (7, -4.762027425161008), (9, 0.07319188508747904)] }
EVENT elapsed=0e0 dt=1.9365388554184648e-3 outcome=Refine(TerrainSweepHit { collider: 41, node: TerrainNodeId { coordinates: BrickCoord { x: -67108864, y: -67108864, z: -67108864 }, level: 27 }, triangle: 1, fraction: 0.6840945705736895, separation: 1.4238610290817633e-13 })
EVENT elapsed=0e0 dt=1.6222621656257893e-3 outcome=Complete { arrived: false, drive_impulses: [(1, -1.411671281804194), (2, -0.07446627284056495), (4, -0.08036532535994735), (5, 0.07428004968625924), (7, -4.866786317906164), (9, 0.07429331223467614)] }
EVENT elapsed=0e0 dt=1.7794005105221272e-3 outcome=Complete { arrived: false, drive_impulses: [(1, -1.414672432409634), (2, -0.07945021420593183), (4, -0.08709162564404518), (5, 0.07925012385121614), (7, -5.338201335259361), (9, 0.07926442944892038)] }
EVENT elapsed=0e0 dt=1.8579696829702959e-3 outcome=Complete { arrived: false, drive_impulses: [(1, -1.420927558194135), (2, -0.08339512420471344), (4, -0.09319951909103309), (5, 0.08317934834013042), (7, -5.444745231975797), (9, 0.08319466342160771)] }
EVENT elapsed=0e0 dt=1.8972542691943805e-3 outcome=Refine(TerrainSweepHit { collider: 41, node: TerrainNodeId { coordinates: BrickCoord { x: -67108864, y: -67108864, z: -67108864 }, level: 27 }, triangle: 1, fraction: 0.775589732142406, separation: 2.1094237467877974e-15 })
EVENT elapsed=0e0 dt=1.8618981415927044e-3 outcome=Complete { arrived: false, drive_impulses: [(1, -1.421320920460099), (2, -0.08361676720698018), (4, -0.09355112036995948), (5, 0.08340006022004554), (7, -5.447893783525051), (9, 0.08341543395590222)] }
EVENT elapsed=0e0 dt=1.8795762053935424e-3 outcome=Refine(TerrainSweepHit { collider: 41, node: TerrainNodeId { coordinates: BrickCoord { x: -67108864, y: -67108864, z: -67108864 }, level: 27 }, triangle: 1, fraction: 0.8606351720160083, separation: 8.326672684688674e-16 })
EVENT elapsed=0e0 dt=1.8636659479727882e-3 outcome=Complete { arrived: false, drive_impulses: [(1, -1.4214979318764638), (2, -0.08371650553757676), (4, -0.09370932385585574), (5, 0.08349937972180364), (7, -5.449310729032822), (9, 0.08351477984179345)] }
EVENT elapsed=0e0 dt=1.8716210766831654e-3 outcome=Complete { arrived: false, drive_impulses: [(1, -1.422294470925785), (2, -0.08416532016907215), (4, -0.09442110831214896), (5, 0.08394631097664149), (7, -5.455687730619526), (9, 0.0839618297458673)] }
EVENT elapsed=0e0 dt=1.875598641038354e-3 outcome=Complete { arrived: false, drive_impulses: [(1, -1.4226927328821923), (2, -0.08438972265273381), (4, -0.09477692003470399), (5, 0.08416977260204471), (7, -5.4588766892811975), (9, 0.08418535064720101)] }
EVENT elapsed=0e0 dt=1.8775874232159482e-3 outcome=Refine(TerrainSweepHit { collider: 41, node: TerrainNodeId { coordinates: BrickCoord { x: -67108864, y: -67108864, z: -67108864 }, level: 27 }, triangle: 1, fraction: 0.8849297736392933, separation: 9.914291609902648e-14 })
EVENT elapsed=0e0 dt=1.8757975192561134e-3 outcome=Complete { arrived: false, drive_impulses: [(1, -1.4227126458474773), (2, -0.08440094269218316), (4, -0.09479470921232706), (5, 0.08418094561310448), (7, -5.459036145220841), (9, 0.08419652662120454)] }
EVENT elapsed=0e0 dt=1.8766924712360308e-3 outcome=Complete { arrived: false, drive_impulses: [(1, -1.4228022540350385), (2, -0.08445143276974228), (4, -0.09487475885176508), (5, 0.08423122408001643), (7, -5.4597537063824895), (9, 0.08424681842036513)] }
EVENT elapsed=0e0 dt=1.8771399472259894e-3 outcome=Refine(TerrainSweepHit { collider: 41, node: TerrainNodeId { coordinates: BrickCoord { x: -67108864, y: -67108864, z: -67108864 }, level: 27 }, triangle: 1, fraction: 0.8954069257214978, separation: 7.605027718682322e-15 })
EVENT elapsed=0e0 dt=1.8767372188350266e-3 outcome=Complete { arrived: false, drive_impulses: [(1, -1.422806734437707), (2, -0.08445395726932702), (4, -0.09487876126244142), (5, 0.0842337379998043), (7, -5.459789584845744), (9, 0.0842493330067227)] }
EVENT elapsed=0e0 dt=1.8769385830305079e-3 outcome=Refine(TerrainSweepHit { collider: 41, node: TerrainNodeId { coordinates: BrickCoord { x: -67108864, y: -67108864, z: -67108864 }, level: 27 }, triangle: 1, fraction: 0.9053562972646395, separation: 1.3444800828210646e-13 })
EVENT elapsed=0e0 dt=1.8767573552545746e-3 outcome=Complete { arrived: false, drive_impulses: [(1, -1.4228087506186946), (2, -0.08445509329400608), (4, -0.09488056234503495), (5, 0.08423486926359723), (7, -5.459805730166798), (9, 0.08425046457047128)] }
EVENT elapsed=0e0 dt=1.8768479691425412e-3 outcome=Complete { arrived: false, drive_impulses: [(1, -1.422817823431554), (2, -0.08446020540403731), (4, -0.09488866719966282), (5, 0.08423995994982011), (7, -5.459878384208232), (9, 0.08425555660647646)] }
EVENT elapsed=0e0 dt=1.8768932760865244e-3 outcome=Complete { arrived: false, drive_impulses: [(1, -1.4228223598370031), (2, -0.08446276145842282), (4, -0.09489271961654072), (5, 0.08424250529240625), (7, -5.459914711288282), (9, 0.08425810262395224)] }
EVENT elapsed=0e0 dt=1.8769159295585161e-3 outcome=Complete { arrived: false, drive_impulses: [(1, -1.4228246280394763), (2, -0.08446403948546023), (4, -0.09489474582236841), (5, 0.08424377796357262), (7, -5.459932874843136), (9, 0.08425937563255949)] }
EVENT elapsed=0e0 dt=1.8769272562945121e-3 outcome=Refine(TerrainSweepHit { collider: 41, node: TerrainNodeId { coordinates: BrickCoord { x: -67108864, y: -67108864, z: -67108864 }, level: 27 }, triangle: 1, fraction: 0.9069605331733374, separation: 1.177946629127291e-13 })
EVENT elapsed=0e0 dt=1.8769170622321158e-3 outcome=Complete { arrived: false, drive_impulses: [(1, -1.4228247414496014), (2, -0.08446410338680933), (4, -0.09489484713261222), (5, 0.0842438415971269), (7, -5.459933783021139), (9, 0.0842594392829851)] }
EVENT elapsed=0e0 dt=1.876922159263314e-3 outcome=Refine(TerrainSweepHit { collider: 41, node: TerrainNodeId { coordinates: BrickCoord { x: -67108864, y: -67108864, z: -67108864 }, level: 27 }, triangle: 1, fraction: 0.9077088570634809, separation: 2.3725466036239595e-13 })
EVENT elapsed=0e0 dt=1.8769175719352356e-3 outcome=Complete { arrived: false, drive_impulses: [(1, -1.4228247924841428), (2, -0.0844641321424174), (4, -0.09489489272221975), (5, 0.08424387023222914), (7, -5.459934191701246), (9, 0.08425946792567875)] }
EVENT elapsed=0e0 dt=1.8769198655992749e-3 outcome=Refine(TerrainSweepHit { collider: 41, node: TerrainNodeId { coordinates: BrickCoord { x: -67108864, y: -67108864, z: -67108864 }, level: 27 }, triangle: 1, fraction: 0.9087046365815811, separation: 2.123301534595612e-13 })
EVENT elapsed=0e0 dt=1.8769178013016395e-3 outcome=Complete { arrived: false, drive_impulses: [(1, -1.4228248154497054), (2, -0.08446414508243934), (4, -0.0948949132375415), (5, 0.08424388311802142), (7, -5.459934375607304), (9, 0.08425948081489051)] }
EVENT elapsed=0e0 dt=1.876918833450457e-3 outcome=Complete { arrived: false, drive_impulses: [(1, -1.422824918794671), (2, -0.08446420331254435), (4, -0.09489500555650153), (5, 0.08424394110410104), (7, -5.459935203184538), (9, 0.08425953881634332)] }
EVENT elapsed=0e0 dt=1.876919349524866e-3 outcome=Refine(TerrainSweepHit { collider: 41, node: TerrainNodeId { coordinates: BrickCoord { x: -67108864, y: -67108864, z: -67108864 }, level: 27 }, triangle: 1, fraction: 0.9088238137268955, separation: 2.370881269087022e-13 })
EVENT elapsed=0e0 dt=1.876918885057898e-3 outcome=Refine(TerrainSweepHit { collider: 41, node: TerrainNodeId { coordinates: BrickCoord { x: -67108864, y: -67108864, z: -67108864 }, level: 27 }, triangle: 1, fraction: 0.9096219393264842, separation: 2.48245868306185e-13 })
EVENT elapsed=0e0 dt=1.876918838611201e-3 outcome=Complete { arrived: false, drive_impulses: [(1, -1.4228249193113973), (2, -0.08446420360369443), (4, -0.09489500601809607), (5, 0.08424394139402969), (7, -5.45993520732243), (9, 0.08425953910635113)] }
EVENT elapsed=0e0 dt=1.8769188618345495e-3 outcome=Complete { arrived: false, drive_impulses: [(1, -1.4228249216366529), (2, -0.08446420491387172), (4, -0.09489500809527167), (5, 0.08424394269871825), (7, -5.459935225942918), (9, 0.08425954041138592)] }
EVENT elapsed=0e0 dt=1.8769188734462238e-3 outcome=Refine(TerrainSweepHit { collider: 41, node: TerrainNodeId { coordinates: BrickCoord { x: -67108864, y: -67108864, z: -67108864 }, level: 27 }, triangle: 1, fraction: 0.9096261139962912, separation: 2.489120021209601e-13 })
EVENT elapsed=0e0 dt=1.876918862995717e-3 outcome=Refine(TerrainSweepHit { collider: 41, node: TerrainNodeId { coordinates: BrickCoord { x: -67108864, y: -67108864, z: -67108864 }, level: 27 }, triangle: 1, fraction: 0.9096299875232792, separation: 2.49966713994354e-13 })
EVENT elapsed=0e0 dt=1.8769188619506662e-3 outcome=Refine(TerrainSweepHit { collider: 41, node: TerrainNodeId { coordinates: BrickCoord { x: -67108864, y: -67108864, z: -67108864 }, level: 27 }, triangle: 1, fraction: 0.9096299753489997, separation: 2.4991120284312274e-13 })
EVENT elapsed=0e0 dt=1.876918861846161e-3 outcome=Complete { arrived: false, drive_impulses: [(1, -1.4228249216378235), (2, -0.08446420491452916), (4, -0.09489500809631356), (5, 0.084243942699372), (7, -5.459935225952222), (9, 0.08425954041203845)] }
EVENT elapsed=0e0 dt=1.8769188618984137e-3 outcome=Complete { arrived: false, drive_impulses: [(1, -1.4228249216430522), (2, -0.08446420491747406), (4, -0.09489500810098316), (5, 0.08424394270230548), (7, -5.459935225994125), (9, 0.08425954041497231)] }
EVENT elapsed=0e0 dt=1.87691886192454e-3 outcome=Refine(TerrainSweepHit { collider: 41, node: TerrainNodeId { coordinates: BrickCoord { x: -67108864, y: -67108864, z: -67108864 }, level: 27 }, triangle: 1, fraction: 0.9096306159114682, separation: 2.498556916918915e-13 })
EVENT elapsed=0e0 dt=1.8769188619010265e-3 outcome=Complete { arrived: false, drive_impulses: [(1, -1.4228249216433135), (2, -0.08446420491762244), (4, -0.09489500810121611), (5, 0.08424394270245278), (7, -5.459935225996221), (9, 0.08425954041511945)] }
EVENT elapsed=0e0 dt=1.8769188619127833e-3 outcome=Complete { arrived: false, drive_impulses: [(1, -1.4228249216444877), (2, -0.08446420491828457), (4, -0.0948950081022663), (5, 0.0842439427031145), (7, -5.459935226005643), (9, 0.08425954041578024)] }
EVENT elapsed=0e0 dt=1.8769188619186616e-3 outcome=Complete { arrived: false, drive_impulses: [(1, -1.4228249216450748), (2, -0.08446420491861789), (4, -0.0948950081027935), (5, 0.08424394270344514), (7, -5.4599352260103675), (9, 0.08425954041611251)] }
EVENT elapsed=0e0 dt=1.876918861921601e-3 outcome=Complete { arrived: false, drive_impulses: [(1, -1.4228249216453777), (2, -0.08446420491878211), (4, -0.09489500810305664), (5, 0.08424394270360747), (7, -5.4599352260127185), (9, 0.08425954041627515)] }
EVENT elapsed=0e0 dt=1.8769188619230704e-3 outcome=Complete { arrived: false, drive_impulses: [(1, -1.4228249216455227), (2, -0.08446420491886525), (4, -0.09489500810319033), (5, 0.08424394270368878), (7, -5.459935226013898), (9, 0.08425954041635657)] }
EVENT elapsed=0e0 dt=1.8769188619238053e-3 outcome=Refine(TerrainSweepHit { collider: 41, node: TerrainNodeId { coordinates: BrickCoord { x: -67108864, y: -67108864, z: -67108864 }, level: 27 }, triangle: 1, fraction: 0.9096299870429853, separation: 2.49966713994354e-13 })
EVENT elapsed=0e0 dt=1.876918861923144e-3 outcome=Complete { arrived: false, drive_impulses: [(1, -1.4228249216455218), (2, -0.08446420491887059), (4, -0.09489500810319446), (5, 0.08424394270369427), (7, -5.45993522601395), (9, 0.08425954041636165)] }
EVENT elapsed=0e0 dt=1.8769188619234746e-3 outcome=Complete { arrived: false, drive_impulses: [(1, -1.4228249216455615), (2, -0.08446420491888855), (4, -0.09489500810322436), (5, 0.08424394270371187), (7, -5.459935226014224), (9, 0.08425954041637938)] }
EVENT elapsed=0e0 dt=1.87691886192364e-3 outcome=Complete { arrived: false, drive_impulses: [(1, -1.4228249216455722), (2, -0.0844642049188993), (4, -0.09489500810324102), (5, 0.08424394270372303), (7, -5.459935226014351), (9, 0.08425954041639108)] }
EVENT elapsed=0e0 dt=1.8769188619237227e-3 outcome=Complete { arrived: false, drive_impulses: [(1, -1.422824921645586), (2, -0.08446420491890341), (4, -0.09489500810324861), (5, 0.08424394270372719), (7, -5.459935226014417), (9, 0.08425954041639487)] }
EVENT elapsed=0e0 dt=1.8769188619237641e-3 outcome=Complete { arrived: false, drive_impulses: [(1, -1.4228249216455895), (2, -0.08446420491890594), (4, -0.09489500810325505), (5, 0.08424394270372945), (7, -5.459935226014456), (9, 0.08425954041639737)] }
EVENT elapsed=0e0 dt=1.8769188619237847e-3 outcome=Complete { arrived: false, drive_impulses: [(1, -1.42282492164559), (2, -0.08446420491890567), (4, -0.09489500810325531), (5, 0.08424394270372942), (7, -5.459935226014471), (9, 0.08425954041639712)] }
EVENT elapsed=0e0 dt=1.876918861923795e-3 outcome=Refine(TerrainSweepHit { collider: 41, node: TerrainNodeId { coordinates: BrickCoord { x: -67108864, y: -67108864, z: -67108864 }, level: 27 }, triangle: 1, fraction: 0.9096302338149655, separation: 2.49966713994354e-13 })
EVENT elapsed=0e0 dt=1.8769188619237858e-3 outcome=Complete { arrived: false, drive_impulses: [(1, -1.422824921645592), (2, -0.08446420491890551), (4, -0.09489500810325417), (5, 0.08424394270372876), (7, -5.459935226014471), (9, 0.08425954041639719)] }
EVENT elapsed=0e0 dt=1.8769188619237904e-3 outcome=Complete { arrived: false, drive_impulses: [(1, -1.42282492164559), (2, -0.08446420491890634), (4, -0.09489500810325503), (5, 0.08424394270372935), (7, -5.459935226014472), (9, 0.08425954041639797)] }
EVENT elapsed=0e0 dt=1.8769188619237927e-3 outcome=Refine(TerrainSweepHit { collider: 41, node: TerrainNodeId { coordinates: BrickCoord { x: -67108864, y: -67108864, z: -67108864 }, level: 27 }, triangle: 1, fraction: 0.9096303688869724, separation: 2.49966713994354e-13 })
EVENT elapsed=0e0 dt=1.8769188619237906e-3 outcome=Refine(TerrainSweepHit { collider: 41, node: TerrainNodeId { coordinates: BrickCoord { x: -67108864, y: -67108864, z: -67108864 }, level: 27 }, triangle: 1, fraction: 0.9096297009607687, separation: 2.49966713994354e-13 })
EVENT elapsed=0e0 dt=2.0833333333333333e-3 outcome=Complete { arrived: false, drive_impulses: [(1, -0.02546908328361417), (2, -0.05504020179380536), (4, 0.10686783612686164), (5, 0.05602864471418328), (7, -0.0560089701271153), (9, 0.056008976481848737)] }
STOP coordinate=0 q=-5.7027603322156534e-2 displacement=-9.737849848932924e-4 target=-5.7499997317790985e-2 fraction=4.851111928843475e-1
EVENT elapsed=0e0 dt=2.0833333333333333e-3 outcome=JointStop(StopHit { coordinate: 0, fraction: 0.4851111928843475 })
STOP coordinate=0 q=-5.7027603322156534e-2 displacement=-5.107559178326343e-4 target=-5.7499997317790985e-2 fraction=9.248918693669381e-1
EVENT elapsed=0e0 dt=1.0106483185090573e-3 outcome=JointStop(StopHit { coordinate: 0, fraction: 0.9248918693669381 })
STOP coordinate=0 q=-5.7027603322156534e-2 displacement=-4.7485310189335515e-4 target=-5.7499997317790985e-2 fraction=9.948213326414028e-1
EVENT elapsed=0e0 dt=9.347404125783947e-4 outcome=JointStop(StopHit { coordinate: 0, fraction: 0.9948213326414028 })
STOP coordinate=0 q=-5.7027603322156534e-2 displacement=-4.7254973699368554e-4 target=-5.7499997317790985e-2 fraction=9.996704233500902e-1
EVENT elapsed=0e0 dt=9.298997029150133e-4 outcome=JointStop(StopHit { coordinate: 0, fraction: 0.9996704233500902 })
STOP coordinate=0 q=-5.7027603322156534e-2 displacement=-4.7240385154256935e-4 target=-5.7499997317790985e-2 fraction=9.999791366897501e-1
EVENT elapsed=0e0 dt=9.295932296861744e-4 outcome=JointStop(StopHit { coordinate: 0, fraction: 0.9999791366897501 })
STOP coordinate=0 q=-5.7027603322156534e-2 displacement=-4.7239461932360293e-4 target=-5.7499997317790985e-2 fraction=9.999986797285023e-1
EVENT elapsed=0e0 dt=9.295738352942173e-4 outcome=JointStop(StopHit { coordinate: 0, fraction: 0.9999986797285023 })
EVENT elapsed=0e0 dt=9.295726080043776e-4 outcome=Complete { arrived: true, drive_impulses: [(1, 0.07368448681105827), (2, -0.04991491852588166), (4, -0.03450754850942985), (5, 0.05043374898952655), (7, -0.05042781950207716), (9, 0.050427826327376975)] }
EVENT elapsed=9.295726080043776e-4 dt=1.1537607253289557e-3 outcome=Complete { arrived: false, drive_impulses: [(1, 1.1427705776215513), (2, -0.9328054839236585), (4, -0.8276936794083972), (5, 0.9412209759330391), (7, -0.9412248374649665), (9, 0.9412249151187628)] }
EVENT elapsed=0e0 dt=2.0833333333333333e-3 outcome=Complete { arrived: false, drive_impulses: [(1, 0.14662484987888597), (2, -0.12029014577894036), (4, -0.10140436480088806), (5, 0.12071632675344954), (7, -0.1207135026348579), (9, 0.12071350847995618)] }
EVENT elapsed=0e0 dt=2.0833333333333333e-3 outcome=Refine(TerrainSweepHit { collider: 33, node: TerrainNodeId { coordinates: BrickCoord { x: -67108864, y: -67108864, z: -67108864 }, level: 27 }, triangle: 1, fraction: 0.2881377108396607, separation: 5.218048215738236e-15 })
EVENT elapsed=0e0 dt=6.002868975826265e-4 outcome=Complete { arrived: false, drive_impulses: [(1, 0.0453221937003736), (2, -0.03430172238160937), (4, -0.028943048490024804), (5, 0.034423259484652295), (7, -0.034422439277661074), (9, 0.034422438436746694)] }
EVENT elapsed=0e0 dt=1.34181011545798e-3 outcome=Refine(TerrainSweepHit { collider: 33, node: TerrainNodeId { coordinates: BrickCoord { x: -67108864, y: -67108864, z: -67108864 }, level: 27 }, triangle: 1, fraction: 0.4500842106647339, separation: 4.829470157119431e-15 })
EVENT elapsed=0e0 dt=6.744392193701619e-4 outcome=Refine(TerrainSweepHit { collider: 33, node: TerrainNodeId { coordinates: BrickCoord { x: -67108864, y: -67108864, z: -67108864 }, level: 27 }, triangle: 1, fraction: 0.900442568961572, separation: 5.051514762044462e-15 })
EVENT elapsed=0e0 dt=6.0770212976138e-4 outcome=Refine(TerrainSweepHit { collider: 33, node: TerrainNodeId { coordinates: BrickCoord { x: -67108864, y: -67108864, z: -67108864 }, level: 27 }, triangle: 1, fraction: 0.9998898867856024, separation: 5.384581669432009e-15 })
EVENT elapsed=0e0 dt=6.069606065435047e-4 outcome=Complete { arrived: false, drive_impulses: [(1, 0.04575928136579547), (2, -0.03468167244820565), (4, -0.02926276552606061), (5, 0.03480454143509173), (7, -0.03480371204562684), (9, 0.03480371107842924)] }
EVENT elapsed=0e0 dt=6.073313681524424e-4 outcome=Complete { arrived: false, drive_impulses: [(1, 0.045783561524874734), (2, -0.03470277896731081), (4, -0.029280525947037447), (5, 0.034825721932712154), (7, -0.03482489203296938), (9, 0.034824891058572276)] }
EVENT elapsed=0e0 dt=6.075167489569112e-4 outcome=Complete { arrived: false, drive_impulses: [(1, 0.045795701506048836), (2, -0.03471333215500147), (4, -0.029289406092825203), (5, 0.034836312109065334), (7, -0.03483548195417994), (9, 0.03483548097617612)] }
EVENT elapsed=0e0 dt=6.076094393591457e-4 outcome=Complete { arrived: false, drive_impulses: [(1, 0.045801771472040016), (2, -0.034718608730874526), (4, -0.02929384614953862), (5, 0.03484160717912095), (7, -0.034840776896661964), (9, 0.034840775916852515)] }
EVENT elapsed=0e0 dt=6.076557845602628e-4 outcome=Refine(TerrainSweepHit { collider: 33, node: TerrainNodeId { coordinates: BrickCoord { x: -67108864, y: -67108864, z: -67108864 }, level: 27 }, triangle: 1, fraction: 0.999966537928639, separation: 5.2735593669694936e-15 })
EVENT elapsed=0e0 dt=6.07635451139037e-4 outcome=Complete { arrived: false, drive_impulses: [(1, 0.045803474888380845), (2, -0.034720089498325696), (4, -0.029295092164183453), (5, 0.03484309313659271), (7, -0.03484226281833134), (9, 0.03484226183801625)] }
EVENT elapsed=0e0 dt=6.076456178496499e-4 outcome=Refine(TerrainSweepHit { collider: 33, node: TerrainNodeId { coordinates: BrickCoord { x: -67108864, y: -67108864, z: -67108864 }, level: 27 }, triangle: 1, fraction: 0.9999833543942863, separation: 5.2735593669694936e-15 })
EVENT elapsed=0e0 dt=6.076364678100982e-4 outcome=Refine(TerrainSweepHit { collider: 33, node: TerrainNodeId { coordinates: BrickCoord { x: -67108864, y: -67108864, z: -67108864 }, level: 27 }, triangle: 1, fraction: 0.9999984896941124, separation: 5.218048215738236e-15 })
EVENT elapsed=0e0 dt=6.076355528061431e-4 outcome=Complete { arrived: false, drive_impulses: [(1, 0.04580348154618646), (2, -0.034720095285908116), (4, -0.029295097034238403), (5, 0.03484309894445938), (7, -0.034842268626059554), (9, 0.034842267645741457)] }
EVENT elapsed=0e0 dt=6.076360103081206e-4 outcome=Refine(TerrainSweepHit { collider: 33, node: TerrainNodeId { coordinates: BrickCoord { x: -67108864, y: -67108864, z: -67108864 }, level: 27 }, triangle: 1, fraction: 0.9999992464710775, separation: 5.10702591327572e-15 })
EVENT elapsed=0e0 dt=6.076355985563409e-4 outcome=Refine(TerrainSweepHit { collider: 33, node: TerrainNodeId { coordinates: BrickCoord { x: -67108864, y: -67108864, z: -67108864 }, level: 27 }, triangle: 1, fraction: 0.9999999275711839, separation: 5.495603971894525e-15 })
EVENT elapsed=0e0 dt=6.07635557381163e-4 outcome=Refine(TerrainSweepHit { collider: 33, node: TerrainNodeId { coordinates: BrickCoord { x: -67108864, y: -67108864, z: -67108864 }, level: 27 }, triangle: 1, fraction: 0.9999999956808512, separation: 5.440092820663267e-15 })
EVENT elapsed=0e0 dt=6.076355547566946e-4 outcome=Complete { arrived: false, drive_impulses: [(1, 0.045803481673922807), (2, -0.03472009539694683), (4, -0.029295097127672778), (5, 0.034843099055886895), (7, -0.034842268737483674), (9, 0.034842267757164494)] }
EVENT elapsed=6.076355547566946e-4 dt=1.4756977785766387e-3 outcome=Complete { arrived: false, drive_impulses: [(1, 0.9465487722195228), (2, -0.6849135022086255), (4, 5.108454964904867), (5, -1.1845673161609267), (7, -0.6873150059549215), (9, 0.6873150544322263)] }
EVENT elapsed=0e0 dt=2.0833333333333333e-3 outcome=Complete { arrived: false, drive_impulses: [(1, 0.20151426749449888), (2, -0.21010949564372394), (4, -0.2549177912164185), (5, 0.20902888157937843), (7, -0.20907658892255757), (9, 0.2090765815588398)] }
EVENT elapsed=0e0 dt=2.0833333333333333e-3 outcome=Refine(TerrainSweepHit { collider: 42, node: TerrainNodeId { coordinates: BrickCoord { x: -67108864, y: -67108864, z: -67108864 }, level: 27 }, triangle: 1, fraction: 0.925527831459185, separation: -2.220446049250313e-16 })
EVENT elapsed=0e0 dt=1.9281829822066355e-3 outcome=Complete { arrived: false, drive_impulses: [(1, 0.17332270274186445), (2, -0.1849401325610584), (4, -0.22470065479716136), (5, 0.18384197390147194), (7, -0.1838928430730266), (9, 0.1838928351684806)] }
EVENT elapsed=0e0 dt=2.0057581577699844e-3 outcome=Refine(TerrainSweepHit { collider: 42, node: TerrainNodeId { coordinates: BrickCoord { x: -67108864, y: -67108864, z: -67108864 }, level: 27 }, triangle: 1, fraction: 0.962634639586494, separation: 3.3306690738754696e-16 })
EVENT elapsed=0e0 dt=1.9359404997629705e-3 outcome=Refine(TerrainSweepHit { collider: 42, node: TerrainNodeId { coordinates: BrickCoord { x: -67108864, y: -67108864, z: -67108864 }, level: 27 }, triangle: 1, fraction: 0.9985784537845724, separation: 1.6653345369377348e-16 })
EVENT elapsed=0e0 dt=1.9331884708722396e-3 outcome=Complete { arrived: false, drive_impulses: [(1, 0.17374426456810285), (2, -0.1854085052417233), (4, -0.2252697330127729), (5, 0.18430739803057913), (7, -0.1843584062250251), (9, 0.18435839829227543)] }
EVENT elapsed=0e0 dt=1.934564485317605e-3 outcome=Refine(TerrainSweepHit { collider: 42, node: TerrainNodeId { coordinates: BrickCoord { x: -67108864, y: -67108864, z: -67108864 }, level: 27 }, triangle: 1, fraction: 0.9993129777247528, separation: -2.220446049250313e-16 })
EVENT elapsed=0e0 dt=1.9333260723167762e-3 outcome=Refine(TerrainSweepHit { collider: 42, node: TerrainNodeId { coordinates: BrickCoord { x: -67108864, y: -67108864, z: -67108864 }, level: 27 }, triangle: 1, fraction: 0.9999749448450126, separation: 0.0 })
EVENT elapsed=0e0 dt=1.9332776325323932e-3 outcome=Complete { arrived: false, drive_impulses: [(1, 0.17375177312996679), (2, -0.185416847714528), (4, -0.22527986921791956), (5, 0.18431568797762224), (7, -0.18436669864873895), (9, 0.184366690715487)] }
EVENT elapsed=0e0 dt=1.9333018524245846e-3 outcome=Refine(TerrainSweepHit { collider: 42, node: TerrainNodeId { coordinates: BrickCoord { x: -67108864, y: -67108864, z: -67108864 }, level: 27 }, triangle: 1, fraction: 0.9999878995394239, separation: 5.551115123125783e-17 })
EVENT elapsed=0e0 dt=1.9332800545216124e-3 outcome=Refine(TerrainSweepHit { collider: 42, node: TerrainNodeId { coordinates: BrickCoord { x: -67108864, y: -67108864, z: -67108864 }, level: 27 }, triangle: 1, fraction: 0.9999995590424668, separation: 2.7755575615628914e-16 })
EVENT elapsed=0e0 dt=1.9332792020272085e-3 outcome=Complete { arrived: false, drive_impulses: [(1, 0.17375190530148085), (2, -0.1854169945652327), (4, -0.2252800476433016), (5, 0.1843158339037276), (7, -0.1843668446184408), (9, 0.18436683668517878)] }
EVENT elapsed=0e0 dt=1.9332796282744103e-3 outcome=Refine(TerrainSweepHit { collider: 42, node: TerrainNodeId { coordinates: BrickCoord { x: -67108864, y: -67108864, z: -67108864 }, level: 27 }, triangle: 1, fraction: 0.9999997870412275, separation: -2.7755575615628914e-16 })
EVENT elapsed=0e0 dt=1.9332792446519287e-3 outcome=Refine(TerrainSweepHit { collider: 42, node: TerrainNodeId { coordinates: BrickCoord { x: -67108864, y: -67108864, z: -67108864 }, level: 27 }, triangle: 1, fraction: 0.9999999922400845, separation: -3.3306690738754696e-16 })
EVENT elapsed=0e0 dt=1.9332792296498451e-3 outcome=Complete { arrived: false, drive_impulses: [(1, 0.17375190762765064), (2, -0.18541699714975837), (4, -0.22528005078353072), (5, 0.18431583647198113), (7, -0.184366847187462), (9, 0.1843668392542004)] }
EVENT elapsed=1.9332792296498451e-3 dt=1.5005410368348817e-4 outcome=Complete { arrived: false, drive_impulses: [(1, -1.8006491979768589), (2, 0.22040142063939974), (4, -0.9812103209765207), (5, -0.22825288589762244), (7, -0.45016229449619594), (9, -0.22780036278389232)] }
EVENT elapsed=0e0 dt=2.0833333333333333e-3 outcome=Refine(TerrainSweepHit { collider: 41, node: TerrainNodeId { coordinates: BrickCoord { x: -67108864, y: -67108864, z: -67108864 }, level: 27 }, triangle: 1, fraction: 0.5222356840183764, separation: 1.1102230246251565e-15 })
EVENT elapsed=0e0 dt=1.0879910083716174e-3 outcome=Complete { arrived: false, drive_impulses: [(1, -1.2275360095101093), (2, -0.05458151024684419), (4, -0.05625082959724777), (5, 0.0544348663561732), (7, -3.26397290508551), (9, 0.054444248009723896)] }
EVENT elapsed=0e0 dt=1.5856621708524752e-3 outcome=Complete { arrived: false, drive_impulses: [(1, -1.2375709557792969), (2, -0.07014840158407336), (4, -0.07806035077022228), (5, 0.06994652910420103), (7, -4.7569863376240065), (9, 0.06995952809219588)] }
EVENT elapsed=0e0 dt=1.8344977520929043e-3 outcome=Complete { arrived: false, drive_impulses: [(1, -1.2465440554277285), (2, -0.07928677703664225), (4, -0.09111291952664724), (5, 0.079052408138423), (7, -5.389702679372372), (9, 0.07906748221693448)] }
EVENT elapsed=0e0 dt=1.9589155427131187e-3 outcome=Refine(TerrainSweepHit { collider: 41, node: TerrainNodeId { coordinates: BrickCoord { x: -67108864, y: -67108864, z: -67108864 }, level: 27 }, triangle: 1, fraction: 0.6647770012365938, separation: 3.325117958752344e-14 })
EVENT elapsed=0e0 dt=1.8469395311549257e-3 outcome=Complete { arrived: false, drive_impulses: [(1, -1.2477914333754083), (2, -0.0799872317073708), (4, -0.09222550468979253), (5, 0.07974977898337808), (7, -5.399666732217212), (9, 0.07976503722765622)] }
EVENT elapsed=0e0 dt=1.9029275369340222e-3 outcome=Refine(TerrainSweepHit { collider: 41, node: TerrainNodeId { coordinates: BrickCoord { x: -67108864, y: -67108864, z: -67108864 }, level: 27 }, triangle: 1, fraction: 0.7966327355884735, separation: 1.4854784069484595e-13 })
EVENT elapsed=0e0 dt=1.8525383317328354e-3 outcome=Complete { arrived: false, drive_impulses: [(1, -1.2483527375196921), (2, -0.0803024261043405), (4, -0.0927259963609063), (5, 0.08006358745444694), (7, -5.404151536179968), (9, 0.08007892847095943)] }
EVENT elapsed=0e0 dt=1.8777329343334288e-3 outcome=Complete { arrived: false, drive_impulses: [(1, -1.2508784834766753), (2, -0.08172072194452214), (4, -0.09497689156321074), (5, 0.08147566040708121), (7, -5.424340662357859), (9, 0.08149137311324377)] }
EVENT elapsed=0e0 dt=1.8903302356337256e-3 outcome=Refine(TerrainSweepHit { collider: 41, node: TerrainNodeId { coordinates: BrickCoord { x: -67108864, y: -67108864, z: -67108864 }, level: 27 }, triangle: 1, fraction: 0.8762803465919419, separation: 1.049160758270773e-14 })
EVENT elapsed=0e0 dt=1.8789926644634585e-3 outcome=Complete { arrived: false, drive_impulses: [(1, -1.2510047654943677), (2, -0.08179163332754204), (4, -0.09508937977516808), (5, 0.08154626123715439), (7, -5.4253504405335375), (9, 0.08156199249409073)] }
EVENT elapsed=0e0 dt=1.884661450048592e-3 outcome=Complete { arrived: false, drive_impulses: [(1, -1.2515730283393098), (2, -0.08211073051229278), (4, -0.09559551012625443), (5, 0.08186396163017601), (7, -5.429894820899544), (9, 0.08187977632588853)] }
EVENT elapsed=0e0 dt=1.8874958428411587e-3 outcome=Complete { arrived: false, drive_impulses: [(1, -1.251857155933807), (2, -0.08227027662234813), (4, -0.09584853444000078), (5, 0.08202280977167921), (7, -5.432167243247247), (9, 0.0820386661624279)] }
EVENT elapsed=0e0 dt=1.8889130392374422e-3 outcome=Complete { arrived: false, drive_impulses: [(1, -1.2519992187735145), (2, -0.08235004905579484), (4, -0.09597503638347732), (5, 0.08210223332765629), (7, -5.433303512425984), (9, 0.08211811055983587)] }
EVENT elapsed=0e0 dt=1.8896216374355839e-3 outcome=Refine(TerrainSweepHit { collider: 41, node: TerrainNodeId { coordinates: BrickCoord { x: -67108864, y: -67108864, z: -67108864 }, level: 27 }, triangle: 1, fraction: 0.8903100980924589, separation: 1.7924550732573152e-13 })
EVENT elapsed=0e0 dt=1.8889838990572563e-3 outcome=Complete { arrived: false, drive_impulses: [(1, -1.252006321898736), (2, -0.08235403766658309), (4, -0.09598136130193234), (5, 0.08210620449644167), (7, -5.433360326899713), (9, 0.08212208277058673)] }
EVENT elapsed=0e0 dt=1.88930276824642e-3 outcome=Complete { arrived: false, drive_impulses: [(1, -1.2520382859424943), (2, -0.08237198640229139), (4, -0.09600982322435532), (5, 0.08212407474533044), (7, -5.43361599322746), (9, 0.08213995770819199)] }
EVENT elapsed=0e0 dt=1.889462202841002e-3 outcome=Refine(TerrainSweepHit { collider: 41, node: TerrainNodeId { coordinates: BrickCoord { x: -67108864, y: -67108864, z: -67108864 }, level: 27 }, triangle: 1, fraction: 0.8959822511893479, separation: 2.1543877792851163e-13 })
EVENT elapsed=0e0 dt=1.8893187117058783e-3 outcome=Complete { arrived: false, drive_impulses: [(1, -1.252039884143829), (2, -0.08237288383852559), (4, -0.09601124631142911), (5, 0.08212496825732037), (7, -5.433628776595219), (9, 0.08214085145461264)] }
EVENT elapsed=0e0 dt=1.8893904572734402e-3 outcome=Refine(TerrainSweepHit { collider: 41, node: TerrainNodeId { coordinates: BrickCoord { x: -67108864, y: -67108864, z: -67108864 }, level: 27 }, triangle: 1, fraction: 0.9004576367879026, separation: 4.923839114212569e-14 })
EVENT elapsed=0e0 dt=1.8893258862626345e-3 outcome=Complete { arrived: false, drive_impulses: [(1, -1.252040603334403), (2, -0.08237328768481293), (4, -0.0960118867003286), (5, 0.08212537033769964), (7, -5.433634529112299), (9, 0.08214125364048368)] }
EVENT elapsed=0e0 dt=1.8893581717680373e-3 outcome=Complete { arrived: false, drive_impulses: [(1, -1.2520438396918017), (2, -0.08237510499297881), (4, -0.09601476844822973), (5, 0.08212717969930274), (7, -5.43366041545145), (9, 0.08214306347680689)] }
EVENT elapsed=0e0 dt=1.8893743145207388e-3 outcome=Refine(TerrainSweepHit { collider: 41, node: TerrainNodeId { coordinates: BrickCoord { x: -67108864, y: -67108864, z: -67108864 }, level: 27 }, triangle: 1, fraction: 0.9018918410709988, separation: 1.903477375719831e-13 })
EVENT elapsed=0e0 dt=1.8893597860433074e-3 outcome=Refine(TerrainSweepHit { collider: 41, node: TerrainNodeId { coordinates: BrickCoord { x: -67108864, y: -67108864, z: -67108864 }, level: 27 }, triangle: 1, fraction: 0.9047663209955171, separation: 1.98507876802978e-13 })
EVENT elapsed=0e0 dt=1.8893583331955643e-3 outcome=Complete { arrived: false, drive_impulses: [(1, -1.2520438558735862), (2, -0.08237511407952111), (4, -0.09601478285696245), (5, 0.08212718874610903), (7, -5.433660544883198), (9, 0.08214307252598778)] }
EVENT elapsed=0e0 dt=1.8893590596194359e-3 outcome=Refine(TerrainSweepHit { collider: 41, node: TerrainNodeId { coordinates: BrickCoord { x: -67108864, y: -67108864, z: -67108864 }, level: 27 }, triangle: 1, fraction: 0.9049292475597163, separation: 2.316480340880389e-13 })
EVENT elapsed=0e0 dt=1.8893584058379514e-3 outcome=Complete { arrived: false, drive_impulses: [(1, -1.2520438631553925), (2, -0.08237511816846373), (4, -0.0960147893408915), (5, 0.08212719281717272), (7, -5.43366060312748), (9, 0.08214307659812023)] }
EVENT elapsed=0e0 dt=1.8893587327286935e-3 outcome=Refine(TerrainSweepHit { collider: 41, node: TerrainNodeId { coordinates: BrickCoord { x: -67108864, y: -67108864, z: -67108864 }, level: 27 }, triangle: 1, fraction: 0.9050034432597909, separation: 2.478572902475662e-13 })
EVENT elapsed=0e0 dt=1.8893584385270257e-3 outcome=Refine(TerrainSweepHit { collider: 41, node: TerrainNodeId { coordinates: BrickCoord { x: -67108864, y: -67108864, z: -67108864 }, level: 27 }, triangle: 1, fraction: 0.9057568791868928, separation: 2.483568906086475e-13 })
EVENT elapsed=0e0 dt=1.889358409106859e-3 outcome=Complete { arrived: false, drive_impulses: [(1, -1.2520438634830684), (2, -0.08237511835246532), (4, -0.09601478963266691), (5, 0.08212719300037075), (7, -5.433660605748474), (9, 0.082143076781365)] }
EVENT elapsed=0e0 dt=1.8893584238169423e-3 outcome=Refine(TerrainSweepHit { collider: 41, node: TerrainNodeId { coordinates: BrickCoord { x: -67108864, y: -67108864, z: -67108864 }, level: 27 }, triangle: 1, fraction: 0.9057620456523852, separation: 2.4963364708696645e-13 })
EVENT elapsed=0e0 dt=1.8893584105778673e-3 outcome=Complete { arrived: false, drive_impulses: [(1, -1.2520438636305224), (2, -0.08237511843526837), (4, -0.09601478976396977), (5, 0.08212719308281143), (7, -5.43366060692792), (9, 0.0821430768638267)] }
EVENT elapsed=0e0 dt=1.889358417197405e-3 outcome=Refine(TerrainSweepHit { collider: 41, node: TerrainNodeId { coordinates: BrickCoord { x: -67108864, y: -67108864, z: -67108864 }, level: 27 }, triangle: 1, fraction: 0.9057639204822716, separation: 2.4991120284312274e-13 })
EVENT elapsed=0e0 dt=1.8893584112398211e-3 outcome=Complete { arrived: false, drive_impulses: [(1, -1.2520438636968831), (2, -0.08237511847252763), (4, -0.09601478982305527), (5, 0.0821271931199063), (7, -5.433660607458671), (9, 0.082143076900933)] }
EVENT elapsed=0e0 dt=1.889358414218613e-3 outcome=Complete { arrived: false, drive_impulses: [(1, -1.252043863995481), (2, -0.08237511864019961), (4, -0.09601479008893503), (5, 0.08212719328684732), (7, -5.433660609847051), (9, 0.08214307706791722)] }
EVENT elapsed=0e0 dt=1.889358415708009e-3 outcome=Complete { arrived: false, drive_impulses: [(1, -1.2520438641447837), (2, -0.0823751187240357), (4, -0.09601479022187588), (5, 0.08212719337031663), (7, -5.4336606110412315), (9, 0.0821430771514091)] }
EVENT elapsed=0e0 dt=1.889358416452707e-3 outcome=Refine(TerrainSweepHit { collider: 41, node: TerrainNodeId { coordinates: BrickCoord { x: -67108864, y: -67108864, z: -67108864 }, level: 27 }, triangle: 1, fraction: 0.9057645960531779, separation: 2.498001805406602e-13 })
EVENT elapsed=0e0 dt=1.8893584157824788e-3 outcome=Refine(TerrainSweepHit { collider: 41, node: TerrainNodeId { coordinates: BrickCoord { x: -67108864, y: -67108864, z: -67108864 }, level: 27 }, triangle: 1, fraction: 0.9057646228869947, separation: 2.4991120284312274e-13 })
EVENT elapsed=0e0 dt=1.889358415715456e-3 outcome=Complete { arrived: false, drive_impulses: [(1, -1.2520438641455285), (2, -0.0823751187244565), (4, -0.09601479022254326), (5, 0.08212719337073464), (7, -5.433660611047204), (9, 0.08214307715182677)] }
EVENT elapsed=0e0 dt=1.8893584157489674e-3 outcome=Complete { arrived: false, drive_impulses: [(1, -1.2520438641488858), (2, -0.08237511872634158), (4, -0.09601479022552997), (5, 0.08212719337261268), (7, -5.433660611074082), (9, 0.08214307715370377)] }
EVENT elapsed=0e0 dt=1.8893584157657231e-3 outcome=Refine(TerrainSweepHit { collider: 41, node: TerrainNodeId { coordinates: BrickCoord { x: -67108864, y: -67108864, z: -67108864 }, level: 27 }, triangle: 1, fraction: 0.9057648235400104, separation: 2.4991120284312274e-13 })
EVENT elapsed=0e0 dt=1.889358415750643e-3 outcome=Complete { arrived: false, drive_impulses: [(1, -1.252043864149055), (2, -0.08237511872643544), (4, -0.09601479022568069), (5, 0.08212719337270627), (7, -5.43366061107542), (9, 0.08214307715379832)] }
EVENT elapsed=0e0 dt=1.889358415758183e-3 outcome=Refine(TerrainSweepHit { collider: 41, node: TerrainNodeId { coordinates: BrickCoord { x: -67108864, y: -67108864, z: -67108864 }, level: 27 }, triangle: 1, fraction: 0.9057645500640721, separation: 2.4991120284312274e-13 })
EVENT elapsed=0e0 dt=1.889358415751397e-3 outcome=Complete { arrived: false, drive_impulses: [(1, -1.2520438641491272), (2, -0.0823751187264773), (4, -0.09601479022574762), (5, 0.0821271933727494), (7, -5.433660611076025), (9, 0.0821430771538405)] }
EVENT elapsed=0e0 dt=1.8893584157547898e-3 outcome=Complete { arrived: false, drive_impulses: [(1, -1.2520438641494738), (2, -0.08237511872666925), (4, -0.09601479022604928), (5, 0.0821271933729378), (7, -5.433660611078754), (9, 0.08214307715403066)] }
EVENT elapsed=0e0 dt=1.8893584157564864e-3 outcome=Complete { arrived: false, drive_impulses: [(1, -1.252043864149641), (2, -0.08237511872676462), (4, -0.09601479022620366), (5, 0.08212719337303288), (7, -5.433660611080104), (9, 0.08214307715412636)] }
EVENT elapsed=0e0 dt=1.8893584157573346e-3 outcome=Complete { arrived: false, drive_impulses: [(1, -1.2520438641497216), (2, -0.08237511872681381), (4, -0.09601479022627925), (5, 0.08212719337308175), (7, -5.433660611080783), (9, 0.08214307715417464)] }
EVENT elapsed=0e0 dt=1.8893584157577588e-3 outcome=Refine(TerrainSweepHit { collider: 41, node: TerrainNodeId { coordinates: BrickCoord { x: -67108864, y: -67108864, z: -67108864 }, level: 27 }, triangle: 1, fraction: 0.9057655273950583, separation: 2.49966713994354e-13 })
EVENT elapsed=0e0 dt=1.8893584157573771e-3 outcome=Refine(TerrainSweepHit { collider: 41, node: TerrainNodeId { coordinates: BrickCoord { x: -67108864, y: -67108864, z: -67108864 }, level: 27 }, triangle: 1, fraction: 0.90576505839898, separation: 2.4974466938942896e-13 })
EVENT elapsed=0e0 dt=1.889358415757339e-3 outcome=Complete { arrived: false, drive_impulses: [(1, -1.2520438641497251), (2, -0.08237511872681355), (4, -0.09601479022627896), (5, 0.08212719337308164), (7, -5.43366061108079), (9, 0.08214307715417435)] }
EVENT elapsed=0e0 dt=1.889358415757358e-3 outcome=Refine(TerrainSweepHit { collider: 41, node: TerrainNodeId { coordinates: BrickCoord { x: -67108864, y: -67108864, z: -67108864 }, level: 27 }, triangle: 1, fraction: 0.9057645912409101, separation: 2.49966713994354e-13 })
EVENT elapsed=0e0 dt=1.889358415757341e-3 outcome=Complete { arrived: false, drive_impulses: [(1, -1.252043864149725), (2, -0.08237511872681483), (4, -0.09601479022627987), (5, 0.08212719337308212), (7, -5.43366061108079), (9, 0.08214307715417549)] }
EVENT elapsed=0e0 dt=1.8893584157573494e-3 outcome=Complete { arrived: false, drive_impulses: [(1, -1.2520438641497273), (2, -0.08237511872681329), (4, -0.09601479022628012), (5, 0.08212719337308085), (7, -5.4336606110808), (9, 0.08214307715417506)] }
EVENT elapsed=0e0 dt=1.8893584157573537e-3 outcome=Complete { arrived: false, drive_impulses: [(1, -1.2520438641497242), (2, -0.08237511872681433), (4, -0.09601479022628004), (5, 0.08212719337308223), (7, -5.4336606110807955), (9, 0.08214307715417578)] }
EVENT elapsed=0e0 dt=1.889358415757356e-3 outcome=Complete { arrived: false, drive_impulses: [(1, -1.2520438641497282), (2, -0.08237511872681381), (4, -0.09601479022628076), (5, 0.08212719337308197), (7, -5.433660611080804), (9, 0.08214307715417545)] }
EVENT elapsed=0e0 dt=1.889358415757357e-3 outcome=Refine(TerrainSweepHit { collider: 41, node: TerrainNodeId { coordinates: BrickCoord { x: -67108864, y: -67108864, z: -67108864 }, level: 27 }, triangle: 1, fraction: 0.9057651165141063, separation: 2.49966713994354e-13 })

thread 'joint_machine::tests::terrain_ticks::saved_car::saved_car_cold_drop_remains_bounded_through_settling' (11183441) panicked at crates/mechanic-physics/src/joint_machine/tests/terrain_ticks/saved_car.rs:293:9:
tick=4 result=Err(NotConverged) diagnostics=JointTickDiagnostics { factorization: DenseReference, published: false, attempts: 4, substeps: 8, factorizations: 565, dynamics_assemblies: 6630, response_preparation_solves: 3741, constraint_factor_solves: 2986, force_factor_solves: 5972, position_factor_solves: 0, force_iterations: 2986, constraint_iterations: 5264, constraint_rows_prepared: 3741, contact_bias_traversals: 438, surface_points: 215, surface_manifolds: 215, terrain_contact_queries: 642, terrain_contact_query_failures: 0, terrain_path_queries: 399, terrain_correction_paths: 0, terrain_path_poses: 60228, terrain_pose_cache_hits: 28755, terrain_envelopes: 29142, terrain_certified_intervals: 29055, terrain_chunk_candidates: 42018, terrain_triangle_candidates: 84036, terrain_path_rejections: 186, terrain_sweep_queries: 399, terrain_sweep_query_failures: 0, terrain_envelope_query_failures: 0, terrain_separation_evaluations: 58780, terrain_initial_contact_evaluations: 54264, terrain_linear_sweep_evaluations: 0, terrain_quadratic_sweep_evaluations: 5924, terrain_velocity_evaluations: 5924, terrain_impact_holds: 4, event_trials: 438, event_refinements: 186, event_localizations: 191, release_refinements: 0, release_localizations: 0, joint_stop_refinements: 39, last_joint_stop_coordinate: Some(0), released_surface_points: 48, accepted_intervals: 9, accepted_seconds: 0.0125, impact_attempts: 127, impact_events: 127, impact_rows_prepared: 619, impact_factor_solves: 746, impact_iterations: 274, newton_attempts: 4817, newton_accepts: 4817, newton_applications: 0, newton_local_factorizations: 0, newton_generalized_factorizations: 0, newton_reduced_storage: 0, newton_contact_factorizations: 4817, newton_contact_storage: 121, newton_line_searches: 4817, constraint_active_set_trials: 0, constraint_active_set_trial_rejections: 0, constraint_warm_start_restarts: 0, constraint_active_set_trial_matrix_storage: 0, residual: 8.718196821061796e-9, force_velocity_residual: 0.2289113862756626, constraint_velocity_residual: 9.867871996834628e-10, impact_velocity_residual: 1.4174550782478859e-10, drive_impulses: [0.0, 0.9045800620666178, -2.0528094197819406, 0.0, 2.7610139482088707, 0.1837673114388958, 0.0, -2.7341381350276377, 0.0, 2.0561756066264834] }
note: run with `RUST_BACKTRACE=1` environment variable to display a backtrace
FAILED

failures:

failures:
    joint_machine::tests::terrain_ticks::saved_car::saved_car_cold_drop_remains_bounded_through_settling

test result: FAILED. 0 passed; 1 failed; 0 ignored; 0 measured; 114 filtered out; finished in 1.03s

error: test failed, to rerun pass `-p mechanic-physics --lib`
