   Compiling mechanic-physics v0.1.0 (/Users/jens/repos/mechanic/crates/mechanic-physics)
    Finished `test` profile [optimized + debuginfo] target(s) in 1.80s
     Running unittests src/lib.rs (target/debug/deps/mechanic_physics-ced37d44e4e3378f)

running 1 test
test joint_machine::tests::terrain_ticks::saved_car::saved_car_cold_drop_remains_bounded_through_settling ... GRAZE elapsed=0e0 dt=1.6666666666666666e-2 collider=31 fraction=7.349788693579988e-1 gaps=[0.04999999999999988, 2.220446049250313e-16, 0.015985416666689567, -0.01802916666662069]
GRAZE elapsed=0e0 dt=1.445815724464999e-2 collider=31 fraction=8.495027417085231e-1 gaps=[0.04999999999999988, 1.6653345369377348e-16, 0.020571019053193418, -0.00885796189361271]
GRAZE elapsed=0e0 dt=1.2470498764834982e-2 collider=31 fraction=9.872684235642222e-1 gaps=[0.04999999999999988, 2.7755575615628914e-16, 0.02467760600532004, -0.0006447879893601294]
GRAZE elapsed=0e0 dt=1.2391114210726598e-2 collider=31 fraction=9.936887029162875e-1 gaps=[0.04999999999999988, 1.6653345369377348e-16, 0.02484121543635376, -0.0003175691272924719]
GRAZE elapsed=0e0 dt=1.231966811202905e-2 collider=31 fraction=9.995377136276247e-1 gaps=[0.04999999999999988, 1.1102230246251565e-16, 0.024988437495502447, -2.3125008995150687e-5]
GRAZE elapsed=0e0 dt=1.2316820504688861e-2 collider=31 fraction=9.997722425025954e-1 gaps=[0.04999999999999988, 3.3306690738754696e-16, 0.024994304765432573, -1.1390469134675563e-5]
GRAZE elapsed=0e0 dt=1.2314257658082691e-2 collider=31 fraction=9.999834112497106e-1 gaps=[0.04999999999999988, 2.220446049250313e-16, 0.024999585274363023, -8.294512738871163e-7]
GRAZE elapsed=0e0 dt=1.2314155519010047e-2 collider=31 fraction=9.999918289399321e-1 gaps=[0.04999999999999988, 2.220446049250313e-16, 0.024999795721829143, -4.085563416467153e-7]
GRAZE elapsed=0e0 dt=1.2314063593844666e-2 collider=31 fraction=9.999994049805483e-1 gaps=[0.04999999999999988, 2.220446049250313e-16, 0.02499998512450491, -2.975098989388414e-8]
GRAZE elapsed=0e0 dt=1.2314059930290982e-2 collider=31 fraction=9.999997069157887e-1 gaps=[0.04999999999999988, 4.440892098500626e-16, 0.0249999926728926, -1.4654214508524888e-8]
GRAZE elapsed=0e0 dt=1.2314056633092665e-2 collider=31 fraction=9.999999786576623e-1 gaps=[0.04999999999999988, 2.220446049250313e-16, 0.024999999466441436, -1.0671166172926405e-9]
GRAZE elapsed=0e0 dt=1.231405650168729e-2 collider=31 fraction=9.9999998948757e-1 gaps=[0.04999999999999988, 2.220446049250313e-16, 0.024999999737189305, -5.25621324243275e-10]
GRAZE elapsed=0e0 dt=1.2314056383422449e-2 collider=31 fraction=9.999999992344861e-1 gaps=[0.04999999999999988, 2.220446049250313e-16, 0.024999999980862164, -3.827538286316212e-11]
GRAZE elapsed=0e0 dt=1.2314056378709158e-2 collider=31 fraction=9.999999996229363e-1 gaps=[0.04999999999999988, 2.220446049250313e-16, 0.024999999990573507, -1.8852919225764708e-11]
GRAZE elapsed=0e0 dt=1.2314056374467197e-2 collider=31 fraction=9.999999999725411e-1 gaps=[0.04999999999999988, 4.440892098500626e-16, 0.024999999999313627, -1.3726797476465435e-12]
GRAZE elapsed=1.2314056374129067e-2 dt=4.3526102925376e-3 collider=5 fraction=1.3906957363474248e-7 gaps=[2.5091210220651305e-9, 1.1102230246251565e-16, -0.009021155714219964, -0.01804243109459641]
GRAZE elapsed=1.2314056374129067e-2 dt=2.1763054489266284e-3 collider=5 fraction=2.789851798468135e-7 gaps=[2.5091210220651305e-9, 1.1102230246251565e-16, -0.004496879412679011, -0.008993751996261345]
GRAZE elapsed=1.2314056374129067e-2 dt=2.176310896767547e-4 collider=5 fraction=2.7926250574239475e-6 gaps=[2.5091210220651305e-9, 5.551115123125783e-17, -0.00044923950637582033, -0.0008984813649402512]
GRAZE elapsed=1.2314056374129067e-2 dt=2.1763653751767292e-5 collider=5 fraction=2.7920745246490242e-5 gaps=[2.5091210220651305e-9, 0.0, -4.4930557535460824e-5, -8.986362260854364e-5]
GRAZE elapsed=1.2314056374129067e-2 dt=2.1769101592685526e-6 collider=5 fraction=2.791327761784146e-4 gaps=[2.5091210220651305e-9, 1.1102230246251565e-16, -4.491999701816685e-6, -8.98650851627325e-6]
GRAZE elapsed=1.2314056374129067e-2 dt=2.1823580001867854e-7 collider=5 fraction=2.7843549538921764e-3 gaps=[2.5091210220651305e-9, -1.6653345369377348e-16, -4.4806730592483746e-7, -8.986437406988124e-7]
GRAZE elapsed=1.2314056374129067e-2 dt=2.236836409369111e-8 collider=5 fraction=2.71654119997784e-2 gaps=[2.5091210220651305e-9, 5.551115123125783e-17, -4.3673300309521323e-8, -8.985572996778046e-8]
GRAZE elapsed=1.2314056374129067e-2 dt=2.7816205011923675e-9 collider=5 fraction=2.1845029386734538e-1 gaps=[2.5091210220651305e-9, 1.6653345369377348e-16, -3.233891932019617e-9, -8.976913601355108e-9]
GRAZE elapsed=1.2314056374129067e-2 dt=8.22946141942493e-10 collider=5 fraction=7.383785935654181e-1 gaps=[2.5091210220651305e-9, 1.1102230246251565e-16, 8.10048916832784e-10, -8.890316260945497e-10]
GRAZE elapsed=1.2314056374129067e-2 dt=6.270787060175056e-10 collider=5 fraction=9.690104430783997e-1 gaps=[2.5091210220651305e-9, 1.1102230246251565e-16, 1.2144429906157939e-9, -8.024347852852998e-11]
GRAZE elapsed=1.2314056981774882e-2 dt=4.352609684891784e-3 collider=40 fraction=9.040348913913476e-9 gaps=[1.530844895292205e-10, 1.1102230246251565e-16, -0.008523513529731797, -0.01704700479269622]
GRAZE elapsed=1.2314056981774882e-2 dt=2.1763048621204475e-3 collider=40 fraction=1.815172723240721e-8 gaps=[1.530844895292205e-10, 0.0, -0.004238705731674952, -0.008477412254114747]
GRAZE elapsed=1.2314056981774882e-2 dt=2.1763052162624395e-4 collider=40 fraction=1.82122640524085e-7 gaps=[1.530844895292205e-10, -1.6653345369377348e-16, -0.0004219494899253551, -0.0008438991541984131]
GRAZE elapsed=1.2314056981774882e-2 dt=2.176308757682361e-5 collider=40 fraction=1.8210540915220008e-6 gaps=[1.530844895292205e-10, -5.551115123125783e-17, -4.2193941731438755e-5, -8.438805056487642e-5]
GRAZE elapsed=1.2314056981774882e-2 dt=2.1763441718815746e-6 collider=40 fraction=1.821007962732324e-5 gaps=[1.530844895292205e-10, -1.1102230246251565e-16, -4.219305674568741e-6, -8.438778387021006e-6]
GRAZE elapsed=1.2314056981774882e-2 dt=2.1766983138737123e-7 collider=40 fraction=1.8207100408673682e-4 gaps=[1.530844895292205e-10, 1.6653345369377348e-16, -4.218488266483078e-7, -8.438646904584957e-7]
GRAZE elapsed=1.2314056981774882e-2 dt=2.1802397337950873e-8 collider=40 fraction=1.8177524496394426e-3 gaps=[1.530844895292205e-10, -1.1102230246251565e-16, -4.210320869724171e-8, -8.437345505596383e-8]
GRAZE elapsed=1.2314056981774882e-2 dt=2.2156539330088383e-9 collider=40 fraction=1.7886981454804385e-2 gaps=[1.530844895292205e-10, -1.1102230246251565e-16, -4.128647812517983e-9, -8.424333064471767e-9]
GRAZE elapsed=1.2314056981774882e-2 dt=2.569795925146345e-10 collider=40 fraction=1.5421987554059768e-1 gaps=[1.530844895292205e-10, -1.1102230246251565e-16, -3.4323449638051784e-10, -8.395532602456512e-10]
GRAZE elapsed=1.2314056981774882e-2 dt=6.111215846521411e-11 collider=40 fraction=6.485020618777213e-1 gaps=[1.530844895292205e-10, -1.1102230246251565e-16, 3.5055125469085624e-11, -8.297412756874678e-11]
GRAZE elapsed=1.2314056981774882e-2 dt=4.152541506027206e-11 collider=40 fraction=9.543880708382417e-1 gaps=[1.530844895292205e-10, -1.1102230246251565e-16, 7.28841431651972e-11, -7.316258709977319e-12]
GRAZE elapsed=4.8912082834226414e-3 dt=1.1775458383244026e-2 collider=67 fraction=9.040641590245934e-1 gaps=[0.021450638807183897, -2.7755575615628914e-16, 0.009587350129839134, -0.002276333670044539]
GRAZE elapsed=4.8912082834226414e-3 dt=1.1210614131810317e-2 collider=67 fraction=9.507212560491359e-1 gaps=[0.021450638807183897, -1.1102230246251565e-16, 0.010169557151976927, -0.0011118857151941608]
GRAZE elapsed=4.8912082834226414e-3 dt=1.0702254305519979e-2 collider=67 fraction=9.969550100500767e-1 gaps=[0.021450638807183897, 2.7755575615628914e-16, 0.010692725923238833, -6.551843311008998e-5]
GRAZE elapsed=4.8912082834226414e-3 dt=1.0685960177119064e-2 collider=67 fraction=9.985101668370012e-1 gaps=[0.021450638807183897, 5.551115123125783e-17, 0.01070948141448036, -3.200651051482595e-5]
GRAZE elapsed=4.8912082834226414e-3 dt=1.0671295461558239e-2 collider=67 fraction=9.999138950911609e-1 gaps=[0.021450638807183897, 5.551115123125783e-17, 0.010724560637361213, -1.847219372019815e-6]
GRAZE elapsed=4.8912082834226414e-3 dt=1.0670836036096781e-2 collider=67 fraction=9.999579347127333e-1 gaps=[0.021450638807183897, -1.6653345369377348e-16, 0.010725033037750187, -9.023921206385843e-7]
GRAZE elapsed=4.8912082834226414e-3 dt=1.0670422553181472e-2 collider=67 fraction=9.999975736357304e-1 gaps=[0.021450638807183897, 2.7755575615628914e-16, 0.010725458197527626, -5.204874009567817e-8]
GRAZE elapsed=4.8912082834226414e-3 dt=1.067040960801546e-2 collider=67 fraction=9.999988146859968e-1 gaps=[0.021450638807183897, 1.6653345369377348e-16, 0.010725471508259365, -2.5426529992600422e-8]
GRAZE elapsed=4.8912082834226414e-3 dt=1.067039795736605e-2 collider=67 fraction=9.999999316338204e-1 gaps=[0.021450638807183897, -1.1102230246251565e-16, 0.010725483487917964, -1.4665423875293015e-9]
GRAZE elapsed=4.8912082834226414e-3 dt=1.0670397592618877e-2 collider=67 fraction=9.999999666021736e-1 gaps=[0.021450638807183897, -5.551115123125783e-17, 0.010725483862965346, -7.164261961456475e-10]
GRAZE elapsed=4.8912082834226414e-3 dt=1.0670397264346423e-2 collider=67 fraction=9.999999980736861e-1 gaps=[0.021450638807183897, -1.6653345369377348e-16, 0.010725484200507895, -4.132183484273355e-11]
GRAZE elapsed=4.8912082834226414e-3 dt=1.0670397254069156e-2 collider=67 fraction=9.999999990589735e-1 gaps=[0.021450638807183897, 5.551115123125783e-17, 0.010725484211075498, -2.0186408100641984e-11]
GRAZE elapsed=4.8912082834226414e-3 dt=1.0670397244819616e-2 collider=67 fraction=9.999999999457357e-1 gaps=[0.021450638807183897, 5.551115123125783e-17, 0.01072548422058639, -1.1640133301682454e-12]
GRAZE elapsed=0e0 dt=7.731061189447837e-3 collider=40 fraction=4.729771150423131e-1 gaps=[0.005557288474541733, 2.7755575615628914e-16, -0.000317470009209897, -0.006190823919063948]
GRAZE elapsed=0e0 dt=5.693838103524234e-3 collider=40 fraction=6.510892083768013e-1 gaps=[0.005557288474541733, 2.7755575615628914e-16, 0.001289486775383264, -0.002977547849964901]
GRAZE elapsed=0e0 dt=3.8603373261929916e-3 collider=40 fraction=9.720415614632564e-1 gaps=[0.005557288474541733, 1.6653345369377348e-16, 0.0026985560574392387, -0.00015982222473304164]
GRAZE elapsed=0e0 dt=3.8063728242602596e-3 collider=40 fraction=9.862043413988653e-1 gaps=[0.005557288474541733, 1.6653345369377348e-16, 0.002739607362586216, -7.772940571881826e-5]
GRAZE elapsed=0e0 dt=3.757804772520801e-3 collider=40 fraction=9.993002784040214e-1 gaps=[0.005557288474541733, 2.220446049250313e-16, 0.002776531009657246, -3.89080747881243e-6]
GRAZE elapsed=0e0 dt=3.7564900639443987e-3 collider=40 fraction=9.996595068319992e-1 gaps=[0.005557288474541733, 2.7755575615628914e-16, 0.0027775302129919854, -1.8926346713743492e-6]
GRAZE elapsed=0e0 dt=3.7553068262256364e-3 collider=40 fraction=9.999830284516502e-1 gaps=[0.005557288474541733, 1.6653345369377348e-16, 0.0027784294825290434, -9.430600389492838e-8]
GRAZE elapsed=0e0 dt=3.7552749595399517e-3 collider=40 fraction=9.999917442935351e-1 gaps=[0.005557288474541733, -2.220446049250313e-16, 0.0027784537012722765, -4.5874182175165146e-8]
GRAZE elapsed=0e0 dt=3.7552462795228353e-3 collider=40 fraction=9.999995886782587e-1 gaps=[0.005557288474541733, 0.0, 0.0027784754981337034, -2.2855589087988903e-9]
GRAZE elapsed=0e0 dt=3.755245507215616e-3 collider=40 fraction=9.999997999166843e-1 gaps=[0.005557288474541733, 1.1102230246251565e-16, 0.0027784760850885215, -1.1117865517107361e-9]
GRAZE elapsed=0e0 dt=3.755244812139118e-3 collider=40 fraction=9.999999900313292e-1 gaps=[0.005557288474541733, 1.1102230246251565e-16, 0.00277847661334768, -5.5391968789564316e-11]
GRAZE elapsed=0e0 dt=3.7552447934217185e-3 collider=40 fraction=9.99999995150914e-1 gaps=[0.005557288474541733, 2.7755575615628914e-16, 0.0027784766275729678, -2.69446687184427e-11]
GRAZE elapsed=0e0 dt=3.755244776576059e-3 collider=40 fraction=9.999999997584301e-1 gaps=[0.005557288474541733, -2.220446049250313e-16, 0.00277847664037556, -1.3422596367718143e-12]
GRAZE elapsed=3.755244775668905e-3 dt=2.747933001201732e-3 collider=5 fraction=1.2727049540920155e-1 gaps=[0.0005320928021340099, 1.1102230246251565e-15, -0.0015582337263286838, -0.003648359585952776]
GRAZE elapsed=3.755244775668905e-3 dt=1.5488318978079854e-3 collider=5 fraction=2.2681895154751652e-1 gaps=[0.0005320928021340099, 8.881784197001252e-16, -0.0006408350224744175, -0.001813695966917661]
GRAZE elapsed=3.755244775668905e-3 dt=4.696409047536132e-4 collider=5 fraction=7.512804378733754e-1 gaps=[0.0005320928021340099, 5.551115123125783e-16, 0.00017796724801222297, -0.00017615194763898057]
GRAZE elapsed=3.755244775668905e-3 dt=3.6172180544817594e-4 collider=5 fraction=9.758660199381253e-1 gaps=[0.0005320928021340099, 4.440892098500626e-16, 0.00025946505183371826, -1.3158915905864266e-5]
GRAZE elapsed=3.755244775668905e-3 dt=3.573569120278601e-4 collider=5 fraction=9.878038052081899e-1 gaps=[0.0005320928021340099, 7.216449660063518e-16, 0.0002627597839986451, -6.569541902368137e-6]
GRAZE elapsed=3.755244775668905e-3 dt=3.534285079495759e-4 collider=5 fraction=9.987999282664605e-1 gaps=[0.0005320928021340099, 8.326672684688674e-16, 0.00026572494109161626, -6.393080869138146e-7]
GRAZE elapsed=3.755244775668905e-3 dt=3.530356675417475e-4 collider=5 fraction=9.999130003731638e-1 gaps=[0.0005320928021340099, 1.1657341758564144e-15, 0.0002660214514923487, -4.629527455835003e-8]
GRAZE elapsed=3.755244775668905e-3 dt=3.5302031055607945e-4 collider=5 fraction=9.999565630968271e-1 gaps=[0.0005320928021340099, 8.326672684688674e-16, 0.0002660330427086133, -2.3113153446718826e-8]
GRAZE elapsed=3.755244775668905e-3 dt=3.5300648926897825e-4 collider=5 fraction=9.99995772788357e-1 gaps=[0.0005320928021340099, 9.992007221626409e-16, 0.0002660434748024132, -2.2492471218882315e-9]
GRAZE elapsed=3.755244775668905e-3 dt=3.5300510714026816e-4 collider=5 fraction=9.999996939260718e-1 gaps=[0.0005320928021340099, 9.43689570931383e-16, 0.00026604451801176543, -1.628564505473662e-10]
GRAZE elapsed=3.0212500659731662e-3 dt=1.36454166006935e-2 collider=33 fraction=2.615206451064535e-1 gaps=[0.003709825160914726, 5.551115123125783e-17, -0.0033822128663466566, -0.01078699464813554]
GRAZE elapsed=3.0212500659731662e-3 dt=8.606987376426588e-3 collider=33 fraction=4.29699496230978e-1 gaps=[0.003709825160914726, -1.1102230246251565e-16, -0.0006068523069757137, -0.0049529715376746]
GRAZE elapsed=3.0212500659731662e-3 dt=4.0724010745863655e-3 collider=33 fraction=9.420871688820274e-1 gaps=[0.003709825160914726, -1.6653345369377348e-16, 0.0017407588384538153, -0.0002280204224501814]
GRAZE elapsed=3.0212500659731662e-3 dt=3.95447893674778e-3 collider=33 fraction=9.711697928312388e-1 gaps=[0.003709825160914726, 2.220446049250313e-16, 0.0017997199865802394, -0.00011011447126213492]
GRAZE elapsed=3.0212500659731662e-3 dt=3.8483490126930532e-3 collider=33 fraction=9.988719958957749e-1 gaps=[0.003709825160914726, -1.1102230246251565e-16, 0.0018526899510374895, -4.1888444322624174e-6]
GRAZE elapsed=3.0212500659731662e-3 dt=3.846178535952649e-3 collider=33 fraction=9.994545292099799e-1 gaps=[0.003709825160914726, -1.6653345369377348e-16, 0.001853772304542034, -2.0244258794877013e-6]
GRAZE elapsed=3.0212500659731662e-3 dt=3.844225106886285e-3 collider=33 fraction=9.99979372968699e-1 gaps=[0.003709825160914726, -4.440892098500626e-16, 0.001854746390373141, -7.651368849614926e-8]
GRAZE elapsed=3.0212500659731662e-3 dt=3.844185459410481e-3 collider=33 fraction=9.99990030916234e-1 gaps=[0.003709825160914726, 5.551115123125783e-17, 0.0018547661604410015, -3.6978818063193586e-8]
GRAZE elapsed=3.0212500659731662e-3 dt=3.8441497766822574e-3 collider=33 fraction=9.999996232575294e-1 gaps=[0.003709825160914726, 2.220446049250313e-16, 0.0018547839534908128, -1.3974559287532884e-9]
GRAZE elapsed=3.0212500659731662e-3 dt=3.8441490525550153e-3 collider=33 fraction=9.999998179215865e-1 gaps=[0.003709825160914726, -1.6653345369377348e-16, 0.0018547843145743648, -6.753857473285052e-10]
GRAZE elapsed=3.0212500659731662e-3 dt=3.8441484008404974e-3 collider=33 fraction=9.999999931191683e-1 gaps=[0.003709825160914726, 5.551115123125783e-17, 0.0018547846395488565, -2.552319466886388e-11]
GRAZE elapsed=3.0212500659731662e-3 dt=3.844148387615028e-3 collider=33 fraction=9.999999966745559e-1 gaps=[0.003709825160914726, -1.1102230246251565e-16, 0.0018547846461438033, -1.2335299448551496e-11]
GRAZE elapsed=6.865398441685272e-3 dt=9.801268224981395e-3 collider=42 fraction=5.186672126940548e-1 gaps=[0.0017814876216504238, -3.3306690738754696e-16, 7.235693127205511e-5, -0.001864696250021336]
GRAZE elapsed=6.865398441685272e-3 dt=7.44243234804965e-3 collider=42 fraction=7.11057763626109e-1 gaps=[0.0017814876216504238, -2.7755575615628914e-16, 0.0005857210409502822, -0.0008166418225957761]
GRAZE elapsed=6.865398441685272e-3 dt=6.3809562034303656e-3 collider=42 fraction=8.453714375081892e-1 gaps=[0.0017814876216504238, -2.7755575615628914e-16, 0.0007820049454705935, -0.0003676275623993863]
GRAZE elapsed=6.865398441685272e-3 dt=5.903291938351688e-3 collider=42 fraction=9.219018979606357e-1 gaps=[0.0017814876216504238, 0.0, 0.0008676438659036001, -0.00017027131332481016]
GRAZE elapsed=6.865398441685272e-3 dt=5.688343019066282e-3 collider=42 fraction=9.606076175309219e-1 gaps=[0.0017814876216504238, 3.3306690738754696e-16, 0.0009056309812481289, -8.242542286557297e-5]
GRAZE elapsed=1.2338792541466147e-2 dt=4.327874125200519e-3 collider=42 fraction=2.5646347548355835e-3 gaps=[4.817528245604219e-6, -1.6653345369377348e-16, -0.0009342300654587854, -0.0018729241296918664]
GRAZE elapsed=1.2338792541466147e-2 dt=2.1694867707982807e-3 collider=42 fraction=5.286070625726818e-3 gaps=[4.817528245604219e-6, -1.1102230246251565e-16, -0.0004508166750887277, -0.0009063553482904219]
GRAZE elapsed=1.2338792541466147e-2 dt=2.269381518362667e-4 collider=42 fraction=5.21610166584766e-2 gaps=[4.817528245604219e-6, 2.220446049250313e-16, -4.136137139559848e-5, -8.753916777026749e-5]
GRAZE elapsed=1.2338792541466147e-2 dt=3.268328994006528e-5 collider=42 fraction=3.633796255764963e-1 gaps=[4.817528245604219e-6, 1.6653345369377348e-16, -1.8112500664857478e-6, -8.440005377252646e-6]
GRAZE elapsed=1.2338792541466147e-2 dt=1.3257803750445137e-5 collider=42 fraction=8.961044471257802e-1 gaps=[4.817528245604219e-6, 1.1102230246251565e-16, 2.1294872759036743e-6, -5.585499066040889e-7]
GRAZE elapsed=1.2338792541466147e-2 dt=1.2569090325169935e-5 collider=42 fraction=9.452168925231293e-1 gaps=[4.817528245604219e-6, -1.6653345369377348e-16, 2.2691548787201477e-6, -2.7921508483075286e-7]
GRAZE elapsed=1.2338792541466147e-2 dt=1.1949248242422255e-5 collider=42 fraction=9.942585427631092e-1 gaps=[4.817528245604219e-6, -2.7755575615628914e-16, 2.394852924192392e-6, -2.7819321180011514e-8]
GRAZE elapsed=1.2338792541466147e-2 dt=1.1887264034147485e-5 collider=42 fraction=9.994439994552035e-1 gaps=[4.817528245604219e-6, -2.7755575615628914e-16, 2.4074225830617024e-6, -2.68003519376947e-9]
GRAZE elapsed=1.2338792541466147e-2 dt=1.188106561332001e-5 collider=42 fraction=9.999655209242028e-1 gaps=[4.817528245604219e-6, -5.551115123125783e-17, 2.4086795472610945e-6, -1.661095705429716e-10]
GRAZE elapsed=0e0 dt=1.6666666666666666e-2 collider=42 fraction=6.643487223348614e-5 gaps=[1.5769555899991516e-7, 9.620082508376981e-14, -0.001186258234243065, -0.0023718173903699014]
GRAZE elapsed=0e0 dt=8.333886957268612e-3 collider=42 fraction=2.5364606290994196e-4 gaps=[1.5769555899991516e-7, 2.7755575615628914e-16, -0.00031055682470104706, -0.0006209846736423552]
GRAZE elapsed=0e0 dt=8.343852188103636e-4 collider=42 fraction=2.4214078012953052e-2 gaps=[1.5769555899991516e-7, 2.220446049250313e-16, -3.096814318093166e-6, -6.347606451073684e-6]
GRAZE elapsed=0e0 dt=4.5941013188745115e-4 collider=42 fraction=7.967388999750898e-2 gaps=[1.5769555899991516e-7, 4.996003610813204e-16, -8.314561135702725e-7, -1.819466477037679e-6]
GRAZE elapsed=8.443504496453866e-5 dt=1.6582231621702127e-2 collider=42 fraction=3.8218969105057784e-5 gaps=[9.075678880643423e-8, 3.141931159689193e-14, -0.0011868141797950482, -0.0023728733606619423]
GRAZE elapsed=8.443504496453866e-5 dt=8.291432688750084e-3 collider=42 fraction=1.445029161795616e-4 gaps=[9.075678880643423e-8, 1.27675647831893e-13, -0.0003137988145420767, -0.0006274057713744896]
GRAZE elapsed=8.443504496453866e-5 dt=8.29713649093247e-4 collider=42 fraction=1.1712386233381514e-2 gaps=[9.075678880643423e-8, 2.220446049250313e-16, -3.781851306172701e-6, -7.650802034520066e-6]
GRAZE elapsed=8.443504496453866e-5 dt=8.354174512756317e-5 collider=42 fraction=4.584069204014873e-1 gaps=[9.075678880643423e-8, 2.7755575615628914e-16, -8.233143222735606e-9, -1.0718508097751211e-7]
GRAZE elapsed=8.443504496453866e-5 dt=6.091892961822768e-5 collider=42 fraction=6.905441784841229e-1 gaps=[9.075678880643423e-8, 4.996003610813204e-16, 2.5038974726943053e-8, -4.065862269087006e-8]
GRAZE elapsed=8.443504496453866e-5 dt=5.149307091278941e-5 collider=42 fraction=8.519106274402278e-1 gaps=[9.075678880643423e-8, 7.216449660063518e-16, 3.7485090531585996e-8, -1.5772158690197102e-8]
GRAZE elapsed=8.443504496453866e-5 dt=4.768028263146399e-5 collider=42 fraction=9.362431805725207e-1 gaps=[9.075678880643423e-8, 9.992007221626409e-16, 4.2282786105740655e-8, -6.1788263949758004e-9]
GRAZE elapsed=8.443504496453866e-5 dt=4.616031104647128e-5 collider=42 fraction=9.739122875348306e-1 gaps=[9.075678880643423e-8, 1.2212453270876722e-15, 4.415736276630611e-8, -2.4304504520067383e-9]
GRAZE elapsed=8.443504496453866e-5 dt=4.555820258552972e-5 collider=42 fraction=9.895565005706493e-1 gaps=[9.075678880643423e-8, 6.106226635438361e-16, 4.48939463382203e-8, -9.575842341291718e-10]
GRAZE elapsed=8.443504496453866e-5 dt=4.53203090541776e-5 collider=42 fraction=9.958564349813303e-1 gaps=[9.075678880643423e-8, 6.106226635438361e-16, 4.518403329267784e-8, -3.775277868101057e-10]
GRAZE elapsed=8.443504496453866e-5 dt=4.5226415230561507e-5 collider=42 fraction=9.983618617203958e-1 gaps=[9.075678880643423e-8, 1.4432899320127035e-15, 4.529838099065486e-8, -1.4887835408927685e-10]
GRAZE elapsed=8.443504496453866e-5 dt=4.5189371669542274e-5 collider=42 fraction=9.993532901454202e-1 gaps=[9.075678880643423e-8, 9.992007221626409e-16, 4.534347158857699e-8, -5.871575448068711e-11]
GRAZE elapsed=8.443504496453866e-5 dt=4.517475946355179e-5 collider=42 fraction=9.997448347040279e-1 gaps=[9.075678880643423e-8, 1.1657341758564144e-15, 4.5361254252807015e-8, -2.315730940338767e-11]
GRAZE elapsed=8.443504496453866e-5 dt=4.51689959481173e-5 collider=42 fraction=9.998993428483032e-1 gaps=[9.075678880643423e-8, 9.992007221626409e-16, 4.536826803125393e-8, -9.133194200927619e-12]
GRAZE elapsed=8.443504496453866e-5 dt=4.516672265687872e-5 collider=42 fraction=9.99960298170071e-1 gaps=[9.075678880643423e-8, 7.216449660063518e-16, 4.537103431845324e-8, -3.6016745141864703e-12]
GRAZE elapsed=8.443504496453866e-5 dt=4.516582605610804e-5 collider=42 fraction=9.999843397721411e-1 gaps=[9.075678880643423e-8, 6.106226635438361e-16, 4.537212539013069e-8, -1.4202528042517315e-12]
GRAZE elapsed=1.2960016371351923e-4 dt=1.6537066502953147e-2 collider=41 fraction=6.894336658663468e-2 gaps=[6.621029036146808e-8, 1.7041923427996153e-14, -5.056642127243549e-8, 6.782372321545438e-7]
GRAZE elapsed=1.2960016371351923e-4 dt=8.8385937705669e-3 collider=41 fraction=1.919290978702515e-1 gaps=[6.621029036146808e-8, 1.5210055437364645e-14, -1.5131625785702596e-8, 1.9981824495030054e-7]
GRAZE elapsed=1.2960016371351923e-4 dt=7.106437405779996e-3 collider=41 fraction=3.5586781688854696e-1 gaps=[6.621029036146808e-8, 6.994405055138486e-15, 2.474336235902541e-9, 1.4215277871487686e-7]
GRAZE elapsed=5.50388120470661e-3 dt=1.1162785461960057e-2 collider=42 fraction=3.298497075125805e-5 gaps=[3.6076856890776554e-8, 8.049116928532385e-15, -0.0005467009493901887, -0.00109317539320275]
GRAZE elapsed=5.50388120470661e-3 dt=5.581576833056011e-3 collider=42 fraction=1.2814706326324794e-4 gaps=[3.6076856890776554e-8, 3.2807090377673376e-14, -0.00014068710990672306, -0.0002813298175808887]
GRAZE elapsed=5.50388120470661e-3 dt=5.584890670423699e-4 collider=42 fraction=1.2428334519089264e-2 gaps=[3.6076856890776554e-8, -1.6653345369377348e-16, -1.4148376185629807e-6, -2.8647654538582756e-6]
GRAZE elapsed=5.50388120470661e-3 dt=3.073346787416879e-4 collider=42 fraction=4.0980615469911746e-2 gaps=[3.6076856890776554e-8, -3.3306690738754696e-16, -4.039545650202925e-7, -8.436845476134103e-7]
GRAZE elapsed=5.5600614951476154e-3 dt=1.1106605171519051e-2 collider=42 fraction=6.04309731913371e-6 gaps=[6.6111825458570195e-9, 1.6653345369377348e-16, -0.0005468669518561842, -0.001093481401120644]
GRAZE elapsed=5.5600614951476154e-3 dt=5.553336144907494e-3 collider=42 fraction=2.324954984785201e-5 gaps=[6.6111825458570195e-9, 7.216449660063518e-16, -0.00014213245382033168, -0.00028419215061176173]
GRAZE elapsed=5.5600614951476154e-3 dt=5.553940209570925e-4 collider=42 fraction=1.9155771536658512e-3 gaps=[6.6111825458570195e-9, 7.799316747991725e-14, -1.7185216736881337e-6, -3.4426825389899385e-6]
GRAZE elapsed=5.5600614951476154e-3 dt=5.559980856205226e-5 collider=42 fraction=7.585931418606869e-2 gaps=[6.6111825458570195e-9, 2.220446049250313e-16, -3.695989558849533e-8, -8.052105909817087e-8]
GRAZE elapsed=5.5600614951476154e-3 dt=3.0610097942300246e-5 collider=42 fraction=1.6185009871588227e-1 gaps=[6.6111825458570195e-9, 5.551115123125783e-17, -1.381158304392116e-8, -3.4231340761969875e-8]
GRAZE elapsed=5.565681882470164e-3 dt=1.1100984784196502e-2 collider=42 fraction=3.848751914451533e-7 gaps=[4.210646276092689e-10, 1.1102230246251565e-16, -0.0005468850220911037, -0.0010935116957200841]
GRAZE elapsed=5.565681882470164e-3 dt=5.550494528345074e-3 collider=42 fraction=1.4793077128722328e-6 gaps=[4.210646276092689e-10, -1.6653345369377348e-16, -0.00014227813191758365, -0.0002844774275380657]
GRAZE elapsed=5.565681882470164e-3 dt=5.55053298078787e-4 collider=42 fraction=1.2012038716075849e-4 gaps=[4.210646276092689e-10, 3.885780586188048e-16, -1.7517702400327018e-6, -3.5029911194528474e-6]
GRAZE elapsed=5.565681882470164e-3 dt=5.550917505215835e-5 collider=42 fraction=4.538353158025334e-3 gaps=[4.210646276092689e-10, 4.440892098500626e-15, -4.5963141848126554e-8, -9.233747050307883e-8]
GRAZE elapsed=5.565681882470164e-3 dt=5.554762749495479e-6 collider=42 fraction=6.287505420939965e-2 gaps=[4.210646276092689e-10, 8.715250743307479e-15, -2.927248610173905e-9, -6.27546226095177e-9]
GRAZE elapsed=5.565681882470164e-3 dt=5.593215192291905e-7 collider=42 fraction=6.495318987414684e-1 gaps=[4.210646276092689e-10, 9.43689570931383e-15, 9.69422320196145e-11, -2.271789423247128e-10]
GRAZE elapsed=5.565681882470164e-3 dt=4.613093438105447e-7 collider=42 fraction=7.881565262011598e-1 gaps=[4.210646276092689e-10, 8.93729534823251e-15, 1.5395013042152073e-10, -1.1316309000974911e-10]
GRAZE elapsed=5.565681882470164e-3 dt=3.7309838593376345e-7 collider=42 fraction=9.751917797240175e-1 gaps=[4.210646276092689e-10, 9.381384558082573e-15, 2.0518109433709242e-10, -1.0701883823571734e-11]
GRAZE elapsed=5.565681882470164e-3 dt=3.6427729014608533e-7 collider=42 fraction=9.988773936043671e-1 gaps=[4.210646276092689e-10, 9.270362255620057e-15, 2.102997775921267e-10, -4.637956685371591e-13]
GRAZE elapsed=5.566045750820294e-3 dt=1.1100620915846373e-2 collider=67 fraction=1.5014624908577018e-1 gaps=[0.0012860654483162204, 1.965094753586527e-14, -0.0029964492717929336, -0.007278406349473243]
GRAZE elapsed=5.566045750820294e-3 dt=6.3836687544418765e-3 collider=67 fraction=2.717429940762665e-1 gaps=[0.0012860654483162204, 2.914335439641036e-14, -0.0010802137640733012, -0.0034462842670119898]
GRAZE elapsed=5.566045750820294e-3 dt=2.1384118091778296e-3 collider=67 fraction=8.458935552782909e-1 gaps=[0.0012860654483162204, 4.418687638008123e-14, 0.0005258744185060449, -0.00023428937307112818]
GRAZE elapsed=5.566045750820294e-3 dt=1.973640288546173e-3 collider=67 fraction=9.181238186612775e-1 gaps=[0.0012860654483162204, 4.413136522884997e-14, 0.000585678776299392, -0.0001146845499739868]
GRAZE elapsed=5.566045750820294e-3 dt=1.825345919977682e-3 collider=67 fraction=9.942920395133543e-1 gaps=[0.0012860654483162204, 4.468647674116255e-14, 0.0006393313225139252, -7.382723015536552e-6]
GRAZE elapsed=5.566045750820294e-3 dt=1.8201364187848358e-3 collider=67 fraction=9.971936523978054e-1 gaps=[0.0012860654483162204, 4.524158825347513e-14, 0.0006412131435301061, -3.619191549508738e-6]
GRAZE elapsed=5.566045750820294e-3 dt=1.8154478677112741e-3 collider=67 fraction=9.998193537066575e-1 gaps=[0.0012860654483162204, 4.590772206825022e-14, 0.0006429066100858138, -2.3235770513219123e-7]
GRAZE elapsed=5.566045750820294e-3 dt=1.8152838907472448e-3 collider=67 fraction=9.999114304280353e-1 gaps=[0.0012860654483162204, 4.568567746332519e-14, 0.0006429658342773648, -1.1391278992300968e-7]
GRAZE elapsed=5.566045750820294e-3 dt=1.8151363114796185e-3 collider=67 fraction=9.999943137132224e-1 gaps=[0.0012860654483162204, 4.551914400963142e-14, 0.0006430191358789417, -7.312707439588451e-9]
GRAZE elapsed=5.566045750820294e-3 dt=1.8151311507868147e-3 collider=67 fraction=9.999972122990043e-1 gaps=[0.0012860654483162204, 4.5352610555937645e-14, 0.0006430209997772551, -3.585019447971405e-9]
GRAZE elapsed=5.566045750820294e-3 dt=1.8151265061632914e-3 collider=67 fraction=9.99999821040623e-1 gaps=[0.0012860654483162204, 4.54081217071689e-14, 0.0006430226772856096, -2.3010116034782868e-10]
GRAZE elapsed=5.566045750820294e-3 dt=1.8151263437463372e-3 collider=67 fraction=9.999999122653466e-1 gaps=[0.0012860654483162204, 4.546363285840016e-14, 0.0006430227359461305, -1.12783560268781e-10]
GRAZE elapsed=5.566045750820294e-3 dt=1.8151261975710782e-3 collider=67 fraction=9.999999943676608e-1 gaps=[0.0012860654483162204, 4.568567746332519e-14, 0.0006430227887403994, -7.19757586864489e-12]
GRAZE elapsed=7.381171938167966e-3 dt=9.2854947284987e-3 collider=42 fraction=1.3886111393500817e-6 gaps=[1.0507166248174826e-9, 1.1102230246251565e-16, -0.00037832827961231663, -0.0007566488661888138]
GRAZE elapsed=7.381171938167966e-3 dt=4.642753811220058e-3 collider=42 fraction=5.6600013461591385e-6 gaps=[1.0507166248174826e-9, -1.6653345369377348e-16, -9.28150137809447e-5, -0.00018562425931240023]
GRAZE elapsed=7.381171938167966e-3 dt=4.642869856692787e-4 collider=42 fraction=5.571954766188687e-3 gaps=[1.0507166248174826e-9, 2.087774397807607e-13, -9.31543442939109e-8, -1.872332698327206e-7]
GRAZE elapsed=7.381171938167966e-3 dt=4.381715680095863e-4 collider=42 fraction=1.58630364739173e-2 gaps=[1.0507166248174826e-9, 2.220446049250313e-16, -3.2013119821705516e-8, -6.496426424584811e-8]
GRAZE elapsed=7.79322808851786e-3 dt=8.873438578148807e-3 collider=67 fraction=4.482943780751662e-8 gaps=[3.5690284061473676e-11, -5.551115123125783e-17, -0.00039799620543379266, -0.0007958498661524427]
GRAZE elapsed=7.79322808851786e-3 dt=4.436719487970035e-3 collider=67 fraction=1.6940263495919588e-7 gaps=[3.5690284061473676e-11, 3.3306690738754696e-16, -0.0001053193922700979, -0.00021059449598120894]
GRAZE elapsed=7.79322808851786e-3 dt=4.436723068091401e-4 collider=67 fraction=1.1351515522009122e-5 gaps=[3.5690284061473676e-11, -1.1102230246251565e-16, -1.571732969884998e-6, -3.142940397160565e-6]
GRAZE elapsed=7.79322808851786e-3 dt=4.43675886930506e-5 collider=67 fraction=1.0141114089025612e-3 gaps=[3.5690284061473676e-11, -5.551115123125783e-17, -1.7557794107503355e-8, -3.5144653354191036e-8]
GRAZE elapsed=7.79322808851786e-3 dt=4.43711688144165e-6 collider=67 fraction=1.0134681915716115e-1 gaps=[3.5690284061473676e-11, 7.327471962526033e-15, -1.4032613959713558e-10, -3.1627472862894024e-10]
GRAZE elapsed=7.79322808851786e-3 dt=2.443402281802152e-6 collider=67 fraction=3.3404836664024273e-1 gaps=[3.5690284061473676e-11, 2.425837308805967e-14, -1.7690904297040788e-11, -7.10510539292386e-11]
GRAZE elapsed=7.79322808851786e-3 dt=1.6298084115416015e-6 collider=67 fraction=7.502046962685576e-1 gaps=[3.5690284061473676e-11, 5.440092820663267e-14, 1.1937673072281996e-11, -1.1806167155015146e-11]
GRAZE elapsed=7.79322808851786e-3 dt=1.4262491679490544e-6 collider=67 fraction=9.792139352588229e-1 gaps=[3.5690284061473676e-11, 7.133182933216631e-14, 1.749939082529295e-11, -6.84674539286334e-13]
GRAZE elapsed=7.79322808851786e-3 dt=1.411426114178035e-6 collider=67 fraction=9.998517207806437e-1 gaps=[3.5690284061473676e-11, 7.288614156664153e-14, 1.787547887488472e-11, 6.772360450213455e-14]
GRAZE elapsed=7.794638032326661e-3 dt=8.872028634340005e-3 collider=42 fraction=5.1888750472378484e-5 gaps=[3.91409738509374e-8, 7.438494264988549e-15, -0.00037712333341161086, -0.0007542859423635973]
GRAZE elapsed=7.794638032326661e-3 dt=4.436244496409998e-3 collider=42 fraction=1.946311494656893e-4 gaps=[3.91409738509374e-8, 2.4702462297909733e-14, -0.00010051072930483684, -0.0002010571149268503]
GRAZE elapsed=7.794638032326661e-3 dt=4.4403877227299176e-4 collider=42 fraction=1.1354518414559596e-2 gaps=[3.91409738509374e-8, -1.6653345369377348e-16, -1.6844023320583545e-6, -3.4078586158559077e-6]
GRAZE elapsed=7.794638032326661e-3 dt=4.481819985929114e-5 collider=42 fraction=2.2318206994126707e-1 gaps=[3.91409738509374e-8, -1.6653345369377348e-16, -4.854719748426106e-8, -1.3623440742183135e-7]
GRAZE elapsed=7.794638032326661e-3 dt=2.741040923746457e-5 collider=42 fraction=3.8132225194484964e-1 gaps=[3.91409738509374e-8, -3.3306690738754696e-16, -1.2181681940948152e-8, -6.350397685483955e-8]
GRAZE elapsed=7.794638032326661e-3 dt=1.1743397677820659e-5 collider=42 fraction=9.27578485935619e-1 gaps=[3.91409738509374e-8, -2.220446049250313e-16, 1.8042475069535158e-8, -3.0559563213294894e-9]
GRAZE elapsed=7.794638032326661e-3 dt=1.1318160357776705e-5 collider=42 fraction=9.635315917768061e-1 gaps=[3.91409738509374e-8, 1.6653345369377348e-16, 1.8829741044168458e-8, -1.4814304227783737e-9]
GRAZE elapsed=7.794638032326661e-3 dt=1.0935446769737147e-5 collider=42 fraction=9.982823479044209e-1 gaps=[3.91409738509374e-8, -1.6653345369377348e-16, 1.9536784690021847e-8, -6.734618418491323e-11]
GRAZE elapsed=7.794638032326661e-3 dt=1.092605512320708e-5 collider=42 fraction=9.9916573937851e-1 gaps=[3.91409738509374e-8, 5.551115123125783e-16, 1.9554117824949202e-8, -3.268063597516857e-11]
GRAZE elapsed=7.794638032326661e-3 dt=1.0917602641330021e-5 collider=42 fraction=9.999621017681496e-1 gaps=[3.91409738509374e-8, 1.1102230246251565e-16, 1.9569716402934034e-8, -1.483424494352903e-12]
GRAZE elapsed=0e0 dt=8.333333333333333e-3 collider=42 fraction=2.53678961300039e-4 gaps=[1.5769555899991516e-7, -2.220446049250313e-16, -0.00031051652839209076, -0.0006209041135042948]
GRAZE elapsed=0e0 dt=4.167723662338751e-3 collider=42 fraction=9.899463065847851e-4 gaps=[1.5769555899991516e-7, -1.6653345369377348e-16, -7.944950739924295e-5, -0.00015897378817925079]
GRAZE elapsed=0e0 dt=4.1867495844362537e-4 collider=42 fraction=9.590720564831051e-2 gaps=[1.5769555899991516e-7, 2.220446049250313e-16, -6.640466436724779e-7, -1.4848397132949387e-6]
GRAZE elapsed=0e0 dt=2.312225232488691e-4 collider=42 fraction=3.1413367224253974e-1 gaps=[1.5769555899991516e-7, 5.828670879282072e-15, -9.325103261792478e-8, -3.4390641179271597e-7]
GRAZE elapsed=0e0 dt=1.5192865179111117e-4 collider=42 fraction=7.276059334343417e-1 gaps=[1.5769555899991516e-7, 6.888933867799096e-14, 4.930087205146094e-8, -5.896777910407991e-8]
GRAZE elapsed=0e0 dt=1.3123642014650183e-4 collider=42 fraction=9.753138084955747e-1 gaps=[1.5769555899991516e-7, 1.653122083666858e-13, 7.68074184254175e-8, -3.986620922269424e-9]
GRAZE elapsed=0e0 dt=1.2961655644645596e-4 collider=42 fraction=9.998642602876455e-1 gaps=[1.5769555899991516e-7, 1.7763568394002505e-13, 7.879127800203278e-8, -2.120620345991142e-11]
GRAZE elapsed=0e0 dt=1.296114943723933e-4 collider=42 fraction=9.99942428880932e-1 gaps=[1.5769555899991516e-7, 1.7763568394002505e-13, 7.879743862959643e-8, -8.891165581559335e-12]
GRAZE elapsed=1.2960643229833067e-4 dt=8.203726901035003e-3 collider=42 fraction=5.5048046763447646e-9 gaps=[3.4234837187341327e-12, -2.220446049250313e-16, -0.0003108160791185921, -0.0006213554754638806]
GRAZE elapsed=1.2960643229833067e-4 dt=4.101863473097459e-3 collider=42 fraction=2.0862088023954866e-8 gaps=[3.4234837187341327e-12, -5.551115123125783e-17, -8.201047416500629e-5, -0.000163941107628629]
GRAZE elapsed=1.2960643229833067e-4 dt=4.101863879536687e-4 collider=42 fraction=1.3300534008368725e-6 gaps=[3.4234837187341327e-12, 0.0, -1.2865169192743942e-6, -2.5721333224981713e-6]
GRAZE elapsed=1.2960643229833067e-4 dt=4.1018679439289654e-5 collider=42 fraction=2.9611240343896323e-5 gaps=[3.4234837187341327e-12, 1.1102230246251565e-16, -5.779916634196525e-8, -1.1559261003935006e-7]
GRAZE elapsed=1.2960643229833067e-4 dt=4.101908587851754e-6 collider=42 fraction=3.376318450527549e-4 gaps=[3.4234837187341327e-12, -1.6653345369377348e-16, -5.06637781727548e-9, -1.013608735833671e-8]
GRAZE elapsed=1.2960643229833067e-4 dt=4.1023150270796283e-7 collider=42 fraction=3.424011436734986e-3 gaps=[3.4234837187341327e-12, 3.3306690738754696e-16, -4.964990085731813e-10, -9.964203906420721e-10]
GRAZE elapsed=1.2960643229833067e-4 dt=4.1063794193583726e-8 collider=42 fraction=3.425495755404029e-2 gaps=[3.4234837187341327e-12, -3.3306690738754696e-16, -4.654709950813185e-11, -9.651773824614907e-11]
GRAZE elapsed=1.2960643229833067e-4 dt=4.147023342145819e-9 collider=42 fraction=3.392421177428062e-1 gaps=[3.4234837187341327e-12, 2.220446049250313e-16, -1.6221468612798162e-12, -6.667943974747459e-12]
GRAZE elapsed=1.296078391433116e-4 dt=8.20372549419002e-3 collider=41 fraction=2.2575152694941583e-1 gaps=[6.620998965756186e-8, 4.440892098500626e-16, -9.009164025908234e-9, 1.7655150619244608e-7]
GRAZE elapsed=1.296078391433116e-4 dt=7.409760252039674e-3 collider=41 fraction=2.976144174241277e-1 gaps=[6.620998965756186e-8, 2.3753221611855224e-13, -8.012340790841677e-10, 1.509327428039775e-7]
GRAZE elapsed=6.7454028490326395e-3 dt=1.5879304843006937e-3 collider=42 fraction=2.704631215004131e-3 gaps=[6.285960379992517e-8, 4.440892098500626e-16, -1.1554488053955314e-5, -2.3165022507154465e-5]
GRAZE elapsed=6.7454028490326395e-3 dt=7.96112625327895e-4 collider=42 fraction=1.0707421699498947e-2 gaps=[6.285960379992517e-8, -1.6653345369377348e-16, -2.871603240084397e-6, -5.8042962352011784e-6]
GRAZE elapsed=6.7454028490326395e-3 dt=8.347655225237615e-5 collider=42 fraction=9.692137159456836e-1 gaps=[6.285960379992517e-8, 1.8318679906315083e-14, 3.0422081409575696e-8, -1.995433207557795e-9]
GRAZE elapsed=6.7454028490326395e-3 dt=8.248677992866016e-5 collider=42 fraction=9.926095789113584e-1 gaps=[6.285960379992517e-8, 2.0095036745715333e-14, 3.118617875053076e-8, -4.677092602101141e-10]
GRAZE elapsed=6.7454028490326395e-3 dt=8.21819739097007e-5 collider=42 fraction=9.99985304036677e-1 gaps=[6.285960379992517e-8, 1.9984014443252818e-14, 3.1419653989672724e-8, -9.028333636251773e-13]
GRAZE elapsed=6.7454028490326395e-3 dt=8.218149765029609e-5 collider=42 fraction=9.999968963278757e-1 gaps=[6.285960379992517e-8, 1.9872992140790302e-14, 3.142001797629135e-8, -1.7497114868092467e-13]
GRAZE elapsed=6.8275840916185125e-3 dt=1.5057492417148207e-3 collider=67 fraction=3.6748344853930864e-1 gaps=[0.0004015432742913161, 1.1102230246251565e-16, -0.00014479704004205507, -0.0006911247346980676]
GRAZE elapsed=6.8275840916185125e-3 dt=1.029543582847816e-3 collider=67 fraction=5.401039584981994e-1 gaps=[0.0004015432742913161, 3.3306690738754696e-16, 2.9815268587307653e-5, -0.0003419067242825813]
GRAZE elapsed=6.8275840916185125e-3 dt=6.009584898675118e-4 collider=67 fraction=9.294540965457312e-1 gaps=[0.0004015432742913161, 6.106226635438361e-16, 0.00018553210201255332, -3.0476986277949702e-5]
GRAZE elapsed=6.8275840916185125e-3 dt=5.797609100644034e-4 collider=67 fraction=9.63653155251722e-1 gaps=[0.0004015432742913161, 4.996003610813204e-16, 0.0001931980793675181, -1.5145174354636026e-5]
GRAZE elapsed=6.8275840916185125e-3 dt=5.606830882416059e-4 collider=67 fraction=9.966434498473411e-1 gaps=[0.0004015432742913161, 2.7755575615628914e-16, 0.0002000945651157715, -1.3523271345516896e-6]
GRAZE elapsed=6.8275840916185125e-3 dt=5.597421077888907e-4 collider=67 fraction=9.983288388953988e-1 gaps=[0.0004015432742913161, 2.7755575615628914e-16, 0.00020043465132224547, -6.721607472837121e-7]
GRAZE elapsed=6.8275840916185125e-3 dt=5.588952253814468e-4 collider=67 fraction=9.998505417036495e-1 gaps=[0.0004015432742913161, 7.771561172376096e-16, 0.00020074072320092062, -6.002240421354443e-8]
GRAZE elapsed=6.8275840916185125e-3 dt=5.588534596173349e-4 collider=67 fraction=9.999257069795014e-1 gaps=[0.0004015432742913161, 0.0, 0.00020075581763140393, -2.9833810699653185e-8]
GRAZE elapsed=6.8275840916185125e-3 dt=5.588158704296341e-4 collider=67 fraction=9.999933653332429e-1 gaps=[0.0004015432742913161, 4.996003610813204e-16, 0.0002007694026073814, -2.6640988304293955e-9]
GRAZE elapsed=6.8275840916185125e-3 dt=5.588140166510947e-4 collider=67 fraction=9.999967022636818e-1 gaps=[0.0004015432742913161, -1.6653345369377348e-16, 0.0002007700725744077, -1.3241762686355685e-9]
GRAZE elapsed=6.8275840916185125e-3 dt=5.588123482504092e-4 collider=67 fraction=9.999997055182965e-1 gaps=[0.0004015432742913161, 3.3306690738754696e-16, 0.000200770675544637, -1.182457465276343e-10]
GRAZE elapsed=6.8275840916185125e-3 dt=5.588122659704031e-4 collider=67 fraction=9.99999853629367e-1 gaps=[0.0004015432742913161, 3.3306690738754696e-16, 0.00020077070528140561, -5.877331954451392e-11]
GRAZE elapsed=6.8275840916185125e-3 dt=5.588121919183976e-4 collider=67 fraction=9.999999869292576e-1 gaps=[0.0004015432742913161, 6.106226635438361e-16, 0.0002007707320442753, -5.248190770856809e-12]
GRAZE elapsed=7.3863962762328195e-3 dt=9.469370571005137e-4 collider=42 fraction=8.026785179744999e-6 gaps=[3.826616801205773e-11, -1.1102230246251565e-16, -2.383372398828687e-6, -4.766295133129539e-6]
GRAZE elapsed=7.3863962762328195e-3 dt=4.734723289804249e-4 collider=42 fraction=1.7511094032373055e-4 gaps=[3.826616801205773e-11, 5.551115123125783e-17, -1.0915835407798724e-7, -2.1822409401739407e-7]
GRAZE elapsed=7.3863962762328195e-3 dt=4.468399380236699e-4 collider=42 fraction=4.2466601743830436e-4 gaps=[3.826616801205773e-11, 1.0547118733938987e-15, -4.495642452750914e-8, -8.983417509877967e-8]
GRAZE elapsed=7.8066038232997344e-3 dt=5.267295100335988e-4 collider=67 fraction=8.952465868984193e-6 gaps=[3.74477671094553e-11, -1.1102230246251565e-16, -2.091047093477627e-6, -4.181345177933782e-6]
GRAZE elapsed=7.8066038232997344e-3 dt=2.633671127807798e-4 collider=67 fraction=3.0234264321909387e-5 gaps=[3.74477671094553e-11, 0.0, -6.191530328436556e-7, -1.2381375186221177e-6]
GRAZE elapsed=7.8066038232997344e-3 dt=2.6340955253242666e-5 collider=67 fraction=3.018751874886777e-3 gaps=[3.74477671094553e-11, 0.0, -6.163868526698479e-9, -1.2362828649692403e-8]
GRAZE elapsed=7.8066038232997344e-3 dt=2.638339500488953e-6 collider=67 fraction=3.006657654307858e-1 gaps=[3.74477671094553e-11, 2.270406085358445e-14, -2.4784230223673376e-11, -8.699196918371399e-11]
GRAZE elapsed=7.8066038232997344e-3 dt=1.7157989329348708e-6 collider=67 fraction=7.103445078973323e-1 gaps=[3.74477671094553e-11, 5.4012350148013866e-14, 1.1124712262500225e-11, -1.518785097687214e-11]
GRAZE elapsed=7.8066038232997344e-3 dt=1.4673036408006297e-6 collider=67 fraction=9.70848224304099e-1 gaps=[3.74477671094553e-11, 7.377431998634165e-14, 1.819633332900139e-11, -1.047884001792454e-12]
GRAZE elapsed=7.8066038232997344e-3 dt=1.4459163874934304e-6 collider=67 fraction=9.997279958592244e-1 gaps=[3.74477671094553e-11, 7.616129948928574e-14, 1.87532767093046e-11, 6.589173651150304e-14]
GRAZE elapsed=7.808047600961897e-3 dt=5.252857323714364e-4 collider=42 fraction=4.298141845425359e-3 gaps=[1.956901651833931e-8, 1.6131540547803525e-13, -2.2568039851345034e-6, -4.533057903877147e-6]
GRAZE elapsed=7.808047600961897e-3 dt=2.637717424792735e-4 collider=42 fraction=1.2062039050973805e-2 gaps=[1.956901651833931e-8, -5.551115123125783e-17, -7.915974568617479e-7, -1.6027322116696219e-6]
GRAZE elapsed=7.808047600961897e-3 dt=2.840915157632687e-5 collider=42 fraction=1.7759406784763096e-1 gaps=[1.956901651833931e-8, 1.1102230246251565e-16, -3.552565130959806e-8, -9.061993405667934e-8]
GRAZE elapsed=7.808047600961897e-3 dt=1.672722418443335e-5 collider=42 fraction=3.1066775494338733e-1 gaps=[1.956901651833931e-8, -2.7755575615628914e-16, -1.1926046650234667e-8, -4.3420975925911875e-8]
GRAZE elapsed=7.808047600961897e-3 dt=6.213489531729179e-6 collider=42 fraction=8.595464550635832e-1 gaps=[1.956901651833931e-8, -2.220446049250313e-16, 8.185671362959113e-9, -3.1976553627188764e-9]
GRAZE elapsed=7.808047600961897e-3 dt=5.777136216150839e-6 collider=42 fraction=9.25534651199028e-1 gaps=[1.956901651833931e-8, 4.996003610813204e-16, 8.997273481803347e-9, -1.5744535120099101e-9]
GRAZE elapsed=7.808047600961897e-3 dt=5.384418232130333e-6 collider=42 fraction=9.94070862081156e-1 gaps=[1.956901651833931e-8, 0.0, 9.72614155880791e-9, -1.1671974498028703e-10]
GRAZE elapsed=7.808047600961897e-3 dt=5.368455752974814e-6 collider=42 fraction=9.970686983139704e-1 gaps=[1.956901651833931e-8, 1.1102230246251565e-16, 9.755735830285772e-9, -5.75312020245633e-11]
GRAZE elapsed=7.808047600961897e-3 dt=5.354089521734846e-6 collider=42 fraction=9.997820339133384e-1 gaps=[1.956901651833931e-8, 2.7755575615628914e-16, 9.782368526334295e-9, -4.266476061332014e-12]
GRAZE elapsed=7.814011478205622e-3 dt=5.193218551277114e-4 collider=67 fraction=1.697532683994564e-6 gaps=[6.845746192141178e-12, 5.551115123125783e-17, -2.0159892765714282e-6, -4.031215110167352e-6]
GRAZE elapsed=7.814011478205622e-3 dt=2.5966136834676694e-4 collider=67 fraction=5.696643753394495e-6 gaps=[6.845746192141178e-12, 1.1102230246251565e-16, -6.0075069063803e-7, -1.2013076160499736e-6]
GRAZE elapsed=7.814011478205622e-3 dt=2.596693024391703e-5 collider=67 fraction=5.679462644110345e-4 gaps=[6.845746192141178e-12, 2.220446049250313e-16, -6.018761711246157e-9, -1.2042085772989708e-8]
GRAZE elapsed=7.814011478205622e-3 dt=2.597486433632036e-6 collider=67 fraction=5.6424275300837934e-2 gaps=[6.845746192141178e-12, 8.326672684688674e-16, -5.3800186528008e-11, -1.1442269354233758e-10]
GRAZE elapsed=7.814011478205622e-3 dt=1.4290142431177862e-6 collider=67 fraction=1.8637725423322493e-1 gaps=[6.845746192141178e-12, 2.609024107869118e-15, -1.1510570274708698e-11, -2.985922620268866e-11]
GRAZE elapsed=7.814011478205622e-3 dt=9.032017573863738e-7 collider=67 fraction=4.6631536708995824e-1 gaps=[6.845746192141178e-12, 6.661338147750939e-15, -4.872768855079812e-13, -7.817801961351734e-12]
GRAZE elapsed=7.814011478205622e-3 dt=6.665861388072382e-7 collider=67 fraction=8.555441667003976e-1 gaps=[6.845746192141178e-12, 1.1879386363489175e-14, 2.851052727237402e-12, -1.141309269314661e-12]
GRAZE elapsed=7.814011478205622e-3 dt=6.184400107335561e-7 collider=67 fraction=9.937025576851539e-1 gaps=[6.845746192141178e-12, 1.3766765505351941e-14, 3.4075520183307617e-12, -2.914335439641036e-14]
GRAZE elapsed=0e0 dt=8.333333333333333e-3 collider=42 fraction=6.172090851768369e-8 gaps=[3.932154601926641e-11, 0.0, -0.0003185485041908853, -0.0006371077584776397]
GRAZE elapsed=0e0 dt=4.166666923837118e-3 collider=42 fraction=2.426111263175424e-7 gaps=[3.932154601926641e-11, 2.220446049250313e-16, -8.103771906903257e-5, -0.00016207455188538278]
GRAZE elapsed=0e0 dt=4.166671552905258e-4 collider=42 fraction=2.3762434102626042e-5 gaps=[3.932154601926641e-11, -5.551115123125783e-17, -8.27317997609267e-7, -1.6546123705607485e-6]
GRAZE elapsed=0e0 dt=4.166717843586646e-5 collider=42 fraction=2.3518769193238143e-3 gaps=[3.932154601926641e-11, 2.220446049250313e-16, -8.319881672491647e-9, -1.667839644170499e-8]
GRAZE elapsed=0e0 dt=4.167180750400528e-6 collider=42 fraction=2.3462640167975835e-1 gaps=[3.932154601926641e-11, 2.9476421303797906e-14, -4.4409476096518574e-11, -1.2813344829609719e-10]
GRAZE elapsed=0e0 dt=2.57245568750808e-6 collider=42 fraction=6.144404419534943e-1 gaps=[3.932154601926641e-11, 7.749356711883593e-14, 7.386424805133629e-12, -2.454603187374005e-11]
GRAZE elapsed=0e0 dt=2.0765382485231625e-6 collider=42 fraction=9.415052944987536e-1 gaps=[3.932154601926641e-11, 1.1857181902996672e-13, 1.8501367105017152e-11, -2.316424829729158e-12]
GRAZE elapsed=0e0 dt=2.0158050018684443e-6 collider=42 fraction=9.988312838274673e-1 gaps=[3.932154601926641e-11, 1.2601031329495527e-13, 1.9700185927007396e-11, 8.010259122670504e-14]
GRAZE elapsed=2.0097316772029724e-6 dt=8.331323601656131e-3 collider=67 fraction=1.1419262830079158e-8 gaps=[7.857881012540702e-12, -2.220446049250313e-16, -0.0003439896767459816, -0.000687833565125584]
GRAZE elapsed=2.0097316772029724e-6 dt=4.165661848396853e-3 collider=67 fraction=4.3907828647857395e-8 gaps=[7.857881012540702e-12, 5.551115123125783e-17, -8.94618194124952e-5, -0.00017888419292488855]
GRAZE elapsed=2.0097316772029724e-6 dt=4.1656627046350185e-4 collider=67 fraction=3.4981291921557656e-6 gaps=[7.857881012540702e-12, 0.0, -1.1229180587601917e-6, -2.2453862636440114e-6]
GRAZE elapsed=2.0097316772029724e-6 dt=4.1656712670166725e-5 collider=67 fraction=2.321191031526837e-4 gaps=[7.857881012540702e-12, 5.551115123125783e-17, -1.691610979071001e-8, -3.383522662048222e-8]
GRAZE elapsed=2.0097316772029724e-6 dt=4.1657568908332095e-6 collider=67 fraction=1.295549023543785e-2 gaps=[7.857881012540702e-12, 2.7755575615628914e-16, -2.9537905454901647e-10, -5.985663631413729e-10]
GRAZE elapsed=2.0097316772029724e-6 dt=4.1666131289985775e-7 collider=67 fraction=2.3911245405560422e-1 gaps=[7.857881012540702e-12, 3.885780586188048e-16, -8.572920151550534e-12, -2.5002722114919607e-11]
GRAZE elapsed=2.0097316772029724e-6 dt=2.581451109686863e-7 collider=67 fraction=4.002804447697166e-1 gaps=[7.857881012540702e-12, 3.885780586188048e-16, -1.9571566589604572e-12, -1.1771805752402997e-11]
GRAZE elapsed=2.0097316772029724e-6 dt=1.154805292306321e-7 collider=67 fraction=9.257414693508217e-1 gaps=[7.857881012540702e-12, 2.7755575615628914e-16, 3.6139424786085783e-12, -6.300515664747763e-13]
GRAZE elapsed=2.116636792014348e-6 dt=8.331216696541318e-3 collider=66 fraction=3.7447244651651657e-1 gaps=[7.417232167350463e-8, 5.6066262743570405e-15, -2.493352191379472e-9, 9.910224402220891e-8]
GRAZE elapsed=2.116636792014348e-6 dt=8.168360271612312e-3 collider=66 fraction=4.421930497869239e-1 gaps=[7.417232167350463e-8, 3.3306690738754696e-16, 2.2158791468385175e-10, 9.788592869597323e-8]
GRAZE elapsed=8.007620483475319e-3 dt=3.257128498580144e-4 collider=67 fraction=2.128340621236936e-2 gaps=[2.25535087827744e-8, -5.551115123125783e-17, -5.071662300681901e-7, -1.036639221629887e-6]
GRAZE elapsed=8.007620483475319e-3 dt=1.6632256437506548e-4 collider=67 fraction=8.156287566744265e-2 gaps=[2.25535087827744e-8, 5.551115123125783e-17, -1.1567781138532851e-7, -2.538443660271561e-7]
GRAZE elapsed=8.007620483475319e-3 dt=9.459693590773849e-5 collider=67 fraction=2.5216662852402555e-1 gaps=[2.25535087827744e-8, -1.1102230246251565e-16, -2.2160739188148426e-8, -6.685397402339532e-8]
GRAZE elapsed=8.007620483475319e-3 dt=6.232040309744133e-5 collider=67 fraction=5.81331107603366e-1 gaps=[2.25535087827744e-8, 1.1102230246251565e-16, 3.1546056322717675e-9, -1.6235165656297568e-8]
GRAZE elapsed=8.007620483475319e-3 dt=4.927459602818257e-5 collider=67 fraction=9.30424434928718e-1 gaps=[2.25535087827744e-8, 7.216449660063518e-16, 1.0431039421110455e-8, -1.6857176210471891e-9]
GRAZE elapsed=8.007620483475319e-3 dt=4.756044209702259e-5 collider=67 fraction=9.988048759385969e-1 gaps=[2.25535087827744e-8, 7.771561172376096e-16, 1.1260606891383418e-8, -2.6972812872116947e-11]
GRAZE elapsed=8.007620483475319e-3 dt=4.753901517288309e-5 collider=67 fraction=9.997068147596789e-1 gaps=[2.25535087827744e-8, 4.440892098500626e-16, 1.1270790190032187e-8, -6.610545444374338e-12]
GRAZE elapsed=8.055152529779407e-3 dt=2.781808035539259e-4 collider=42 fraction=1.499418412226536e-3 gaps=[1.4637991929689065e-9, 5.218048215738236e-15, -4.866566623573654e-7, -9.74776869999694e-7]
GRAZE elapsed=8.055152529779407e-3 dt=1.3929895648635132e-4 collider=42 fraction=4.77037696553966e-3 gaps=[1.4637991929689065e-9, 1.3489209749195652e-14, -1.519606832034448e-7, -3.053850010092951e-7]
GRAZE elapsed=8.055152529779407e-3 dt=1.430529412553419e-5 collider=42 fraction=9.982651874248205e-2 gaps=[1.4637991929689065e-9, 6.117328865684613e-14, -5.867610397558565e-9, -1.3199017379061928e-8]
GRAZE elapsed=8.055152529779407e-3 dt=1.8059278894524757e-6 collider=42 fraction=8.927927924988204e-1 gaps=[1.4637991929689065e-9, 7.749356711883593e-14, 6.440559197073981e-10, -1.7568746457641282e-10]
GRAZE elapsed=8.055152529779407e-3 dt=1.709123646464126e-6 collider=42 fraction=9.442891709866572e-1 gaps=[1.4637991929689065e-9, 7.771561172376096e-14, 6.887607151284669e-10, -8.627804026772878e-11]
GRAZE elapsed=8.055152529779407e-3 dt=1.6219998277746116e-6 collider=42 fraction=9.958926949665035e-1 gaps=[1.4637991929689065e-9, 7.782663402622347e-14, 7.289203685090229e-10, -5.95878901776814e-12]
GRAZE elapsed=8.057330630159527e-3 dt=2.760027031738065e-4 collider=67 fraction=1.9116822781779575e-6 gaps=[1.4380718837969653e-12, -5.551115123125783e-17, -3.760369704508548e-7, -7.518975456144439e-7]
GRAZE elapsed=8.057330630159527e-3 dt=1.3800161540164144e-4 collider=67 fraction=7.641343261995133e-6 gaps=[1.4380718837969653e-12, -2.7755575615628914e-16, -9.40743610233774e-8, -1.8810554558434944e-7]
GRAZE elapsed=8.057330630159527e-3 dt=1.3800636406692893e-5 collider=67 fraction=7.645375368952045e-4 gaps=[1.4380718837969653e-12, -1.1102230246251565e-16, -9.388210209237968e-10, -1.878632249763257e-9]
GRAZE elapsed=8.057330630159527e-3 dt=1.3805385071980373e-6 collider=67 fraction=7.555078599525444e-2 gaps=[1.4380718837969653e-12, 0.0, -8.075096147308614e-12, -1.7583379197105842e-11]
GRAZE elapsed=8.057330630159527e-3 dt=7.595336122232946e-7 collider=67 fraction=2.470479860473631e-1 gaps=[1.4380718837969653e-12, 1.1102230246251565e-15, -1.4699352846037073e-12, -4.376332629618673e-12]
GRAZE elapsed=8.057330630159527e-3 dt=4.800814094846603e-7 collider=67 fraction=6.10061373583882e-1 gaps=[1.4380718837969653e-12, 2.609024107869118e-15, 2.612909888455306e-13, -9.14379683081279e-13]
GRAZE elapsed=8.057330630159527e-3 dt=3.864802667934791e-7 collider=67 fraction=9.328828656674375e-1 gaps=[1.4380718837969653e-12, 3.774758283725532e-15, 6.695199950002007e-13, -9.89763826453327e-14]
GRAZE elapsed=0e0 dt=1.6666666666666666e-2 collider=67 fraction=4.2121643362536914e-10 gaps=[1.0260126082073384e-12, -4.996003610813204e-16, -0.0012177036704270061, -0.002434981247967871]
GRAZE elapsed=0e0 dt=8.33333333684347e-3 collider=67 fraction=1.576189141857606e-9 gaps=[1.0260126082073384e-12, -3.885780586188048e-16, -0.0003254113205553577, -0.000650700077012456]
GRAZE elapsed=0e0 dt=8.333333400025936e-4 collider=67 fraction=1.486842465493544e-7 gaps=[1.0260126082073384e-12, -4.440892098500626e-16, -3.449522693876883e-6, -6.8974796671450456e-6]
GRAZE elapsed=0e0 dt=8.333334031850586e-5 collider=67 fraction=1.4785102246521201e-5 gaps=[1.0260126082073384e-12, -1.6653345369377348e-16, -3.4688414807249046e-8, -6.936171031979299e-8]
GRAZE elapsed=0e0 dt=8.33334035009709e-6 collider=67 fraction=1.4782648515956755e-3 gaps=[1.0260126082073384e-12, -2.7755575615628914e-16, -3.4592467779148706e-10, -6.927128315403763e-10]
GRAZE elapsed=0e0 dt=8.333403532562135e-7 collider=67 fraction=1.4835269955368616e-1 gaps=[1.0260126082073384e-12, 3.3306690738754696e-16, -2.430333712055699e-12, -5.884015497059636e-12]
GRAZE elapsed=0e0 dt=4.784843221543976e-7 collider=67 fraction=4.511088355076609e-1 gaps=[1.0260126082073384e-12, 1.27675647831893e-15, -1.0969003483296547e-13, -1.2447820552097255e-12]
GRAZE elapsed=0e0 dt=3.471664137650702e-7 collider=67 fraction=8.584787010948212e-1 gaps=[1.0260126082073384e-12, 2.7200464103316335e-15, 4.2993386628609187e-13, -1.6581180872776713e-13]
GRAZE elapsed=2.980349719527847e-7 dt=1.6666368631694715e-2 collider=42 fraction=6.070232915123256e-10 gaps=[1.447897357564898e-12, -2.7755575615628914e-16, -0.0011926806903838072, -0.0023854799815362093]
GRAZE elapsed=2.980349719527847e-7 dt=8.333184320905795e-3 collider=42 fraction=2.3157702069957405e-9 gaps=[1.447897357564898e-12, -1.1102230246251565e-16, -0.0003126257289029488, -0.0006252692152418082]
GRAZE elapsed=2.980349719527847e-7 dt=8.333184411957661e-4 collider=42 fraction=2.2179013632831108e-7 gaps=[1.447897357564898e-12, 1.6653345369377348e-16, -3.264122892365773e-6, -6.528264312244403e-6]
GRAZE elapsed=2.980349719527847e-7 dt=8.333185322476317e-5 collider=42 fraction=2.1920863652269418e-5 gaps=[1.447897357564898e-12, -1.6653345369377348e-16, -3.3024100232204034e-8, -6.604964014611525e-8]
GRAZE elapsed=2.980349719527847e-7 dt=8.333194427662866e-6 collider=42 fraction=2.062510965437525e-3 gaps=[1.447897357564898e-12, 5.551115123125783e-17, -3.495534972586256e-10, -7.005543367633038e-10]
GRAZE elapsed=2.980349719527847e-7 dt=8.333285479528367e-7 collider=42 fraction=1.2835478657723343e-1 gaps=[1.447897357564898e-12, 0.0, -4.191147429111197e-12, -9.829859148879905e-12]
GRAZE elapsed=2.980349719527847e-7 dt=4.7014512793701947e-7 collider=42 fraction=3.044595577675757e-1 gaps=[1.447897357564898e-12, 3.3306690738754696e-16, -9.28812582401406e-13, -3.3059111004263286e-12]
GRAZE elapsed=4.467968697009439e-7 dt=1.6666219869796967e-2 collider=66 fraction=6.080911576822756e-2 gaps=[7.413509828246845e-8, 6.439293542825908e-15, -2.547845604494725e-7, 5.616660880836122e-8]
GRAZE elapsed=4.467968697009439e-7 dt=8.839838981639092e-3 collider=66 fraction=3.4762846820652965e-1 gaps=[7.413509828246845e-8, 2.0405899192610377e-13, -6.23263612942182e-9, 8.582644961396824e-8]
GRAZE elapsed=4.467968697009439e-7 dt=5.9564093330093295e-3 collider=7 fraction=9.424177133838619e-1 gaps=[0.003330419555356512, -5.551115123125783e-17, 0.001563465786196927, -0.00020349096676697265]
GRAZE elapsed=4.467968697009439e-7 dt=5.784917498301138e-3 collider=7 fraction=9.724535407953395e-1 gaps=[0.003330419555356512, -2.7755575615628914e-16, 0.001618041185339425, -9.434016051645955e-5]
GRAZE elapsed=4.467968697009439e-7 dt=5.707746172682451e-3 collider=7 fraction=9.865637804158083e-1 gaps=[0.003330419555356512, 1.6653345369377348e-16, 0.001642532380016215, -4.535776265290892e-5]
GRAZE elapsed=4.467968697009439e-7 dt=5.638291979625634e-3 collider=7 fraction=9.995960977959724e-1 gaps=[0.003330419555356512, 0.0, 0.0016645384014203901, -1.3457096817992564e-6]
GRAZE elapsed=4.467968697009439e-7 dt=5.637153320346873e-3 collider=7 fraction=9.998124528875113e-1 gaps=[0.003330419555356512, 1.1102230246251565e-16, 0.0016648988917544183, -6.247288273919516e-7]
GRAZE elapsed=4.467968697009439e-7 dt=5.63664092367143e-3 collider=7 fraction=9.999098414348571e-1 gaps=[0.003330419555356512, -1.6653345369377348e-16, 0.0016650611094030654, -3.0029344649795675e-7]
GRAZE elapsed=4.467968697009439e-7 dt=5.636179766663532e-3 collider=7 fraction=9.999975063940247e-1 gaps=[0.003330419555356512, -1.1102230246251565e-16, 0.0016652071036936111, -8.30478918967259e-9]
GRAZE elapsed=4.467968697009439e-7 dt=5.636172739457761e-3 collider=7 fraction=9.99998842362609e-1 gaps=[0.003330419555356512, -5.551115123125783e-17, 0.0016652093283734404, -3.855429309140845e-9]
GRAZE elapsed=4.467968697009439e-7 dt=5.636169577215163e-3 collider=7 fraction=9.999994435496301e-1 gaps=[0.003330419555356512, -5.551115123125783e-17, 0.0016652103294788057, -1.8532175238838988e-9]
GRAZE elapsed=4.467968697009439e-7 dt=5.636166731196825e-3 collider=7 fraction=9.999999846185834e-1 gaps=[0.003330419555356512, -2.220446049250313e-16, 0.0016652112304739175, -5.1227078134985504e-11]
GRAZE elapsed=4.467968697009439e-7 dt=5.636166687850711e-3 collider=7 fraction=9.999999928592694e-1 gaps=[0.003330419555356512, -5.551115123125783e-17, 0.0016652112441965516, -2.3781920877041784e-11]
GRAZE elapsed=4.467968697009439e-7 dt=5.63616666834496e-3 collider=7 fraction=9.999999965676365e-1 gaps=[0.003330419555356512, -1.1102230246251565e-16, 0.00166521125037139, -1.1431577906506618e-11]
GRAZE elapsed=5.6366134476594845e-3 dt=1.1030053219007182e-2 collider=67 fraction=3.6642269379960377e-6 gaps=[4.6173643797331465e-9, -2.220446049250313e-16, -0.0006298780041158469, -0.0012594055702637719]
GRAZE elapsed=5.6366134476594845e-3 dt=5.515046817812658e-3 collider=67 fraction=1.3160952406737591e-5 gaps=[4.6173643797331465e-9, 0.0, -0.00017536456967759406, -0.00035063390470019273]
GRAZE elapsed=5.6366134476594845e-3 dt=5.515410567375851e-4 collider=67 fraction=5.606152259362826e-4 gaps=[4.6173643797331465e-9, 3.6637359812630166e-15, -4.112939277545191e-6, -8.229369198087255e-6]
GRAZE elapsed=5.6366134476594845e-3 dt=5.519048063007787e-5 collider=67 fraction=8.206290891941203e-3 gaps=[4.6173643797331465e-9, 7.327471962526033e-15, -2.7670739261020927e-7, -5.580208318201052e-7]
GRAZE elapsed=5.6366134476594845e-3 dt=5.555423019327142e-6 collider=67 fraction=8.30862473902728e-2 gaps=[4.6173643797331465e-9, 7.771561172376096e-15, -2.316911662525456e-8, -5.095548472056066e-8]
GRAZE elapsed=5.6366134476594845e-3 dt=5.919172582520687e-7 collider=67 fraction=7.808428084201218e-1 gaps=[4.6173643797331465e-9, 7.66053886991358e-15, 1.6607146768876646e-9, -1.295933749201339e-9]
GRAZE elapsed=5.637075641993771e-3 dt=1.1731770042674434e-5 collider=42 fraction=4.92050026616937e-2 gaps=[3.2910534852881312e-9, 1.5987211554602254e-14, -3.0150921315197365e-8, -6.359260823485258e-8]
GRAZE elapsed=5.637075641993771e-3 dt=6.154515909425305e-6 collider=42 fraction=9.526682430479028e-2 gaps=[3.2910534852881312e-9, 1.63202784619898e-14, -1.3981649449323896e-8, -3.125427339156772e-8]
GRAZE elapsed=5.637075641993771e-3 dt=1.134987189501087e-6 collider=42 fraction=5.239896727082538e-1 gaps=[3.2910534852881312e-9, 1.6764367671839864e-14, 1.506893498870454e-10, -2.9896723430233862e-9]
GRAZE elapsed=5.637075641993771e-3 dt=6.330343175086653e-7 collider=42 fraction=9.40825578207825e-1 gaps=[3.2910534852881312e-9, 1.6708856520608606e-14, 1.5420377752484171e-9, -2.0697732416863346e-10]
GRAZE elapsed=5.64164580424396e-3 dt=1.1025020862422706e-2 collider=67 fraction=2.4413062358725317e-7 gaps=[2.7866858820502216e-10, 5.551115123125783e-17, -0.0005705584130268893, -0.0011407605634078943]
GRAZE elapsed=5.64164580424396e-3 dt=5.512511776983963e-3 collider=67 fraction=9.459814716644292e-7 gaps=[2.7866858820502216e-10, 2.7755575615628914e-16, -0.00014724234187779572, -0.00029438869094217113]
GRAZE elapsed=5.64164580424396e-3 dt=5.512536000890927e-4 collider=67 fraction=9.194922670337437e-5 gaps=[2.7866858820502216e-10, 3.885780586188048e-16, -1.514502930399786e-6, -3.028169504259992e-6]
GRAZE elapsed=5.64164580424396e-3 dt=5.512778239960565e-5 collider=67 fraction=5.775831072853066e-3 gaps=[2.7866858820502216e-10, 3.885780586188048e-15, -2.383915365111733e-8, -4.7945753589573314e-8]
GRAZE elapsed=5.64164580424396e-3 dt=5.515200630656951e-6 collider=67 fraction=5.195511671799202e-1 gaps=[2.7866858820502216e-10, -2.220446049250313e-16, 1.048416908844274e-11, -2.575871738130786e-10]
GRAZE elapsed=5.64164580424396e-3 dt=4.1903147777731014e-6 collider=67 fraction=9.001558057693888e-1 gaps=[2.7866858820502216e-10, 2.7755575615628914e-16, 1.2385331649156228e-10, -3.0896507574595944e-11]
GRAZE elapsed=5.64164580424396e-3 dt=3.981125476493412e-6 collider=67 fraction=9.972755555191898e-1 gaps=[2.7866858820502216e-10, 2.7755575615628914e-16, 1.3892431649509263e-10, -7.611133945317761e-13]
GRAZE elapsed=5.64164580424396e-3 dt=3.97589574396142e-6 collider=67 fraction=9.999033577412956e-1 gaps=[2.7866858820502216e-10, -1.6653345369377348e-16, 1.3929113418242878e-10, -2.6922908347160046e-14]
GRAZE elapsed=5.646842591138043e-3 dt=1.1019824075528623e-2 collider=42 fraction=2.1290807472577226e-9 gaps=[2.1370127889497326e-12, -3.3306690738754696e-16, -0.0005017821468885075, -0.0010034024063539926]
GRAZE elapsed=5.646842591138043e-3 dt=5.509912049495359e-3 collider=42 fraction=8.295738091563027e-9 gaps=[2.1370127889497326e-12, 0.0, -0.00012877753486123522, -0.0002575063712627057]
GRAZE elapsed=5.646842591138043e-3 dt=5.509912260654217e-4 collider=42 fraction=8.149935353057778e-7 gaps=[2.1370127889497326e-12, 2.7755575615628914e-16, -1.3107233402531726e-6, -2.62077731022492e-6]
GRAZE elapsed=5.646842591138043e-3 dt=5.5099143722427916e-5 collider=42 fraction=1.4233157065035584e-4 gaps=[2.1370127889497326e-12, -4.440892098500626e-16, -7.50166867513613e-9, -1.4998777053687462e-8]
GRAZE elapsed=5.646842591138043e-3 dt=5.509935488128542e-6 collider=42 fraction=5.902647657561744e-2 gaps=[2.1370127889497326e-12, 4.9960036108132044e-15, -1.5893564242475122e-11, -3.3856140113641686e-11]
GRAZE elapsed=5.646842591138043e-3 dt=3.030475076413573e-6 collider=42 fraction=1.9414376131965128e-1 gaps=[2.1370127889497326e-12, 1.6153745008296028e-14, -3.318900709814443e-12, -8.753775482261972e-12]
GRAZE elapsed=5.646842591138043e-3 dt=1.9147178911418368e-6 collider=42 fraction=4.813504691431021e-1 gaps=[2.1370127889497326e-12, 3.9468428525424315e-14, -4.163336342344337e-14, -2.211619776204543e-12]
GRAZE elapsed=5.646842591138043e-3 dt=1.4181841231598255e-6 collider=42 fraction=8.656461031248419e-1 gaps=[2.1370127889497326e-12, 7.061018436615996e-14, 9.419132140919828e-13, -2.489120021209601e-13]
GRAZE elapsed=5.648072322802882e-3 dt=1.1018594343863784e-2 collider=7 fraction=2.599855918485406e-6 gaps=[2.829162737416624e-9, 3.3306690738754696e-16, -0.0005438505438720709, -0.0010872104292285467]
GRAZE elapsed=5.648072322802882e-3 dt=5.509311495310752e-3 collider=7 fraction=1.086295688243902e-5 gaps=[2.829162737416624e-9, 2.220446049250313e-16, -0.00013015618228484627, -0.00026019188823145356]
GRAZE elapsed=5.648072322802882e-3 dt=5.509569316130216e-4 collider=7 fraction=4.476428487054513e-3 gaps=[2.829162737416624e-9, 3.3306690738754696e-16, -3.1239277475947347e-7, -6.260309785566243e-7]
GRAZE elapsed=5.648072322802882e-3 dt=3.030392034281351e-4 collider=7 fraction=1.78361496167218e-2 gaps=[2.829162737416624e-9, 5.551115123125783e-17, -7.620076664105468e-8, -1.5465026631522605e-7]
GRAZE elapsed=5.7031937980461305e-3 dt=1.0963472868620535e-2 collider=7 fraction=7.587988988255557e-6 gaps=[8.233051018713411e-9, 8.326672684688674e-16, -0.0005422681699533971, -0.0010840860511517891]
GRAZE elapsed=5.7031937980461305e-3 dt=5.481778029665968e-3 collider=7 fraction=3.1483246140314494e-5 gaps=[8.233051018713411e-9, 2.55351295663786e-15, -0.00013068739493860004, -0.00026126851553948116]
GRAZE elapsed=5.7031937980461305e-3 dt=5.48252674606857e-4 collider=7 fraction=1.0602968670639042e-2 gaps=[8.233051018713411e-9, 1.6653345369377348e-16, -3.793100359361645e-7, -7.654234732146215e-7]
GRAZE elapsed=5.7031937980461305e-3 dt=5.4900139100945815e-5 collider=7 fraction=8.511619515667661e-1 gaps=[8.233051018713411e-9, -2.220446049250313e-16, 3.3891758843829223e-9, -1.433298868480648e-9]
GRAZE elapsed=5.7031937980461305e-3 dt=5.081452431969689e-5 collider=7 fraction=9.762341164068647e-1 gaps=[8.233051018713411e-9, 1.1102230246251565e-16, 4.00755051366275e-9, -1.9955465058174582e-10]
GRAZE elapsed=0e0 dt=8.333333333333333e-3 collider=67 fraction=1.576189143141521e-9 gaps=[1.0260126082073384e-12, -3.885780586188048e-16, -0.00032541132029062503, -0.00065070007648238]
GRAZE elapsed=0e0 dt=4.1666666732341215e-3 collider=67 fraction=6.101539861058866e-9 gaps=[1.0260126082073384e-12, -3.885780586188048e-16, -8.406084417034165e-5, -0.000168087028678654]
GRAZE elapsed=0e0 dt=4.166666791448307e-4 collider=67 fraction=5.92869483901685e-7 gaps=[1.0260126082073384e-12, -3.3306690738754696e-16, -8.650936846321677e-7, -1.7297901565016538e-6]
GRAZE elapsed=0e0 dt=4.166667973590165e-5 collider=67 fraction=5.9124500863986935e-5 gaps=[1.0260126082073384e-12, -1.1102230246251565e-16, -8.67366356516186e-9, -1.734431004374315e-8]
GRAZE elapsed=0e0 dt=4.166679795008738e-6 collider=67 fraction=5.915422658959148e-3 gaps=[1.0260126082073384e-12, 1.1102230246251565e-16, -8.567591081032333e-11, -1.7233742211075764e-10]
GRAZE elapsed=0e0 dt=4.1667980091944745e-7 collider=67 fraction=5.953054972071286e-1 gaps=[1.0260126082073384e-12, 1.7208456881689926e-15, 1.6564527527407336e-13, -6.942779684493416e-13]
GRAZE elapsed=2.48051776062519e-7 dt=8.333085281557271e-3 collider=42 fraction=2.7245419385141513e-9 gaps=[1.7034151866823777e-12, -4.440892098500626e-16, -0.00031261471825350107, -0.000625247193431766]
GRAZE elapsed=2.48051776062519e-7 dt=4.166542652130556e-3 collider=42 fraction=1.0645319796636531e-8 gaps=[1.7034151866823777e-12, -3.885780586188048e-16, -8.000889432419056e-5, -0.00016002016306931877]
GRAZE elapsed=2.48051776062519e-7 dt=4.166542856465119e-4 collider=42 fraction=1.039845713850482e-6 gaps=[1.7034151866823777e-12, -1.6653345369377348e-16, -8.190702442401054e-7, -1.6381438418533456e-6]
GRAZE elapsed=2.48051776062519e-7 dt=4.166544899810749e-5 collider=42 fraction=1.0272525503651764e-4 gaps=[1.7034151866823777e-12, 0.0, -8.289413711004556e-9, -1.658052656283715e-8]
GRAZE elapsed=2.48051776062519e-7 dt=4.166565333267043e-6 collider=42 fraction=9.289714482605405e-3 gaps=[1.7034151866823777e-12, -2.220446049250313e-16, -8.997741440808227e-11, -1.8165757786903214e-10]
GRAZE elapsed=2.48051776062519e-7 dt=4.166769667829984e-7 collider=42 fraction=4.715618220763851e-1 gaps=[1.7034151866823777e-12, 1.0547118733938987e-15, -1.0191847366058937e-13, -1.90653048903755e-12]
GRAZE elapsed=4.498074815608188e-7 dt=8.332883525851773e-3 collider=7 fraction=6.545448144472656e-1 gaps=[0.003330417910586858, -2.7755575615628914e-16, 0.0007863463539465321, -0.0017577261772855346]
GRAZE elapsed=4.498074815608188e-7 dt=6.893564613545549e-3 collider=7 fraction=8.04907982509213e-1 gaps=[0.003330417910586858, -5.551115123125783e-17, 0.0012615997156622538, -0.0008072211969689658]
GRAZE elapsed=4.498074815608188e-7 dt=6.245871103007748e-3 collider=7 fraction=8.954943230710173e-1 gaps=[0.003330417910586858, -5.551115123125783e-17, 0.001470877477048993, -0.0003886659170103113]
GRAZE elapsed=5.598627399951509e-3 dt=2.7347059333818246e-3 collider=67 fraction=6.420384972803739e-5 gaps=[4.557599631027642e-9, 1.27675647831893e-15, -3.548109666395849e-5, -7.095167909987321e-5]
GRAZE elapsed=5.598627399951509e-3 dt=1.367440756015311e-3 collider=67 fraction=2.540962323304444e-4 gaps=[4.557599631027642e-9, 3.9968028886505635e-15, -8.961753829250796e-6, -1.792419201579465e-5]
GRAZE elapsed=5.598627399951509e-3 dt=1.3690209638544858e-4 collider=67 fraction=2.512731895801273e-2 gaps=[4.557599631027642e-9, -2.220446049250313e-16, -8.611356067111942e-8, -1.7674477387208398e-7]
GRAZE elapsed=5.598627399951509e-3 dt=7.537516340395546e-5 collider=67 fraction=8.289386628921941e-2 gaps=[4.557599631027642e-9, 1.1102230246251565e-16, -2.292791145830364e-8, -5.040129513744773e-8]
GRAZE elapsed=5.612475630373971e-3 dt=2.720857702959362e-3 collider=67 fraction=3.817840601399283e-5 gaps=[2.7102642352616613e-9, 4.440892098500626e-16, -3.548455600071998e-5, -7.095690504610452e-5]
GRAZE elapsed=5.612475630373971e-3 dt=1.360480790484726e-3 collider=67 fraction=1.4961022077788198e-4 gaps=[2.7102642352616613e-9, 1.3322676295501878e-15, -9.053120375634993e-6, -1.8105118389288855e-5]
GRAZE elapsed=5.612475630373971e-3 dt=1.361415692575535e-4 collider=67 fraction=1.25610393113385e-2 gaps=[2.7102642352616613e-9, 9.797718192317006e-14, -1.0515035020475239e-7, -2.1297148072862981e-7]
GRAZE elapsed=5.612475630373971e-3 dt=1.3707647134836243e-5 collider=67 fraction=4.947952796212343e-1 gaps=[2.7102642352616613e-9, 3.3306690738754696e-16, -2.8506697002939063e-11, -2.7668767832444985e-9]
GRAZE elapsed=5.612475630373971e-3 dt=1.0245063115933377e-5 collider=67 fraction=7.227088803940548e-1 gaps=[2.7102642352616613e-9, -1.6653345369377348e-16, 8.351410119011859e-10, -1.0397583349863737e-9]
GRAZE elapsed=5.612475630373971e-3 dt=8.824630605008008e-6 collider=67 fraction=8.71822613134576e-1 gaps=[2.7102642352616613e-9, 1.1102230246251565e-16, 1.155835538391159e-9, -3.984267360479521e-10]
GRAZE elapsed=5.612475630373971e-3 dt=8.259071559506721e-6 collider=67 fraction=9.462445977136633e-1 gaps=[2.7102642352616613e-9, -1.6653345369377348e-16, 1.2780828617664497e-9, -1.5395268393447736e-10]
GRAZE elapsed=5.612475630373971e-3 dt=8.037086702410259e-6 collider=67 fraction=9.78449417958588e-1 gaps=[2.7102642352616613e-9, -1.1102230246251565e-16, 1.3252191566337501e-9, -5.968797678335136e-11]
GRAZE elapsed=5.612475630373971e-3 dt=7.950484754233141e-6 collider=67 fraction=9.915218619051008e-1 gaps=[2.7102642352616613e-9, 2.220446049250313e-16, 1.3434785506305502e-9, -2.317224190306888e-11]
GRAZE elapsed=5.612475630373971e-3 dt=7.916782100399252e-6 collider=67 fraction=9.966897396017554e-1 gaps=[2.7102642352616613e-9, 5.551115123125783e-17, 1.350564937663279e-9, -9.000467038333682e-12]
GRAZE elapsed=5.612475630373971e-3 dt=7.903678795265011e-6 collider=67 fraction=9.987113595296591e-1 gaps=[2.7102642352616613e-9, -2.7755575615628914e-16, 1.3533171250301734e-9, -3.4968694606618556e-12]
GRAZE elapsed=5.612475630373971e-3 dt=7.898586295084935e-6 collider=67 fraction=9.994988508921843e-1 gaps=[2.7102642352616613e-9, 1.6653345369377348e-16, 1.354386158780585e-9, -1.3585244040825728e-12]
GRAZE elapsed=5.620370258299582e-3 dt=2.7129630750337514e-3 collider=42 fraction=2.1033979233554798e-5 gaps=[1.4483545474064385e-9, -5.551115123125783e-17, -3.442810120168893e-5, -6.885890288144125e-5]
GRAZE elapsed=5.620370258299582e-3 dt=1.3565100697213667e-3 collider=42 fraction=8.222965752749324e-5 gaps=[1.4483545474064385e-9, 3.885780586188048e-16, -8.805447139825784e-6, -1.7612607419725812e-5]
GRAZE elapsed=5.620370258299582e-3 dt=1.3570236494022016e-4 collider=42 fraction=6.382456386180546e-3 gaps=[1.4483545474064385e-9, 2.042810365310288e-14, -1.1201482946754382e-7, -2.2548019712465006e-7]
GRAZE elapsed=5.620370258299582e-3 dt=1.3621594462105511e-5 collider=42 fraction=1.989382653127052e-1 gaps=[1.4483545474064385e-9, 2.0172752357439094e-13, -2.1913554859587236e-9, -5.831087168672866e-9]
GRAZE elapsed=5.620370258299582e-3 dt=8.165725417594967e-6 collider=42 fraction=3.667542427302344e-1 gaps=[1.4483545474064385e-9, 2.464140003155535e-13, -5.258676827324393e-10, -2.500097517899036e-9]
GRAZE elapsed=5.620370258299582e-3 dt=5.710584347565222e-6 collider=42 fraction=5.505840597861589e-1 gaps=[1.4483545474064385e-9, 0.0, 1.3306528101608706e-10, -1.1822268719541285e-9]
GRAZE elapsed=5.623625701577117e-3 dt=2.7097076317562164e-3 collider=42 fraction=3.376604371521118e-7 gaps=[2.3249846492490178e-11, 5.551115123125783e-17, -3.4428454576684864e-5, -6.885818259805276e-5]
GRAZE elapsed=5.623625701577117e-3 dt=1.35485427335864e-3 collider=42 fraction=1.3171088736822138e-6 gaps=[2.3249846492490178e-11, 1.6653345369377348e-16, -8.826200514511218e-6, -1.765268875414394e-5]
GRAZE elapsed=5.623625701577117e-3 dt=1.3548625080082112e-4 collider=42 fraction=9.918153549002458e-5 gaps=[2.3249846492490178e-11, 1.1102230246251565e-16, -1.1718635856139414e-7, -2.3439814733627884e-7]
GRAZE elapsed=5.623625701577117e-3 dt=1.3549448545039256e-5 collider=42 fraction=2.8900419620421975e-3 gaps=[2.3249846492490178e-11, 1.6653345369377348e-16, -3.999159892131843e-9, -8.021591058060551e-9]
GRAZE elapsed=5.623625701577117e-3 dt=1.3557683194610696e-6 collider=42 fraction=3.57222809118376e-2 gaps=[2.3249846492490178e-11, -2.7755575615628914e-16, -3.0217450763814213e-10, -6.275988617687744e-10]
GRAZE elapsed=5.623625701577117e-3 dt=1.3640029690325086e-7 collider=42 fraction=3.6367822653267723e-1 gaps=[2.3249846492490178e-11, -2.220446049250313e-16, -8.715028698702554e-12, -4.0679848378744055e-11]
GRAZE elapsed=5.623938124719649e-3 dt=2.7093952086136843e-3 collider=67 fraction=8.012186169125287e-9 gaps=[5.536127112293343e-13, -1.6653345369377348e-16, -3.454032465877166e-5, -6.906495983344252e-5]
GRAZE elapsed=5.623938124719649e-3 dt=1.3546976151609317e-3 collider=67 fraction=3.1759303058000224e-8 gaps=[5.536127112293343e-13, -5.551115123125783e-17, -8.713802345572397e-6, -1.7423697371121705e-5]
GRAZE elapsed=5.623938124719649e-3 dt=1.354697810534541e-4 collider=67 fraction=3.15084889585412e-6 gaps=[5.536127112293343e-13, 5.551115123125783e-17, -8.783119803679185e-8, -1.7562373788582164e-7]
GRAZE elapsed=5.623938124719649e-3 dt=1.3546997642706346e-5 collider=67 fraction=3.1529702623485074e-4 gaps=[5.536127112293343e-13, -1.6653345369377348e-16, -8.7717205721205e-10, -1.754505152273822e-9]
GRAZE elapsed=5.623938124719649e-3 dt=1.3547193016315702e-6 collider=67 fraction=3.1335549842417265e-2 gaps=[5.536127112293343e-13, 1.1102230246251565e-16, -8.277434293546548e-12, -1.7104151428526393e-11]
GRAZE elapsed=5.624073616187173e-3 dt=2.7092597171461605e-3 collider=7 fraction=4.440317130751926e-3 gaps=[7.880265092574668e-6, 0.0, -0.0008794730492282521, -0.0017668252494899561]
GRAZE elapsed=5.624073616187173e-3 dt=1.3606448447399304e-3 collider=7 fraction=8.974353559345234e-3 gaps=[7.880265092574668e-6, 3.3306690738754696e-16, -0.0004311632458205428, -0.0008702065620085908]
GRAZE elapsed=5.624073616187173e-3 dt=1.4689145957432325e-4 collider=7 fraction=8.429885527012955e-2 gaps=[7.880265092574668e-6, -5.551115123125783e-17, -3.88597823803849e-5, -8.559982845240954e-5]
GRAZE elapsed=5.624073616187173e-3 dt=2.5516121057762516e-5 collider=7 fraction=4.8598547365058137e-1 gaps=[7.880265092574668e-6, -2.7755575615628914e-16, -2.2724585108102602e-7, -8.334756755101758e-6]
GRAZE elapsed=5.624073616187173e-3 dt=1.3378587206106444e-5 collider=7 fraction=9.270214630831338e-1 gaps=[7.880265092574668e-6, 5.551115123125783e-17, 3.629950825367878e-6, -6.203634312362816e-7]
GRAZE elapsed=5.624073616187173e-3 dt=1.2890412345948267e-5 collider=7 fraction=9.621343751633107e-1 gaps=[7.880265092574668e-6, 1.1102230246251565e-16, 3.7850652406246077e-6, -3.1013460144446725e-7]
GRAZE elapsed=5.624073616187173e-3 dt=1.2451054971805909e-5 collider=7 fraction=9.960901357956099e-1 gaps=[7.880265092574668e-6, 1.1102230246251565e-16, 3.9246666888592685e-6, -3.0931705474745996e-8]
GRAZE elapsed=5.624073616187173e-3 dt=1.2407119234391673e-5 collider=7 fraction=9.996179793452412e-1 gaps=[7.880265092574668e-6, 0.0, 3.938626754351748e-6, -3.01157476734204e-9]
GRAZE elapsed=5.624073616187173e-3 dt=1.240272566065025e-5 collider=7 fraction=9.999721383917141e-1 gaps=[7.880265092574668e-6, 0.0, 3.940022759996165e-6, -2.195629233980867e-10]
GRAZE elapsed=0e0 dt=8.333333333333333e-3 collider=67 fraction=1.3769277631791463e-6 gaps=[9.093845676488854e-10, 1.6653345369377348e-16, -0.0003301357535511751, -0.0006601008605017222]
GRAZE elapsed=0e0 dt=4.166672403865679e-3 collider=67 fraction=5.360746792559825e-6 gaps=[9.093845676488854e-10, -2.7755575615628914e-16, -8.479393167237781e-5, -0.00016954076299258158]
GRAZE elapsed=0e0 dt=4.166775673447918e-4 collider=67 fraction=5.239082029168646e-4 gaps=[9.093845676488854e-10, 1.7208456881689926e-15, -8.66706655111571e-7, -1.7337867268540919e-6]
GRAZE elapsed=0e0 dt=4.1678083692703026e-5 collider=67 fraction=5.2752621764352206e-2 gaps=[9.093845676488854e-10, 1.7785772854495008e-13, -7.705830917803524e-9, -1.6315622242135674e-8]
GRAZE elapsed=0e0 dt=2.292810951009859e-5 collider=67 fraction=1.7592730385100133e-1 gaps=[9.093845676488854e-10, -5.551115123125783e-17, -1.6746302677894676e-9, -4.25700263928519e-9]
GRAZE elapsed=4.178135327494146e-6 dt=8.329155198005839e-3 collider=67 fraction=1.1392414968136914e-6 gaps=[7.523674461218377e-10, 1.6653345369377348e-16, -0.0003301190297222423, -0.0006600672878565028]
GRAZE elapsed=4.178135327494146e-6 dt=4.164582343462536e-3 collider=67 fraction=4.4312196176811936e-6 gaps=[7.523674461218377e-10, 1.6653345369377348e-16, -8.486921016392923e-5, -0.0001696911763797715]
GRAZE elapsed=4.178135327494146e-6 dt=4.1646677437356516e-4 collider=67 fraction=4.2579088640495996e-4 gaps=[7.523674461218377e-10, 1.4988010832439613e-15, -8.824726998035715e-7, -1.7651620044523142e-6]
GRAZE elapsed=4.178135327494146e-6 dt=4.165521746466799e-5 collider=67 fraction=3.665037365826324e-2 gaps=[7.523674461218377e-10, 8.609779555968089e-14, -9.508063891772167e-9, -1.9763074232681532e-8]
GRAZE elapsed=4.178135327494146e-6 dt=2.2914639619223134e-5 collider=67 fraction=1.0769456572946662e-1 gaps=[7.523674461218377e-10, 2.2459811788166917e-13, -2.7390059664789135e-9, -6.228738691493874e-9]
GRAZE elapsed=8.352197101272417e-6 dt=8.32498113623206e-3 collider=67 fraction=4.012329367030854e-7 gaps=[2.6498425675924864e-10, 1.1102230246251565e-16, -0.00033012667225545966, -0.0006600822589068467]
GRAZE elapsed=8.352197101272417e-6 dt=4.1624922382443455e-3 collider=67 fraction=1.559115950938535e-6 gaps=[2.6498425675924864e-10, -2.220446049250313e-16, -8.495478602243978e-5, -0.00016986189205675517]
GRAZE elapsed=8.352197101272417e-6 dt=4.1625223005540093e-4 collider=67 fraction=1.4722724566278855e-4 gaps=[2.6498425675924864e-10, 5.551115123125783e-17, -8.993828926051606e-7, -1.7984956255934215e-6]
GRAZE elapsed=8.352197101272417e-6 dt=4.1628229236506454e-5 collider=67 fraction=1.1052249772276743e-2 gaps=[2.6498425675924864e-10, 7.827072323607354e-15, -1.171981262038102e-8, -2.3699195605964007e-8]
GRAZE elapsed=8.352197101272417e-6 dt=4.165829154617005e-6 collider=67 fraction=3.1771959078803746e-1 gaps=[2.6498425675924864e-10, 6.461498003318411e-14, -1.5191359281629957e-10, -5.687576520863047e-10]
GRAZE elapsed=8.352197101272417e-6 dt=2.7446973444573976e-6 collider=67 fraction=5.19194228526235e-1 gaps=[2.6498425675924864e-10, 7.488454301096681e-14, 9.867828776322085e-12, -2.452248959450287e-10]
GRAZE elapsed=8.352197101272417e-6 dt=2.1051880298855745e-6 collider=67 fraction=7.010996584924101e-1 gaps=[2.6498425675924864e-10, 8.054668043655511e-14, 7.606126839476701e-11, -1.1284817524881419e-10]
GRAZE elapsed=8.352197101272417e-6 dt=1.5296296467709337e-6 collider=67 fraction=9.969631072397789e-1 gaps=[2.6498425675924864e-10, 8.576472865229334e-14, 1.3212808624984973e-10, -7.209233210403454e-13]
GRAZE elapsed=9.875431654897633e-6 dt=8.323457901678436e-3 collider=42 fraction=2.799934633168561e-6 gaps=[1.6285636172952422e-9, 0.0, -0.0002907648123429696, -0.0005814204016790225]
GRAZE elapsed=9.875431654897633e-6 dt=4.1617406034082415e-3 collider=42 fraction=1.092287759582526e-5 gaps=[1.6285636172952422e-9, 0.0, -7.453125818651651e-5, -0.00014903331558496768]
GRAZE elapsed=9.875431654897633e-6 dt=4.161950349650661e-4 collider=42 fraction=1.0403962897169734e-3 gaps=[1.6285636172952422e-9, 7.993605777301127e-15, -7.808603950110182e-7, -1.5630041415581886e-6]
GRAZE elapsed=9.875431654897633e-6 dt=4.164047812074858e-5 collider=42 fraction=7.288872276619411e-2 gaps=[1.6285636172952422e-9, -1.6653345369377348e-16, -9.541506029719926e-9, -2.0708048276141255e-8]
GRAZE elapsed=9.875431654897633e-6 dt=2.2912750278532702e-5 collider=42 fraction=1.892897100016646e-1 gaps=[1.6285636172952422e-9, 1.6653345369377348e-16, -2.6728793067753998e-9, -6.9732528085175716e-9]
GRAZE elapsed=9.875431654897633e-6 dt=1.4485272749535557e-5 collider=42 fraction=3.710425071105611e-1 gaps=[1.6285636172952422e-9, -2.220446049250313e-16, -5.659595014861907e-10, -2.7600550733808404e-9]
GRAZE elapsed=1.5933226875436045e-5 dt=8.317400106457897e-3 collider=42 fraction=3.9897097666773997e-7 gaps=[2.3206619959026398e-10, 2.220446049250313e-16, -0.00029077551569089977, -0.0005814406035959396]
GRAZE elapsed=1.5933226875436045e-5 dt=4.158701712429571e-3 collider=42 fraction=1.5542376445157101e-6 gaps=[2.3206619959026398e-10, 2.220446049250313e-16, -7.464035696835847e-5, -0.00014925017265882135]
GRAZE elapsed=1.5933226875436045e-5 dt=4.1587315780407654e-4 collider=42 fraction=1.4447062503602153e-4 gaps=[2.3206619959026398e-10, 3.885780586188048e-16, -8.027557378276207e-7, -1.6053990786746297e-6]
GRAZE elapsed=1.5933226875436045e-5 dt=4.159030234152709e-5 collider=42 fraction=8.712247141010585e-3 gaps=[2.3206619959026398e-10, 5.88418203051333e-15, -1.3084270722441005e-8, -2.639709173468674e-8]
GRAZE elapsed=1.5933226875436045e-5 dt=4.1620167952721375e-6 collider=42 fraction=1.7502477499752445e-1 gaps=[2.3206619959026398e-10, 2.3314683517128287e-14, -4.3080916611870634e-10, -1.0936492822466448e-9]
GRAZE elapsed=1.5933226875436045e-5 dt=2.4452364242002804e-6 collider=42 fraction=3.1238365124180234e-1 gaps=[2.3206619959026398e-10, 2.5202062658991053e-14, -1.393352100365064e-10, -5.107242961877034e-10]
GRAZE elapsed=1.5933226875436045e-5 dt=9.001340902356094e-7 collider=42 fraction=8.874044722526193e-1 gaps=[2.3206619959026398e-10, 2.786659791809143e-14, 1.0132561456543954e-10, -2.9413305124847966e-11]
GRAZE elapsed=1.5933226875436045e-5 dt=8.49458553768866e-7 collider=42 fraction=9.417561913610477e-1 gaps=[2.3206619959026398e-10, 2.7755575615628914e-14, 1.0887124535230441e-10, -1.432232110687437e-11]
GRAZE elapsed=1.5933226875436045e-5 dt=8.038505709487969e-7 collider=42 fraction=9.965356973125168e-1 gaps=[2.3206619959026398e-10, 2.808864252301646e-14, 1.1564343926906417e-10, -7.785994071696223e-13]
GRAZE elapsed=1.7067779487545658e-5 dt=8.316265553845787e-3 collider=67 fraction=1.9780481475523064e-9 gaps=[1.2889689315898067e-12, 4.440892098500626e-16, -0.00032572279091458434, -0.0006512540934488498]
GRAZE elapsed=1.7067779487545658e-5 dt=4.15813278514788e-3 collider=67 fraction=7.730106009216871e-9 gaps=[1.2889689315898067e-12, 1.6653345369377348e-16, -8.334846171287325e-5, -0.00016664721345199807]
GRAZE elapsed=1.7067779487545658e-5 dt=4.158132933197643e-4 collider=67 fraction=7.585055124523595e-7 gaps=[1.2889689315898067e-12, 3.3306690738754696e-16, -8.494083938992425e-7, -1.698284005979822e-6]
GRAZE elapsed=1.7067779487545658e-5 dt=4.158134413695274e-5 collider=67 fraction=7.56920869755252e-5 gaps=[1.2889689315898067e-12, -5.551115123125783e-17, -8.510566251729301e-9, -1.7017025399912455e-8]
GRAZE elapsed=1.7067779487545658e-5 dt=4.158149218671581e-6 collider=67 fraction=7.550228951380689e-3 gaps=[1.2889689315898067e-12, 2.220446049250313e-16, -8.404121842886525e-11, -1.6931800406183584e-10]
GRAZE elapsed=1.7067779487545658e-5 dt=4.158297268434641e-7 collider=67 fraction=7.545455013450244e-1 gaps=[1.2889689315898067e-12, 3.9968028886505635e-15, 4.3748338285354293e-13, -4.1366909897533333e-13]
GRAZE elapsed=1.7430025398719167e-5 dt=8.315903307934615e-3 collider=7 fraction=3.142019696620656e-5 gaps=[2.134748866566838e-8, 2.220446049250313e-15, -0.00033962850037005943, -0.0006791585668787237]
GRAZE elapsed=1.7430025398719167e-5 dt=4.1580822976272505e-3 collider=7 fraction=1.2270485160210135e-4 gaps=[2.134748866566838e-8, 7.882583474838611e-15, -8.695097252375827e-5, -0.0001738936837435423]
GRAZE elapsed=1.7430025398719167e-5 dt=4.160433883506236e-4 collider=7 fraction=1.1418976859474128e-2 gaps=[2.134748866566838e-8, 5.551115123125783e-17, -9.13245705391752e-7, -1.8475438267051558e-6]
GRAZE elapsed=1.7430025398719167e-5 dt=4.183949742296087e-5 collider=7 fraction=6.627837520183314e-1 gaps=[2.134748866566838e-8, 3.3306690738754696e-16, 5.242586087472745e-9, -1.0859317556288772e-8]
GRAZE elapsed=1.7430025398719167e-5 dt=3.478501825375609e-5 collider=7 fraction=8.769739303837896e-1 gaps=[2.134748866566838e-8, 1.1102230246251565e-16, 9.175599113842026e-9, -2.994216707907782e-9]
GRAZE elapsed=1.7430025398719167e-5 dt=3.2645286215112215e-5 collider=7 fraction=9.637049515010523e-1 gaps=[2.134748866566838e-8, 5.551115123125783e-17, 1.0270903072484572e-8, -8.038566479129372e-10]
GRAZE elapsed=1.7430025398719167e-5 dt=3.205285509189245e-5 collider=7 fraction=9.900976289338974e-1 gaps=[2.134748866566838e-8, -5.551115123125783e-17, 1.0566129249323097e-8, -2.1347001943894384e-10]
GRAZE elapsed=1.7430025398719167e-5 dt=3.189415545946849e-5 collider=7 fraction=9.973598317099632e-1 gaps=[2.134748866566838e-8, -4.440892098500626e-16, 1.0644622017164096e-8, -5.6500970568862385e-11]
GRAZE elapsed=1.7430025398719167e-5 dt=3.185205249052769e-5 collider=7 fraction=9.993004802935436e-1 gaps=[2.134748866566838e-8, -1.1102230246251565e-16, 1.0665404448495508e-8, -1.4941325954254125e-11]
GRAZE elapsed=1.7430025398719167e-5 dt=3.184091192132359e-5 collider=7 fraction=9.998149656423605e-1 gaps=[2.134748866566838e-8, -3.3306690738754696e-16, 1.0670900274512007e-8, -3.950229032767538e-12]
GRAZE elapsed=1.7430025398719167e-5 dt=3.183796608998158e-5 collider=7 fraction=9.999510763268965e-1 gaps=[2.134748866566838e-8, -1.6653345369377348e-16, 1.0672353334406637e-8, -1.0443312881136535e-12]
GRAZE elapsed=4.926643385845548e-5 dt=8.284066899474878e-3 collider=66 fraction=2.0907544880852433e-1 gaps=[7.409855790063702e-8, 2.7755575615628914e-16, -4.213041587819433e-8, 5.144430753611928e-8]
GRAZE elapsed=4.926643385845548e-5 dt=7.465057912661462e-3 collider=66 fraction=2.8401636952138576e-1 gaps=[7.409855790063702e-8, -1.1102230246251565e-16, -1.9529689254671467e-8, 5.745224335163002e-8]
GRAZE elapsed=0e0 dt=1.6666666666666666e-2 collider=6 fraction=4.606545701961644e-2 gaps=[5.8026621896356545e-8, -5.551115123125783e-17, -2.462028150240769e-7, 1.6798000529449908e-7]
GRAZE elapsed=0e0 dt=8.717212141830136e-3 collider=6 fraction=1.7884009650601806e-1 gaps=[5.8026621896356545e-8, 5.0237591864288333e-14, -3.7220333370946435e-8, 7.625530323851493e-8]
GRAZE elapsed=0e0 dt=6.928584873741917e-3 collider=6 fraction=3.5262942269068526e-1 gaps=[5.8026621896356545e-8, 5.551115123125783e-17, -4.4865319792641856e-9, 6.717373218778633e-8]
GRAZE elapsed=5.139957605653698e-3 dt=1.1526709061012969e-2 collider=6 fraction=1.1297764105382503e-1 gaps=[6.155683507369503e-8, 1.1102230246251565e-16, -8.494341768860991e-8, 9.425862473877444e-8]
GRAZE elapsed=5.139957605653698e-3 dt=6.414484729919982e-3 collider=33 fraction=4.56052028083599e-1 gaps=[0.0016679649350884729, 7.710498906021712e-14, -0.0001607307597656371, -0.001989322140375449]
GRAZE elapsed=5.139957605653698e-3 dt=4.669911750055633e-3 collider=33 fraction=6.427697878704801e-1 gaps=[0.0016679649350884729, 8.781864124784988e-14, 0.00037047457349626, -0.0009269597648970951]
GRAZE elapsed=5.139957605653698e-3 dt=3.0997960681777193e-3 collider=33 fraction=9.924016766095134e-1 gaps=[0.0016679649350884729, 9.903189379656396e-14, 0.0008275847663161695, -1.2770393011896086e-5]
GRAZE elapsed=5.139957605653698e-3 dt=3.0880194416924326e-3 collider=33 fraction=9.963747573765843e-1 gaps=[0.0016679649350884729, 9.89763826453327e-14, 0.0008309357573005882, -6.0685981665420385e-6]
GRAZE elapsed=5.139957605653698e-3 dt=3.0774204778556747e-3 collider=33 fraction=9.999766256645082e-1 gaps=[0.0016679649350884729, 9.89763826453327e-14, 0.0008339506466806257, -3.898723027750961e-8]
GRAZE elapsed=5.139957605653698e-3 dt=3.0773615947232483e-3 collider=33 fraction=9.999967056015394e-1 gaps=[0.0016679649350884729, 9.930944955272025e-14, 0.0008339673934127934, -5.494697363772616e-9]
GRAZE elapsed=5.139957605653698e-3 dt=3.077356525695598e-3 collider=33 fraction=9.999984342438497e-1 gaps=[0.0016679649350884729, 9.930944955272025e-14, 0.0008339688350748609, -2.6114539974919637e-9]
GRAZE elapsed=5.139957605653698e-3 dt=3.077351963570713e-3 collider=33 fraction=9.999999900271245e-1 gaps=[0.0016679649350884729, 9.914291609902648e-14, 0.0008339701325704718, -1.6534829061498613e-11]
GRAZE elapsed=5.139957605653698e-3 dt=3.077351938225575e-3 collider=33 fraction=9.99999998670211e-1 gaps=[0.0016679649350884729, 9.919842725025774e-14, 0.0008339701397788168, -2.1189161536483425e-12]
GRAZE elapsed=8.26196071126647e-3 dt=8.404705955400197e-3 collider=7 fraction=2.2818369545094677e-5 gaps=[1.5624421312310233e-8, 1.0547118733938987e-15, -0.00034226551522587023, -0.0006843788193118261]
GRAZE elapsed=8.26196071126647e-3 dt=4.2024488685433025e-3 collider=7 fraction=8.966983462892328e-5 gaps=[1.5624421312310233e-8, 3.7192471324942744e-15, -8.708460779444094e-5, -0.00017414142473048955]
GRAZE elapsed=8.26196071126647e-3 dt=4.204174903720976e-4 collider=7 fraction=9.873424574921357e-3 gaps=[1.5624421312310233e-8, -5.551115123125783e-17, -7.753997217641029e-7, -1.565991258833943e-6]
GRAZE elapsed=8.26196071126647e-3 dt=2.3131592146353737e-4 collider=67 fraction=3.3880712912283034e-2 gaps=[1.6286208825988524e-8, 3.3306690738754696e-16, -2.24017078775951e-7, -4.6422807048474013e-7]
GRAZE elapsed=8.304175063821447e-3 dt=8.36249160284522e-3 collider=33 fraction=6.996699326792899e-10 gaps=[5.524469770534779e-13, -5.551115123125783e-17, -0.0003947056310703023, -0.0007892401126451953]
GRAZE elapsed=8.304175063821447e-3 dt=4.181245804348101e-3 collider=33 fraction=2.557962957724371e-9 gaps=[5.524469770534779e-13, 5.551115123125783e-17, -0.00010796199092738545, -0.00021587649701187983]
GRAZE elapsed=8.304175063821447e-3 dt=4.181245857006957e-4 collider=33 fraction=1.72302243474656e-7 gaps=[5.524469770534779e-13, -3.885780586188048e-16, -1.6027439853072423e-6, -3.2047107072497028e-6]
GRAZE elapsed=8.304175063821447e-3 dt=4.181246383595512e-5 collider=33 fraction=1.7522258380496892e-5 gaps=[5.524469770534779e-13, -4.440892098500626e-16, -1.575883334936634e-8, -3.150869415380342e-8]
GRAZE elapsed=8.304175063821447e-3 dt=4.181251649481055e-6 collider=33 fraction=1.7518743893027988e-3 gaps=[5.524469770534779e-13, -3.3306690738754696e-16, -1.570722996113716e-10, -3.146026217315523e-10]
GRAZE elapsed=8.304175063821447e-3 dt=4.1813043083364863e-7 collider=33 fraction=1.7507667948815708e-1 gaps=[5.524469770534779e-13, 4.996003610813204e-16, -1.0240697179142444e-12, -2.5990876117987227e-12]
GRAZE elapsed=8.30424826870887e-3 dt=8.362418397957797e-3 collider=67 fraction=1.0027510224147778e-7 gaps=[6.174177835660544e-11, 4.996003610813204e-16, -0.0003077964350014506, -0.000615461718860677]
GRAZE elapsed=8.30424826870887e-3 dt=4.181209618250078e-3 collider=67 fraction=3.9030639372915343e-7 gaps=[6.174177835660544e-11, 5.551115123125783e-17, -7.907750518959533e-5, -0.00015812219693273066]
GRAZE elapsed=8.30424826870887e-3 dt=4.181217165131317e-4 collider=67 fraction=3.373259109160247e-5 gaps=[6.174177835660544e-11, 4.440892098500626e-16, -9.149544363817874e-7, -1.8296729744626816e-6]
GRAZE elapsed=8.30424826870887e-3 dt=4.181292633943703e-5 collider=67 fraction=1.2881463065370908e-3 gaps=[6.174177835660544e-11, 3.3306690738754696e-16, -2.390203723834361e-8, -4.786272306267492e-8]
GRAZE elapsed=8.30424826870887e-3 dt=4.18204732206756e-6 collider=67 fraction=1.833522691534384e-2 gaps=[6.174177835660544e-11, 4.996003610813204e-16, -1.6219302567677119e-9, -3.3055712056473396e-9]
GRAZE elapsed=8.30424826870887e-3 dt=4.189594203306131e-7 collider=67 fraction=1.9112443911703636e-1 gaps=[6.174177835660544e-11, 4.440892098500626e-16, -9.977974002595147e-11, -2.613012584085084e-10]
GRAZE elapsed=8.304328342093093e-3 dt=8.362338324573573e-3 collider=7 fraction=9.878719957138217e-6 gaps=[6.758972381781803e-9, -1.6653345369377348e-16, -0.00034201021357160855, -0.00068386579845231]
GRAZE elapsed=8.304328342093093e-3 dt=4.1812104668860345e-3 collider=7 fraction=3.820018557348085e-5 gaps=[6.758972381781803e-9, 5.551115123125783e-16, -8.843966390842395e-5, -0.00017684333722539636]
GRAZE elapsed=8.304328342093093e-3 dt=4.181953949672492e-4 collider=7 fraction=3.5130892978204454e-3 gaps=[6.758972381781803e-9, 5.367928324062632e-14, -9.54990129697908e-7, -1.9163099864716315e-6]
GRAZE elapsed=8.304328342093093e-3 dt=4.18938877753707e-5 collider=7 fraction=1.6276366768838169e-1 gaps=[6.758972381781803e-9, -2.220446049250313e-16, -1.400270022156036e-8, -3.475999660329521e-8]
GRAZE elapsed=8.304328342093093e-3 dt=2.4356345301707744e-5 collider=7 fraction=3.3534014865877215e-1 gaps=[6.758972381781803e-9, 0.0, -3.3185700298865584e-9, -1.3394631237506616e-8]
GRAZE elapsed=8.304328342093093e-3 dt=1.6464451188559418e-5 collider=7 fraction=5.446620918452646e-1 gaps=[6.758972381781803e-9, -3.3306690738754696e-16, 5.542029613003763e-10, -5.649889944780995e-9]
GRAZE elapsed=8.304328342093093e-3 dt=1.291309883764267e-5 collider=7 fraction=7.264737029638385e-1 gaps=[6.758972381781803e-9, 5.551115123125783e-17, 2.1069737066170546e-9, -2.544608468380005e-9]
GRAZE elapsed=8.304328342093093e-3 dt=1.1314990279730132e-5 collider=7 fraction=8.466464587971168e-1 gaps=[6.758972381781803e-9, -1.1102230246251565e-16, 2.767247320178967e-9, -1.2241583302596837e-9]
GRAZE elapsed=8.31404522381491e-3 dt=8.352621442851756e-3 collider=7 fraction=7.094998079356541e-8 gaps=[4.854244783913941e-11, -3.3306690738754696e-16, -0.0003420087880253164, -0.0006838566590585127]
GRAZE elapsed=8.31404522381491e-3 dt=4.176311017735044e-3 collider=7 fraction=2.7377244652635297e-7 gaps=[4.854244783913941e-11, 0.0, -8.863338091258388e-5, -0.00017722417705096083]
GRAZE elapsed=8.31404522381491e-3 dt=4.176316351300022e-4 collider=7 fraction=2.4299404443971144e-5 gaps=[4.854244783913941e-11, -3.3306690738754696e-16, -9.985777637555593e-7, -1.9967761941130924e-6]
GRAZE elapsed=8.31404522381491e-3 dt=4.176369686949808e-5 collider=7 fraction=9.913649534816216e-4 gaps=[4.854244783913941e-11, -1.1102230246251565e-16, -2.443190083578628e-8, -4.890799926160483e-8]
GRAZE elapsed=8.31404522381491e-3 dt=4.17690304344766e-6 collider=7 fraction=1.4137949406602957e-2 gaps=[4.854244783913941e-11, -2.7755575615628914e-16, -1.6681762637915654e-9, -3.3848513991685536e-9]
GRAZE elapsed=8.31404522381491e-3 dt=4.1822366084261767e-7 collider=7 fraction=1.475084187675435e-1 gaps=[4.854244783913941e-11, -1.6653345369377348e-16, -1.159984885923393e-10, -2.8053914746806186e-10]
GRAZE elapsed=8.31487025113968e-3 dt=8.351796415526986e-3 collider=33 fraction=1.3686911263547492e-8 gaps=[1.0679290785020612e-11, 5.551115123125783e-17, -0.00039004136769671405, -0.0007799096363535485]
GRAZE elapsed=8.31487025113968e-3 dt=4.175898264918642e-3 collider=33 fraction=5.052255484278888e-8 gaps=[1.0679290785020612e-11, -3.3306690738754696e-16, -0.00010566456214200493, -0.00021128156733907222]
GRAZE elapsed=8.31487025113968e-3 dt=4.1758992937113095e-4 collider=33 fraction=3.411058991531854e-6 gaps=[1.0679290785020612e-11, -1.6653345369377348e-16, -1.5650003066247642e-6, -3.1292487289169557e-6]
GRAZE elapsed=8.31487025113968e-3 dt=4.1759095816379886e-5 collider=33 fraction=3.473851295012764e-4 gaps=[1.0679290785020612e-11, 2.220446049250313e-16, -1.535556232168389e-8, -3.071238607876836e-8]
GRAZE elapsed=8.31487025113968e-3 dt=4.176012460904776e-6 collider=33 fraction=3.507493103311887e-2 gaps=[1.0679290785020612e-11, 1.27675647831893e-15, -1.4149104110572353e-10, -2.935676701731893e-10]
GRAZE elapsed=8.31487025113968e-3 dt=2.2968582931310205e-6 collider=33 fraction=1.1592041758972016e-1 gaps=[1.0679290785020612e-11, 4.829470157119431e-15, -3.535099990514823e-11, -8.13536460420039e-11]
GRAZE elapsed=8.315287955265038e-3 dt=8.351378711401628e-3 collider=33 fraction=9.786071530014431e-9 gaps=[7.63583640761567e-12, -1.6653345369377348e-16, -0.0003900514801872257, -0.0007799298308036606]
GRAZE elapsed=8.315287955265038e-3 dt=4.175689396564409e-3 collider=33 fraction=3.611940596084176e-8 gaps=[7.63583640761567e-12, -2.7755575615628914e-16, -0.00010567889811052833, -0.00021131022871329064]
GRAZE elapsed=8.315287955265038e-3 dt=4.1756901321091144e-4 collider=33 fraction=2.4343821908355585e-6 gaps=[7.63583640761567e-12, -2.220446049250313e-16, -1.5679426693671061e-6, -3.135130648368456e-6]
GRAZE elapsed=8.315287955265038e-3 dt=4.175697487556164e-5 collider=33 fraction=2.4356021519977844e-4 gaps=[7.63583640761567e-12, -4.440892098500626e-16, -1.5663102870266954e-8, -3.132442349951248e-8]
GRAZE elapsed=8.315287955265038e-3 dt=4.175771042026664e-6 collider=33 fraction=2.0904229230904292e-2 gaps=[7.63583640761567e-12, 4.996003610813204e-16, -1.749452804844509e-10, -3.5743202841942434e-10]
GRAZE elapsed=8.315287955265038e-3 dt=4.176506586731661e-7 collider=33 fraction=8.354494167314748e-1 gaps=[7.63583640761567e-12, 8.548717289613705e-15, 3.0703772857521017e-12, -1.4938605907843794e-12]
GRAZE elapsed=8.315652563195533e-3 dt=8.351014103471133e-3 collider=67 fraction=5.5348539782507625e-9 gaps=[3.390399072600303e-12, 2.220446049250313e-16, -0.0003062162173796956, -0.0006123102285761628]
GRAZE elapsed=8.315652563195533e-3 dt=4.175507074846389e-3 collider=67 fraction=2.1745207023360745e-8 gaps=[3.390399072600303e-12, 2.220446049250313e-16, -7.794172298247748e-5, -0.00015585209521168375]
GRAZE elapsed=8.315652563195533e-3 dt=4.175507490841182e-4 collider=67 fraction=2.2908455764312002e-6 gaps=[3.390399072600303e-12, 1.1102230246251565e-16, -7.398360548638294e-7, -1.4793772403209893e-6]
GRAZE elapsed=8.315652563195533e-3 dt=4.1755116507891086e-5 collider=67 fraction=1.7894030699380407e-4 gaps=[3.390399072600303e-12, 2.220446049250313e-16, -9.46860478912015e-9, -1.89375048420537e-8]
GRAZE elapsed=8.315652563195533e-3 dt=4.175553250268379e-6 collider=67 fraction=9.315241714578093e-3 gaps=[3.390399072600303e-12, 0.0, -1.785727676839599e-10, -3.605042375731671e-10]
GRAZE elapsed=8.315652563195533e-3 dt=4.1759692450610763e-7 collider=67 fraction=2.839936327437833e-1 gaps=[3.390399072600303e-12, 6.106226635438361e-16, -2.5779378631796135e-12, -8.545553153993524e-12]
GRAZE elapsed=8.315652563195533e-3 dt=2.6809589605961425e-7 collider=67 fraction=4.816065717078253e-1 gaps=[3.390399072600303e-12, 7.216449660063518e-16, -1.2884138200774942e-13, -3.6478042808596456e-12]
GRAZE elapsed=8.31578610816599e-3 dt=8.350880558500676e-3 collider=42 fraction=2.2623006455972126e-5 gaps=[1.2465758869595334e-8, 1.3322676295501878e-15, -0.00027542421083820434, -0.0005507126927148387]
GRAZE elapsed=8.31578610816599e-3 dt=4.175534740262732e-3 collider=42 fraction=8.716520875843225e-5 gaps=[1.2465758869595334e-8, 5.384581669432009e-15, -7.14742371736854e-5, -0.0001429213548957975]
GRAZE elapsed=8.31578610816599e-3 dt=4.1772350384858243e-4 collider=42 fraction=8.185730474568652e-3 gaps=[1.2465758869595334e-8, 1.1102230246251565e-16, -7.487714857590255e-7, -1.5096121477320423e-6]
GRAZE elapsed=8.31578610816599e-3 dt=4.194238020716746e-5 collider=42 fraction=3.7305762621839006e-1 gaps=[1.2465758869595334e-8, -5.551115123125783e-17, -4.241275719518711e-9, -2.0944239231823758e-8]
GRAZE elapsed=0e0 dt=8.333333333333333e-3 collider=6 fraction=1.9988426289425773e-1 gaps=[5.8026621896356545e-8, 5.551115123125783e-17, -2.9710938653781938e-8, 7.398748863574056e-8]
GRAZE elapsed=0e0 dt=6.66642554769637e-3 collider=6 fraction=4.5206766535023835e-1 gaps=[5.8026621896356545e-8, 6.361577931102147e-14, -1.850464781405492e-10, 6.614732089849085e-8]
GRAZE elapsed=4.999517762059407e-3 dt=3.333815571273926e-3 collider=33 fraction=9.632969376933973e-1 gaps=[0.0017397392108079446, 1.176836406102666e-13, 0.0008367128546710734, -6.628455424118052e-5]
GRAZE elapsed=4.999517762059407e-3 dt=3.2726349509583316e-3 collider=33 fraction=9.822699528669138e-1 gaps=[0.0017397392108079446, 1.1823875212257917e-13, 0.0008541549336655851, -3.140143414642749e-5]
GRAZE elapsed=4.999517762059407e-3 dt=3.2175723926742964e-3 collider=33 fraction=9.999651786410798e-1 gaps=[0.0017397392108079446, 1.18849374786123e-13, 0.0008698258198059916, -6.05801930286809e-8]
GRAZE elapsed=4.999517762059407e-3 dt=3.217495916898902e-3 collider=33 fraction=9.999901782429195e-1 gaps=[0.0017397392108079446, 1.1907141939104804e-13, 0.0008698475671281569, -1.7086814185773846e-8]
GRAZE elapsed=4.999517762059407e-3 dt=3.2174801161672503e-3 collider=33 fraction=9.999953435827432e-1 gaps=[0.0017397392108079446, 1.1934897514720433e-13, 0.0008698520603562243, -8.100618675843663e-9]
GRAZE elapsed=4.999517762059407e-3 dt=3.217465895508764e-3 collider=33 fraction=9.999999924324581e-1 gaps=[0.0017397392108079446, 1.18849374786123e-13, 0.0008698561042601582, -1.304606422891652e-11]
GRAZE elapsed=4.999517762059407e-3 dt=3.217465875757849e-3 collider=33 fraction=9.999999988891339e-1 gaps=[0.0017397392108079446, 1.191269305422793e-13, 0.0008698561098767765, -1.8136048218764245e-12]
GRAZE elapsed=8.26163021739065e-3 dt=7.170311594268362e-5 collider=67 fraction=3.4456623217053634e-1 gaps=[1.6067674246666996e-8, 3.885780586188048e-16, -7.246687083739545e-9, -3.055179725874879e-8]
GRAZE elapsed=8.26163021739065e-3 dt=4.820479421897062e-5 collider=67 fraction=7.621640869061194e-1 gaps=[1.6067674246666996e-8, 1.6653345369377348e-16, 5.5257471376357614e-9, -5.011969617108036e-9]
GRAZE elapsed=8.26163021739065e-3 dt=4.247237859468487e-5 collider=67 fraction=9.817315135991439e-1 gaps=[1.6067674246666996e-8, 5.551115123125783e-16, 7.88276283136824e-9, -2.988742586751414e-10]
GRAZE elapsed=8.26163021739065e-3 dt=4.208442555930036e-5 collider=67 fraction=9.999120278099349e-1 gaps=[1.6067674246666996e-8, 1.1657341758564144e-15, 8.031523057727696e-9, -1.4118706204158116e-12]
GRAZE elapsed=8.303712218243478e-3 dt=2.962111508985482e-5 collider=33 fraction=3.511441073852804e-5 gaps=[5.610512054943229e-13, 2.7755575615628914e-16, -7.985955952083401e-9, -1.596770499157074e-8]
GRAZE elapsed=8.303712218243478e-3 dt=1.481107760892831e-5 collider=33 fraction=1.395960717032053e-4 gaps=[5.610512054943229e-13, 4.996003610813204e-16, -2.00839489483684e-9, -4.0161614034417426e-9]
GRAZE elapsed=8.303712218243478e-3 dt=1.4820438760944498e-6 collider=33 fraction=1.2602837266033617e-2 gaps=[5.610512054943229e-13, 4.440892098500626e-16, -2.1691037854765227e-11, -4.393080343945144e-11]
GRAZE elapsed=8.303712218243478e-3 dt=1.4914050281106353e-7 collider=33 fraction=6.369153959790701e-1 gaps=[5.610512054943229e-13, 8.881784197001252e-16, 1.2151391004522338e-13, -3.182454300088011e-13]
GRAZE elapsed=8.303814483628293e-3 dt=2.9518849705039915e-5 collider=7 fraction=2.5811069499527484e-1 gaps=[6.653333883832602e-9, 1.6653345369377348e-16, -6.2346683926683966e-9, -1.9120496630442574e-8]
GRAZE elapsed=8.303814483628293e-3 dt=1.8568990258934415e-5 collider=7 fraction=4.6482914755288907e-1 gaps=[6.653333883832602e-9, -1.1102230246251565e-16, -5.033877203963755e-10, -7.659248901781268e-9]
GRAZE elapsed=8.303814483628293e-3 dt=1.364155350818694e-5 collider=7 fraction=6.7296824137894e-1 gaps=[6.653333883832602e-9, -5.551115123125783e-17, 1.709978936226264e-9, -3.2329117716223266e-9]
GRAZE elapsed=8.303814483628293e-3 dt=1.1424206970350578e-5 collider=7 fraction=8.272620420244463e-1 gaps=[6.653333883832602e-9, -5.551115123125783e-17, 2.6319296742016718e-9, -1.3891487959938331e-9]
GRAZE elapsed=8.303814483628293e-3 dt=1.0437509878576355e-5 collider=7 fraction=9.174956075110907e-1 gaps=[6.653333883832602e-9, 0.0, 3.0274082130077318e-9, -5.982457862430124e-10]
GRAZE elapsed=8.303814483628293e-3 dt=1.0006939672761889e-5 collider=7 fraction=9.625531867691909e-1 gaps=[6.653333883832602e-9, -5.551115123125783e-17, 3.1971316705181607e-9, -2.588201319930761e-10]
GRAZE elapsed=8.303814483628293e-3 dt=9.819575672292945e-6 collider=7 fraction=9.834147915085539e-1 gaps=[6.653333883832602e-9, 0.0, 3.2704466357280637e-9, -1.1220024909164295e-10]
GRAZE elapsed=8.303814483628293e-3 dt=9.73814581738169e-6 collider=7 fraction=9.927355845772514e-1 gaps=[6.653333883832602e-9, 4.996003610813204e-16, 3.302207340905028e-9, -4.868261349599834e-11]
GRAZE elapsed=8.303814483628293e-3 dt=9.70277484904931e-6 collider=7 fraction=9.9683383058436e-1 gaps=[6.653333883832602e-9, 3.885780586188048e-16, 3.3159840984176014e-9, -2.1130930338841836e-11]
GRAZE elapsed=8.303814483628293e-3 dt=9.687414534562359e-6 collider=7 fraction=9.986230317821725e-1 gaps=[6.653333883832602e-9, -1.1102230246251565e-16, 3.3219630934944178e-9, -9.173273252116587e-12]
GRAZE elapsed=8.303814483628293e-3 dt=9.680744903598852e-6 collider=7 fraction=9.994017099490102e-1 gaps=[6.653333883832602e-9, 5.551115123125783e-17, 3.3245585728813865e-9, -3.982703056237824e-12]
GRAZE elapsed=8.303814483628293e-3 dt=9.677848956917856e-6 collider=7 fraction=9.99740104823609e-1 gaps=[6.653333883832602e-9, 3.885780586188048e-16, 3.3256853937402298e-9, -1.7291723608536813e-12]
GRAZE elapsed=8.314247844592445e-3 dt=1.908548874088832e-5 collider=33 fraction=1.58818713204667e-3 gaps=[1.0174694420328478e-11, -5.551115123125783e-17, -3.192069331081626e-9, -6.392352258632883e-9]
GRAZE elapsed=8.314247844592445e-3 dt=9.55790003425771e-6 collider=33 fraction=6.3617448822910205e-3 gaps=[1.0174694420328478e-11, 1.1102230246251565e-16, -7.892403397491421e-10, -1.5881640447190648e-9]
GRAZE elapsed=8.314247844592445e-3 dt=9.830701982901614e-7 collider=33 fraction=6.018414863175288e-1 gaps=[1.0174694420328478e-11, 2.481348460037225e-14, 1.741828903334408e-12, -6.6861516323513115e-12]
GRAZE elapsed=8.314247844592445e-3 dt=7.873613137917899e-7 collider=33 fraction=9.3711739014039e-1 gaps=[1.0174694420328478e-11, 3.852473895449293e-14, 4.7647996659350156e-12, -6.412648190234904e-13]
GRAZE elapsed=8.314247844592445e-3 dt=7.626056466349303e-7 collider=33 fraction=9.987313470504908e-1 gaps=[1.0174694420328478e-11, 4.1022740759899534e-14, 5.0998094636156566e-12, 2.7977620220553945e-14]
GRAZE elapsed=8.315023524826753e-3 dt=1.830980850658047e-5 collider=67 fraction=7.868074879766596e-4 gaps=[3.565869821642309e-12, 2.7755575615628914e-16, -2.2621675088707605e-9, -4.5273008675295046e-9]
GRAZE elapsed=8.315023524826753e-3 dt=9.162107400508434e-6 collider=67 fraction=2.3550781113748087e-3 gaps=[3.565869821642309e-12, -1.6653345369377348e-16, -7.534153301236302e-10, -1.5102465389382758e-9]
GRAZE elapsed=8.315023524826753e-3 dt=9.291764050436e-7 collider=67 fraction=1.0551222983875164e-1 gaps=[3.565869821642309e-12, 3.3306690738754696e-16, -1.3329559678254554e-11, -3.022387895512679e-11]
GRAZE elapsed=8.315023524826753e-3 dt=5.175298552703583e-7 collider=67 fraction=2.3000552419961195e-1 gaps=[3.565869821642309e-12, 4.996003610813204e-16, -4.1845416021146775e-12, -1.1934453425510583e-11]
GRAZE elapsed=0e0 dt=8.333333333333333e-3 collider=42 fraction=2.0687503008730874e-6 gaps=[1.1400071997513805e-9, 0.0, -0.00027545571673370794, -0.0005507652077804126]
GRAZE elapsed=0e0 dt=4.166675286459587e-3 collider=42 fraction=7.940697290258576e-6 gaps=[1.1400071997513805e-9, 2.220446049250313e-16, -7.176176252199351e-5, -0.00014348531504848605]
GRAZE elapsed=0e0 dt=4.1668304427321524e-4 collider=42 fraction=7.000880253475061e-4 gaps=[1.1400071997513805e-9, 3.219646771412954e-15, -8.128495567194527e-7, -1.6264451935810165e-6]
GRAZE elapsed=0e0 dt=4.168382005457808e-5 collider=42 fraction=2.5932231694962837e-2 gaps=[1.1400071997513805e-9, 4.3853809472693683e-14, -2.08377573529539e-8, -4.281151511076331e-8]
GRAZE elapsed=0e0 dt=4.183897632714356e-6 collider=42 fraction=3.4848103956076315e-1 gaps=[1.1400071997513805e-9, 8.021361352916756e-14, -4.955527654892933e-10, -2.1310717635003584e-9]
GRAZE elapsed=0e0 dt=2.8209533145892355e-6 collider=42 fraction=5.235538162311677e-1 gaps=[1.1400071997513805e-9, 8.182343691487404e-14, 5.1364856812341486e-11, -1.0372588343798839e-9]
GRAZE elapsed=0e0 dt=1.5943034282766268e-6 collider=42 fraction=9.373156108143021e-1 gaps=[1.1400071997513805e-9, 8.393286066166183e-14, 5.319260587555164e-10, -7.614936459177102e-11]
GRAZE elapsed=0e0 dt=1.5443344599875347e-6 collider=42 fraction=9.681094905932355e-1 gaps=[1.1400071997513805e-9, 8.393286066166183e-14, 5.512678646901747e-10, -3.7466085789361614e-11]
GRAZE elapsed=0e0 dt=1.4993623885273516e-6 collider=42 fraction=9.975792847852532e-1 gaps=[1.1400071997513805e-9, 8.432143872028064e-14, 5.686599524601377e-10, -2.6821322940406844e-12]
GRAZE elapsed=1.4957328591810243e-6 dt=8.331837600474153e-3 collider=6 fraction=3.490286228870006e-1 gaps=[6.677336628069241e-8, 1.8474111129762605e-13, -5.745683151481273e-9, 7.50590931630768e-8]
GRAZE elapsed=1.4957328591810243e-6 dt=5.6199437021428895e-3 collider=65 fraction=5.879239362930831e-1 gaps=[4.708529646230142e-5, 2.7755575615628914e-16, 7.036183030606491e-6, -3.295130284847181e-5]
GRAZE elapsed=1.4957328591810243e-6 dt=3.30409942310937e-3 collider=65 fraction=9.836784872190771e-1 gaps=[4.708529646230142e-5, -3.3306690738754696e-16, 2.3141289727690584e-5, -7.805300383800784e-7]
GRAZE elapsed=1.4957328591810243e-6 dt=3.2501715221456506e-3 collider=65 fraction=9.996374903455149e-1 gaps=[4.708529646230142e-5, 1.6653345369377348e-16, 2.3523374552414378e-5, -1.705947982877376e-8]
GRAZE elapsed=1.4957328591810243e-6 dt=3.249102391775857e-3 collider=65 fraction=9.99959251835261e-1 gaps=[4.708529646230142e-5, 3.885780586188048e-16, 2.3530952685868467e-5, -1.916966918535934e-9]
GRAZE elapsed=1.4957328591810243e-6 dt=3.248969996816343e-3 collider=65 fraction=9.999991117165522e-1 gaps=[4.708529646230142e-5, -1.6653345369377348e-16, 2.3531891127137605e-5, -4.178729584580765e-11]
GRAZE elapsed=1.4957328591810243e-6 dt=3.2489670695181857e-3 collider=65 fraction=9.999999930591134e-1 gaps=[4.708529646230142e-5, 3.885780586188048e-16, 2.3531911876817357e-5, -3.262945469373335e-13]
GRAZE elapsed=3.251903985375649e-3 dt=5.081429347957684e-3 collider=33 fraction=6.257957464149441e-5 gaps=[1.7449317657458607e-8, 2.4980018054066022e-15, -0.00013937289057980307, -0.0002787098354526396]
GRAZE elapsed=3.251903985375649e-3 dt=2.540873670822425e-3 collider=33 fraction=2.46679891219688e-4 gaps=[1.7449317657458607e-8, 9.048317650695026e-15, -3.5343865727066603e-5, -7.069115190716513e-5]
GRAZE elapsed=3.251903985375649e-3 dt=2.5437356140069184e-4 collider=33 fraction=2.462114597139271e-2 gaps=[1.7449317657458607e-8, 4.440892098500626e-16, -3.3683698785758054e-7, -6.909760072448812e-7]
GRAZE elapsed=3.251903985375649e-3 dt=1.400485559296052e-4 collider=33 fraction=8.240886358203044e-2 gaps=[1.7449317657458607e-8, -2.7755575615628914e-16, -8.840237386564809e-8, -1.9420927738211802e-7]
GRAZE elapsed=3.277627535834168e-3 dt=5.055705797499165e-3 collider=33 fraction=4.131004518988575e-5 gaps=[1.1520969456224606e-8, 1.1657341758564144e-15, -0.00013940684887564503, -0.0002787716805318641]
GRAZE elapsed=3.277627535834168e-3 dt=2.5279573244670634e-3 collider=33 fraction=1.6120840521679432e-4 gaps=[1.1520969456224606e-8, 3.83026943495679e-15, -3.5714595727986964e-5, -7.142665390191816e-5]
GRAZE elapsed=3.277627535834168e-3 dt=2.529836987381717e-4 collider=33 fraction=1.3592895335429437e-2 gaps=[1.1520969456224606e-8, 2.220446049250313e-16, -4.1219377006074254e-7, -8.357611115394903e-7]
GRAZE elapsed=3.277627535834168e-3 dt=2.548633616528248e-5 collider=33 fraction=5.569391420790374e-1 gaps=[1.1520969456224606e-8, 0.0, 1.177770436733283e-9, -9.163921954602472e-9]
GRAZE elapsed=3.277627535834168e-3 dt=1.9840337181956424e-5 collider=33 fraction=7.7612604544536e-1 gaps=[1.1520969456224606e-8, 2.7755575615628914e-16, 4.09861800054756e-9, -3.322820352202882e-9]
GRAZE elapsed=3.277627535834168e-3 dt=1.76194698096454e-5 collider=33 fraction=9.041182352649382e-1 gaps=[1.1520969456224606e-8, 2.220446049250313e-16, 5.149293991202342e-9, -1.2216607170323357e-9]
GRAZE elapsed=3.277627535834168e-3 dt=1.6774776880122928e-5 collider=33 fraction=9.622755509292373e-1 gaps=[1.1520969456224606e-8, 4.440892098500626e-16, 5.534352476299631e-9, -4.5161130390880544e-10]
GRAZE elapsed=3.277627535834168e-3 dt=1.6458367272079127e-5 collider=33 fraction=9.856856410579655e-1 gaps=[1.1520969456224606e-8, 0.0, 5.676524195141752e-9, -1.6729229113110478e-10]
GRAZE elapsed=3.277627535834168e-3 dt=1.634057178371294e-5 collider=33 fraction=9.946451529054281e-1 gaps=[1.1520969456224606e-8, -2.7755575615628914e-16, 5.72916569741011e-9, -6.201861246779572e-11]
GRAZE elapsed=3.277627535834168e-3 dt=1.6296821152043112e-5 collider=33 fraction=9.980075449102569e-1 gaps=[1.1520969456224606e-8, 0.0, 5.748677311956385e-9, -2.2998103421656424e-11]
GRAZE elapsed=3.277627535834168e-3 dt=1.6280585809917604e-5 collider=33 fraction=9.992601545646583e-1 gaps=[1.1520969456224606e-8, -5.551115123125783e-17, 5.755912801941321e-9, -8.528788786321684e-12]
GRAZE elapsed=3.277627535834168e-3 dt=1.6274563251369526e-5 collider=33 fraction=9.997254944143492e-1 gaps=[1.1520969456224606e-8, -1.1102230246251565e-16, 5.75859576690263e-9, -3.1635249975181523e-12]
GRAZE elapsed=3.277627535834168e-3 dt=1.627232952211126e-5 collider=33 fraction=9.998981515953429e-1 gaps=[1.1520969456224606e-8, 2.220446049250313e-16, 5.759590693266148e-9, -1.173394714726328e-12]
GRAZE elapsed=0e0 dt=1.6666666666666666e-2 collider=7 fraction=1.925500394570665e-6 gaps=[4.871467673694951e-9, -1.1102230246251565e-16, -0.00126483073631517, -0.0025293617137378543]
GRAZE elapsed=0e0 dt=8.333349379169954e-3 collider=7 fraction=7.345823546257836e-6 gaps=[4.871467673694951e-9, 4.440892098500626e-16, -0.00033152668475955327, -0.0006629597023870004]
GRAZE elapsed=0e0 dt=8.333638204229141e-4 collider=7 fraction=7.056912730069278e-4 gaps=[4.871467673694951e-9, 7.271960811294775e-15, -3.4460466740160456e-6, -6.8956946880915915e-6]
GRAZE elapsed=0e0 dt=8.336526454820997e-5 collider=7 fraction=7.021931287121523e-2 gaps=[4.871467673694951e-9, 4.996003610813204e-16, -2.9810443169520084e-8, -6.44793054505044e-8]
GRAZE elapsed=0e0 dt=4.5865336754474765e-5 collider=7 fraction=2.3184665658069525e-1 gaps=[4.871467673694951e-9, 1.1102230246251565e-16, -5.633268462812424e-9, -1.6134049540816875e-8]
GRAZE elapsed=0e0 dt=2.8990369247293923e-5 collider=7 fraction=5.79993269895409e-1 gaps=[4.871467673694951e-9, 0.0, 6.717512102127898e-10, -3.526383740570793e-9]
GRAZE elapsed=0e0 dt=2.2902294151253616e-5 collider=7 fraction=9.290257475317356e-1 gaps=[4.871467673694951e-9, -3.885780586188048e-16, 2.2492289142306277e-9, -3.7202296798710677e-10]
GRAZE elapsed=0e0 dt=2.208955754765685e-5 collider=7 fraction=9.985923860047586e-1 gaps=[4.871467673694951e-9, 1.6653345369377348e-16, 2.431842671679618e-9, -6.86395384974503e-12]
GRAZE elapsed=0e0 dt=2.2079398340111892e-5 collider=7 fraction=9.995109127955119e-1 gaps=[4.871467673694951e-9, 1.1102230246251565e-16, 2.4340837678771265e-9, -2.382982700055436e-12]
GRAZE elapsed=2.2069239132566933e-5 dt=1.66445974275341e-2 collider=7 fraction=8.282662542072376e-10 gaps=[2.095768003584908e-12, 2.220446049250313e-16, -0.0012650023287887335, -0.002529701248219718]
GRAZE elapsed=2.2069239132566933e-5 dt=8.322298720660128e-3 collider=7 fraction=3.1517345735150735e-9 gaps=[2.095768003584908e-12, 3.3306690738754696e-16, -0.00033242950503004076, -0.0006647608972656927]
GRAZE elapsed=2.2069239132566933e-5 dt=8.322298844735555e-4 collider=7 fraction=2.8908286542412693e-7 gaps=[2.095768003584908e-12, 5.551115123125783e-17, -3.624222692288903e-6, -7.247183283320968e-6]
GRAZE elapsed=2.2069239132566933e-5 dt=8.322300085489807e-5 collider=7 fraction=1.9806731686701475e-5 gaps=[2.095768003584908e-12, 5.551115123125783e-16, -5.2896860613937946e-8, -1.0578283943241118e-7]
GRAZE elapsed=2.2069239132566933e-5 dt=8.322312493032335e-6 collider=7 fraction=4.8028223520191204e-4 gaps=[2.095768003584908e-12, 1.6653345369377348e-16, -2.1796475180302366e-9, -4.3612605749032696e-9]
GRAZE elapsed=2.2069239132566933e-5 dt=8.322436568457613e-7 collider=7 fraction=5.601161096461027e-3 gaps=[2.095768003584908e-12, 1.1102230246251565e-16, -1.8498685916412683e-10, -3.720679320196041e-10]
GRAZE elapsed=2.2069239132566933e-5 dt=8.323677322710382e-8 collider=7 fraction=5.6950038886885324e-2 gaps=[2.095768003584908e-12, 4.440892098500626e-16, -1.6304069205830274e-11, -3.4704294993304075e-11]
GRAZE elapsed=2.2069239132566933e-5 dt=8.336084865238064e-9 collider=7 fraction=5.696157188404101e-1 gaps=[2.095768003584908e-12, 1.6653345369377348e-16, 2.565170298396424e-13, -1.583122521964242e-12]
GRAZE elapsed=2.207398749753976e-5 dt=1.6644592679169127e-2 collider=33 fraction=2.2861637177295603e-8 gaps=[6.272249386540807e-11, -2.7755575615628914e-16, -0.001371636381670871, -0.0027429748740243065]
GRAZE elapsed=2.207398749753976e-5 dt=8.322296529845884e-3 collider=33 fraction=8.637378941413326e-8 gaps=[6.272249386540807e-11, 0.0, -0.00036303797220144096, -0.0007259768519561893]
GRAZE elapsed=2.207398749753976e-5 dt=8.322299954549633e-4 collider=33 fraction=7.868771789356259e-6 gaps=[6.272249386540807e-11, -3.3306690738754696e-16, -3.984838667814294e-6, -7.968477509001648e-6]
GRAZE elapsed=2.207398749753976e-5 dt=8.322334201587124e-5 collider=33 fraction=5.372230336541055e-4 gaps=[6.272249386540807e-11, -1.1102230246251565e-16, -5.830737093148741e-8, -1.1666453769709761e-7]
GRAZE elapsed=2.207398749753976e-5 dt=8.32267667196204e-6 collider=33 fraction=1.2962400355366555e-2 gaps=[6.272249386540807e-11, 1.6653345369377348e-16, -2.3566067430813575e-9, -4.775806305978847e-9]
GRAZE elapsed=2.207398749753976e-5 dt=8.326101375711197e-7 collider=33 fraction=1.5157658706705845e-1 gaps=[6.272249386540807e-11, 4.996003610813204e-16, -1.4417644855768685e-10, -3.510736701350936e-10]
GRAZE elapsed=2.207398749753976e-5 dt=4.794071702907921e-7 collider=33 fraction=2.6536860366570636e-1 gaps=[6.272249386540807e-11, 2.7755575615628914e-16, -5.5456805814202426e-11, -1.73635883449208e-10]
GRAZE elapsed=2.207398749753976e-5 dt=1.6152449973849713e-7 collider=33 fraction=7.933981979250824e-1 gaps=[6.272249386540807e-11, 1.6653345369377348e-16, 2.3194668408166308e-11, -1.6332657448714372e-11]
GRAZE elapsed=2.207398749753976e-5 dt=1.2973623268326764e-7 collider=33 fraction=9.884984839722506e-1 gaps=[6.272249386540807e-11, 2.220446049250313e-16, 3.09965941802659e-11, -7.298051052373467e-13]
GRAZE elapsed=2.220223156686344e-5 dt=1.6644464435099805e-2 collider=42 fraction=2.8205070409512193e-7 gaps=[5.707298522672488e-10, -1.6653345369377348e-16, -0.0010115710975980852, -0.002022783703934272]
GRAZE elapsed=2.220223156686344e-5 dt=8.322234564841359e-3 collider=42 fraction=1.0683832743211766e-6 gaps=[5.707298522672488e-10, 2.220446049250313e-16, -0.0002670449304972844, -0.0005339816958835342]
GRAZE elapsed=2.220223156686344e-5 dt=8.322276816087578e-4 collider=42 fraction=9.763278522929758e-5 gaps=[5.707298522672488e-10, 1.6653345369377348e-16, -2.921643756925718e-6, -5.842610619533062e-6]
GRAZE elapsed=2.220223156686344e-5 dt=8.322699328549767e-5 collider=42 fraction=6.694087513093911e-3 gaps=[5.707298522672488e-10, 9.880984919163893e-15, -4.205170633930777e-8, -8.466150441810427e-8]
GRAZE elapsed=2.220223156686344e-5 dt=8.326924453171652e-6 collider=42 fraction=1.5981099631637008e-1 gaps=[5.707298522672488e-10, 5.562217353372034e-14, -1.2146933459078468e-9, -2.9999892570131692e-9]
GRAZE elapsed=2.220223156686344e-5 dt=4.828829273142079e-6 collider=42 fraction=2.9446007442075484e-1 gaps=[5.707298522672488e-10, 6.378231276471524e-14, -3.9826614228744006e-10, -1.3672193932556809e-9]
GRAZE elapsed=2.220223156686344e-5 dt=1.6805436111154639e-6 collider=42 fraction=9.016266400890807e-1 gaps=[5.707298522672488e-10, 7.249756350802272e-14, 2.542674404359957e-10, -6.218936476898307e-11]
GRAZE elapsed=2.220223156686344e-5 dt=1.5978832503643351e-6 collider=42 fraction=9.499051090318673e-1 gaps=[5.707298522672488e-10, 7.244205235679146e-14, 2.703516854829502e-10, -3.002192938694748e-11]
GRAZE elapsed=2.220223156686344e-5 dt=1.5234889256883192e-6 collider=42 fraction=9.978400488690475e-1 gaps=[5.707298522672488e-10, 7.260858581048524e-14, 2.847815316897595e-10, -1.1625700402362327e-12]
GRAZE elapsed=2.3937293414418702e-5 dt=1.6642729373252247e-2 collider=65 fraction=2.698313024180596e-7 gaps=[5.971305117036252e-10, -5.551115123125783e-17, -0.0011063068828307543, -0.0022122505194694386]
GRAZE elapsed=2.3937293414418702e-5 dt=8.321366931990794e-3 collider=65 fraction=1.0143421142293048e-6 gaps=[5.971305117036252e-10, 1.6653345369377348e-16, -0.00029428875673270793, -0.0005884691219882332]
GRAZE elapsed=2.3937293414418702e-5 dt=8.321407348554878e-4 collider=65 fraction=9.185543227484688e-5 gaps=[5.971305117036252e-10, 2.220446049250313e-16, -3.2491568667802895e-6, -6.497656156290166e-6]
GRAZE elapsed=2.3937293414418702e-5 dt=8.32181151419571e-5 collider=65 fraction=6.134462161945464e-3 gaps=[5.971305117036252e-10, 8.326672684688674e-15, -4.806607728502499e-8, -9.671654538356833e-8]
GRAZE elapsed=2.3937293414418702e-5 dt=8.325853170604029e-6 collider=65 fraction=1.4000057731329818e-1 gaps=[5.971305117036252e-10, 4.218847493575595e-14, -1.5352724092032588e-9, -3.6675482650849744e-9]
GRAZE elapsed=2.3937293414418702e-5 dt=4.745738710557173e-6 collider=65 fraction=2.6169239397505706e-1 gaps=[5.971305117036252e-10, 4.785061236134425e-14, -5.436694427984889e-10, -1.6844277639371796e-9]
GRAZE elapsed=2.3937293414418702e-5 dt=1.5236356965150037e-6 collider=65 fraction=8.662835236237996e-1 gaps=[5.971305117036252e-10, 5.417888360170764e-14, 2.5250973534340915e-10, -9.21071552362207e-11]
GRAZE elapsed=2.3937293414418702e-5 dt=1.4217680982055116e-6 collider=65 fraction=9.301981355028097e-1 gaps=[5.971305117036252e-10, 5.46229728115577e-14, 2.761887385460682e-10, -4.474959292011249e-11]
GRAZE elapsed=2.3937293414418702e-5 dt=1.3300872597269686e-6 collider=65 fraction=9.960985412582843e-1 gaps=[5.971305117036252e-10, 5.5067062021407764e-14, 2.9742169838087307e-10, -2.283950806258872e-12]
GRAZE elapsed=2.5262191393578964e-5 dt=1.6641404475273087e-2 collider=31 fraction=1.43584781837493e-2 gaps=[2.6812205029536074e-6, -1.6653345369377348e-16, -9.050380851055584e-5, -0.00018331316279784904]
GRAZE elapsed=2.5262191393578964e-5 dt=2.3894524310515657e-4 collider=31 fraction=8.40019301005476e-1 gaps=[2.6812205029536074e-6, 1.1102230246251565e-16, 1.0852564684693533e-6, -5.10601337433414e-7]
GRAZE elapsed=2.5262191393578964e-5 dt=2.0071861609177713e-4 collider=31 fraction=9.996281527281998e-1 gaps=[2.6812205029536074e-6, 1.1102230246251565e-16, 1.3400740841440495e-6, -9.973195047585648e-10]
GRAZE elapsed=2.5262191393578964e-5 dt=2.0067941323707173e-4 collider=31 fraction=9.998230491504364e-1 gaps=[2.6812205029536074e-6, 1.6653345369377348e-16, 1.3403355082486357e-6, -4.745012160967121e-10]
GRAZE elapsed=2.5262191393578964e-5 dt=2.0064413066783683e-4 collider=31 fraction=9.999985212558158e-1 gaps=[2.6812205029536074e-6, -2.220446049250313e-16, 1.3405707893765495e-6, -3.9644953986339715e-12]
GRAZE elapsed=2.5262191393578964e-5 dt=2.006439346535633e-4 collider=31 fraction=9.99999496252286e-1 gaps=[2.6812205029536074e-6, -5.551115123125783e-17, 1.3405720966086498e-6, -1.3507528429101967e-12]
GRAZE elapsed=2.2590602497321886e-4 dt=1.6440760641693447e-2 collider=65 fraction=3.223458260327585e-10 gaps=[6.949441022641167e-13, 0.0, -0.0010777885718480928, -0.002155256800864369]
GRAZE elapsed=2.2590602497321886e-4 dt=8.220380323496528e-3 collider=65 fraction=1.2164340665034933e-9 gaps=[6.949441022641167e-13, -2.7755575615628914e-16, -0.000285597567048157, -0.0005710939258478098]
GRAZE elapsed=2.2590602497321886e-4 dt=8.220380371193024e-4 collider=65 fraction=1.1533299100538313e-7 gaps=[6.949441022641167e-13, 0.0, -3.012168744820354e-6, -6.023132097021655e-6]
GRAZE elapsed=2.2590602497321886e-4 dt=8.220380848157975e-5 collider=65 fraction=9.640111555470081e-6 gaps=[6.949441022641167e-13, -3.3306690738754696e-16, -3.6037553219347984e-8, -7.206349683652746e-8]
GRAZE elapsed=2.2590602497321886e-4 dt=8.220385617807489e-6 collider=65 fraction=3.675030593964551e-4 gaps=[6.949441022641167e-13, -1.6653345369377348e-16, -9.44737343910873e-10, -1.8900457865456133e-9]
GRAZE elapsed=2.2590602497321886e-4 dt=8.220433314302616e-7 collider=65 fraction=4.939724422039122e-3 gaps=[6.949441022641167e-13, 5.551115123125783e-17, -6.964712140344886e-11, -1.399875215746249e-10]
GRAZE elapsed=2.2590602497321886e-4 dt=8.220910279253885e-8 collider=65 fraction=5.306980661576609e-2 gaps=[6.949441022641167e-13, 5.551115123125783e-17, -5.8529292523701315e-12, -1.2400080962038373e-11]
GRAZE elapsed=2.2590602497321886e-4 dt=8.225679928766573e-9 collider=65 fraction=5.343656070684268e-1 gaps=[6.949441022641167e-13, -2.7755575615628914e-16, 4.440892098500626e-14, -6.056266599330229e-13]
GRAZE elapsed=2.26084171564762e-4 dt=1.6440582495101906e-2 collider=7 fraction=3.547909869882334e-10 gaps=[8.820166819134556e-13, 2.220446049250313e-16, -0.0012428086804192051, -0.0024852157569965616]
GRAZE elapsed=2.26084171564762e-4 dt=8.22029125046744e-3 collider=7 fraction=1.354938294022231e-9 gaps=[8.820166819134556e-13, 1.6653345369377348e-16, -0.0003254271004907161, -0.0006507438095355589]
GRAZE elapsed=2.26084171564762e-4 dt=8.220291302964174e-4 collider=7 fraction=1.3050477159689925e-7 gaps=[8.820166819134556e-13, -5.551115123125783e-17, -3.378624455097068e-6, -6.755998970153776e-6]
GRAZE elapsed=2.26084171564762e-4 dt=8.220291827931517e-5 collider=7 fraction=1.3225561357188553e-5 gaps=[8.820166819134556e-13, 5.551115123125783e-17, -3.333794562632164e-8, -6.666412938338695e-8]
GRAZE elapsed=2.26084171564762e-4 dt=8.220297077604959e-6 collider=31 fraction=9.825785452181194e-4 gaps=[1.1734502258775592e-12, 1.1102230246251565e-16, -5.958917248527484e-10, -1.1928332210864312e-9]
GRAZE elapsed=2.26084171564762e-4 dt=8.220349574339371e-7 collider=7 fraction=7.79906044508003e-2 gaps=[8.820166819134556e-13, 3.3306690738754696e-16, -4.771516515233998e-12, -1.042366193360067e-11]
GRAZE elapsed=2.26084171564762e-4 dt=4.52121851425386e-7 collider=7 fraction=2.595314451727475e-1 gaps=[8.820166819134556e-13, 5.551115123125783e-16, -8.163469900068776e-13, -2.5146551507759796e-12]
GRAZE elapsed=2.26084171564762e-4 dt=2.8566095372153797e-7 collider=7 fraction=6.544044373623485e-1 gaps=[8.820166819134556e-13, 5.551115123125783e-16, 2.0883295093199195e-13, -4.645173135031655e-13]
GRAZE elapsed=0e0 dt=8.333333333333333e-3 collider=7 fraction=7.345851181882124e-6 gaps=[4.871467673694951e-9, 3.3306690738754696e-16, -0.0003315254374922638, -0.0006629572081803259]
GRAZE elapsed=0e0 dt=4.166697274379925e-3 collider=7 fraction=2.8724822021264437e-5 gaps=[4.871467673694951e-9, 2.220446049250313e-16, -8.477641742238307e-5, -0.00016952940499709301]
GRAZE elapsed=0e0 dt=4.167248213218566e-4 collider=7 fraction=2.8160580218640962e-3 gaps=[4.871467673694951e-9, 2.7644553313166398e-14, -8.599078180071551e-7, -1.7243648359199781e-6]
GRAZE elapsed=0e0 dt=4.1727576016049775e-5 collider=7 fraction=2.800774531717539e-1 gaps=[4.871467673694951e-9, 2.7755575615628914e-16, -3.824455585554887e-9, -1.2517104852616256e-8]
GRAZE elapsed=0e0 dt=2.670726461682788e-5 collider=7 fraction=6.833180194769373e-1 gaps=[4.871467673694951e-9, 0.0, 1.3066533965933047e-9, -2.256819342516536e-9]
GRAZE elapsed=0e0 dt=2.2478409890222598e-5 collider=7 fraction=9.643673037018043e-1 gaps=[4.871467673694951e-9, -2.220446049250313e-16, 2.345293570460427e-9, -1.7992957124235431e-10]
GRAZE elapsed=0e0 dt=2.207792671378027e-5 collider=7 fraction=9.996440358082984e-1 gaps=[4.871467673694951e-9, -1.6653345369377348e-16, 2.4344080640226196e-9, -1.733835297557107e-12]
GRAZE elapsed=2.207292067407474e-5 dt=8.311260412659258e-3 collider=33 fraction=8.730670540792698e-8 gaps=[6.323680468156567e-11, 2.220446049250313e-16, -0.0003621037375580727, -0.0007241086097248273]
GRAZE elapsed=2.207292067407474e-5 dt=4.155630569144012e-3 collider=33 fraction=3.3841714618796323e-7 gaps=[6.323680468156567e-11, 2.7755575615628914e-16, -9.341604634094391e-5, -0.00018680383738028938]
GRAZE elapsed=2.207292067407474e-5 dt=4.1556370998028916e-4 collider=33 fraction=3.0197713097078947e-5 gaps=[6.323680468156567e-11, 5.551115123125783e-16, -1.0468234977745183e-6, -2.0933912670551003e-6]
GRAZE elapsed=2.207292067407474e-5 dt=4.15570240639169e-5 collider=33 fraction=1.6086062738729368e-3 gaps=[6.323680468156567e-11, 5.551115123125783e-17, -1.9590901789712234e-8, -3.924181340986266e-8]
GRAZE elapsed=2.207292067407474e-5 dt=4.156355472279665e-6 collider=33 fraction=2.847937271853951e-2 gaps=[6.323680468156567e-11, 4.440892098500626e-16, -1.046964182016552e-9, -2.1571326946911995e-9]
GRAZE elapsed=2.207292067407474e-5 dt=4.162886131159414e-7 collider=33 fraction=3.0857654047775895e-1 gaps=[6.323680468156567e-11, 4.996003610813204e-16, -3.922767666253435e-11, -1.4169232454008807e-10]
GRAZE elapsed=2.220137757415034e-5 dt=8.311131955759183e-3 collider=42 fraction=1.0717313304166237e-6 gaps=[5.710347750209621e-10, 2.7755575615628914e-16, -0.00026635290806864553, -0.0005325979168319117]
GRAZE elapsed=2.220137757415034e-5 dt=4.155570431529846e-3 collider=42 fraction=4.158078921026688e-6 gaps=[5.710347750209621e-10, 3.885780586188048e-16, -6.865045318854568e-5, -0.00013727210873942797]
GRAZE elapsed=2.220137757415034e-5 dt=4.1556505972344197e-4 collider=42 fraction=3.7240679681568324e-4 gaps=[5.710347750209621e-10, 8.881784197001252e-16, -7.659529126513576e-7, -1.5321635932208366e-6]
GRAZE elapsed=2.220137757415034e-5 dt=4.156452254280159e-5 collider=42 fraction=1.9855950677484913e-2 gaps=[5.710347750209621e-10, 2.170486013142181e-14, -1.3806348786449263e-8, -2.818057781572847e-8]
GRAZE elapsed=2.220137757415034e-5 dt=4.1644688247375515e-6 collider=42 fraction=3.461376338279827e-1 gaps=[5.710347750209621e-10, 6.533662499919046e-14, -2.537321464046727e-10, -1.0784680926079204e-9]
GRAZE elapsed=2.220137757415034e-5 dt=2.8029741049413037e-6 collider=42 fraction=5.285327280335466e-1 gaps=[5.710347750209621e-10, 6.938893903907228e-14, 3.089201117134621e-11, -5.092357646674373e-10]
GRAZE elapsed=2.220137757415034e-5 dt=1.5776288571246808e-6 collider=42 fraction=9.630790762631527e-1 gaps=[5.710347750209621e-10, 7.255307465925398e-14, 2.7460739238094334e-10, -2.18156603892794e-11]
GRAZE elapsed=2.220137757415034e-5 dt=1.5485050997652058e-6 collider=42 fraction=9.817895059308732e-1 gaps=[5.710347750209621e-10, 7.283063041541027e-14, 2.802565401971435e-10, -1.0517364756879033e-11]
GRAZE elapsed=2.220137757415034e-5 dt=1.5222937181416784e-6 collider=42 fraction=9.99241630838565e-1 gaps=[5.710347750209621e-10, 7.321920847402907e-14, 2.853355884901987e-10, -3.59989815734707e-13]
GRAZE elapsed=2.3937320176053894e-5 dt=8.30939601315728e-3 collider=7 fraction=7.505947158490933e-10 gaps=[4.997668945350142e-13, -2.7755575615628914e-16, -0.0003328570049471735, -0.0006655999983098404]
GRAZE elapsed=2.3937326413042633e-5 dt=8.309396006920291e-3 collider=33 fraction=8.765961898856521e-10 gaps=[6.34492458573277e-13, 2.220446049250313e-16, -0.00036185251071690905, -0.000723596055930642]
GRAZE elapsed=2.3937326413042633e-5 dt=4.154698007102138e-3 collider=33 fraction=3.422541551054153e-9 gaps=[6.34492458573277e-13, -2.220446049250313e-16, -9.267841759236228e-5, -0.00018532731462655994]
GRAZE elapsed=2.3937326413042633e-5 dt=4.1546980726580023e-4 collider=33 fraction=3.3575603233423247e-7 gaps=[6.34492458573277e-13, 5.551115123125783e-17, -9.447111091187566e-7, -1.8891037845136793e-6]
GRAZE elapsed=2.3937326413042633e-5 dt=4.154698728216641e-5 collider=33 fraction=3.3745376253335735e-5 gaps=[6.34492458573277e-13, -2.220446049250313e-16, -9.398929523563027e-9, -1.8795269784988022e-8]
GRAZE elapsed=2.3937326413042633e-5 dt=4.154705283803034e-6 collider=33 fraction=3.4378947175142116e-3 gaps=[6.34492458573277e-13, 0.0, -9.162809400109495e-11, -1.8385853950420028e-10]
GRAZE elapsed=2.3937326413042633e-5 dt=4.154770839666953e-7 collider=33 fraction=3.38199859348137e-1 gaps=[6.34492458573277e-13, 2.220446049250313e-16, -3.0292435226897396e-13, -1.2397860515989123e-12]
GRAZE elapsed=2.4077840704402544e-5 dt=8.30925549262893e-3 collider=65 fraction=9.118258469820564e-7 gaps=[5.352862597618468e-10, 3.3306690738754696e-16, -0.0002934696150148075, -0.0005868310692709877]
GRAZE elapsed=2.4077840704402544e-5 dt=4.1546315346114296e-3 collider=65 fraction=3.525054151410349e-6 gaps=[5.352862597618468e-10, 1.6653345369377348e-16, -7.591072127022258e-5, -0.00015179254192038139]
GRAZE elapsed=2.4077840704402544e-5 dt=4.1546997239567756e-4 collider=65 fraction=3.1256937512095026e-4 gaps=[5.352862597618468e-10, 4.440892098500626e-16, -8.555742957438994e-7, -1.7113686558989372e-6]
GRAZE elapsed=2.4077840704402544e-5 dt=4.155381617410238e-5 collider=65 fraction=1.5987916613791953e-2 gaps=[5.352862597618468e-10, 1.3822276656583199e-14, -1.6203083152976916e-8, -3.2938271665727825e-8]
GRAZE elapsed=2.4077840704402544e-5 dt=4.16220055194486e-6 collider=65 fraction=2.690160880182333e-1 gaps=[5.352862597618468e-10, 3.930189507173054e-14, -4.59530358210003e-10, -1.4543145576695338e-9]
GRAZE elapsed=2.4077840704402544e-5 dt=2.640949730988199e-6 collider=65 fraction=4.36212700282514e-1 gaps=[5.352862597618468e-10, 4.168887457467463e-14, -7.822648084854222e-11, -6.917265649164506e-10]
GRAZE elapsed=2.4077840704402544e-5 dt=1.2718239921272039e-6 collider=65 fraction=9.299568583854452e-1 gaps=[5.352862597618468e-10, 4.3798298321462426e-14, 2.4750668181638957e-10, -4.026978750459875e-11]
GRAZE elapsed=2.4077840704402544e-5 dt=1.2272827181325266e-6 collider=65 fraction=9.64544368904221e-1 gaps=[5.352862597618468e-10, 4.363176486776865e-14, 2.5782664891949025e-10, -1.9630685965665862e-11]
GRAZE elapsed=2.4077840704402544e-5 dt=1.1871955715373174e-6 collider=65 fraction=9.978934091805698e-1 gaps=[5.352862597618468e-10, 4.363176486776865e-14, 2.6709900957655464e-10, -1.0859646515370969e-12]
GRAZE elapsed=2.5262535340647994e-5 dt=8.308070797992685e-3 collider=31 fraction=2.6221608454945127e-2 gaps=[2.681216357658389e-6, 5.551115123125783e-17, -4.839292531538808e-5, -9.935734063726276e-5]
GRAZE elapsed=2.5262535340647994e-5 dt=2.178509794809277e-4 collider=31 fraction=9.211670360435319e-1 gaps=[2.681216357658389e-6, -1.1102230246251565e-16, 1.2258424696431902e-6, -2.2944308081251918e-7]
GRAZE elapsed=2.5262535340647994e-5 dt=2.0695843050688132e-4 collider=31 fraction=9.695467406927349e-1 gaps=[2.681216357658389e-6, 0.0, 1.298462515342269e-6, -8.421158514959615e-8]
GRAZE elapsed=2.5262535340647994e-5 dt=2.0065587175683067e-4 collider=31 fraction=9.999386587359703e-1 gaps=[2.681216357658389e-6, 1.1102230246251565e-16, 1.340488459566913e-6, -1.644698821579027e-10]
GRAZE elapsed=2.5262535340647994e-5 dt=2.0064869989710568e-4 collider=31 fraction=9.999743301842645e-1 gaps=[2.681216357658389e-6, -1.1102230246251565e-16, 1.3405362853657898e-6, -6.882455716450409e-11]
GRAZE elapsed=2.5262535340647994e-5 dt=2.0064354928195176e-4 collider=31 fraction=9.999999497560056e-1 gaps=[2.681216357658389e-6, 1.6653345369377348e-16, 1.340570632113458e-6, -1.3455903058456897e-13]
GRAZE elapsed=2.259060593570426e-4 dt=8.10742727397629e-3 collider=65 fraction=1.1601152660142008e-9 gaps=[6.494804694057166e-13, -2.220446049250313e-16, -0.0002798699904705826, -0.0005596384524549358]
GRAZE elapsed=2.259060593570426e-4 dt=4.05371364169092e-3 collider=65 fraction=4.505088283602339e-9 gaps=[6.494804694057166e-13, 1.1102230246251565e-16, -7.20691784248384e-5, -0.00014411071229031291]
GRAZE elapsed=2.259060593570426e-4 dt=4.0537137263408707e-4 collider=65 fraction=4.2504155626533215e-7 gaps=[6.494804694057166e-13, -1.1102230246251565e-16, -7.638706132073736e-7, -1.5274444518098562e-6]
GRAZE elapsed=2.259060593570426e-4 dt=4.053714572840385e-5 collider=65 fraction=3.16512304182231e-5 gaps=[6.494804694057166e-13, -1.6653345369377348e-16, -1.0257807991909118e-8, -2.051326858376612e-8]
GRAZE elapsed=2.259060593570426e-4 dt=4.053723037835519e-6 collider=65 fraction=8.032415651249601e-4 gaps=[6.494804694057166e-13, 2.220446049250313e-16, -4.0362246878089536e-10, -8.078642754760779e-10]
GRAZE elapsed=2.259060593570426e-4 dt=4.053807687786857e-7 collider=65 fraction=9.71455021234803e-3 gaps=[6.494804694057166e-13, 5.551115123125783e-17, -3.277855764594051e-11, -6.620631820553058e-11]
GRAZE elapsed=2.259060593570426e-4 dt=4.0546541873002344e-8 collider=65 fraction=1.0071170224735888e-1 gaps=[6.494804694057166e-13, -1.1102230246251565e-16, -2.5753843502229756e-12, -5.799194457978274e-12]
GRAZE elapsed=2.2626910328745536e-4 dt=8.107064230045877e-3 collider=31 fraction=3.5601814829533396e-9 gaps=[2.4291679778798425e-12, 1.6653345369377348e-16, -0.0003411061085775158, -0.00068210889632353]
GRAZE elapsed=2.2626910328745536e-4 dt=4.053532129454248e-3 collider=31 fraction=1.3881386706771082e-8 gaps=[2.4291679778798425e-12, 1.1102230246251565e-16, -8.74833149653309e-5, -0.0001749386610226944]
GRAZE elapsed=2.2626910328745536e-4 dt=4.053532389217828e-4 collider=31 fraction=1.3447858115966937e-6 gaps=[2.4291679778798425e-12, 4.440892098500626e-16, -9.030272270504902e-7, -1.805755683592647e-6]
GRAZE elapsed=2.2626910328745536e-4 dt=4.053534986853624e-5 collider=31 fraction=1.0927830320284215e-4 gaps=[2.4291679778798425e-12, 3.885780586188048e-16, -1.1110645958822829e-8, -2.222068651303033e-8]
GRAZE elapsed=2.2626910328745536e-4 dt=4.053560963211581e-6 collider=31 fraction=8.253344384428374e-3 gaps=[2.4291679778798425e-12, 3.3306690738754696e-16, -1.4471740472643546e-10, -2.9183355731987604e-10]
GRAZE elapsed=2.2626910328745536e-4 dt=4.0538207267911575e-7 collider=31 fraction=8.325004446969757e-1 gaps=[2.4291679778798425e-12, 2.4980018054066022e-15, 9.715006576982432e-13, -4.860001290296623e-13]
GRAZE elapsed=0e0 dt=8.333333333333333e-3 collider=31 fraction=2.8522730074653207e-5 gaps=[1.98097108716766e-8, 1.1657341758564144e-15, -0.0003472097424173093, -0.0006943746799795703]
GRAZE elapsed=0e0 dt=4.166785511375311e-3 collider=31 fraction=1.1104082866043426e-4 gaps=[1.98097108716766e-8, 3.552713678800501e-15, -8.917097836441679e-5, -0.0001783431164678606]
GRAZE elapsed=0e0 dt=4.16892471613091e-4 collider=31 fraction=1.083213013323463e-2 gaps=[1.98097108716766e-8, -5.551115123125783e-17, -8.944816120570742e-7, -1.8085591326211237e-6]
GRAZE elapsed=0e0 dt=2.2939781962498003e-4 collider=31 fraction=3.572912946112111e-2 gaps=[1.98097108716766e-8, -2.7755575615628914e-16, -2.57380761037318e-7, -5.345060479222674e-7]
GRAZE elapsed=4.190316763686901e-5 dt=8.291430165696464e-3 collider=31 fraction=1.823625557732756e-6 gaps=[1.266878324468479e-9, 1.6653345369377348e-16, -0.0003473184292326903, -0.0006945743326539078]
GRAZE elapsed=4.190316763686901e-5 dt=4.145722643080212e-3 collider=31 fraction=7.030495110817813e-6 gaps=[1.266878324468479e-9, 1.6653345369377348e-16, -9.008833601870103e-5, -0.0001801595390087396]
GRAZE elapsed=4.190316763686901e-5 dt=4.145858727255855e-4 collider=31 fraction=5.826526133324153e-4 gaps=[1.266878324468479e-9, 1.1657341758564144e-15, -1.08579153845767e-6, -2.1726393538146205e-6]
GRAZE elapsed=4.190316763686901e-5 dt=4.147219569012284e-5 collider=31 fraction=2.3104508329143944e-2 gaps=[1.266878324468479e-9, 1.4488410471358293e-14, -2.6148052834074065e-8, -5.356084825658414e-8]
GRAZE elapsed=4.190316763686901e-5 dt=4.1608279865765725e-6 collider=31 fraction=3.2777673619657444e-1 gaps=[1.266878324468479e-9, 2.9032332093947844e-14, -6.656066808830019e-10, -2.598069648307444e-9]
GRAZE elapsed=4.190316763686901e-5 dt=2.762325301946003e-6 collider=31 fraction=5.016847732041718e-1 gaps=[1.266878324468479e-9, 2.992051051364797e-14, 4.284073096272323e-12, -1.2583006303579225e-9]
GRAZE elapsed=4.190316763686901e-5 dt=1.50367288577849e-6 collider=31 fraction=9.351946606905734e-1 gaps=[1.266878324468479e-9, 3.0753177782116836e-14, 5.89559845387555e-10, -8.775635773616841e-11]
GRAZE elapsed=4.190316763686901e-5 dt=1.4549498699918601e-6 collider=31 fraction=9.670635915900618e-1 gaps=[1.266878324468479e-9, 3.069766663088558e-14, 6.118800466303753e-10, -4.311573320592288e-11]
GRAZE elapsed=4.190316763686901e-5 dt=1.4110991557838933e-6 collider=31 fraction=9.976278405377492e-1 gaps=[1.266878324468479e-9, 3.091971123581061e-14, 6.319476053562312e-10, -2.9816704660845517e-12]
GRAZE elapsed=4.331091944043833e-5 dt=8.290022413892895e-3 collider=7 fraction=2.601167737091034e-6 gaps=[1.7246512551416515e-9, 3.885780586188048e-16, -0.00033147884940548655, -0.0006628908730208494]
GRAZE elapsed=4.331091944043833e-5 dt=4.145021988815869e-3 collider=7 fraction=1.0050710740137302e-5 gaps=[1.7246512551416515e-9, 4.440892098500626e-16, -8.578621122035113e-5, -0.0001715550571591562]
GRAZE elapsed=4.331091944043833e-5 dt=4.1452160624654537e-4 collider=7 fraction=8.260431830494934e-4 gaps=[1.7246512551416515e-9, 1.8318679906315083e-15, -1.0420926548904141e-6, -2.0856999195517645e-6]
GRAZE elapsed=4.331091944043833e-5 dt=4.147156798961304e-5 collider=7 fraction=3.227374457102172e-2 gaps=[1.7246512551416515e-9, 2.5979218776228663e-14, -2.499306239744925e-8, -5.170865241543865e-8]
GRAZE elapsed=4.331091944043833e-5 dt=4.1665641639198055e-6 collider=7 fraction=4.5274634860394514e-1 gaps=[1.7246512551416515e-9, 5.1458837191376006e-14, -1.7994605805427e-10, -2.0845224990573286e-9]
GRAZE elapsed=4.331091944043833e-5 dt=3.0264804376792737e-6 collider=7 fraction=6.311598807875143e-1 gaps=[1.7246512551416515e-9, 5.2791104820926193e-14, 3.584362251451978e-10, -1.0077676471098584e-9]
GRAZE elapsed=4.331091944043833e-5 dt=2.000405084062795e-6 collider=7 fraction=9.658832483591198e-1 gaps=[1.7246512551416515e-9, 5.4012350148013866e-14, 8.318922772865278e-10, -6.086153803153138e-11]
GRAZE elapsed=4.331091944043833e-5 dt=1.9662814223457325e-6 collider=7 fraction=9.830217458577053e-1 gaps=[1.7246512551416515e-9, 5.42343947529389e-14, 8.4745749306947e-10, -2.973243873327647e-11]
GRAZE elapsed=4.331091944043833e-5 dt=1.9355701268003767e-6 collider=7 fraction=9.989633305732575e-1 gaps=[1.7246512551416515e-9, 5.4289905904170155e-14, 8.614553514973977e-10, -1.7356671655477385e-12]
GRAZE elapsed=4.5718875015020664e-5 dt=8.287614458318313e-3 collider=31 fraction=5.979959638580112e-9 gaps=[4.130584763117895e-12, 2.220446049250313e-16, -0.0003453369227220393, -0.0006906097902349972]
GRAZE elapsed=4.5718875015020664e-5 dt=4.143807253938957e-3 collider=31 fraction=2.3292926698559313e-8 gaps=[4.130584763117895e-12, 4.440892098500626e-16, -8.865681592601371e-5, -0.00017729512972758377]
GRAZE elapsed=4.5718875015020664e-5 dt=4.143807699975356e-4 collider=31 fraction=2.268841296171331e-6 gaps=[4.130584763117895e-12, 3.885780586188048e-16, -9.101759975149726e-7, -1.8201462177458438e-6]
GRAZE elapsed=4.5718875015020664e-5 dt=4.143812160339353e-5 collider=31 fraction=2.1882905994630164e-4 gaps=[4.130584763117895e-12, 4.440892098500626e-16, -9.432729430880471e-9, -1.886746509027759e-8]
GRAZE elapsed=4.5718875015020664e-5 dt=4.1438567639793185e-6 collider=31 fraction=1.643633758860119e-2 gaps=[4.130584763117895e-12, 5.551115123125783e-17, -1.215107459096032e-10, -2.471309268337052e-10]
GRAZE elapsed=4.5718875015020664e-5 dt=2.2791435220086076e-6 collider=31 fraction=4.416137291736533e-2 gaps=[4.130584763117895e-12, 2.7755575615628914e-16, -4.2631398411430155e-11, -8.9387330870494e-11]
GRAZE elapsed=4.613330529505856e-5 dt=8.287200028038275e-3 collider=31 fraction=1.4704610862281697e-9 gaps=[1.0157430452295557e-12, 3.885780586188048e-16, -0.0003453504370488636, -0.0006906367963935844]
GRAZE elapsed=4.613330529505856e-5 dt=4.143600020112139e-3 collider=31 fraction=5.726917606807547e-9 gaps=[1.0157430452295557e-12, 1.1102230246251565e-16, -8.867219008312777e-5, -0.00017732587001695332]
GRAZE elapsed=4.613330529505856e-5 dt=4.143600129786186e-4 collider=31 fraction=5.564762659560074e-7 gaps=[1.0157430452295557e-12, 2.220446049250313e-16, -9.125502208884306e-7, -1.8248915000240729e-6]
GRAZE elapsed=4.613330529505856e-5 dt=4.143601226526651e-5 collider=31 fraction=5.2446164957586916e-5 gaps=[1.0157430452295557e-12, 4.440892098500626e-16, -9.681593915455977e-9, -1.9362077885443085e-8]
GRAZE elapsed=4.613330529505856e-5 dt=4.143612193931291e-6 collider=31 fraction=3.3802809171028514e-3 gaps=[1.0157430452295557e-12, 2.7755575615628914e-16, -1.4921830437941708e-10, -2.994313685888983e-10]
GRAZE elapsed=4.613330529505856e-5 dt=4.143721867977686e-7 collider=31 fraction=1.0858575137369542e-1 gaps=[1.0157430452295557e-12, 3.3306690738754696e-16, -3.660960423701454e-12, -8.337830426086157e-12]
GRAZE elapsed=4.617830021031036e-5 dt=8.287155033123023e-3 collider=65 fraction=3.4233721220657895e-6 gaps=[1.9461317557478708e-9, 1.6653345369377348e-16, -0.000284205811461824, -0.0005683451139659734]
GRAZE elapsed=4.617830021031036e-5 dt=4.1435917015692665e-3 collider=65 fraction=1.317872593191349e-5 gaps=[1.9461317557478708e-9, 5.551115123125783e-17, -7.382469870542696e-5, -0.00014763239902670922]
GRAZE elapsed=4.617830021031036e-5 dt=4.1438470317088714e-4 collider=65 fraction=1.0801270502467423e-3 gaps=[1.9461317557478708e-9, 4.6629367034256575e-15, -8.988295990275397e-7, -1.7993988040143627e-6]
GRAZE elapsed=4.617830021031036e-5 dt=4.146400333104919e-5 collider=65 fraction=4.073273254242071e-2 gaps=[1.9461317557478708e-9, 6.694644838489694e-14, -2.1941124750401997e-8, -4.58262910396634e-8]
GRAZE elapsed=4.617830021031036e-5 dt=4.1719333470653865e-6 collider=65 fraction=5.58648986321554e-1 gaps=[1.9461317557478708e-9, 1.2800871473928055e-13, 2.0442519899077638e-10, -1.5372605410846063e-9]
GRAZE elapsed=4.617830021031036e-5 dt=3.251289841202276e-6 collider=65 fraction=7.235548989585396e-1 gaps=[1.9461317557478708e-9, 1.301736496372996e-13, 6.013785025515972e-10, -7.433620385910444e-10]
GRAZE elapsed=4.617830021031036e-5 dt=2.4227106859254773e-6 collider=65 fraction=9.792849146759828e-1 gaps=[1.9461317557478708e-9, 1.3217205108162489e-13, 9.525464861326327e-10, -4.1031733566399e-11]
GRAZE elapsed=4.617830021031036e-5 dt=2.3976173566383e-6 collider=65 fraction=9.897893315020916e-1 gaps=[1.9461317557478708e-9, 1.322830733840874e-13, 9.6309127339822e-10, -1.9942492102131837e-11]
GRAZE elapsed=4.617830021031036e-5 dt=2.3750333602798406e-6 collider=65 fraction=9.994332582221617e-1 gaps=[1.9461317557478708e-9, 1.3261614029147495e-13, 9.725769078983149e-10, -9.706679904297744e-13]
GRAZE elapsed=4.8551987539961166e-5 dt=8.284781345793373e-3 collider=42 fraction=3.087508355056523e-6 gaps=[1.6273831726643095e-9, 0.0, -0.0002635073521275455, -0.0005269479406115885]
GRAZE elapsed=4.8551987539961166e-5 dt=4.142403462562499e-3 collider=42 fraction=1.1931646404888644e-5 gaps=[1.6273831726643095e-9, -1.1102230246251565e-16, -6.818508048866967e-5, -0.00013635302147274597]
GRAZE elapsed=4.8551987539961166e-5 dt=4.1426336765471234e-4 collider=42 fraction=9.689739656511968e-4 gaps=[1.6273831726643095e-9, 3.3861802251067274e-15, -8.380145287700813e-7, -1.677452278248115e-6]
GRAZE elapsed=4.8551987539961166e-5 dt=4.1449358163933694e-5 collider=42 fraction=3.5602039032063715e-2 gaps=[1.6273831726643095e-9, 4.651834473179406e-14, -2.1226203850144287e-8, -4.407772979941882e-8]
GRAZE elapsed=4.8551987539961166e-5 dt=4.167957214855828e-6 collider=42 fraction=4.8321222695028254e-1 gaps=[1.6273831726643095e-9, 8.631984016460592e-14, -5.6448956620158697e-11, -1.7402601582006128e-9]
GRAZE elapsed=4.8551987539961166e-5 dt=3.090982551239905e-6 collider=42 fraction=6.583990191859108e-1 gaps=[1.6273831726643095e-9, 8.83182416089312e-14, 3.9158459808064094e-10, -8.442026522281765e-10]
GRAZE elapsed=4.8551987539961166e-5 dt=2.1217053539855743e-6 collider=42 fraction=9.683194216551527e-1 gaps=[1.6273831726643095e-9, 9.00390872971002e-14, 7.871139851012288e-10, -5.314976236903135e-11]
GRAZE elapsed=4.8551987539961166e-5 dt=2.088096927639763e-6 collider=42 fraction=9.842325531920402e-1 gaps=[1.6273831726643095e-9, 8.992806499463768e-14, 8.006992846532057e-10, -2.5979218776228663e-11]
GRAZE elapsed=4.8551987539961166e-5 dt=2.0578493439285336e-6 collider=42 fraction=9.989989761951072e-1 gaps=[1.6273831726643095e-9, 9.00390872971002e-14, 8.129187323291376e-10, -1.5407675135747922e-12]
GRAZE elapsed=0e0 dt=1.6666666666666666e-2 collider=31 fraction=4.989905985953489e-6 gaps=[1.2807730653818794e-8, 2.7755575615628914e-16, -0.0012832797818304043, -0.0025664291777981463]
GRAZE elapsed=0e0 dt=8.333374915883216e-3 collider=31 fraction=1.8892248895666848e-5 gaps=[1.2807730653818794e-8, 1.6653345369377348e-16, -0.00033893249969280115, -0.0006778326366570497]
GRAZE elapsed=0e0 dt=8.33412340178111e-4 collider=31 fraction=1.7994381446700004e-3 gaps=[1.2807730653818794e-8, 2.992051051364797e-14, -3.5457098120361685e-6, -7.103649420747704e-6]
GRAZE elapsed=0e0 dt=8.341608260760041e-5 collider=31 fraction=1.7782361026290247e-1 gaps=[1.2807730653818794e-8, -3.885780586188048e-16, -2.320281311529726e-8, -5.920741208420566e-8]
GRAZE elapsed=0e0 dt=4.912471578543621e-5 collider=31 fraction=5.104985743758738e-1 gaps=[1.2807730653818794e-8, 5.551115123125783e-17, 2.6337348968397123e-10, -1.2278919492292317e-8]
GRAZE elapsed=0e0 dt=3.710140658026069e-5 collider=31 fraction=8.920224019854244e-1 gaps=[1.2807730653818794e-8, 6.106226635438361e-16, 5.628227883747172e-9, -1.5500964956061125e-9]
GRAZE elapsed=0e0 dt=3.5098346197511334e-5 collider=31 fraction=9.959813937954775e-1 gaps=[1.2807730653818794e-8, 0.0, 6.377503969368092e-9, -5.166816974266908e-11]
GRAZE elapsed=0e0 dt=3.50482696879426e-5 collider=31 fraction=9.988093665795631e-1 gaps=[1.2807730653818794e-8, -2.220446049250313e-16, 6.3957071860798465e-9, -1.5265122499386052e-11]
GRAZE elapsed=0e0 dt=3.502740486733312e-5 collider=31 fraction=9.999912079777484e-1 gaps=[1.2807730653818794e-8, -1.6653345369377348e-16, 6.403283958622552e-9, -1.1252110354575962e-13]
GRAZE elapsed=3.502688324681789e-5 dt=1.663163978341985e-2 collider=7 fraction=3.699930423667696e-7 gaps=[9.278114943001015e-10, 1.1102230246251565e-16, -0.0012537420114353548, -0.0025073245449621084]
GRAZE elapsed=3.502688324681789e-5 dt=8.315822968505427e-3 collider=7 fraction=1.4021075131845525e-6 gaps=[9.278114943001015e-10, 2.220446049250313e-16, -0.0003308385333904984, -0.000661630507534261]
GRAZE elapsed=3.502688324681789e-5 dt=8.315878350824454e-4 collider=7 fraction=1.2431335021123406e-4 gaps=[9.278114943001015e-10, 2.7755575615628914e-16, -3.7305304625978586e-6, -7.461415644782754e-6]
GRAZE elapsed=3.502688324681789e-5 dt=8.316432174014727e-5 collider=7 fraction=7.241797322803967e-3 gaps=[9.278114943001015e-10, 4.218847493575595e-15, -6.312851702494626e-8, -1.2717899611214278e-7]
GRAZE elapsed=3.502688324681789e-5 dt=8.32197040591744e-6 collider=7 fraction=1.409191292694416e-1 gaps=[9.278114943001015e-10, 1.4710455076283324e-14, -2.3641152924192e-9, -5.655983237318196e-9]
GRAZE elapsed=3.502688324681789e-5 dt=4.7473476146626936e-6 collider=7 fraction=2.58738362951366e-1 gaps=[9.278114943001015e-10, 1.6209256159527285e-14, -8.651059868469702e-10, -2.658004039091111e-9]
GRAZE elapsed=3.502688324681789e-5 dt=1.530187102533422e-6 collider=7 fraction=8.385021496455103e-1 gaps=[9.278114943001015e-10, 1.7708057242771247e-14, 3.7456604484731315e-10, -1.7867746171518206e-10]
GRAZE elapsed=3.502688324681789e-5 dt=1.4066261386837656e-6 collider=7 fraction=9.137219586228937e-1 gaps=[9.278114943001015e-10, 1.7486012637846216e-14, 4.2011089051996464e-10, -8.758899161520617e-11]
GRAZE elapsed=3.502688324681789e-5 dt=1.295421271219075e-6 collider=7 fraction=9.936934747554851e-1 gaps=[9.278114943001015e-10, 1.7541523789077473e-14, 4.6096987338373197e-10, -5.870692820764134e-12]
GRAZE elapsed=3.642238506930164e-5 dt=1.6630244281597366e-2 collider=65 fraction=9.026788732818961e-7 gaps=[1.887015432799899e-9, -1.1102230246251565e-16, -0.0010451475571521818, -0.0020901337067864567]
GRAZE elapsed=3.642238506930164e-5 dt=8.315129646683768e-3 collider=65 fraction=3.3992442860180654e-6 gaps=[1.887015432799899e-9, -3.3306690738754696e-16, -0.00027753746764386245, -0.000555027519824447]
GRAZE elapsed=3.642238506930164e-5 dt=8.315264752615303e-4 collider=65 fraction=2.9991709598909533e-4 gaps=[1.887015432799899e-9, 8.326672684688674e-16, -3.1437200520567643e-6, -6.288754467953517e-6]
GRAZE elapsed=3.642238506930164e-5 dt=8.31661581193065e-5 collider=65 fraction=1.7111887986889063e-2 gaps=[1.887015432799899e-9, 3.6637359812630166e-14, -5.324665919292926e-8, -1.0837452185663565e-7]
GRAZE elapsed=3.642238506930164e-5 dt=8.330126405084115e-6 collider=65 fraction=3.2339755874224074e-1 gaps=[1.887015432799899e-9, 1.3167245072054357e-13, -1.0302557695851533e-9, -3.94746857423911e-9]
GRAZE elapsed=3.642238506930164e-5 dt=5.512034474251298e-6 collider=65 fraction=5.057547698558804e-1 gaps=[1.887015432799899e-9, 1.4127587988355117e-13, 2.1611157308143447e-11, -1.8437673610094407e-9]
GRAZE elapsed=3.642238506930164e-5 dt=2.9757517365017626e-6 collider=65 fraction=9.671452675068934e-1 gaps=[1.887015432799899e-9, 1.5076828674409626e-13, 9.115299626216711e-10, -6.394723639502331e-11]
GRAZE elapsed=3.642238506930164e-5 dt=2.9268679728674314e-6 collider=65 fraction=9.839094939593203e-1 gaps=[1.887015432799899e-9, 1.5082379789532752e-13, 9.281508894787294e-10, -3.07060488147215e-11]
GRAZE elapsed=3.642238506930164e-5 dt=2.882872585596533e-6 collider=65 fraction=9.994840493978607e-1 gaps=[1.887015432799899e-9, 1.5115686480271506e-13, 9.430928815667983e-10, -8.22897305852166e-13]
GRAZE elapsed=3.938108408560851e-5 dt=1.662728558258106e-2 collider=31 fraction=2.644426899678365e-10 gaps=[6.797895579779833e-13, 0.0, -0.0012852289376634185, -0.00257028042223284]
GRAZE elapsed=3.938108408560851e-5 dt=8.31364279348901e-3 collider=31 fraction=9.997265237871034e-10 gaps=[6.797895579779833e-13, -2.220446049250313e-16, -0.0003399616016498408, -0.0006798727976463637]
GRAZE elapsed=3.938108408560851e-5 dt=8.313642833061688e-4 collider=31 fraction=9.542087653358067e-8 gaps=[6.797895579779833e-13, -1.1102230246251565e-16, -3.561772505877858e-6, -7.1229744152967456e-6]
GRAZE elapsed=3.938108408560851e-5 dt=8.31364322878846e-5 collider=31 fraction=9.537715989438311e-6 gaps=[6.797895579779833e-13, 5.551115123125783e-17, -3.563334155520792e-8, -7.126157408610112e-8]
GRAZE elapsed=3.938108408560851e-5 dt=8.313647186056174e-6 collider=31 fraction=9.963130449932578e-4 gaps=[6.797895579779833e-13, 5.551115123125783e-17, -3.4044345120776143e-10, -6.815086828204642e-10]
GRAZE elapsed=3.938108408560851e-5 dt=8.313686758733311e-7 collider=31 fraction=1.38596164735457e-1 gaps=[6.797895579779833e-13, 1.1102230246251565e-16, -1.771749413848056e-12, -4.2228442964642454e-12]
GRAZE elapsed=3.938108408560851e-5 dt=4.7329659291528496e-7 collider=31 fraction=6.125613491627071e-1 gaps=[6.797895579779833e-13, 1.0547118733938987e-15, 1.2562173523633646e-13, -4.2799097599299785e-13]
GRAZE elapsed=3.9762693981821306e-5 dt=1.6626903972684844e-2 collider=42 fraction=6.530762056886559e-7 gaps=[1.3136980392403075e-9, -6.661338147750939e-16, -0.0010056847724444484, -0.0020111884236776456]
GRAZE elapsed=3.9762693981821306e-5 dt=8.313457415660102e-3 collider=42 fraction=2.487182583810885e-6 gaps=[1.3136980392403075e-9, 0.0, -0.00026406741505408116, -0.000528086316126275]
GRAZE elapsed=3.9762693981821306e-5 dt=8.313555143378332e-4 collider=42 fraction=2.2033286935018277e-4 gaps=[1.3136980392403075e-9, 3.3306690738754696e-16, -2.979571074923637e-6, -5.9598938582650085e-6]
GRAZE elapsed=3.9762693981821306e-5 dt=8.314532420560627e-5 collider=42 fraction=1.221746789422335e-2 gaps=[1.3136980392403075e-9, 1.4654943925052066e-14, -5.2446010923024033e-8, -1.0620002305339327e-7]
GRAZE elapsed=3.9762693981821306e-5 dt=8.324305192383576e-6 collider=42 fraction=2.2443831373452738e-1 gaps=[1.3136980392403075e-9, 5.0959236830294685e-14, -1.612807554174367e-9, -4.539255749058668e-9]
GRAZE elapsed=3.9762693981821306e-5 dt=5.096299106386858e-6 collider=42 fraction=3.800404953372123e-1 gaps=[1.3136980392403075e-9, 5.473399511402022e-14, -4.145930265764264e-10, -2.1428628316222387e-9]
GRAZE elapsed=3.9762693981821306e-5 dt=2.191093628989812e-6 collider=42 fraction=9.142592658681146e-1 gaps=[1.3136980392403075e-9, 5.861977570020827e-14, 5.952789372543066e-10, -1.2313600139535197e-10]
GRAZE elapsed=3.9762693981821306e-5 dt=2.0971606408391703e-6 collider=42 fraction=9.56263122410828e-1 gaps=[1.3136980392403075e-9, 5.878630915390204e-14, 6.268355834393446e-10, -6.002337515909062e-11]
GRAZE elapsed=3.9762693981821306e-5 dt=2.0126209515035927e-6 collider=42 fraction=9.974210267598878e-1 gaps=[1.3136980392403075e-9, 5.873079800267078e-14, 6.551783560126978e-10, -3.337885523535533e-12]
GRAZE elapsed=4.1770124437748485e-5 dt=1.6624896542228918e-2 collider=32 fraction=2.2493871246844852e-1 gaps=[5.8390788926221404e-8, 3.3306690738754696e-16, -2.1181743692366695e-8, 8.212303853616376e-8]
GRAZE elapsed=4.1770124437748485e-5 dt=1.501423232734157e-2 collider=32 fraction=3.092909208278952e-1 gaps=[5.8390788926221404e-8, 7.671641100159832e-14, -7.139521474019972e-9, 7.888073982886823e-8]
GRAZE elapsed=1.344533823689197e-2 dt=3.2213284297746957e-3 collider=31 fraction=1.6683006757224394e-4 gaps=[1.6771283750660615e-8, 3.9968028886505635e-15, -5.024462631836313e-5, -0.00010049969412678772]
GRAZE elapsed=1.344533823689197e-2 dt=1.6109329221071537e-3 collider=31 fraction=6.604427660991785e-4 gaps=[1.6771283750660615e-8, 1.4876988529977098e-14, -1.2679399838622096e-5, -2.537393298851498e-5]
GRAZE elapsed=1.344533823689197e-2 dt=1.6157696520636592e-4 collider=31 fraction=6.504618473516326e-2 gaps=[1.6771283750660615e-8, -3.3306690738754696e-16, -1.1213959022482456e-7, -2.4103344503645374e-7]
GRAZE elapsed=1.344533823689197e-2 dt=8.910916736132652e-5 collider=31 fraction=2.1370539281306186e-1 gaps=[1.6771283750660615e-8, -5.551115123125783e-17, -2.2466493887485228e-8, -6.16990860624611e-8]
GRAZE elapsed=1.344533823689197e-2 dt=5.649865833105879e-5 collider=31 fraction=5.312994950248361e-1 gaps=[1.6771283750660615e-8, -5.551115123125783e-17, 9.87951498387929e-10, -1.4793295421977604e-8]
GRAZE elapsed=1.344533823689197e-2 dt=4.3258183485965535e-5 collider=31 fraction=9.059786770251612e-1 gaps=[1.6771283750660615e-8, -5.551115123125783e-17, 7.514893818338919e-9, -1.7402725926984886e-9]
GRAZE elapsed=1.344533823689197e-2 dt=4.122458766554613e-5 collider=31 fraction=9.975006733644501e-1 gaps=[1.6771283750660615e-8, -1.1102230246251565e-16, 8.364078207812042e-9, -4.2016168322334124e-11]
GRAZE elapsed=1.344533823689197e-2 dt=4.117374777003565e-5 collider=31 fraction=9.999636884257622e-1 gaps=[1.6771283750660615e-8, -6.106226635438361e-16, 8.384783478643243e-9, -6.091238624605921e-13]
GRAZE elapsed=1.3486510713664619e-2 dt=3.1801559530020476e-3 collider=7 fraction=1.5320113243578925e-5 gaps=[1.5411465437153993e-9, -4.996003610813204e-16, -5.029355851871031e-5, -0.00010058256754363892]
GRAZE elapsed=1.3486510713664619e-2 dt=1.5901023366756899e-3 collider=7 fraction=5.9177030870418465e-5 gaps=[1.5411465437153993e-9, -1.6653345369377348e-16, -1.3019172504291632e-5, -2.6038329092537005e-5]
GRAZE elapsed=1.3486510713664619e-2 dt=1.59054081981968e-4 collider=7 fraction=4.033031179587782e-3 gaps=[1.5411465437153993e-9, 2.9976021664879227e-15, -1.895160320342093e-7, -3.805572134085722e-7]
GRAZE elapsed=1.3486510713664619e-2 dt=1.594925651259581e-5 collider=7 fraction=9.862030370872432e-2 gaps=[1.5411465437153993e-9, 2.015054789694659e-14, -6.272219965630654e-9, -1.4085423771792449e-8]
GRAZE elapsed=1.3486510713664619e-2 dt=8.794015239127201e-6 collider=7 fraction=1.9288349695494844e-1 gaps=[1.5411465437153993e-9, 2.3425705819590803e-14, -2.453795444612439e-9, -6.448688028015681e-9]
GRAZE elapsed=1.3486510713664619e-2 dt=2.354298093005452e-6 collider=7 fraction=7.751599354957932e-1 gaps=[1.5411465437153993e-9, 2.7200464103316335e-14, 5.470803254858936e-10, -4.469823400299333e-10]
GRAZE elapsed=1.3486510713664619e-2 dt=2.0896278254587136e-6 collider=7 fraction=8.760735040981977e-1 gaps=[1.5411465437153993e-9, 2.7533531010703882e-14, 6.615847869539948e-10, -2.1797336158257963e-10]
GRAZE elapsed=1.3486510713664619e-2 dt=1.851424584666649e-6 collider=7 fraction=9.915808627274103e-1 gaps=[1.5411465437153993e-9, 2.781108676686017e-14, 7.640433841160643e-10, -1.3057388503767697e-11]
GRAZE elapsed=1.348868636470687e-2 dt=3.177980301959796e-3 collider=31 fraction=1.7837859189739902e-8 gaps=[1.7431611709639583e-12, -6.106226635438361e-16, -4.885811150540098e-5, -9.770989424207066e-5]
GRAZE elapsed=1.348868636470687e-2 dt=1.5889901793240807e-3 collider=31 fraction=7.065203178058255e-8 gaps=[1.7431611709639583e-12, -4.440892098500626e-16, -1.233543443868168e-5, -2.4669258814780104e-5]
GRAZE elapsed=1.348868636470687e-2 dt=1.588990689519367e-4 collider=31 fraction=7.003801854921221e-6 gaps=[1.7431611709639583e-12, -2.7755575615628914e-16, -1.244339884465262e-7, -2.488533362154932e-7]
GRAZE elapsed=1.348868636470687e-2 dt=1.588995791472229e-5 collider=31 fraction=6.998000226232648e-4 gaps=[1.7431611709639583e-12, -1.1102230246251565e-16, -1.243644853765602e-9, -2.4888688332502795e-9]
GRAZE elapsed=1.348868636470687e-2 dt=1.5890468110008498e-6 collider=31 fraction=7.03615700647724e-2 gaps=[1.7431611709639583e-12, -1.1102230246251565e-16, -1.0642375869451826e-11, -2.3026081041876978e-11]
GRAZE elapsed=0e0 dt=8.333333333333333e-3 collider=31 fraction=1.889243229906459e-5 gaps=[1.2807730653818794e-8, 3.885780586188048e-16, -0.00033892920926659187, -0.0006778260561980387]
GRAZE elapsed=0e0 dt=4.16674538513458e-3 collider=31 fraction=7.35532512404077e-5 gaps=[1.2807730653818794e-8, 1.27675647831893e-15, -8.70450810108725e-5, -0.00017409007397911624]
GRAZE elapsed=0e0 dt=4.16816231755701e-4 collider=31 fraction=7.171000609235928e-3 gaps=[1.2807730653818794e-8, 1.1862733018119798e-13, -8.801342659126021e-7, -1.772929573706783e-6]
GRAZE elapsed=0e0 dt=4.182331641781308e-5 collider=31 fraction=7.030376263724528e-1 gaps=[1.2807730653818794e-8, 2.220446049250313e-16, 3.6985753903984175e-9, -5.409083292384764e-9]
GRAZE elapsed=0e0 dt=3.561334075960821e-5 collider=31 fraction=9.675822681807703e-1 gaps=[1.2807730653818794e-8, -1.6653345369377348e-16, 6.1888036917423506e-9, -4.2903808283867306e-10]
GRAZE elapsed=0e0 dt=3.5036088894642306e-5 collider=31 fraction=9.994990517219575e-1 gaps=[1.2807730653818794e-8, 2.220446049250313e-16, 6.4001311472772215e-9, -6.4180882830555674e-12]
GRAZE elapsed=0e0 dt=3.502887324633023e-5 collider=31 fraction=9.999079567955371e-1 gaps=[1.2807730653818794e-8, 0.0, 6.402751051570732e-9, -1.1788903186982225e-12]
GRAZE elapsed=0e0 dt=3.502726116145907e-5 collider=31 fraction=9.999993623898149e-1 gaps=[1.2807730653818794e-8, -5.551115123125783e-17, 6.403336527682768e-9, -8.326672684688674e-15]
GRAZE elapsed=3.5027099952971954e-5 dt=8.298306233380362e-3 collider=7 fraction=1.407634970239698e-6 gaps=[9.276612811248697e-10, 5.551115123125783e-17, -0.000329486043761984, -0.0006589257084896882]
GRAZE elapsed=3.5027099952971954e-5 dt=4.149158957183205e-3 collider=7 fraction=5.449392489729549e-6 gaps=[9.276612811248697e-10, 1.1102230246251565e-16, -8.510855516979943e-5, -0.00017020494365271865]
GRAZE elapsed=3.5027099952971954e-5 dt=4.149264086057636e-4 collider=7 fraction=4.6098452940712405e-4 gaps=[9.276612811248697e-10, 6.106226635438361e-16, -1.0051738663641174e-6, -2.0111311946346966e-6]
GRAZE elapsed=3.5027099952971954e-5 dt=4.150315374801944e-5 collider=7 fraction=1.9894287723843718e-2 gaps=[9.276612811248697e-10, 7.105427357601002e-15, -2.238622121009115e-8, -4.569864459069706e-8]
GRAZE elapsed=3.5027099952971954e-5 dt=4.160828262245022e-6 collider=7 fraction=2.9747511413559025e-1 gaps=[9.276612811248697e-10, 1.6542323066914832e-14, -6.31533492168046e-10, -2.1907135550058854e-9]
GRAZE elapsed=3.5027099952971954e-5 dt=2.699285562227475e-6 collider=7 fraction=4.67680850755432e-1 gaps=[9.276612811248697e-10, 1.7041923427996153e-14, -6.408779062994086e-11, -1.055830534113511e-9]
GRAZE elapsed=3.5027099952971954e-5 dt=1.3838971322116824e-6 collider=7 fraction=9.288658824431302e-1 gaps=[9.276612811248697e-10, 1.7763568394002505e-14, 4.283185472964135e-10, -7.102285426441313e-11]
GRAZE elapsed=3.5027099952971954e-5 dt=1.3346759815670019e-6 collider=7 fraction=9.637797791146525e-1 gaps=[9.276612811248697e-10, 1.7319479184152442e-14, 4.4640768859238733e-10, -3.484484922822162e-11]
GRAZE elapsed=3.5027099952971954e-5 dt=1.2903769459867897e-6 collider=7 fraction=9.974804318784471e-1 gaps=[9.276612811248697e-10, 1.7708057242771247e-14, 4.6266712683262767e-10, -2.3256396808335467e-12]
GRAZE elapsed=3.642227933678592e-5 dt=8.296911053996547e-3 collider=65 fraction=3.4138381274406072e-6 gaps=[1.8870863205400212e-9, 1.6653345369377348e-16, -0.00027636138782882735, -0.0005526755569500996]
GRAZE elapsed=3.642227933678592e-5 dt=4.1484696891539215e-3 collider=65 fraction=1.3171834100010005e-5 gaps=[1.8870863205400212e-9, 1.6653345369377348e-16, -7.162482284611693e-5, -0.00014323816087014052]
GRAZE elapsed=3.642227933678592e-5 dt=4.1487246079555877e-4 collider=65 fraction=1.1099357438747821e-3 gaps=[1.8870863205400212e-9, 3.9968028886505635e-15, -8.481275884375528e-7, -1.6979985861254043e-6]
GRAZE elapsed=3.642227933678592e-5 dt=4.151273795972238e-5 collider=65 fraction=4.650542401910506e-2 gaps=[1.8870863205400212e-9, 6.777911565336581e-14, -1.8400410806140854e-8, -3.86864592027969e-8]
GRAZE elapsed=3.642227933678592e-5 dt=4.176765676138744e-6 collider=65 fraction=6.786966475481293e-1 gaps=[1.8870863205400212e-9, 1.4627188349436437e-13, 4.969633593532308e-10, -8.931446138227273e-10]
GRAZE elapsed=3.642227933678592e-5 dt=3.5057612690641026e-6 collider=65 fraction=8.154705882628157e-1 gaps=[1.8870863205400212e-9, 1.4876988529977098e-13, 7.30121074710155e-10, -4.2683412360133843e-10]
GRAZE elapsed=3.642227933678592e-5 dt=2.901857302696925e-6 collider=65 fraction=9.927456541998865e-1 gaps=[1.8870863205400212e-9, 1.5121237595394632e-13, 9.36721200606172e-10, -1.3637146967226954e-11]
GRAZE elapsed=3.642227933678592e-5 dt=2.891331764528751e-6 collider=65 fraction=9.964930391251876e-1 gaps=[1.8870863205400212e-9, 1.5121237595394632e-13, 9.402948419889867e-10, -6.48925357893404e-12]
GRAZE elapsed=3.642227933678592e-5 dt=2.8818587801773944e-6 collider=65 fraction=9.998891204964835e-1 gaps=[1.8870863205400212e-9, 1.5154544286133387e-13, 9.435106029798135e-10, -5.823119764158946e-14]
GRAZE elapsed=3.9381110340270295e-5 dt=8.293952222993064e-3 collider=31 fraction=7.811067348484357e-10 gaps=[5.286882043264995e-13, -1.6653345369377348e-16, -0.0003383967764303275, -0.0006767433696870939]
GRAZE elapsed=3.9381110340270295e-5 dt=4.146976114735763e-3 collider=31 fraction=3.0425866270888946e-9 gaps=[5.286882043264995e-13, -1.1102230246251565e-16, -8.68745656422143e-5, -0.0001737357015142993]
GRAZE elapsed=3.9381110340270295e-5 dt=4.1469761730419203e-4 collider=31 fraction=2.9765228859446324e-7 gaps=[5.286882043264995e-13, -4.440892098500626e-16, -8.880248748566189e-7, -1.7759070956024914e-6]
GRAZE elapsed=3.9381110340270295e-5 dt=4.146976756103495e-5 collider=31 fraction=2.9981772705411913e-5 gaps=[5.286882043264995e-13, -2.7755575615628914e-16, -8.81557732368421e-9, -1.763024121137491e-8]
GRAZE elapsed=3.9381110340270295e-5 dt=4.1469825867192415e-6 collider=31 fraction=3.2367756057922747e-3 gaps=[5.286882043264995e-13, -5.551115123125783e-17, -8.113265614895226e-11, -1.6278001169212075e-10]
GRAZE elapsed=3.9381110340270295e-5 dt=4.147040892876701e-7 collider=31 fraction=7.233941281647702e-1 gaps=[5.286882043264995e-13, 7.216449660063518e-16, 1.6370238498097933e-13, -2.0061730054976579e-13]
GRAZE elapsed=3.968110484338691e-5 dt=8.293652228489946e-3 collider=42 fraction=2.5978609885457764e-6 gaps=[1.3657734942995603e-9, 5.551115123125783e-17, -0.00026283887410799567, -0.000525629508872083]
GRAZE elapsed=3.968110484338691e-5 dt=4.146836887122762e-3 collider=42 fraction=1.0074251526830053e-5 gaps=[1.3657734942995603e-9, 2.7755575615628914e-16, -6.777738966484703e-5, -0.00013554293334877565]
GRAZE elapsed=3.968110484338691e-5 dt=4.147030798922954e-4 collider=42 fraction=8.439567085200008e-4 gaps=[1.3657734942995603e-9, 1.9984014443252818e-15, -8.077118669458372e-7, -1.6166486231927735e-6]
GRAZE elapsed=3.968110484338691e-5 dt=4.1489699169248805e-5 collider=42 fraction=3.4166489880643525e-2 gaps=[1.3657734942995603e-9, 2.936539900133539e-14, -1.8620167296923285e-8, -3.860468833494224e-8]
GRAZE elapsed=3.968110484338691e-5 dt=4.1683610969441445e-6 collider=42 fraction=4.891461784117084e-1 gaps=[1.3657734942995603e-9, 6.117328865684613e-14, -3.0243030302301577e-11, -1.4262457326275069e-9]
GRAZE elapsed=3.968110484338691e-5 dt=3.1036494988772047e-6 collider=42 fraction=6.651472390627085e-1 gaps=[1.3657734942995603e-9, 6.23945339839338e-14, 3.3914937525025834e-10, -6.874673608159299e-10]
GRAZE elapsed=3.968110484338691e-5 dt=2.145409060616959e-6 collider=42 fraction=9.731220937328295e-1 gaps=[1.3657734942995603e-9, 6.42264019745653e-14, 6.64056531984869e-10, -3.765693312729468e-11]
GRAZE elapsed=3.968110484338691e-5 dt=2.1165770087989586e-6 collider=42 fraction=9.867125405985426e-1 gaps=[1.3657734942995603e-9, 6.405986852087153e-14, 6.737213564811384e-10, -1.832695106784854e-11]
GRAZE elapsed=3.968110484338691e-5 dt=2.090628162162758e-6 collider=42 fraction=9.992646463823505e-1 gaps=[1.3657734942995603e-9, 6.444844657949034e-14, 6.824144582751046e-10, -9.409695245210514e-13]
GRAZE elapsed=0e0 dt=8.333333333333333e-3 collider=31 fraction=8.687763156194692e-6 gaps=[5.7449690560318345e-9, 2.220446049250313e-16, -0.00033061108461335253, -0.0006611901500981898]
GRAZE elapsed=0e0 dt=4.166702865679817e-3 collider=31 fraction=3.383440620785654e-5 gaps=[5.7449690560318345e-9, 2.7755575615628914e-16, -8.488736540812614e-5, -0.00016977003995582995]
GRAZE elapsed=0e0 dt=4.1673544479165327e-4 collider=31 fraction=3.303754327532256e-3 gaps=[5.7449690560318345e-9, 2.3425705819590803e-14, -8.636548077811668e-7, -1.7329391067133493e-6]
GRAZE elapsed=0e0 dt=4.173870270283679e-5 collider=31 fraction=3.283331651684825e-1 gaps=[5.7449690560318345e-9, 2.7755575615628914e-16, -3.0035182119192427e-9, -1.1750834916224306e-8]
GRAZE elapsed=0e0 dt=2.7721451535642746e-5 collider=31 fraction=7.439576129790472e-1 gaps=[5.7449690560318345e-9, 3.3306690738754696e-16, 1.8837570947560778e-9, -1.9769383907686233e-9]
GRAZE elapsed=0e0 dt=2.4172518224206933e-5 collider=31 fraction=9.78256187447528e-1 gaps=[5.7449690560318345e-9, 1.6653345369377348e-16, 2.808449695024251e-9, -1.2767664703261516e-10]
GRAZE elapsed=0e0 dt=2.390971687161275e-5 collider=31 fraction=9.998631191587971e-1 gaps=[5.7449690560318345e-9, 2.7755575615628914e-16, 2.8718988853704275e-9, -7.862044348883046e-13]
GRAZE elapsed=2.3908074363159035e-5 dt=8.309425258970174e-3 collider=7 fraction=7.581086693649509e-7 gaps=[4.968658817716687e-10, 3.885780586188048e-16, -0.0003276809225552513, -0.0006553232113744589]
GRAZE elapsed=2.3908074363159035e-5 dt=4.15471577920875e-3 collider=7 fraction=2.943436313572017e-6 gaps=[4.968658817716687e-10, 0.0, -8.439662049453123e-5, -0.00016878326897706852]
GRAZE elapsed=2.3908074363159035e-5 dt=4.1547724742346863e-4 collider=7 fraction=2.5956379691766313e-4 gaps=[4.968658817716687e-10, 2.7755575615628914e-16, -9.565635577524212e-7, -1.9135110184698156e-6]
GRAZE elapsed=2.3908074363159035e-5 dt=4.1553394244940506e-5 collider=7 fraction=1.3399990643687687e-2 gaps=[4.968658817716687e-10, 2.7755575615628914e-15, -1.8042260685469103e-8, -3.658024139152616e-8]
GRAZE elapsed=2.3908074363159035e-5 dt=4.16100892708769e-6 collider=7 fraction=2.299342895646994e-1 gaps=[4.968658817716687e-10, 7.827072323607354e-15, -5.835655292329989e-10, -1.6639856159628152e-9]
GRAZE elapsed=2.3908074363159035e-5 dt=2.558883779304985e-6 collider=7 fraction=3.857691034055257e-1 gaps=[4.968658817716687e-10, 8.715250743307479e-15, -1.4711648566034796e-10, -7.910945787337198e-10]
GRAZE elapsed=2.3908074363159035e-5 dt=1.1169711463005506e-6 collider=7 fraction=9.097616507985045e-1 gaps=[4.968658817716687e-10, 9.103828801926284e-15, 2.2379587072407503e-10, -4.9273363167401385e-11]
GRAZE elapsed=2.3908074363159035e-5 dt=1.0665743301266187e-6 collider=7 fraction=9.537294946219816e-1 gaps=[4.968658817716687e-10, 8.93729534823251e-15, 2.363843565333923e-10, -2.409594745955701e-11]
GRAZE elapsed=2.3908074363159035e-5 dt=1.02121719557008e-6 collider=7 fraction=9.970127194255731e-1 gaps=[4.968658817716687e-10, 9.159339953157541e-15, 2.476926996841655e-10, -1.4797607583716399e-12]
GRAZE elapsed=2.508257495052856e-5 dt=8.308250758382804e-3 collider=65 fraction=1.7434440827013743e-6 gaps=[9.391111222001314e-10, -1.1102230246251565e-16, -0.00026930447128242774, -0.0005385677817250079]
GRAZE elapsed=2.508257495052856e-5 dt=4.154132621676713e-3 collider=65 fraction=6.75156806496758e-6 gaps=[9.391111222001314e-10, 1.6653345369377348e-16, -6.954119065127884e-5, -0.0001390723119634174]
GRAZE elapsed=2.508257495052856e-5 dt=4.154262986412314e-4 collider=65 fraction=5.952164867184448e-4 gaps=[9.391111222001314e-10, 7.771561172376096e-16, -7.878848892195478e-7, -1.5765943678358596e-6]
GRAZE elapsed=2.508257495052856e-5 dt=4.155566633768321e-5 collider=65 fraction=2.9844248559091402e-2 gaps=[9.391111222001314e-10, 2.3647750424515834e-14, -1.4793489377940006e-8, -3.052493918742627e-8]
GRAZE elapsed=2.508257495052856e-5 dt=4.168603107328393e-6 collider=65 fraction=4.9717881313958545e-1 gaps=[9.391111222001314e-10, 6.566969190657801e-14, -5.263067759386786e-12, -9.496251562879365e-10]
GRAZE elapsed=2.508257495052856e-5 dt=3.1205721263399555e-6 collider=65 fraction=6.767483445300826e-1 gaps=[9.391111222001314e-10, 6.827871601444713e-14, 2.4531926490212186e-10, -4.4846565350198375e-10]
GRAZE elapsed=2.508257495052856e-5 dt=2.1773442434503623e-6 collider=65 fraction=9.868696887371762e-1 gaps=[9.391111222001314e-10, 7.044365091246618e-14, 4.633424199873559e-10, -1.2422951556345652e-11]
GRAZE elapsed=2.508257495052856e-5 dt=2.163049639628952e-6 collider=65 fraction=9.936555334643771e-1 gaps=[9.391111222001314e-10, 7.049916206369744e-14, 4.665912101131653e-10, -5.924982726668304e-12]
GRAZE elapsed=2.508257495052856e-5 dt=2.1501844961896827e-6 collider=65 fraction=9.998400801714702e-1 gaps=[9.391111222001314e-10, 7.038813976123492e-14, 4.695141497812472e-10, -7.943645741192995e-14]
GRAZE elapsed=2.7232415589582306e-5 dt=8.306100917743751e-3 collider=42 fraction=1.127708633879686e-6 gaps=[5.947711767539943e-10, 3.3306690738754696e-16, -0.00026368543790050714, -0.0005273278351518584]
GRAZE elapsed=2.7232415589582306e-5 dt=4.153055142302735e-3 collider=42 fraction=4.392249329580646e-6 gaps=[5.947711767539943e-10, 2.7755575615628914e-16, -6.770079832629783e-5, -0.00013539117106170506]
GRAZE elapsed=2.7232415589582306e-5 dt=4.153139444058205e-4 collider=42 fraction=3.860064885766354e-4 gaps=[5.947711767539943e-10, 6.661338147750939e-16, -7.697646327020635e-7, -1.5400114035113432e-6]
GRAZE elapsed=2.7232415589582306e-5 dt=4.1539824616128985e-5 collider=42 fraction=1.8728913812388726e-2 gaps=[5.947711767539943e-10, 6.716849298982197e-15, -1.5282932419591333e-8, -3.1159505975431045e-8]
GRAZE elapsed=2.7232415589582306e-5 dt=4.162412637159832e-6 collider=42 fraction=3.0438106327523684e-1 gaps=[5.947711767539943e-10, 1.7263968032921184e-14, -3.82215370464678e-10, -1.3591908709642553e-9]
GRAZE elapsed=2.7232415589582306e-5 dt=2.714686110724412e-6 collider=42 fraction=4.782391810423796e-1 gaps=[5.947711767539943e-10, 1.865174681370263e-14, -2.704397816799542e-11, -6.488546921978866e-10]
GRAZE elapsed=2.7232415589582306e-5 dt=1.4117322369325342e-6 collider=42 fraction=9.402521213179149e-1 gaps=[5.947711767539943e-10, 1.915134717478395e-14, 2.784978359038348e-10, -3.7773728589485245e-11]
GRAZE elapsed=2.7232415589582306e-5 dt=1.3695582337206173e-6 collider=42 fraction=9.699023982388049e-1 gaps=[5.947711767539943e-10, 1.9040324872321435e-14, 2.8816665720299284e-10, -1.8436530080379043e-11]
GRAZE elapsed=2.7232415589582306e-5 dt=1.331601630829892e-6 collider=42 fraction=9.981940923352788e-1 gaps=[5.947711767539943e-10, 1.9484414082171497e-14, 2.968570389505487e-10, -1.0566547636869927e-12]
GRAZE elapsed=0e0 dt=1.6666666666666666e-2 collider=31 fraction=6.976297004034594e-8 gaps=[1.7062312673843394e-10, 5.551115123125783e-17, -0.0012228049428877896, -0.0024454647826239184]
GRAZE elapsed=0e0 dt=8.333333914691418e-3 collider=31 fraction=2.645379246692946e-7 gaps=[1.7062312673843394e-10, 5.551115123125783e-17, -0.00032247253775552487, -0.0006449050933913236]
GRAZE elapsed=0e0 dt=8.333344379136924e-4 collider=31 fraction=2.5240126853274503e-5 gaps=[1.7062312673843394e-10, -1.6653345369377348e-16, -3.379599165631575e-6, -6.758913872750849e-6]
GRAZE elapsed=0e0 dt=8.333449023591985e-5 collider=31 fraction=2.51144486056253e-3 gaps=[1.7062312673843394e-10, 8.326672684688674e-16, -3.37960809893012e-8, -6.775816741022567e-8]
GRAZE elapsed=0e0 dt=8.334495468142592e-6 collider=31 fraction=2.4987939708783768e-1 gaps=[1.7062312673843394e-10, 5.739853037312059e-14, -1.7066165147738843e-10, -5.11899911348479e-10]
GRAZE elapsed=0e0 dt=5.20855708537669e-6 collider=31 fraction=6.37786639439458e-1 gaps=[1.7062312673843394e-10, 1.4604983888943934e-13, 3.6973202277579276e-11, -9.665884759257892e-11]
GRAZE elapsed=0e0 dt=4.265252602593833e-6 collider=31 fraction=9.492245555581746e-1 gaps=[1.7062312673843394e-10, 2.1660451210436804e-13, 8.085676572733291e-11, -8.897382830497236e-12]
GRAZE elapsed=0e0 dt=4.156967554317155e-6 collider=31 fraction=9.990340357269574e-1 gaps=[1.7062312673843394e-10, 2.277067423506196e-13, 8.533762585472005e-11, 6.311617894994015e-14]
GRAZE elapsed=4.154260428110239e-6 dt=1.6662512406238558e-2 collider=7 fraction=1.0328178197770935e-7 gaps=[2.5663854374968764e-10, -1.6653345369377348e-16, -0.0012423329410518602, -0.0024844935764346543]
GRAZE elapsed=4.154260428110239e-6 dt=8.331257063586265e-3 collider=7 fraction=3.931175748955092e-7 gaps=[2.5663854374968764e-10, 0.0, -0.00032639332933476206, -0.0006527450661658607]
GRAZE elapsed=4.154260428110239e-6 dt=8.331272551992027e-4 collider=7 fraction=3.7229511789570866e-5 gaps=[2.5663854374968764e-10, 5.551115123125783e-17, -3.4462309300153926e-6, -6.89227694883332e-6]
GRAZE elapsed=4.154260428110239e-6 dt=8.331427436049646e-5 collider=7 fraction=3.3765453029460544e-3 gaps=[2.5663854374968764e-10, 7.771561172376096e-16, -3.7744158243313564e-8, -7.57404640672199e-8]
GRAZE elapsed=4.154260428110239e-6 dt=8.332976276625835e-6 collider=7 fraction=1.849589297951013e-1 gaps=[2.5663854374968764e-10, 1.9872992140790302e-14, -4.3706516184016664e-10, -1.1307238478863724e-9]
GRAZE elapsed=4.154260428110239e-6 dt=4.937117325379259e-6 collider=7 fraction=3.915667726167982e-1 gaps=[2.5663854374968764e-10, 3.108624468950438e-14, -7.10272396453604e-11, -3.9867692480655137e-10]
GRAZE elapsed=4.154260428110239e-6 dt=3.4351642112542467e-6 collider=7 fraction=6.3408160811953e-1 gaps=[2.5663854374968764e-10, 3.9745984281580604e-14, 5.429839911030854e-11, -1.4803375192329327e-10]
GRAZE elapsed=4.154260428110239e-6 dt=2.806669329240498e-6 collider=7 fraction=8.195218305018059e-1 gaps=[2.5663854374968764e-10, 4.440892098500626e-14, 1.0008571749153816e-10, -5.646239031875666e-11]
GRAZE elapsed=4.154260428110239e-6 dt=2.5533980577764734e-6 collider=7 fraction=9.216028872721012e-1 gaps=[2.5663854374968764e-10, 4.6351811278100286e-14, 1.1742690153582203e-10, -2.178068836400371e-11]
GRAZE elapsed=4.154260428110239e-6 dt=2.453308540089123e-6 collider=7 fraction=9.680323449920891e-1 gaps=[2.5663854374968764e-10, 4.707345624410664e-14, 1.241042824062788e-10, -8.42620417884632e-12]
GRAZE elapsed=4.154260428110239e-6 dt=2.414095279570358e-6 collider=7 fraction=9.873174019915716e-1 gaps=[2.5663854374968764e-10, 4.746203430272544e-14, 1.2669293392164604e-10, -3.248512570053208e-12]
GRAZE elapsed=4.154260428110239e-6 dt=2.39878677957794e-6 collider=7 fraction=9.95024279943852e-1 gaps=[2.5663854374968764e-10, 4.75175454539567e-14, 1.2769951762692244e-10, -1.235622715256568e-12]
GRAZE elapsed=6.54111151619861e-6 dt=1.666012555515047e-2 collider=65 fraction=1.2769072320424922e-8 gaps=[2.5550672688723353e-11, -2.220446049250313e-16, -0.0010003989310477523, -0.002000613959057096]
GRAZE elapsed=6.54111151619861e-6 dt=8.330062883942408e-3 collider=65 fraction=4.8453529536866995e-8 gaps=[2.5550672688723353e-11, 5.551115123125783e-17, -0.0002636388803280987, -0.0005272322715549893]
GRAZE elapsed=6.54111151619861e-6 dt=8.330064798551542e-4 collider=65 fraction=4.568110215173095e-6 gaps=[2.5550672688723353e-11, 1.1102230246251565e-16, -2.796381143699289e-6, -5.592331455139821e-6]
GRAZE elapsed=6.54111151619861e-6 dt=8.33008394464287e-5 collider=65 fraction=3.9738340445556655e-4 gaps=[2.5550672688723353e-11, 1.1102230246251565e-16, -3.21207910269905e-8, -6.426257215252917e-8]
GRAZE elapsed=6.54111151619861e-6 dt=8.330275405556143e-6 collider=65 fraction=1.7352734913855285e-2 gaps=[2.5550672688723353e-11, 2.7755575615628914e-16, -7.106330524031534e-10, -1.4467711473287181e-9]
GRAZE elapsed=6.54111151619861e-6 dt=8.332190014688873e-7 collider=65 fraction=2.6138556726801776e-1 gaps=[2.5550672688723353e-11, 1.1102230246251565e-15, -2.3323343256720364e-11, -7.2196859601803e-11]
GRAZE elapsed=6.54111151619861e-6 dt=5.255052114131619e-7 collider=65 fraction=4.233268437734784e-1 gaps=[2.5550672688723353e-11, 7.216449660063518e-16, -4.626909966276571e-12, -3.480438159897403e-11]
GRAZE elapsed=6.54111151619861e-6 dt=2.48562800363009e-7 collider=65 fraction=9.12568287489453e-1 gaps=[2.5550672688723353e-11, 7.216449660063518e-16, 1.1551926082375985e-11, -2.44715359087877e-12]
GRAZE elapsed=6.767942045259464e-6 dt=1.6659898724621407e-2 collider=42 fraction=5.2998807723426764e-9 gaps=[1.0842382547338048e-11, 2.220446049250313e-16, -0.0010227823410099979, -0.002045350233129739]
GRAZE elapsed=6.767942045259464e-6 dt=8.329949406458441e-3 collider=42 fraction=2.0364598940229906e-8 gaps=[1.0842382547338048e-11, 2.220446049250313e-16, -0.00026618262693928196, -0.0005323172255506936]
GRAZE elapsed=6.767942045259464e-6 dt=8.329950201117735e-4 collider=42 fraction=1.939617628678364e-6 gaps=[1.0842382547338048e-11, -5.551115123125783e-17, -2.794741605416373e-6, -5.589040165676629e-6]
GRAZE elapsed=6.767942045259464e-6 dt=8.329958147710657e-5 collider=42 fraction=1.6769273819861041e-4 gaps=[1.0842382547338048e-11, 4.996003610813204e-16, -3.2315012943318067e-8, -6.463634533160345e-8]
GRAZE elapsed=6.767942045259464e-6 dt=8.330037613639884e-6 collider=42 fraction=7.2521821421851485e-3 gaps=[1.0842382547338048e-11, 1.1102230246251565e-16, -7.36658567479509e-10, -1.4841142759181025e-9]
GRAZE elapsed=6.767942045259464e-6 dt=8.330832272932163e-7 collider=42 fraction=1.087042356274388e-1 gaps=[1.0842382547338048e-11, 5.551115123125783e-17, -3.9028003051555515e-11, -8.889766700548307e-11]
GRAZE elapsed=6.767942045259464e-6 dt=4.6182145136508265e-7 collider=42 fraction=2.0100130809738914e-1 gaps=[1.0842382547338048e-11, 2.220446049250313e-16, -1.6128098856427187e-11, -4.309852474904119e-11]
GRAZE elapsed=6.767942045259464e-6 dt=1.2768585302976232e-7 collider=42 fraction=7.438508374702479e-1 gaps=[1.0842382547338048e-11, 2.7755575615628914e-16, 3.55487861369852e-12, -3.733235942604551e-12]
GRAZE elapsed=6.862921273968755e-6 dt=1.6659803745392696e-2 collider=32 fraction=1.4281249768102472e-1 gaps=[5.841231581760198e-8, 1.287303597052869e-13, -7.051339084851449e-8, 1.2585989417335242e-8]
GRAZE elapsed=6.862921273968755e-6 dt=1.3089659854983327e-2 collider=32 fraction=2.95214792925295e-1 gaps=[5.841231581760198e-8, 0.0, -1.4668789904970225e-8, 3.8647214484210934e-8]
GRAZE elapsed=0e0 dt=1.6666666666666666e-2 collider=32 fraction=6.954886686400193e-2 gaps=[4.913387829930116e-8, 4.1022740759899534e-14, -1.569705361803564e-7, -9.519369896571206e-6]
GRAZE elapsed=0e0 dt=1.2789786945266675e-2 collider=32 fraction=1.364404703378081e-1 gaps=[4.913387829930116e-8, 2.9531932455029164e-14, -6.097289334539013e-8, 2.1622757584438546e-8]
GRAZE elapsed=8.912907223866683e-3 dt=7.753759442799983e-3 collider=6 fraction=8.874818010309029e-1 gaps=[5.1513641075029426e-8, 9.43689570931383e-16, 1.4394476721690808e-8, -1.3125646265654822e-5]
GRAZE elapsed=8.912907223866683e-3 dt=7.317539918928241e-3 collider=6 fraction=9.414511327964566e-1 gaps=[5.1513641075029426e-8, 3.9745984281580604e-14, 1.9326524269835943e-8, -6.43893784435523e-6]
GRAZE elapsed=8.912907223866683e-3 dt=6.9249423474436736e-3 collider=6 fraction=9.958608890981073e-1 gaps=[5.1513641075029426e-8, 2.7755575615628914e-15, 2.343445615338169e-8, -4.303622773704774e-7]
GRAZE elapsed=8.912907223866683e-3 dt=6.9106107952610326e-3 collider=6 fraction=9.979644761030888e-1 gaps=[5.1513641075029426e-8, 2.609024107869118e-15, 2.3578579866345706e-8, -2.1119717541484562e-7]
GRAZE elapsed=8.912907223866683e-3 dt=6.8977123982966555e-3 collider=6 fraction=9.998652044874082e-1 gaps=[5.1513641075029426e-8, 2.3314683517128287e-15, 2.3707942442552365e-8, -1.3959245481753868e-8]
GRAZE elapsed=8.912907223866683e-3 dt=6.897247507957436e-3 collider=6 fraction=9.999338446670596e-1 gaps=[5.1513641075029426e-8, 2.3314683517128287e-15, 2.37125989954734e-8, -6.850488287746259e-9]
GRAZE elapsed=8.912907223866683e-3 dt=6.896829106652139e-3 collider=6 fraction=9.999956287677909e-1 gaps=[5.1513641075029426e-8, 2.1094237467877974e-15, 2.3716789365746394e-8, -4.5261810965868676e-10]
GRAZE elapsed=8.912907223866683e-3 dt=6.896814032831372e-3 collider=6 fraction=9.999978548113417e-1 gaps=[5.1513641075029426e-8, 2.6645352591003757e-15, 2.371694018954429e-8, -2.2212098826912552e-10]
GRAZE elapsed=8.912907223866683e-3 dt=6.896800466392684e-3 collider=6 fraction=9.999998582631193e-1 gaps=[5.1513641075029426e-8, 2.55351295663786e-15, 2.3717076302887108e-8, -1.4673928738773157e-11]
GRAZE elapsed=1.5809706712728383e-2 dt=8.569599539382834e-4 collider=66 fraction=1.5252783455506744e-1 gaps=[5.2167076491915765e-8, -2.220446049250313e-16, -4.522296134068515e-6, -1.1028770706467128e-5]
GRAZE elapsed=1.5809706712728383e-2 dt=1.307102460746167e-4 collider=66 fraction=9.968194373958232e-1 gaps=[5.2167076491915765e-8, -5.551115123125783e-16, 5.538589376019587e-8, -6.334342605995857e-9]
GRAZE elapsed=1.5809706712728383e-2 dt=1.3030177655563353e-4 collider=66 fraction=9.999399716973639e-1 gaps=[5.2167076491915765e-8, 1.1102230246251565e-16, 5.537588898540946e-8, -1.191778897791096e-10]
GRAZE elapsed=1.5809706712728383e-2 dt=1.3029667068664624e-4 collider=66 fraction=9.999791022614082e-1 gaps=[5.2167076491915765e-8, 1.6653345369377348e-16, 5.537576419634149e-8, -4.148803522951994e-11]
GRAZE elapsed=1.5809706712728383e-2 dt=1.3029394778088285e-4 collider=66 fraction=9.999999713698117e-1 gaps=[5.2167076491915765e-8, 0.0, 5.537569741642656e-8, -5.645484080218921e-14]
GRAZE elapsed=1.594269637932283e-2 dt=7.239702873438371e-4 collider=32 fraction=4.7608746790331086e-2 gaps=[5.723592794160126e-8, 1.6653345369377348e-16, -4.896843585011634e-6, -1.0308277967829849e-5]
GRAZE elapsed=1.594269637932283e-2 dt=3.446731809387598e-5 collider=32 fraction=9.924722663554338e-1 gaps=[5.723592794160126e-8, 1.1102230246251565e-16, 5.789258289423671e-8, -3.908975754196575e-9]
GRAZE elapsed=1.594269637932283e-2 dt=3.425189735578925e-5 collider=32 fraction=9.987118097178764e-1 gaps=[5.723592794160126e-8, 0.0, 5.788848594923124e-8, -6.647478123511519e-10]
GRAZE elapsed=1.594269637932283e-2 dt=3.420777439447123e-5 collider=32 fraction=9.999994994074292e-1 gaps=[5.723592794160126e-8, 5.551115123125783e-17, 5.7887646787158076e-8, -2.5807134207411764e-13]
GRAZE elapsed=1.5980957654349925e-2 dt=6.85709012316741e-4 collider=66 fraction=4.632302856367241e-2 gaps=[6.09359784853325e-11, 1.6653345369377348e-15, -2.838548840422561e-10, 6.113271000529608e-11]
GRAZE elapsed=1.5980957654349925e-2 dt=3.5873656524032846e-4 collider=66 fraction=1.9994137666703138e-1 gaps=[6.09359784853325e-11, 1.0824674490095276e-13, -3.4292124695411985e-11, 6.006817265813424e-11]
GRAZE elapsed=1.5980957654349925e-2 dt=2.8698399460898473e-4 collider=66 fraction=4.6366519703620995e-1 gaps=[6.09359784853325e-11, 2.0039525594484076e-13, -1.464939280992894e-13, 6.022310428122069e-11]
GRAZE elapsed=1.6196189078327566e-2 dt=4.7047758833910006e-4 collider=66 fraction=1.0324365737724124e-1 gaps=[6.042805145156649e-11, 1.2989609388114332e-13, -1.0210104983698898e-10, 6.175188138612953e-11]
GRAZE elapsed=1.6196189078327566e-2 dt=3.6500164798786323e-4 collider=66 fraction=1.8960281629799972e-1 gaps=[6.042805145156649e-11, 7.072120666862247e-14, -3.7685410347876314e-11, 6.09038375287696e-11]
GRAZE elapsed=0e0 dt=1.6666666666666666e-2 collider=32 fraction=7.461988193302571e-7 gaps=[5.056510765655275e-13, -4.440892098500626e-16, -1.6202969077561136e-7, 3.017030436591739e-8]
GRAZE elapsed=0e0 dt=8.333339551656826e-3 collider=32 fraction=2.791053445448722e-6 gaps=[5.056510765655275e-13, -1.6653345369377348e-16, -4.368601852489107e-8, 6.5128993309571115e-9]
GRAZE elapsed=0e0 dt=8.333451481479727e-4 collider=32 fraction=2.512565255959882e-4 gaps=[5.056510765655275e-13, 1.0547118733938987e-15, -4.995062141688322e-10, 9.451717186692576e-12]
GRAZE elapsed=0e0 dt=8.334570779708724e-5 collider=32 fraction=2.15026678538095e-2 gaps=[5.056510765655275e-13, 7.599476603559197e-14, -4.608813330975181e-12, 4.5391468361799525e-13]
GRAZE elapsed=8.345763761998677e-6 dt=1.665832090290467e-2 collider=66 fraction=8.882026458113639e-5 gaps=[6.041928068967195e-11, 2.7922109069322687e-14, -1.6301401689622352e-7, 2.8081936331858515e-8]
GRAZE elapsed=8.345763761998677e-6 dt=8.329900249687371e-3 collider=66 fraction=3.329994524156071e-4 gaps=[6.041928068967195e-11, 1.141309269314661e-13, -4.3683797024129944e-8, 6.297971699709137e-9]
GRAZE elapsed=8.345763761998677e-6 dt=8.343216617918033e-4 collider=66 fraction=3.0896933771320027e-2 gaps=[6.041928068967195e-11, 2.2243318298365011e-13, -4.401425890421251e-10, 6.892980630723855e-11]
GRAZE elapsed=8.345763761998677e-6 dt=4.595427323970248e-4 collider=66 fraction=1.1029933884954207e-1 gaps=[6.041928068967195e-11, 1.7114087924596788e-13, -9.283185331554478e-11, 6.150235876134502e-11]
GRAZE elapsed=9.310956676424512e-5 dt=1.6573557099902422e-2 collider=66 fraction=8.961335687447132e-5 gaps=[6.034572841429053e-11, 2.786659791809143e-14, -1.6147237230645928e-7, 2.7402488556038662e-8]
GRAZE elapsed=9.310956676424512e-5 dt=8.287521155994747e-3 collider=66 fraction=3.3625014324702e-4 gaps=[6.034572841429053e-11, 1.1485257189747244e-13, -4.3226725254807974e-8, 6.153526743712945e-9]
GRAZE elapsed=9.310956676424512e-5 dt=8.300888064778405e-4 collider=66 fraction=3.124513558930246e-2 gaps=[6.034572841429053e-11, 2.274846977456946e-13, -4.341761949966383e-10, 6.87350731887193e-11]
GRAZE elapsed=9.310956676424512e-5 dt=4.5721718900199515e-4 collider=66 fraction=1.1168133375416377e-1 gaps=[6.034572841429053e-11, 1.8013368574543165e-13, -9.10284625454949e-11, 6.145361997056398e-11]
GRAZE elapsed=1.7745513829039484e-4 dt=1.648921152837627e-2 collider=66 fraction=9.043048168984848e-5 gaps=[6.028411103642384e-11, 2.8310687127941492e-14, -1.5994654367634809e-7, 2.673463483926497e-8]
GRAZE elapsed=1.7745513829039484e-4 dt=8.245351327858735e-3 collider=66 fraction=3.395909589478087e-4 gaps=[6.028411103642384e-11, 1.152966611073225e-13, -4.277567339228128e-8, 6.010740571937845e-9]
GRAZE elapsed=1.7745513829039484e-4 dt=8.258771473929506e-4 collider=66 fraction=3.1599998741558076e-2 gaps=[6.028411103642384e-11, 2.329803017175891e-13, -4.283505217195227e-10, 6.842976185694738e-11]
GRAZE elapsed=1.7745513829039484e-4 dt=4.5490343836966147e-4 collider=66 fraction=1.1308585740512395e-1 gaps=[6.028411103642384e-11, 1.89681603757208e-13, -8.927547590076301e-11, 6.134898145049306e-11]
GRAZE elapsed=2.613848676367671e-4 dt=1.64052817990299e-2 collider=66 fraction=9.1252895957962e-5 gaps=[6.022160548013744e-11, 2.858824288409778e-14, -1.5843425532624522e-7, 2.6085930304731164e-8]
GRAZE elapsed=2.613848676367671e-4 dt=8.203389414251534e-3 collider=66 fraction=3.4295259607126916e-4 gaps=[6.022160548013744e-11, 1.1685097334179773e-13, -4.23297621954255e-8, 5.872100028447846e-9]
GRAZE elapsed=2.613848676367671e-4 dt=8.216862679510046e-4 collider=66 fraction=3.195736396430714e-2 gaps=[6.022160548013744e-11, 2.3880897259687117e-13, -4.226120009498402e-10, 6.813966058061283e-11]
GRAZE elapsed=2.613848676367671e-4 dt=4.526011106359781e-4 collider=66 fraction=1.1450524629558317e-1 gaps=[6.022160548013744e-11, 1.9895196601282805e-13, -8.755052238740291e-11, 6.124811768870586e-11]
GRAZE elapsed=3.4490082095771867e-4 dt=1.632176584570895e-2 collider=66 fraction=9.208244870939798e-5 gaps=[6.015932196845597e-11, 2.858824288409778e-14, -1.5693534244354268e-7, 2.545515381813246e-8]
GRAZE elapsed=3.4490082095771867e-4 dt=8.161634396937642e-3 collider=66 fraction=3.463421109841079e-4 gaps=[6.015932196845597e-11, 1.1723955140041653e-13, -4.1888892299279945e-8, 5.737289809903956e-9]
GRAZE elapsed=3.4490082095771867e-4 dt=8.175160930434651e-4 collider=66 fraction=3.2317638695807775e-2 gaps=[6.015932196845597e-11, 2.444155988712282e-13, -4.1695902286420505e-10, 6.785771944350927e-11]
GRAZE elapsed=3.4490082095771867e-4 dt=4.503101778487562e-4 collider=66 fraction=1.1593874240658646e-1 gaps=[6.015932196845597e-11, 2.087774397807607e-13, -8.585254729354119e-11, 6.114886375030437e-11]
GRAZE elapsed=4.28005083611766e-4 dt=1.62386615830549e-2 collider=66 fraction=9.291928457436862e-5 gaps=[6.009714947907696e-11, 2.8699265186560297e-14, -1.5544916287524302e-7, 2.4842289725324207e-8]
GRAZE elapsed=4.28005083611766e-4 dt=8.120085233935823e-3 collider=66 fraction=3.497597449792715e-4 gaps=[6.009714947907696e-11, 1.1829426327381043e-13, -4.145294352220219e-8, 5.606111797007429e-9]
GRAZE elapsed=4.28005083611766e-4 dt=8.133665197286508e-4 collider=66 fraction=3.268099458034544e-2 gaps=[6.009714947907696e-11, 2.4991120284312274e-13, -4.113882567935434e-10, 6.75848266240564e-11]
GRAZE elapsed=4.28005083611766e-4 dt=4.480305840182922e-4 collider=66 fraction=1.1738627599301442e-1 gaps=[6.009714947907696e-11, 2.1949109196839345e-13, -8.418077346306063e-11, 6.10510531018349e-11]
GRAZE elapsed=5.106997319196995e-4 dt=1.6155966934746968e-2 collider=66 fraction=9.376269715926069e-5 gaps=[6.00346994339418e-11, 2.914335439641036e-14, -1.5397648500670158e-7, 2.4244627250258333e-8]
GRAZE elapsed=5.106997319196995e-4 dt=8.078740880890993e-3 collider=66 fraction=3.532039410345462e-4 gaps=[6.00346994339418e-11, 1.1890488593735427e-13, -4.1021817498432256e-8, 5.47837769593329e-9]
GRAZE elapsed=5.106997319196995e-4 dt=8.092374324206152e-4 collider=66 fraction=3.319366785286017e-2 gaps=[6.00346994339418e-11, 5.551115123125783e-17, -4.058981484256208e-10, 6.731964985462469e-11]
GRAZE elapsed=5.106997319196995e-4 dt=4.457622599970963e-4 collider=66 fraction=1.1884815271236815e-1 gaps=[6.00346994339418e-11, 2.308708779708013e-13, -8.253447925099522e-11, 6.09546302321462e-11]
GRAZE elapsed=5.92986819493277e-4 dt=1.607367984717339e-2 collider=66 fraction=9.461281296631865e-5 gaps=[5.997186081074801e-11, 2.886579864025407e-14, -1.5251654700287887e-7, 2.366269546971722e-8]
GRAZE elapsed=5.92986819493277e-4 dt=8.037600311619226e-3 collider=66 fraction=3.5667462008639653e-4 gaps=[5.997186081074801e-11, 1.1962653090336062e-13, -4.059542624279544e-8, 5.3539266908764205e-9]
GRAZE elapsed=5.92986819493277e-4 dt=8.051287296204776e-4 collider=66 fraction=3.35682927097553e-2 gaps=[5.997186081074801e-11, -1.6653345369377348e-16, -4.0048581118057314e-10, 6.706218913521411e-11]
GRAZE elapsed=5.92986819493277e-4 dt=4.4350515052054017e-4 collider=66 fraction=1.2032607550665293e-1 gaps=[5.997186081074801e-11, 2.4252821972936545e-13, -8.091316505698387e-11, 6.085931758548213e-11]
GRAZE elapsed=6.748683909138798e-4 dt=1.5991798275752787e-2 collider=66 fraction=9.546993101203905e-5 gaps=[5.99088001429493e-11, 2.9254376698872875e-14, -1.5106947603982235e-7, 2.309533464472935e-8]
GRAZE elapsed=6.748683909138798e-4 dt=7.996662505815466e-3 collider=66 fraction=3.601732819827995e-4 gaps=[5.99088001429493e-11, 1.2045919817182948e-13, -4.017368704367641e-8, 5.232615896133552e-9]
GRAZE elapsed=6.748683909138798e-4 dt=8.010403128718767e-4 collider=66 fraction=3.394596838580315e-2 gaps=[5.99088001429493e-11, 3.885780586188048e-16, -3.9514957972386355e-10, 6.68110566870439e-11]
GRAZE elapsed=6.748683909138798e-4 dt=4.412592032246972e-4 collider=66 fraction=1.2242073536336782e-1 gaps=[5.99088001429493e-11, 7.771561172376096e-16, -7.931511003533842e-11, 6.076489311723776e-11]
GRAZE elapsed=7.563464844913976e-4 dt=1.591032018217527e-2 collider=66 fraction=9.633438220023217e-5 gaps=[5.984562845284813e-11, 2.958744360626042e-14, -1.4963500483133885e-7, 2.254225517361874e-8]
GRAZE elapsed=7.563464844913976e-4 dt=7.955926446520314e-3 collider=66 fraction=3.6370108854770597e-4 gaps=[5.984562845284813e-11, 1.2151391004522338e-13, -3.9756524738976395e-8, 5.114318635257575e-9]
GRAZE elapsed=7.563464844913976e-4 dt=7.969720844308533e-4 collider=66 fraction=3.432734066564701e-2 gaps=[5.984562845284813e-11, 1.6653345369377348e-16, -3.898874556540477e-10, 6.656591944320667e-11]
GRAZE elapsed=7.563464844913976e-4 dt=4.3902436632638035e-4 collider=66 fraction=1.2396996815097053e-1 gaps=[5.984562845284813e-11, 1.1102230246251565e-15, -7.774064725296626e-11, 6.067246705043772e-11]
GRAZE elapsed=8.374231327133049e-4 dt=1.582924353395336e-2 collider=66 fraction=9.720690727950374e-5 gaps=[5.978273431850312e-11, 2.992051051364797e-14, -1.482130156382766e-7, 2.2002933919296197e-8]
GRAZE elapsed=8.374231327133049e-4 dt=7.915391122880935e-3 collider=66 fraction=3.672608984521173e-4 gaps=[5.978273431850312e-11, 1.220135104063047e-13, -3.9343866997665344e-8, 4.998919833631987e-9]
GRAZE elapsed=8.374231327133049e-4 dt=7.929239529157522e-4 collider=66 fraction=3.471180901630122e-2 gaps=[5.978273431850312e-11, 6.106226635438361e-16, -3.8469738505853e-10, 6.632705495945856e-11]
GRAZE elapsed=8.374231327133049e-4 dt=4.368005944174931e-4 collider=66 fraction=1.2553787904791625e-1 gaps=[5.978273431850312e-11, 1.8318679906315083e-15, -7.61889440425989e-11, 6.058037405054506e-11]
GRAZE elapsed=9.181003686325388e-4 dt=1.5748566298034127e-2 collider=66 fraction=9.808644517216632e-5 gaps=[5.971939609494825e-11, 2.992051051364797e-14, -1.4680339438521983e-7, 2.1476895761818326e-8]
GRAZE elapsed=9.181003686325388e-4 dt=7.87505550945943e-3 collider=66 fraction=3.7084876568857473e-4 gaps=[5.971939609494825e-11, 1.2329026688462363e-13, -3.8935646651250266e-8, 4.88631496375902e-9]
GRAZE elapsed=9.181003686325388e-4 dt=7.888957997422021e-4 collider=66 fraction=3.5100192681483317e-2 gaps=[5.971939609494825e-11, 3.3306690738754696e-16, -3.7957859078119327e-10, 6.60935750573799e-11]
GRAZE elapsed=9.181003686325388e-4 dt=4.3458781425634074e-4 collider=66 fraction=1.2712696253915642e-1 gaps=[5.971939609494825e-11, 1.3322676295501878e-15, -7.465950080387529e-11, 6.048972434058442e-11]
GRAZE elapsed=9.98380197403018e-4 dt=1.566828646926365e-2 collider=66 fraction=9.897400029206938e-5 gaps=[5.965616889369585e-11, 2.9976021664879227e-14, -1.4540603276991249e-7, 2.0963701385934286e-8]
GRAZE elapsed=9.98380197403018e-4 dt=7.834918611126616e-3 collider=66 fraction=3.7446852931025495e-4 gaps=[5.965616889369585e-11, 1.2434497875801753e-13, -3.8531800250485304e-8, 4.776408601969706e-9]
GRAZE elapsed=9.98380197403018e-4 dt=7.848875388032882e-4 collider=66 fraction=3.549224329170894e-2 gaps=[5.965616889369585e-11, 2.220446049250313e-16, -3.745291854428956e-10, 6.586514667006327e-11]
GRAZE elapsed=9.98380197403018e-4 dt=4.3238598518712185e-4 collider=66 fraction=1.2873406655386016e-1 gaps=[5.965616889369585e-11, 2.1649348980190553e-15, -7.315181793643433e-11, 6.039946320868239e-11]
GRAZE elapsed=1.0782646289739736e-3 dt=1.5588402037692692e-2 collider=66 fraction=9.986940188667467e-5 gaps=[5.959288618129222e-11, 3.019806626980426e-14, -1.4402082598730104e-7, 2.0462943173260584e-8]
GRAZE elapsed=1.0782646289739736e-3 dt=7.794979421040283e-3 collider=66 fraction=3.7811959065643034e-4 gaps=[5.959288618129222e-11, 1.249000902703301e-13, -3.8132266289014893e-8, 4.6691114863328664e-9]
GRAZE elapsed=1.0782646289739736e-3 dt=7.808990660531143e-4 collider=66 fraction=3.5887995652130446e-2 gaps=[5.959288618129222e-11, 1.1102230246251565e-16, -3.6954767024255375e-10, 6.564149224175253e-11]
GRAZE elapsed=1.0782646289739736e-3 dt=4.3019504830375593e-4 collider=66 fraction=1.3036439392567864e-1 gaps=[5.959288618129222e-11, 1.5543122344752192e-15, -7.166561788451986e-11, 6.031047883325868e-11]
GRAZE elapsed=1.157755659528371e-3 dt=1.5508911007138295e-2 collider=66 fraction=1.007727168110592e-4 gaps=[5.952943693543489e-11, 3.042011087472929e-14, -1.4264720549217458e-7, 1.997518422891531e-8]
GRAZE elapsed=1.157755659528371e-3 dt=7.755236941117633e-3 collider=66 fraction=3.818016476854119e-4 gaps=[5.952943693543489e-11, 1.2606582444618653e-13, -3.7736986147063334e-8, 4.564340849722015e-9]
GRAZE elapsed=1.157755659528371e-3 dt=7.769302816990365e-4 collider=66 fraction=3.628722780726029e-2 gaps=[5.952943693543489e-11, 6.106226635438361e-16, -3.646328794459919e-10, 6.542238972784276e-11]
GRAZE elapsed=1.157755659528371e-3 dt=4.280149487281067e-4 collider=66 fraction=1.3201490094745447e-1 gaps=[5.952943693543489e-11, 1.8318679906315083e-15, -7.01996794028048e-11, 6.022221610280099e-11]
GRAZE elapsed=1.2368552752855479e-3 dt=1.5429811391381118e-2 collider=66 fraction=1.0168503436350213e-4 gaps=[5.94665983122411e-11, 3.064215547965432e-14, -1.412860570759733e-7, 1.9498073378088066e-8]
GRAZE elapsed=1.2368552752855479e-3 dt=7.715690186141337e-3 collider=66 fraction=3.8552010396287193e-4 gaps=[5.94665983122411e-11, 1.2639889135357407e-13, -3.7345903869390185e-8, 4.462019920214999e-9]
GRAZE elapsed=1.2368552752855479e-3 dt=7.729811014255332e-4 collider=66 fraction=3.6690387696444435e-2 gaps=[5.94665983122411e-11, 8.881784197001252e-16, -3.597835918078829e-10, 6.520800566178764e-11]
GRAZE elapsed=1.2368552752855479e-3 dt=4.25845647189743e-4 collider=66 fraction=1.336848994666282e-1 gaps=[5.94665983122411e-11, 2.942091015256665e-15, -6.875511271431378e-11, 6.013439746155314e-11]
GRAZE elapsed=1.3155654682395007e-3 dt=1.5351101198427166e-2 collider=66 fraction=1.0260435797262448e-4 gaps=[5.940303804408131e-11, 3.086420008457935e-14, -1.3993675457291133e-7, 1.9032343978597765e-8]
GRAZE elapsed=1.3155654682395007e-3 dt=7.676338144154901e-3 collider=66 fraction=3.8926677496402273e-4 gaps=[5.940303804408131e-11, 1.2706502516834917e-13, -3.6958964055866517e-8, 4.362076255759462e-9]
GRAZE elapsed=1.3155654682395007e-3 dt=7.690513953098639e-4 collider=66 fraction=3.709735660449976e-2 gaps=[5.940303804408131e-11, 6.661338147750939e-16, -3.549989746609583e-10, 6.499706328710886e-11]
GRAZE elapsed=1.3155654682395007e-3 dt=4.23687057867612e-4 collider=66 fraction=1.3537920775718765e-1 gaps=[5.940303804408131e-11, 2.7755575615628914e-15, -6.732986390645124e-11, 6.004707842066637e-11]
GRAZE elapsed=1.3938881886648607e-3 dt=1.5272778478001806e-2 collider=66 fraction=1.0353165453459251e-4 gaps=[5.93392557313166e-11, 3.091971123581061e-14, -1.3859909936408954e-7, 1.8577884119963528e-8]
GRAZE elapsed=1.3938881886648607e-3 dt=7.637179847013487e-3 collider=66 fraction=3.930452047675709e-4 gaps=[5.93392557313166e-11, 1.2823075934420558e-13, -3.657611391538751e-8, 4.264441522128237e-9]
GRAZE elapsed=1.3938881886648607e-3 dt=7.651410791239999e-4 collider=66 fraction=3.7508661176778944e-2 gaps=[5.93392557313166e-11, 3.885780586188048e-16, -3.502766410257152e-10, 6.47907838491335e-11]
GRAZE elapsed=1.3938881886648607e-3 dt=4.2153914072952544e-4 collider=66 fraction=1.3709557881588708e-1 gaps=[5.93392557313166e-11, 3.2751579226442118e-15, -6.592421053497333e-11, 5.9961535736619e-11]
GRAZE elapsed=1.4718253909999117e-3 dt=1.5194841275666754e-2 collider=66 fraction=1.0446809593834142e-4 gaps=[5.927591750776173e-11, 3.091971123581061e-14, -1.3727323450174467e-7, 1.8133919921226038e-8]
GRAZE elapsed=1.4718253909999117e-3 dt=7.598214325901454e-3 collider=66 fraction=3.968601847855954e-4 gaps=[5.927591750776173e-11, 1.2889689315898067e-13, -3.619730232218288e-8, 4.1690506047409315e-9]
GRAZE elapsed=1.4718253909999117e-3 dt=7.612500711126842e-4 collider=66 fraction=3.7923708028910985e-2 gaps=[5.927591750776173e-11, 9.43689570931383e-16, -3.456168129467585e-10, 6.45877795690808e-11]
GRAZE elapsed=1.4718253909999117e-3 dt=4.194018583732457e-4 collider=66 fraction=1.3883550521855081e-1 gaps=[5.927591750776173e-11, 3.7192471324942744e-15, -6.453793055527512e-11, 5.987554896336178e-11]
GRAZE elapsed=1.5493790366337189e-3 dt=1.5117287630032948e-2 collider=66 fraction=1.0541315100900688e-4 gaps=[5.92126347953581e-11, 3.11972669919669e-14, -1.3595894854390167e-7, 1.7700401255815734e-8]
GRAZE elapsed=1.5493790366337189e-3 dt=7.5594405954783695e-3 collider=66 fraction=4.0070976381275747e-4 gaps=[5.92126347953581e-11, 1.300626273348371e-13, -3.5822443289479367e-8, 4.075913273560161e-9]
GRAZE elapsed=1.5493790366337189e-3 dt=7.573782643792491e-4 collider=66 fraction=3.834308095004436e-2 gaps=[5.92126347953581e-11, 4.440892098500626e-16, -3.410178806007025e-10, 6.438849453616058e-11]
GRAZE elapsed=1.5493790366337189e-3 dt=4.172751478242931e-4 collider=66 fraction=1.4059923041362396e-1 gaps=[5.92126347953581e-11, 3.885780586188048e-15, -6.317046885584432e-11, 5.979072792428042e-11]
GRAZE elapsed=1.626551067903056e-3 dt=1.5040115598763611e-2 collider=66 fraction=1.0636641801958582e-4 gaps=[5.914913003834954e-11, 3.136380044566067e-14, -1.3465615056329483e-7, 1.7277054453757046e-8]
GRAZE elapsed=0e0 dt=8.333333333333333e-3 collider=32 fraction=2.7910574160596463e-6 gaps=[5.056510765655275e-13, -3.885780586188048e-16, -4.368595724058011e-8, 6.512886951970387e-9]
GRAZE elapsed=0e0 dt=4.166678296072567e-3 collider=32 fraction=1.0589858273934123e-5 gaps=[5.056510765655275e-13, -6.661338147750939e-16, -1.168934016249068e-8, 9.986427240704643e-10]
GRAZE elapsed=0e0 dt=4.1668876253787715e-4 collider=32 fraction=9.924867362336443e-4 gaps=[5.056510765655275e-13, 3.7192471324942744e-15, -1.2574835617229496e-10, 1.4067080833513046e-12]
GRAZE elapsed=0e0 dt=4.1689809184408166e-5 collider=32 fraction=6.692878092701804e-2 gaps=[5.056510765655275e-13, 1.846856001463948e-13, -7.858713679809171e-13, 4.696243394164412e-13]
GRAZE elapsed=0e0 dt=2.2939861516734713e-5 collider=32 fraction=2.7835090533466816e-1 gaps=[5.056510765655275e-13, 1.904587598744456e-13, 1.1024514634527804e-13, 4.867217739956686e-13]
GRAZE elapsed=1.4662596369084866e-5 dt=8.318670736964249e-3 collider=66 fraction=3.338451960704901e-4 gaps=[6.04117311731045e-11, 1.1407541578023483e-13, -4.356985555675763e-8, 6.2713292336979976e-9]
GRAZE elapsed=1.4662596369084866e-5 dt=4.160723942613739e-3 collider=66 fraction=1.2715876407153835e-3 gaps=[6.04117311731045e-11, -1.1102230246251565e-16, -1.1594457505204048e-8, 1.019363149445951e-9]
GRAZE elapsed=1.4662596369084866e-5 dt=4.185718276982788e-4 collider=66 fraction=1.3740181110715444e-1 gaps=[6.04117311731045e-11, 3.6637359812630166e-15, -6.68547439630629e-11, 6.114192485640046e-11]
GRAZE elapsed=1.4662596369084866e-5 dt=3.283070025747529e-4 collider=66 fraction=2.5971669400502356e-1 gaps=[6.04117311731045e-11, 2.3148150063434514e-14, -1.8074208796292623e-11, 6.064293511798269e-11]
GRAZE elapsed=2.527047738203119e-4 dt=8.080628559513022e-3 collider=32 fraction=3.0368031797353712e-6 gaps=[5.170308625679354e-13, 5.551115123125783e-17, -4.112281731805112e-8, 5.843412476114196e-9]
GRAZE elapsed=2.527047738203119e-4 dt=4.040326549395764e-3 collider=32 fraction=1.1548137537222183e-5 gaps=[5.170308625679354e-13, -1.6653345369377348e-16, -1.0971622388389335e-8, 8.913958460254889e-10]
GRAZE elapsed=2.527047738203119e-4 dt=4.0405474029022977e-4 collider=32 fraction=1.0844009692227985e-3 gaps=[5.170308625679354e-13, 4.496403249731884e-15, -1.175790576013469e-10, 1.2807532812075806e-12]
GRAZE elapsed=2.527047738203119e-4 dt=4.0427559379676386e-5 collider=32 fraction=7.159112176531934e-2 gaps=[5.170308625679354e-13, 1.982303210468217e-13, -6.908362770730037e-13, 4.830025268631744e-13]
GRAZE elapsed=2.527047738203119e-4 dt=2.2246200334148718e-5 collider=32 fraction=2.981898081360923e-1 gaps=[5.170308625679354e-13, 2.0961010704922955e-13, 1.474376176702208e-13, 4.989342272665453e-13]
GRAZE elapsed=2.527047738203119e-4 dt=2.029462406855474e-5 collider=32 fraction=3.422389961249304e-1 gaps=[5.170308625679354e-13, 2.4136248555350903e-13, 2.088884620832232e-13, 5.008216064084081e-13]
GRAZE elapsed=2.7104782162327263e-4 dt=8.06228551171006e-3 collider=32 fraction=2.9620143295018547e-6 gaps=[5.019873405842645e-13, 5.551115123125783e-17, -4.0940981937964693e-8, 5.790309065556443e-9]
GRAZE elapsed=2.7104782162327263e-4 dt=4.031154696157638e-3 collider=32 fraction=1.1265453909192954e-5 gaps=[5.019873405842645e-13, 2.220446049250313e-16, -1.0921072379765917e-8, 8.817578334152643e-10]
GRAZE elapsed=2.7104782162327263e-4 dt=4.0313696216045657e-4 collider=32 fraction=1.0580237191035735e-3 gaps=[5.019873405842645e-13, 4.718447854656915e-15, -1.1707101954527843e-10, 1.1317058401516533e-12]
GRAZE elapsed=2.7104782162327263e-4 dt=4.033518876073846e-5 collider=32 fraction=7.020478395781637e-2 gaps=[5.019873405842645e-13, 1.8984813721090177e-13, -7.052691763931307e-13, 4.568012634820207e-13]
GRAZE elapsed=2.751028330440393e-4 dt=8.058230500289294e-3 collider=66 fraction=3.5566396636625035e-4 gaps=[6.034978072833042e-11, 1.209587985329108e-13, -4.0917209120916453e-8, 5.603112696039858e-9]
GRAZE elapsed=2.751028330440393e-4 dt=4.03054826125546e-3 collider=66 fraction=1.3580243287402507e-3 gaps=[6.034978072833042e-11, -1.6653345369377348e-16, -1.0853828558143874e-8, 9.117244736955854e-10]
GRAZE elapsed=2.751028330440393e-4 dt=4.056342461250098e-4 collider=66 fraction=1.4903026493326582e-1 gaps=[6.034978072833042e-11, 8.104628079763643e-15, -5.847550221815823e-11, 6.096667615196338e-11]
GRAZE elapsed=2.751028330440393e-4 dt=3.193386293852613e-4 collider=66 fraction=2.8569633814894424e-1 gaps=[6.034978072833042e-11, 7.394085344003543e-14, -1.346311950811696e-11, 6.053840762021423e-11]
GRAZE elapsed=5.08145845689552e-4 dt=7.82518748764378e-3 collider=32 fraction=3.244582222220375e-6 gaps=[5.177525075339418e-13, 1.1102230246251565e-16, -3.860585712223141e-8, 5.222617005529173e-9]
GRAZE elapsed=5.08145845689552e-4 dt=3.912606438553994e-3 collider=32 fraction=1.2365704022267395e-5 gaps=[5.177525075339418e-13, 1.6653345369377348e-16, -1.0270580330651313e-8, 7.92690413309316e-10]
GRAZE elapsed=5.08145845689552e-4 dt=3.912834943731866e-4 collider=32 fraction=1.1634848203598835e-3 gaps=[5.177525075339418e-13, 4.9404924595819466e-15, -1.096606139228129e-10, 1.1610157280017575e-12]
GRAZE elapsed=5.08145845689552e-4 dt=3.9151199955105816e-5 collider=32 fraction=7.549175864223301e-2 gaps=[5.177525075339418e-13, 2.057243264630415e-13, -6.087907955532046e-13, 4.847788837025746e-13]
GRAZE elapsed=5.08145845689552e-4 dt=2.1544585234201777e-5 collider=32 fraction=3.148309265510362e-1 gaps=[5.177525075339418e-13, 2.223221606811876e-13, 1.7263968032921184e-13, 5.005440506522518e-13]
GRAZE elapsed=5.08145845689552e-4 dt=1.9699374796356747e-5 collider=32 fraction=5.179518797627833e-1 gaps=[5.177525075339418e-13, 2.2870594307278225e-13, 2.2870594307278225e-13, 5.020428517354958e-13]
GRAZE elapsed=5.260000100480637e-4 dt=7.80733332328527e-3 collider=32 fraction=3.171165170056222e-6 gaps=[5.037081862724335e-13, 1.1102230246251565e-16, -3.843405005365952e-8, 5.175062156581589e-9]
GRAZE elapsed=5.260000100480637e-4 dt=3.903679040814388e-3 collider=32 fraction=1.208764644171195e-5 gaps=[5.037081862724335e-13, 5.551115123125783e-17, -1.0223075497250989e-8, 7.840612603615682e-10]
GRAZE elapsed=5.260000100480637e-4 dt=3.9039018659059406e-4 collider=32 fraction=1.137479734566682e-3 gaps=[5.037081862724335e-13, 4.3298697960381105e-15, -1.0918860260389351e-10, 1.0195178035132813e-12]
GRAZE elapsed=5.260000100480637e-4 dt=3.9061301168214646e-5 collider=32 fraction=7.415312883604841e-2 gaps=[5.037081862724335e-13, 1.9695356456850277e-13, -6.233902283270254e-13, 4.599653991022024e-13]
GRAZE elapsed=5.299284226740404e-4 dt=7.803404910659293e-3 collider=66 fraction=3.790886246935e-4 gaps=[6.028444410333123e-11, 1.2784218128558678e-13, -3.8401083424233207e-8, 5.0072566093462e-9]
GRAZE elapsed=5.299284226740404e-4 dt=3.9031815463474004e-3 collider=66 fraction=1.4508624511395246e-3 gaps=[6.028444410333123e-11, -5.551115123125783e-17, -1.0155290663949046e-8, 8.163128506488704e-10]
GRAZE elapsed=5.299284226740404e-4 dt=3.9298051846669755e-4 collider=66 fraction=1.619142169500411e-1 gaps=[6.028444410333123e-11, 1.715294573045867e-14, -5.0646820071165166e-11, 6.078770820039381e-11]
GRAZE elapsed=5.299284226740404e-4 dt=3.106426720810623e-4 collider=66 fraction=3.159201684451342e-1 gaps=[6.028444410333123e-11, 2.1815882433884326e-13, -9.181433391347582e-12, 6.04234440260143e-11]
GRAZE elapsed=7.582332483694674e-4 dt=7.575100084963865e-3 collider=32 fraction=3.375412504551512e-6 gaps=[5.044853423896711e-13, 1.1102230246251565e-16, -3.621445543444679e-8, 4.6653426122311714e-9]
GRAZE elapsed=7.582332483694674e-4 dt=3.7875628270257074e-3 collider=32 fraction=1.2891855271355205e-5 gaps=[5.044853423896711e-13, 0.0, -9.607835860236946e-9, 7.048538974707697e-10]
GRAZE elapsed=7.582332483694674e-4 dt=3.787792948813658e-4 collider=32 fraction=1.2154912783799432e-3 gaps=[5.044853423896711e-13, 4.6074255521944e-15, -1.0223505375606123e-10, 1.0450529330796599e-12]
GRAZE elapsed=7.582332483694674e-4 dt=3.79009416669316e-5 collider=32 fraction=7.80090792877779e-2 gaps=[5.044853423896711e-13, 2.0439205883349132e-13, -5.467848396278896e-13, 4.725109192804666e-13]
GRAZE elapsed=7.582332483694674e-4 dt=2.0857024006209886e-5 collider=32 fraction=3.2543075361476564e-1 gaps=[5.044853423896711e-13, 2.2370993946196904e-13, 1.82576176399607e-13, 4.876654635666e-13]
GRAZE elapsed=7.650207654099696e-4 dt=7.5683125679233635e-3 collider=66 fraction=4.027725270499546e-4 gaps=[6.022016219020543e-11, 1.3550272015550036e-13, -3.6148760984566763e-8, 4.50352244385499e-9]
GRAZE elapsed=7.650207654099696e-4 dt=3.785680438150925e-3 collider=66 fraction=1.5448138367583526e-3 gaps=[6.022016219020543e-11, -2.220446049250313e-16, -9.533077383050426e-9, 7.362730980453591e-10]
GRAZE elapsed=7.650207654099696e-4 dt=3.8131152135573035e-4 collider=66 fraction=1.7541367708981853e-1 gaps=[6.022016219020543e-11, 3.314015728506092e-14, -4.3726799958676565e-11, 6.062766955139409e-11]
GRAZE elapsed=7.650207654099696e-4 dt=3.027054550362281e-4 collider=66 fraction=3.5536974494991946e-1 gaps=[6.022016219020543e-11, 6.050715484207103e-14, -5.422495785722958e-12, 6.031614097068427e-11]
GRAZE elapsed=9.891201541266956e-4 dt=7.344213179206638e-3 collider=66 fraction=4.273961820781296e-4 gaps=[6.014894138317572e-11, 1.4327428132787645e-13, -3.406283083373651e-8, 4.064647785018138e-9]
GRAZE elapsed=9.891201541266956e-4 dt=3.6736760339398994e-3 collider=66 fraction=1.6425630638588534e-3 gaps=[6.014894138317572e-11, 1.6653345369377348e-16, -8.959397668206748e-9, 6.673823160774361e-10]
GRAZE elapsed=9.891201541266956e-4 dt=3.701926031998347e-4 collider=66 fraction=1.900334585339733e-1 gaps=[6.014894138317572e-11, 6.228351168147128e-14, -3.7373437677956645e-11, 6.052824907953891e-11]
GRAZE elapsed=9.891201541266956e-4 dt=2.9523169757731586e-4 collider=66 fraction=4.086954801595274e-1 gaps=[6.014894138317572e-11, 6.195044477408373e-14, -2.004896249019339e-12, 6.023048726433444e-11]
GRAZE elapsed=1.2093909460814925e-3 dt=7.123942387251841e-3 collider=32 fraction=4.065164551547677e-6 gaps=[5.368483435574944e-13, -1.6653345369377348e-16, -3.2084185308534074e-8, 3.775800005989538e-9]
GRAZE elapsed=1.2093909460814925e-3 dt=3.5619856736249502e-3 collider=32 fraction=1.558477115920496e-5 gaps=[5.368483435574944e-13, -1.6653345369377348e-16, -8.470641521540756e-9, 5.665505842245011e-10]
GRAZE elapsed=1.2093909460814925e-3 dt=3.5622463136074904e-4 collider=32 fraction=1.4729073302355289e-3 gaps=[5.368483435574944e-13, 6.106226635438361e-15, -8.954553765150308e-11, 9.216516438925737e-13]
GRAZE elapsed=1.2093909460814925e-3 dt=3.564852713432883e-5 collider=32 fraction=8.987337895600334e-2 gaps=[5.368483435574944e-13, 2.37476704967321e-13, -3.851363672424668e-13, 5.072053888000028e-13]
GRAZE elapsed=1.2093909460814925e-3 dt=2.763412452866833e-5 collider=32 fraction=2.2191921454730126e-1 gaps=[5.368483435574944e-13, 1.5537571229629066e-13, -1.9484414082171497e-14, 5.141997938551413e-13]
GRAZE elapsed=1.2290106680045002e-3 dt=7.104322665328833e-3 collider=32 fraction=3.965673600668669e-6 gaps=[5.208056208516609e-13, -1.1102230246251565e-16, -3.191118164158624e-8, 3.735232456669735e-9]
GRAZE elapsed=1.2290106680045002e-3 dt=3.5521754193768387e-3 collider=32 fraction=1.520562329449691e-5 gaps=[5.208056208516609e-13, 3.3306690738754696e-16, -8.423456931971884e-9, 5.592586949099143e-10]
GRAZE elapsed=1.2290106680045002e-3 dt=3.55242898020044e-4 collider=32 fraction=1.4373370720015544e-3 gaps=[5.208056208516609e-13, 5.995204332975845e-15, -8.908268567253685e-11, 7.917000388601991e-13]
GRAZE elapsed=1.2290106680045002e-3 dt=3.554964588436447e-5 collider=32 fraction=8.820022583435616e-2 gaps=[5.208056208516609e-13, 2.2720714198953829e-13, -4.005684672847565e-13, 4.813927034774679e-13]
GRAZE elapsed=1.2290106680045002e-3 dt=1.95649832775805e-5 collider=32 fraction=5.318459797882354e-1 gaps=[5.208056208516609e-13, 2.3764323842101476e-13, 2.373101715136272e-13, 4.999889391399392e-13]
GRAZE elapsed=1.2290106680045002e-3 dt=1.9278751228306274e-5 collider=32 fraction=5.454351188760301e-1 gaps=[5.208056208516609e-13, 2.4658053376924727e-13, 2.449707103835408e-13, 5.000999614424018e-13]
GRAZE elapsed=1.2480031871835323e-3 dt=7.085330146149801e-3 collider=32 fraction=3.828184538840156e-6 gaps=[5.000444502911705e-13, 5.551115123125783e-17, -3.174302304342902e-8, 3.7010192688313737e-9]
GRAZE elapsed=1.2480031871835323e-3 dt=3.5426786350505595e-3 collider=32 fraction=1.468077114913983e-5 gaps=[5.000444502911705e-13, 1.6653345369377348e-16, -8.377409321802531e-9, 5.539266267895471e-10]
GRAZE elapsed=1.2480031871835323e-3 dt=3.542922750612422e-4 collider=32 fraction=1.3884500160195046e-3 gaps=[5.000444502911705e-13, 5.717648576819556e-15, -8.859185607335007e-11, 7.669420654110581e-13]
GRAZE elapsed=1.2480031871835323e-3 dt=3.5453639062310483e-5 collider=32 fraction=8.599939831946557e-2 gaps=[5.000444502911705e-13, 2.1499468871866156e-13, -4.1611158962950867e-13, 4.611311332780588e-13]
GRAZE elapsed=1.2515729626459496e-3 dt=7.081760370687384e-3 collider=66 fraction=4.5902613764198295e-4 gaps=[6.003697539114228e-11, 1.528221993396528e-13, -3.1696362201572015e-8, 3.5873581327727777e-9]
GRAZE elapsed=1.2515729626459496e-3 dt=3.5425055418990235e-3 collider=66 fraction=1.7682105118738208e-3 gaps=[6.003697539114228e-11, -5.551115123125783e-17, -8.311774990499288e-9, 5.918349699207681e-10]
GRAZE elapsed=1.2515729626459496e-3 dt=3.571761959894988e-4 collider=66 fraction=2.0964964819127863e-1 gaps=[6.003697539114228e-11, 1.2956302697375577e-13, -3.0299540654255e-11, 6.031514176996211e-11]
GRAZE elapsed=1.2515729626459496e-3 dt=3.218894044697486e-4 collider=66 fraction=2.8574737433152303e-1 gaps=[6.003697539114228e-11, 6.639133687258436e-14, -1.3401391107947802e-11, 6.01755312246155e-11]
GRAZE elapsed=1.538175575595948e-3 dt=6.7951577577373854e-3 collider=32 fraction=5.068862819128325e-6 gaps=[6.086242620995108e-13, 2.7755575615628914e-16, -2.922554281914458e-8, 3.212304422461898e-9]
GRAZE elapsed=1.538175575595948e-3 dt=3.3975961007299466e-3 collider=32 fraction=1.9483925348451733e-5 gaps=[6.086242620995108e-13, 2.7755575615628914e-16, -7.689596348559036e-9, 4.792141128362459e-10]
GRAZE elapsed=1.538175575595948e-3 dt=3.397906094232522e-4 collider=32 fraction=1.8421124750531703e-3 gaps=[6.086242620995108e-13, 8.770761894538737e-15, -8.085132563451225e-11, 9.025002967177898e-13]
GRAZE elapsed=1.538175575595948e-3 dt=3.4010060292582695e-5 collider=32 fraction=1.7536507626128983e-1 gaps=[6.086242620995108e-13, 1.2967404927621828e-13, -2.254862963013693e-13, 5.804801084252631e-13]
GRAZE elapsed=0e0 dt=4.166666666666667e-3 collider=32 fraction=1.058991565095491e-5 gaps=[5.056510765655275e-13, -6.106226635438361e-16, -1.1689277823467847e-8, 9.986347859758382e-10]
GRAZE elapsed=0e0 dt=2.0833553956576063e-3 collider=32 fraction=4.107027682188025e-5 gaps=[5.056510765655275e-13, -5.551115123125783e-17, -3.0427280139910806e-9, 1.3741940918521323e-10]
GRAZE elapsed=0e0 dt=2.0837525174945173e-4 collider=32 fraction=3.8736163215133956e-3 gaps=[5.056510765655275e-13, 1.5210055437364645e-14, -3.125549818960849e-11, 5.007105841059456e-13]
GRAZE elapsed=0e0 dt=2.0877237358636252e-5 collider=32 fraction=3.213005853688766e-1 gaps=[5.056510765655275e-13, 2.2115642650533118e-13, 1.7746915048633127e-13, 4.886091531375314e-13]
GRAZE elapsed=6.707868584214808e-6 dt=4.159958798082452e-3 collider=66 fraction=1.2720455343068714e-3 gaps=[6.042089051305766e-11, 2.220446049250313e-16, -1.159185125665374e-8, 1.0199401878629999e-9]
GRAZE elapsed=6.707868584214808e-6 dt=2.0826252275472266e-3 collider=66 fraction=4.943106827374246e-3 gaps=[6.042089051305766e-11, 1.3322676295501878e-15, -2.978028934563781e-9, 1.9205148582557285e-10]
GRAZE elapsed=6.707868584214808e-6 dt=1.1478251208063752e-3 collider=66 fraction=1.621057504966241e-2 gaps=[6.042089051305766e-11, 4.030109579389318e-14, -8.806662066263016e-10, 8.277611929230488e-11]
GRAZE elapsed=2.197328826497387e-4 dt=3.946933784016928e-3 collider=66 fraction=1.413293232441683e-3 gaps=[6.035588695496585e-11, -1.6653345369377348e-16, -1.0430950714290788e-8, 8.688805230860908e-10]
GRAZE elapsed=2.197328826497387e-4 dt=1.976255979411387e-3 collider=66 fraction=5.502979539281609e-3 gaps=[6.035588695496585e-11, 1.609823385706477e-15, -2.6694193522303067e-9, 1.7095330706595746e-10]
GRAZE elapsed=2.197328826497387e-4 dt=1.089450967338894e-3 collider=66 fraction=1.80748379352777e-2 gaps=[6.035588695496585e-11, 5.3790305543088834e-14, -7.845231686509635e-10, 7.897810183621345e-11]
GRAZE elapsed=4.223788379161393e-4 dt=3.744287828750527e-3 collider=32 fraction=1.365972683697963e-5 gaps=[5.258016244624741e-13, 2.220446049250313e-16, -9.447579107924042e-9, 7.061943807507021e-10]
GRAZE elapsed=4.223788379161393e-4 dt=1.8721694873497336e-3 collider=32 fraction=5.316172138673549e-5 gaps=[5.258016244624741e-13, 3.3306690738754696e-16, -2.4476267679318653e-9, 9.592160399307659e-11]
GRAZE elapsed=4.223788379161393e-4 dt=1.8726298008901916e-4 collider=32 fraction=4.99364212913278e-3 gaps=[5.258016244624741e-13, 2.0650148258027912e-14, -2.4905466577962443e-11, 4.868883074493624e-13]
GRAZE elapsed=4.223788379161393e-4 dt=1.0301765472598344e-4 collider=32 fraction=1.5370352962815303e-2 gaps=[5.258016244624741e-13, 5.900835375882707e-14, -7.1990191585769026e-12, 4.716227408607665e-13]
GRAZE elapsed=4.41151167279087e-4 dt=3.7255154993875795e-3 collider=32 fraction=1.3409713769409974e-5 gaps=[5.109801470837283e-13, -1.1102230246251565e-16, -9.35397054258047e-9, 6.930316320818974e-10]
GRAZE elapsed=4.41151167279087e-4 dt=1.862782728742035e-3 collider=32 fraction=5.2195783959651046e-5 gaps=[5.109801470837283e-13, 3.885780586188048e-16, -2.4230109030298763e-9, 9.359474306691595e-11]
GRAZE elapsed=4.41151167279087e-4 dt=1.8632323516104476e-4 collider=32 fraction=4.904470418310325e-3 gaps=[5.109801470837283e-13, 1.970645868709653e-14, -2.4683199928432487e-11, 4.158340338733524e-13]
GRAZE elapsed=4.41151167279087e-4 dt=1.8677285802945733e-5 collider=32 fraction=5.573006042808479e-1 gaps=[5.109801470837283e-13, 2.4885649096972884e-13, 2.4658053376924727e-13, 4.892197758010752e-13]
GRAZE elapsed=4.5156002994339476e-4 dt=3.715106636723272e-3 collider=66 fraction=1.594579904549233e-3 gaps=[6.025241416907079e-11, -2.220446049250313e-16, -9.237155484953519e-9, 7.233693088970483e-10]
GRAZE elapsed=4.5156002994339476e-4 dt=1.8605153355547243e-3 collider=66 fraction=6.221853402327968e-3 gaps=[6.025241416907079e-11, 2.831068712794149e-15, -2.353680250699597e-9, 1.5004125719642047e-10]
GRAZE elapsed=4.5156002994339476e-4 dt=1.0259492500288778e-3 collider=66 fraction=2.047267034647821e-2 gaps=[6.025241416907079e-11, 7.41073868937292e-14, -6.863535295664747e-10, 7.516309796784526e-11]
GRAZE elapsed=6.42943194446426e-4 dt=3.5237234722202406e-3 collider=66 fraction=1.7714487682893765e-3 gaps=[6.015354880872792e-11, -2.7755575615628914e-16, -8.305694298993416e-9, 6.199694091435504e-10]
GRAZE elapsed=6.42943194446426e-4 dt=1.7649827839124486e-3 collider=66 fraction=6.923973690060255e-3 gaps=[6.015354880872792e-11, 3.1086244689504383e-15, -2.108227536989915e-9, 1.3557771572081379e-10]
GRAZE elapsed=6.42943194446426e-4 dt=9.735494741739424e-4 collider=66 fraction=2.2817797178498453e-2 gaps=[6.015354880872792e-11, 9.758860386455126e-14, -6.101827376703284e-10, 7.262906942528957e-11]
GRAZE elapsed=8.250593588818621e-4 dt=3.3416073077848045e-3 collider=66 fraction=1.9687068737685087e-3 gaps=[6.005873576242493e-11, -5.551115123125783e-17, -7.464738827067663e-9, 5.325987428861367e-10]
GRAZE elapsed=8.250593588818621e-4 dt=1.6740929765305377e-3 collider=66 fraction=7.70748666005898e-3 gaps=[6.005873576242493e-11, 4.773959005888173e-15, -1.8874349860809048e-9, 1.232394186700958e-10]
GRAZE elapsed=8.250593588818621e-4 dt=9.237115274661178e-4 collider=66 fraction=2.544134077709368e-2 gaps=[6.005873576242493e-11, 1.2878587085651816e-13, -5.416399551094742e-10, 7.073430730031305e-11]
GRAZE elapsed=9.983894372835598e-4 dt=3.168277229383107e-3 collider=66 fraction=2.188437892827e-3 gaps=[5.995770546718404e-11, 5.551115123125783e-17, -6.7059278130443545e-9, 4.5827630579253764e-10]
GRAZE elapsed=9.983894372835598e-4 dt=1.5876054036634349e-3 collider=66 fraction=8.581233741063243e-3 gaps=[5.995770546718404e-11, 6.328271240363392e-15, -1.6887339859827932e-9, 1.1289091883526226e-10]
GRAZE elapsed=9.983894372835598e-4 dt=8.763030820895826e-4 collider=66 fraction=2.836537985984082e-2 gaps=[5.995770546718404e-11, 1.694200335577989e-13, -4.802472863829621e-10, 6.87858658920959e-11]
GRAZE elapsed=1.1633901977992898e-3 dt=3.003276468867377e-3 collider=66 fraction=2.4335142822502396e-3 gaps=[5.98528449025082e-11, 4.996003610813204e-16, -6.020900333858492e-9, 3.9558184505850136e-10]
GRAZE elapsed=1.1633901977992898e-3 dt=1.505292492523956e-3 collider=66 fraction=9.556629288379593e-3 gaps=[5.98528449025082e-11, 8.215650382226158e-15, -1.5099054229139597e-9, 1.0413819806487368e-10]
GRAZE elapsed=1.1633901977992898e-3 dt=8.311997031694164e-4 collider=66 fraction=3.163270184064971e-2 gaps=[5.98528449025082e-11, 2.2176704916887502e-13, -4.2506909103678936e-10, 6.714867550883241e-11]
GRAZE elapsed=1.3204971116141668e-3 dt=2.8461695550524996e-3 collider=66 fraction=2.7072409368447737e-3 gaps=[5.97457638917831e-11, -5.551115123125783e-17, -5.402494895889731e-9, 3.4264652226667636e-10]
GRAZE elapsed=1.3204971116141668e-3 dt=1.4269374108925696e-3 collider=66 fraction=1.0646892014920438e-2 gaps=[5.97457638917831e-11, 1.1324274851176597e-14, -1.3488737349298674e-9, 9.683909230062682e-11]
GRAZE elapsed=1.3204971116141668e-3 dt=7.88282946020601e-4 collider=66 fraction=3.5464579393845765e-2 gaps=[5.97457638917831e-11, 6.106226635438361e-16, -3.754636601627226e-10, 6.576833522231595e-11]
GRAZE elapsed=1.4701255927627992e-3 dt=2.6965410739038676e-3 collider=66 fraction=3.0133069010481565e-3 gaps=[5.96377947026383e-11, 4.996003610813204e-16, -4.8442807543125355e-9, 2.978488566895976e-10]
GRAZE elapsed=1.4701255927627992e-3 dt=1.352333289865411e-3 collider=66 fraction=1.1867239681666092e-2 gaps=[5.96377947026383e-11, 1.5709655798445965e-14, -1.2038670615943659e-9, 9.070966200397379e-11]
GRAZE elapsed=1.4701255927627992e-3 dt=7.474397870481054e-4 collider=66 fraction=3.9636532116321045e-2 gaps=[5.96377947026383e-11, 7.771561172376096e-16, -3.308573970350892e-10, 6.460010304465413e-11]
GRAZE elapsed=1.6126718769935993e-3 dt=2.5539947896730674e-3 collider=66 fraction=3.3599972186891132e-3 gaps=[5.959571725000501e-11, 4.440892098500626e-16, -4.3396833349085284e-9, 2.613047000998847e-10]
GRAZE elapsed=1.6126718769935993e-3 dt=1.2812881025314577e-3 collider=66 fraction=1.3251240953100044e-2 gaps=[5.959571725000501e-11, 2.0761170560490427e-14, -1.0729443444823517e-9, 8.617079272355e-11]
GRAZE elapsed=1.6126718769935993e-3 dt=7.085700933177333e-4 collider=66 fraction=4.439849717427494e-2 gaps=[5.959571725000501e-11, 1.2212453270876722e-15, -2.9051694383497306e-10, 6.400313612431319e-11]
GRAZE elapsed=1.7485239610976083e-3 dt=2.4181427055690583e-3 collider=66 fraction=3.7522296918039723e-3 gaps=[5.960537619031925e-11, 4.996003610813204e-16, -3.8847524086449425e-9, 2.2923601905588953e-10]
GRAZE elapsed=1.7485239610976083e-3 dt=1.2136080662139568e-3 collider=66 fraction=1.4817279370931928e-2 gaps=[5.960537619031925e-11, 2.8144153674247718e-14, -9.552906243825987e-10, 8.179357191551162e-11]
GRAZE elapsed=1.7485239610976083e-3 dt=6.715674785041611e-4 collider=66 fraction=4.9814831018572536e-2 gaps=[5.960537619031925e-11, 2.220446049250313e-15, -2.543503740959352e-10, 6.321870804626428e-11]
GRAZE elapsed=1.8780508518919739e-3 dt=2.288615814774693e-3 collider=66 fraction=4.19228698061779e-3 gaps=[5.959621685036609e-11, 1.0547118733938987e-15, -3.4740592069759657e-9, 2.0210416673549503e-10]
GRAZE elapsed=1.8780508518919739e-3 dt=1.1491051745293043e-3 collider=66 fraction=1.6575747891086304e-2 gaps=[5.959621685036609e-11, 3.8191672047105385e-14, -8.493052372493537e-10, 7.809602964314877e-11]
GRAZE elapsed=1.8780508518919739e-3 dt=6.363253864188796e-4 collider=66 fraction=5.594045079590063e-2 gaps=[5.959621685036609e-11, 4.884981308350689e-15, -2.2181362302475804e-10, 6.254863293975177e-11]
GRAZE elapsed=2.0015964502004286e-3 dt=2.165070216466238e-3 collider=66 fraction=4.687287544881093e-3 gaps=[5.957195847727803e-11, 7.771561172376096e-16, -3.103012236049807e-9, 1.79754988671732e-10]
GRAZE elapsed=2.0015964502004286e-3 dt=1.0876092615628367e-3 collider=66 fraction=1.8554287246600992e-2 gaps=[5.957195847727803e-11, 5.140332604014475e-14, -7.538226709513651e-10, 7.497108489573634e-11]
GRAZE elapsed=2.0015964502004286e-3 dt=6.027518318563061e-4 collider=66 fraction=6.289106990397933e-2 gaps=[5.957195847727803e-11, 8.271161533457416e-15, -1.925370973765439e-10, 6.197431456911318e-11]
GRAZE elapsed=2.119490852350204e-3 dt=2.047175814316463e-3 collider=66 fraction=5.244776974925768e-3 gaps=[5.953632031818756e-11, 1.609823385706477e-15, -2.76844625002326e-9, 1.6012063897008488e-10]
GRAZE elapsed=2.119490852350204e-3 dt=1.0289563974455072e-3 collider=66 fraction=2.0785153940644556e-2 gaps=[5.953632031818756e-11, 6.999956170261612e-14, -6.677943753530258e-10, 7.232819898561615e-11]
GRAZE elapsed=2.119490852350204e-3 dt=5.707576598535772e-4 collider=66 fraction=7.08046533130042e-2 gaps=[5.953632031818756e-11, 1.5654144647214707e-14, -1.6619156051334016e-10, 6.148104247927222e-11]
GRAZE elapsed=2.232049774611851e-3 dt=1.9346168920548155e-3 collider=66 fraction=5.874622264541864e-3 gaps=[5.949168935259763e-11, 1.7763568394002505e-15, -2.4664189024470318e-9, 1.435491170376224e-10]
GRAZE elapsed=2.232049774611851e-3 dt=9.729910177611197e-4 collider=66 fraction=2.330664684235093e-2 gaps=[5.949168935259763e-11, 9.453549054683208e-14, -5.902798250190244e-10, 7.009259839207971e-11]
GRAZE elapsed=2.232049774611851e-3 dt=5.402593743289567e-4 collider=66 fraction=7.9846316826816e-2 gaps=[5.949168935259763e-11, 2.9753977059954195e-14, -1.4249373903041374e-10, 6.102829352983008e-11]
GRAZE elapsed=2.3395775055086447e-3 dt=1.8270891611580219e-3 collider=66 fraction=6.5880147646927446e-3 gaps=[5.944061909346487e-11, 2.831068712794149e-15, -2.1937818228678907e-9, 1.2955453376761739e-10]
GRAZE elapsed=2.3395775055086447e-3 dt=9.195630257640704e-4 collider=66 fraction=2.616701256832396e-2 gaps=[5.944061909346487e-11, 1.2750911437819923e-13, -5.202795416714423e-10, 6.850459088880712e-11]
GRAZE elapsed=2.3395775055086447e-3 dt=5.111762648367924e-4 collider=66 fraction=9.022905063643578e-2 gaps=[5.944061909346487e-11, 5.367928324062632e-14, -1.211491462704828e-10, 6.066652735725597e-11]
GRAZE elapsed=2.442367009418159e-3 dt=1.7242996572485077e-3 collider=66 fraction=7.398593879378313e-3 gaps=[5.938410874151145e-11, 3.9968028886505635e-15, -1.9476813495344913e-9, 1.1774342612014266e-10]
GRAZE elapsed=2.442367009418159e-3 dt=8.685285250694204e-4 collider=66 fraction=2.9412197225822164e-2 gaps=[5.938410874151145e-11, 1.712519015484304e-13, -4.573804668339676e-10, 6.681522002338625e-11]
GRAZE elapsed=2.442367009418159e-3 dt=4.83431515588831e-4 collider=66 fraction=1.0219898291710779e-1 gaps=[5.938410874151145e-11, 9.864331573794516e-14, -1.0193612620668091e-10, 6.03527783304969e-11]
GRAZE elapsed=2.5407015155264005e-3 dt=1.6259651511402662e-3 collider=66 fraction=8.32279937126729e-3 gaps=[5.932393465357677e-11, 5.440092820663267e-15, -1.72554071031783e-9, 1.0777834180686341e-10]
GRAZE elapsed=2.5407015155264005e-3 dt=8.197488664389395e-4 collider=66 fraction=3.311012612640651e-2 gaps=[5.932393465357677e-11, 2.3120394487818885e-13, -4.006870946149377e-10, 6.539785379899854e-11]
GRAZE elapsed=2.5407015155264005e-3 dt=4.569515383233425e-4 collider=66 fraction=1.160664302501239e-1 gaps=[5.932393465357677e-11, 1.7763568394002505e-13, -8.463957312798698e-11, 6.008149533442975e-11]
GRAZE elapsed=2.6348557257341457e-3 dt=1.531810940932521e-3 collider=66 fraction=9.380591147156664e-3 gaps=[5.926231727571007e-11, 7.382983113757291e-15, -1.5250375406949956e-9, 9.936518274855644e-11]
GRAZE elapsed=2.6348557257341457e-3 dt=7.730901165420752e-4 collider=66 fraction=3.754225260112645e-2 gaps=[5.926231727571007e-11, 2.7755575615628914e-16, -3.495884692839013e-10, 6.420397546946788e-11]
GRAZE elapsed=2.6348557257341457e-3 dt=4.3166574556637456e-4 collider=66 fraction=1.3303213021516966e-1 gaps=[5.926231727571007e-11, 1.887379141862766e-15, -6.906913929682901e-11, 5.98430749398915e-11]
GRAZE elapsed=2.7250971003248197e-3 dt=1.4415695663418469e-3 collider=66 fraction=1.0596438147837955e-2 gaps=[5.919897905215521e-11, 1.071365218763276e-14, -1.3440871193814985e-9, 9.222939079123194e-11]
GRAZE elapsed=2.7250971003248197e-3 dt=7.284225345436969e-4 collider=66 fraction=4.250064540959081e-2 gaps=[5.919897905215521e-11, 1.0547118733938987e-15, -3.0353025648466314e-10, 6.319811340915749e-11]
GRAZE elapsed=2.7250971003248197e-3 dt=4.075063702345294e-4 collider=66 fraction=1.5275655938086571e-1 gaps=[5.919897905215521e-11, 7.438494264988549e-15, -5.5051574410214243e-11, 5.963407545550581e-11]
GRAZE elapsed=2.8116873062501817e-3 dt=1.354979360416485e-3 collider=66 fraction=1.2001204722129927e-2 gaps=[5.913514122823926e-11, 1.4765966227514582e-14, -1.1807306243838411e-9, 8.628581182890116e-11]
GRAZE elapsed=2.8116873062501817e-3 dt=6.856203725575519e-4 collider=66 fraction=4.825271877637285e-2 gaps=[5.913514122823926e-11, 1.5543122344752192e-15, -2.6201568692485466e-10, 6.235029159640249e-11]
GRAZE elapsed=2.8116873062501817e-3 dt=3.8440882802103204e-4 collider=66 fraction=1.7658484704289854e-1 gaps=[5.913514122823926e-11, 2.681188604469753e-14, -4.243216888966117e-11, 5.944994496687173e-11]
GRAZE elapsed=2.8948845897346937e-3 dt=1.271782076931973e-3 collider=66 fraction=1.3633235220979107e-2 gaps=[5.907069278165977e-11, 2.1038726316646716e-14, -1.033305885300706e-9, 8.125333739172902e-11]
GRAZE elapsed=2.8948845897346937e-3 dt=6.445602905683059e-4 collider=66 fraction=5.496923411881831e-2 gaps=[5.907069278165977e-11, 3.2751579226442118e-15, -2.2459467619029283e-10, 6.163530796854388e-11]
GRAZE elapsed=2.8948845897346937e-3 dt=3.6231048670465576e-4 collider=66 fraction=2.0589991457457368e-1 gaps=[5.907069278165977e-11, 9.386935673205699e-14, -3.106143120490401e-11, 5.93090576650468e-11]
GRAZE elapsed=0e0 dt=2.0833333333333333e-3 collider=32 fraction=4.1071132402283026e-5 gaps=[5.056510765655275e-13, -3.885780586188048e-16, -3.042665008834433e-9, 1.3741530136002211e-10]
GRAZE elapsed=0e0 dt=1.0417094490962524e-3 collider=32 fraction=1.6144328282218388e-4 gaps=[5.056510765655275e-13, 1.6653345369377348e-16, -7.772886778667498e-10, 1.799377313815853e-11]
GRAZE elapsed=0e0 dt=1.0424795328287952e-4 collider=32 fraction=1.43884934121985e-2 gaps=[5.056510765655275e-13, 5.340172748447003e-14, -7.479405983445986e-12, 4.5230486023228877e-13]
GRAZE elapsed=1.0501803701542235e-5 dt=2.072831529631791e-3 collider=66 fraction=4.989596166360901e-3 gaps=[6.041656064326162e-11, 2.0539125955565396e-15, -2.9496906583936777e-9, 1.9056001221429142e-10]
GRAZE elapsed=1.0501803701542235e-5 dt=1.0415870609427767e-3 collider=66 fraction=1.9713527560990714e-2 gaps=[6.041656064326162e-11, 6.800116025829084e-14, -7.162614390487931e-10, 7.700862170167966e-11]
GRAZE elapsed=1.0501803701542235e-5 dt=5.775270500327205e-4 collider=66 fraction=6.690492735302761e-2 gaps=[6.041656064326162e-11, 1.404432126150823e-14, -1.808924676716117e-10, 6.292516507855339e-11]
GRAZE elapsed=1.2396884282420644e-4 dt=1.9593644905091267e-3 collider=66 fraction=5.5852263562665835e-3 gaps=[6.034378552399744e-11, 1.3322676295501878e-15, -2.6288369259219735e-9, 1.6973628058636336e-10]
GRAZE elapsed=1.2396884282420644e-4 dt=9.851539923515255e-4 collider=66 fraction=2.209475847866412e-2 gaps=[6.034378552399744e-11, 9.231504449758177e-14, -6.333938373792591e-10, 7.440009719417162e-11]
GRAZE elapsed=1.2396884282420644e-4 dt=5.467592681806051e-4 collider=66 fraction=7.540157370619978e-2 gaps=[6.034378552399744e-11, 2.6201263381153694e-14, -1.5546125498033803e-10, 6.250483464143031e-11]
GRAZE elapsed=2.3233338683389097e-4 dt=1.8509999464994423e-3 collider=66 fraction=6.262115598753271e-3 gaps=[6.030065335949075e-11, 2.942091015256665e-15, -2.3396229398287005e-9, 1.5155415811207718e-10]
GRAZE elapsed=2.3233338683389097e-4 dt=9.312955610688539e-4 collider=66 fraction=2.4801020323975187e-2 gaps=[6.030065335949075e-11, 1.2434497875801753e-13, -5.589095852798209e-10, 7.192507700537476e-11]
GRAZE elapsed=2.3233338683389097e-4 dt=5.174285876250891e-4 collider=66 fraction=8.516979423188238e-2 gaps=[6.030065335949075e-11, 4.8905324234738146e-14, -1.326318499472734e-10, 6.204264879627885e-11]
GRAZE elapsed=3.358950010152154e-4 dt=1.747438332318118e-3 collider=66 fraction=7.0302135960841235e-3 gaps=[6.02511929237437e-11, 4.107825191113079e-15, -2.0786402599171083e-9, 1.3625095496294648e-10]
GRAZE elapsed=3.358950010152154e-4 dt=8.798615985201497e-4 collider=66 fraction=2.787419533429915e-2 gaps=[6.02511929237437e-11, 1.676991878696299e-13, -4.917110052460316e-10, 7.008271740716054e-11]
GRAZE elapsed=3.358950010152154e-4 dt=4.89452068311064e-4 collider=66 fraction=9.640554428489968e-2 gaps=[6.02511929237437e-11, 8.865130851631875e-14, -1.1209927430755329e-10, 6.164646570994137e-11]
GRAZE elapsed=4.3493753911719364e-4 dt=1.6483957942161397e-3 collider=66 fraction=7.904496699650189e-3 gaps=[6.019640341747845e-11, 5.440092820663267e-15, -1.843126262723871e-9, 1.2336098809129226e-10]
GRAZE elapsed=4.3493753911719364e-4 dt=8.307127666656192e-4 collider=66 fraction=3.136689316278825e-2 gaps=[6.019640341747845e-11, 2.2581936320875684e-13, -4.3132630800357674e-10, 6.826100795720436e-11]
GRAZE elapsed=4.3493753911719364e-4 dt=4.62755404267885e-4 collider=66 fraction=1.0938552227083828e-1 gaps=[6.019640341747845e-11, 1.6003864899971632e-13, -9.362866038031825e-11, 6.130540519677652e-11]
GRAZE elapsed=5.297355809873444e-4 dt=1.5535977523459888e-3 collider=66 fraction=8.903445641872614e-3 gaps=[6.013883835365164e-11, 7.271960811294775e-15, -1.6305903849378467e-9, 1.1250134157592129e-10]
GRAZE elapsed=5.297355809873444e-4 dt=7.837150627416685e-4 collider=66 fraction=3.5538570743752024e-2 gaps=[6.013883835365164e-11, 4.996003610813204e-16, -3.769252132634904e-10, 6.67325639192029e-11]
GRAZE elapsed=5.297355809873444e-4 dt=4.3726785241972424e-4 collider=66 fraction=1.2512952859044466e-1 gaps=[6.013883835365164e-11, 1.7763568394002505e-15, -7.70110086811826e-11, 6.101052996143608e-11]
GRAZE elapsed=6.205562230851245e-4 dt=1.4627771102482087e-3 collider=66 fraction=1.0049398299883747e-2 gaps=[6.007833119880956e-11, 1.0047518372857667e-14, -1.438811403353668e-9, 1.033048091514388e-10]
GRAZE elapsed=6.205562230851245e-4 dt=7.387385700265229e-4 collider=66 fraction=4.020027548047197e-2 gaps=[6.007833119880956e-11, 9.992007221626409e-16, -3.279104210385242e-10, 6.544825792431652e-11]
GRAZE elapsed=6.205562230851245e-4 dt=4.1292122692676434e-4 collider=66 fraction=1.4338084704456414e-1 gaps=[6.007833119880956e-11, 5.551115123125783e-15, -6.205824742977484e-11, 6.075479008771367e-11]
GRAZE elapsed=7.076601069121302e-4 dt=1.375673226421203e-3 collider=66 fraction=1.1370457279123124e-2 gaps=[6.001743546590887e-11, 1.4155343563970746e-14, -1.2656970471702778e-9, 9.564005143403165e-11]
GRAZE elapsed=7.076601069121302e-4 dt=6.956576300361293e-4 collider=66 fraction=4.559491867220743e-2 gaps=[6.001743546590887e-11, 1.3877787807814457e-15, -2.837461932081453e-10, 6.436806643250748e-11]
GRAZE elapsed=7.076601069121302e-4 dt=3.896506116628462e-4 collider=66 fraction=1.6527567252835687e-1 gaps=[6.001743546590887e-11, 1.9539925233402755e-14, -4.8603399083191334e-11, 6.05321348601251e-11]
GRAZE elapsed=7.913037002016933e-4 dt=1.29202963313164e-3 collider=66 fraction=1.2901353346484942e-2 gaps=[5.995492990962248e-11, 2.0372592501871623e-14, -1.1094833940461513e-9, 8.915684857058181e-11]
GRAZE elapsed=7.913037002016933e-4 dt=6.543492819814003e-4 collider=66 fraction=5.1876399924243005e-2 gaps=[5.995492990962248e-11, 3.552713678800501e-15, -2.439500823570029e-10, 6.345907133109563e-11]
GRAZE elapsed=7.913037002016933e-4 dt=3.673931239637924e-4 collider=66 fraction=1.9197609912379573e-1 gaps=[5.995492990962248e-11, 6.877831637552845e-14, -3.648364943487081e-11, 6.036021682476189e-11]
GRAZE elapsed=8.717406661478779e-4 dt=1.2115926671854554e-3 collider=66 fraction=1.468655418441039e-2 gaps=[5.989275742024347e-11, 2.930988785010413e-14, -9.685045543328386e-10, 8.37029889844132e-11]
GRAZE elapsed=8.717406661478779e-4 dt=6.146933942707544e-4 collider=66 fraction=5.924227092272783e-2 gaps=[5.989275742024347e-11, 7.049916206369744e-15, -2.0808843537167832e-10, 6.269257335489442e-11]
GRAZE elapsed=8.717406661478779e-4 dt=3.46088721459139e-4 collider=66 fraction=2.2504975972305458e-1 gaps=[5.989275742024347e-11, 2.2343238370581275e-13, -2.5590585206458627e-11, 6.018457954226619e-11]
GRAZE elapsed=8.717406661478779e-4 dt=3.1587069576783223e-4 collider=66 fraction=2.99054686337733e-1 gaps=[5.989275742024347e-11, 1.1735057370287905e-13, -1.1372847108503947e-11, 6.006367625488451e-11]
GRAZE elapsed=1.1573933362244034e-3 dt=9.259399971089299e-4 collider=66 fraction=2.5453340076593226e-2 gaps=[5.996886320858152e-11, 1.2678746941219288e-13, -5.406328718038367e-10, 7.03683777913966e-11]
GRAZE elapsed=1.1573933362244034e-3 dt=4.7475413137293166e-4 collider=66 fraction=1.0464761394746007e-1 gaps=[5.996886320858152e-11, 1.233457780358549e-13, -9.948475376830856e-11, 6.100231431105385e-11]
GRAZE elapsed=1.1573933362244034e-3 dt=3.73237311582332e-4 collider=66 fraction=1.862031082896078e-1 gaps=[5.996886320858152e-11, 5.184741524999481e-14, -3.880967769376298e-11, 6.035627553302447e-11]
GRAZE elapsed=1.4291138280161358e-3 dt=6.542195053171975e-4 collider=32 fraction=4.7304764189246235e-4 gaps=[5.721534357405744e-13, 2.0539125955565396e-15, -2.999332449071801e-10, 4.046929458212389e-12]
GRAZE elapsed=1.4291138280161358e-3 dt=3.2726449115573394e-4 collider=32 fraction=1.8621239671610113e-3 gaps=[5.721534357405744e-13, 8.548717289613705e-15, -7.517891864594617e-11, 8.213429936176908e-13]
GRAZE elapsed=1.4291138280161358e-3 dt=3.3004978410416716e-5 collider=32 fraction=1.747022695218238e-1 gaps=[5.721534357405744e-13, 1.2106982083537332e-13, -2.1566082253343666e-13, 5.446199047298705e-13]
GRAZE elapsed=1.4291138280161358e-3 dt=2.6195244966267187e-5 collider=32 fraction=2.555271034073364e-1 gaps=[5.721534357405744e-13, 1.957323192414151e-13, 7.37188088351104e-14, 5.505040867603839e-13]
GRAZE elapsed=1.4484993395382534e-3 dt=6.348339937950799e-4 collider=32 fraction=4.883600953742018e-4 gaps=[5.562772464884347e-13, 2.55351295663786e-15, -2.8250368711013607e-10, 3.4888758548845544e-12]
GRAZE elapsed=1.4484993395382534e-3 dt=3.175720106924182e-4 collider=32 fraction=1.9217164058460412e-3 gaps=[5.562772464884347e-13, 8.548717289613705e-15, -7.080919184332402e-11, 6.715739075957572e-13]
GRAZE elapsed=1.4484993395382534e-3 dt=3.203622590002272e-5 collider=32 fraction=1.7913403826959803e-1 gaps=[5.562772464884347e-13, 1.2156942119645464e-13, -1.9012569296705806e-13, 5.21027665456586e-13]
GRAZE elapsed=1.4484993395382534e-3 dt=2.5461864054114078e-5 collider=32 fraction=2.608692594374692e-1 gaps=[5.562772464884347e-13, 1.9423351815817114e-13, 8.215650382226158e-14, 5.284661597215745e-13]
GRAZE elapsed=1.4673868417464588e-3 dt=6.159464915868745e-4 collider=32 fraction=4.998200662029717e-4 gaps=[5.359601651377943e-13, 2.3314683517128287e-15, -2.659415465622317e-10, 3.1736280270422412e-12]
GRAZE elapsed=1.4673868417464588e-3 dt=3.081271770015385e-4 collider=32 fraction=1.9665660818972697e-3 gaps=[5.359601651377943e-13, 8.271161533457416e-15, -6.663947171858808e-11, 6.227240945122503e-13]
GRAZE elapsed=1.4673868417464588e-3 dt=3.108979387473604e-5 collider=32 fraction=1.8263840459040903e-1 gaps=[5.359601651377943e-13, 1.1995959781074816e-13, -1.6747714326470486e-13, 5.017097848281082e-13]
GRAZE elapsed=1.4673868417464588e-3 dt=2.4736892994133647e-5 collider=32 fraction=2.650341737393313e-1 gaps=[5.359601651377943e-13, 1.903477375719831e-13, 8.826273045769994e-14, 5.089262344881718e-13]
GRAZE elapsed=1.48577083385999e-3 dt=5.975624994733434e-4 collider=32 fraction=5.113506080647312e-4 gaps=[5.16087172997004e-13, 2.0539125955565396e-15, -2.503029450373617e-10, 2.8832491949515315e-12]
GRAZE elapsed=1.48577083385999e-3 dt=2.989340317104029e-4 collider=32 fraction=2.0116943171970547e-3 gaps=[5.16087172997004e-13, 8.659739592076221e-15, -6.270184371715004e-11, 5.798694857617193e-13]
GRAZE elapsed=1.48577083385999e-3 dt=3.016841072375643e-5 collider=32 fraction=1.861391885582338e-1 gaps=[5.16087172997004e-13, 1.1862733018119798e-13, -1.4621637234313312e-13, 4.830580380144056e-13]
GRAZE elapsed=1.5036628009679738e-3 dt=5.796705323653595e-4 collider=66 fraction=6.807523185890527e-2 gaps=[5.990885565410053e-11, 1.3822276656583199e-14, -1.7564860677055094e-10, 6.195022272947881e-11]
GRAZE elapsed=1.5036628009679738e-3 dt=3.095658691289532e-4 collider=66 fraction=3.3104414869766013e-1 gaps=[5.990885565410053e-11, 1.4210854715202004e-14, -7.695732939794198e-12, 5.999606367268484e-11]
GRAZE elapsed=1.5036628009679738e-3 dt=2.966230004091215e-4 collider=66 fraction=4.051632513734907e-1 gaps=[5.990885565410053e-11, 4.6407322429331543e-14, -2.183364600227833e-12, 5.99595928463259e-11]
GRAZE elapsed=1.7873429326572636e-3 dt=2.959904006760697e-4 collider=32 fraction=2.3696472797993806e-3 gaps=[5.93802784720765e-13, 1.1102230246251565e-14, -6.098455074265985e-11, 7.275846591880963e-13]
GRAZE elapsed=1.7873429326572636e-3 dt=1.4834589676193923e-4 collider=32 fraction=8.990000878611681e-3 gaps=[5.93802784720765e-13, 4.04121180963557e-14, -1.4947820758948183e-11, 5.237477118669176e-13]
GRAZE elapsed=1.7873429326572636e-3 dt=8.190587000058053e-5 collider=32 fraction=2.6374534573413655e-2 gaps=[5.93802784720765e-13, 1.0647038806155251e-13, -4.162947764285718e-12, 5.407896352949138e-13]
GRAZE elapsed=1.8028087758964854e-3 dt=2.8052455743684786e-4 collider=32 fraction=2.5788627331024827e-3 gaps=[5.814793091474257e-13, 1.1324274851176597e-14, -5.477440723211657e-11, 5.891953591685706e-13]
GRAZE elapsed=1.8028087758964854e-3 dt=1.406239958818709e-4 collider=32 fraction=9.742744710038664e-3 gaps=[5.814793091474257e-13, 4.2577052994374753e-14, -1.3404499732416753e-11, 4.702349620799851e-13]
GRAZE elapsed=1.8028087758964854e-3 dt=7.766874318213128e-5 collider=32 fraction=2.8359189795789774e-2 gaps=[5.814793091474257e-13, 1.1057821325266559e-13, -3.7074232572820165e-12, 5.079270337660091e-13]
GRAZE elapsed=1.817522266378877e-3 dt=2.658110669544562e-4 collider=32 fraction=2.7841413799123416e-3 gaps=[5.644928968706608e-13, 1.2323475573339238e-14, -4.915295948038079e-11, 5.250244683452365e-13]
GRAZE elapsed=1.817522266378877e-3 dt=1.3327556127260137e-4 collider=32 fraction=1.047770206298182e-2 gaps=[5.644928968706608e-13, 4.413136522884997e-14, -1.2003786853398424e-11, 4.4669823395793173e-13]
GRAZE elapsed=1.817522266378877e-3 dt=7.36345837157667e-5 collider=32 fraction=3.0280101410291138e-2 gaps=[5.644928968706608e-13, 1.1363132657038477e-13, -3.293976202911608e-12, 4.888867088936877e-13]
GRAZE elapsed=1.831515872537809e-3 dt=2.5181746079552423e-4 collider=32 fraction=3.004802765655512e-3 gaps=[5.476175068963585e-13, 1.3156142841808105e-14, -4.407951781359998e-11, 4.854450175173497e-13]
GRAZE elapsed=1.831515872537809e-3 dt=1.2628706129908147e-4 collider=32 fraction=1.126641802346029e-2 gaps=[5.476175068963585e-13, 4.618527782440651e-14, -1.0730583088758294e-11, 4.508060591490448e-13]
GRAZE elapsed=1.831515872537809e-3 dt=6.979838152568225e-5 collider=32 fraction=3.231061356898124e-2 gaps=[5.476175068963585e-13, 1.1585177261963508e-13, -2.9204971774277055e-12, 4.755640325981858e-13]
GRAZE elapsed=1.844825574290092e-3 dt=2.3850775904324124e-4 collider=32 fraction=3.245915695725188e-3 gaps=[5.31574784190525e-13, 1.3600232051658168e-14, -3.9509506777335446e-11, 4.5230486023228877e-13]
GRAZE elapsed=1.844825574290092e-3 dt=1.1964096756093597e-4 collider=32 fraction=1.2117610888306984e-2 gaps=[5.31574784190525e-13, 4.796163466380676e-14, -9.592771021971203e-12, 4.367062267363053e-13]
GRAZE elapsed=1.844825574290092e-3 dt=6.615091139389859e-5 collider=32 fraction=3.448594095349833e-2 gaps=[5.31574784190525e-13, 1.1896039708858552e-13, -2.5850432905372145e-12, 4.629630012686903e-13]
GRAZE elapsed=1.8574864295169532e-3 dt=2.2584690381638006e-4 collider=32 fraction=3.5129113434564374e-3 gaps=[5.168088179630104e-13, 1.4210854715202004e-14, -3.5392355712815515e-11, 4.241051954068098e-13]
GRAZE elapsed=1.8574864295169532e-3 dt=1.1332014198334058e-4 collider=32 fraction=1.3051965585813008e-2 gaps=[5.168088179630104e-13, 4.96269692007445e-14, -8.56920090441804e-12, 4.2232883856740955e-13]

thread 'joint_machine::tests::terrain_ticks::saved_car::saved_car_cold_drop_remains_bounded_through_settling' (11201770) panicked at crates/mechanic-physics/src/joint_machine/tests/terrain_ticks/saved_car.rs:293:9:
tick=12 result=Err(NotConverged) diagnostics=JointTickDiagnostics { factorization: DenseReference, published: false, attempts: 4, substeps: 8, factorizations: 512, dynamics_assemblies: 4102, response_preparation_solves: 15027, constraint_factor_solves: 1688, force_factor_solves: 3376, position_factor_solves: 0, force_iterations: 1688, constraint_iterations: 9022, constraint_rows_prepared: 15027, contact_bias_traversals: 512, contact_kinematic_poses: 2200, contact_velocity_traversals: 2200, contact_kinematic_residual: 9.318935344308673e-6, surface_points: 2391, surface_manifolds: 2391, terrain_contact_queries: 716, terrain_contact_query_failures: 0, terrain_path_queries: 512, terrain_correction_paths: 0, terrain_path_poses: 72559, terrain_pose_cache_hits: 27540, terrain_envelopes: 27744, terrain_certified_intervals: 27744, terrain_chunk_candidates: 52268, terrain_triangle_candidates: 104536, terrain_path_rejections: 308, terrain_sweep_queries: 512, terrain_sweep_query_failures: 0, terrain_envelope_query_failures: 0, terrain_separation_evaluations: 68940, terrain_initial_contact_evaluations: 69632, terrain_linear_sweep_evaluations: 0, terrain_quadratic_sweep_evaluations: 3006, terrain_velocity_evaluations: 3006, terrain_impact_holds: 4, event_trials: 512, event_prefix_commits: 73, event_refinements: 308, event_localizations: 194, release_refinements: 0, release_localizations: 0, joint_stop_refinements: 0, last_joint_stop_coordinate: None, released_surface_points: 2048, accepted_intervals: 22, accepted_seconds: 0.0018574864295169532, impact_attempts: 0, impact_events: 0, impact_rows_prepared: 0, impact_factor_solves: 0, impact_iterations: 0, newton_attempts: 9015, newton_accepts: 9007, newton_applications: 0, newton_local_factorizations: 0, newton_generalized_factorizations: 0, newton_reduced_storage: 0, newton_contact_factorizations: 9015, newton_contact_storage: 1922, newton_line_searches: 13537, constraint_active_set_trials: 0, constraint_active_set_trial_rejections: 0, constraint_warm_start_restarts: 0, constraint_active_set_trial_matrix_storage: 0, residual: 9.868268070505099e-9, force_velocity_residual: 0.037779330260237436, constraint_velocity_residual: 9.97865507928942e-10, impact_velocity_residual: 0.0, drive_impulses: [0.0, -1.9233994512681705, 2.6346937218279614, 0.0, 0.028892974516124884, 0.3571795494231625, 0.0, -1.380758286686137, 0.0, 0.45331071037189413] }
note: run with `RUST_BACKTRACE=1` environment variable to display a backtrace
FAILED

failures:

failures:
    joint_machine::tests::terrain_ticks::saved_car::saved_car_cold_drop_remains_bounded_through_settling

test result: FAILED. 0 passed; 1 failed; 0 ignored; 0 measured; 118 filtered out; finished in 4.08s

error: test failed, to rerun pass `-p mechanic-physics --lib`
