// Generated from https://github.com/EricLengyel/Transvoxel (main).
// Copyright 2009 Eric Lengyel. MIT license: transvoxel/LICENSE.
// Do not edit by hand; regenerate with scripts/generate_transvoxel_tables.py.

#[derive(Clone, Copy)]
pub(crate) struct CellData<const N: usize> {
    pub(crate) geometry_counts: u8,
    pub(crate) vertex_index: [u8; N],
}

pub(crate) const REGULAR_CELL_CLASS: [u8; 256] = [
    0x00, 0x01, 0x01, 0x03, 0x01, 0x03, 0x02, 0x04, 0x01, 0x02, 0x03, 0x04, 0x03, 0x04, 0x04, 0x03,
    0x01, 0x03, 0x02, 0x04, 0x02, 0x04, 0x06, 0x0c, 0x02, 0x05, 0x05, 0x0b, 0x05, 0x0a, 0x07, 0x04,
    0x01, 0x02, 0x03, 0x04, 0x02, 0x05, 0x05, 0x0a, 0x02, 0x06, 0x04, 0x0c, 0x05, 0x07, 0x0b, 0x04,
    0x03, 0x04, 0x04, 0x03, 0x05, 0x0b, 0x07, 0x04, 0x05, 0x07, 0x0a, 0x04, 0x08, 0x0e, 0x0e, 0x03,
    0x01, 0x02, 0x02, 0x05, 0x03, 0x04, 0x05, 0x0b, 0x02, 0x06, 0x05, 0x07, 0x04, 0x0c, 0x0a, 0x04,
    0x03, 0x04, 0x05, 0x0a, 0x04, 0x03, 0x07, 0x04, 0x05, 0x07, 0x08, 0x0e, 0x0b, 0x04, 0x0e, 0x03,
    0x02, 0x06, 0x05, 0x07, 0x05, 0x07, 0x08, 0x0e, 0x06, 0x09, 0x07, 0x0f, 0x07, 0x0f, 0x0e, 0x0d,
    0x04, 0x0c, 0x0b, 0x04, 0x0a, 0x04, 0x0e, 0x03, 0x07, 0x0f, 0x0e, 0x0d, 0x0e, 0x0d, 0x02, 0x01,
    0x01, 0x02, 0x02, 0x05, 0x02, 0x05, 0x06, 0x07, 0x03, 0x05, 0x04, 0x0a, 0x04, 0x0b, 0x0c, 0x04,
    0x02, 0x05, 0x06, 0x07, 0x06, 0x07, 0x09, 0x0f, 0x05, 0x08, 0x07, 0x0e, 0x07, 0x0e, 0x0f, 0x0d,
    0x03, 0x05, 0x04, 0x0b, 0x05, 0x08, 0x07, 0x0e, 0x04, 0x07, 0x03, 0x04, 0x0a, 0x0e, 0x04, 0x03,
    0x04, 0x0a, 0x0c, 0x04, 0x07, 0x0e, 0x0f, 0x0d, 0x0b, 0x0e, 0x04, 0x03, 0x0e, 0x02, 0x0d, 0x01,
    0x03, 0x05, 0x05, 0x08, 0x04, 0x0a, 0x07, 0x0e, 0x04, 0x07, 0x0b, 0x0e, 0x03, 0x04, 0x04, 0x03,
    0x04, 0x0b, 0x07, 0x0e, 0x0c, 0x04, 0x0f, 0x0d, 0x0a, 0x0e, 0x0e, 0x02, 0x04, 0x03, 0x0d, 0x01,
    0x04, 0x07, 0x0a, 0x0e, 0x0b, 0x0e, 0x0e, 0x02, 0x0c, 0x0f, 0x04, 0x0d, 0x04, 0x0d, 0x03, 0x01,
    0x03, 0x04, 0x04, 0x03, 0x04, 0x03, 0x0d, 0x01, 0x04, 0x0d, 0x03, 0x01, 0x03, 0x01, 0x01, 0x00,
];
pub(crate) const REGULAR_CELL_DATA: [CellData<15>; 16] = [
    CellData {
        geometry_counts: 0x00,
        vertex_index: [
            0x00, 0x00, 0x00, 0x00, 0x00, 0x00, 0x00, 0x00, 0x00, 0x00, 0x00, 0x00, 0x00, 0x00,
            0x00,
        ],
    },
    CellData {
        geometry_counts: 0x31,
        vertex_index: [
            0x00, 0x01, 0x02, 0x00, 0x00, 0x00, 0x00, 0x00, 0x00, 0x00, 0x00, 0x00, 0x00, 0x00,
            0x00,
        ],
    },
    CellData {
        geometry_counts: 0x62,
        vertex_index: [
            0x00, 0x01, 0x02, 0x03, 0x04, 0x05, 0x00, 0x00, 0x00, 0x00, 0x00, 0x00, 0x00, 0x00,
            0x00,
        ],
    },
    CellData {
        geometry_counts: 0x42,
        vertex_index: [
            0x00, 0x01, 0x02, 0x00, 0x02, 0x03, 0x00, 0x00, 0x00, 0x00, 0x00, 0x00, 0x00, 0x00,
            0x00,
        ],
    },
    CellData {
        geometry_counts: 0x53,
        vertex_index: [
            0x00, 0x01, 0x04, 0x01, 0x03, 0x04, 0x01, 0x02, 0x03, 0x00, 0x00, 0x00, 0x00, 0x00,
            0x00,
        ],
    },
    CellData {
        geometry_counts: 0x73,
        vertex_index: [
            0x00, 0x01, 0x02, 0x00, 0x02, 0x03, 0x04, 0x05, 0x06, 0x00, 0x00, 0x00, 0x00, 0x00,
            0x00,
        ],
    },
    CellData {
        geometry_counts: 0x93,
        vertex_index: [
            0x00, 0x01, 0x02, 0x03, 0x04, 0x05, 0x06, 0x07, 0x08, 0x00, 0x00, 0x00, 0x00, 0x00,
            0x00,
        ],
    },
    CellData {
        geometry_counts: 0x84,
        vertex_index: [
            0x00, 0x01, 0x04, 0x01, 0x03, 0x04, 0x01, 0x02, 0x03, 0x05, 0x06, 0x07, 0x00, 0x00,
            0x00,
        ],
    },
    CellData {
        geometry_counts: 0x84,
        vertex_index: [
            0x00, 0x01, 0x02, 0x00, 0x02, 0x03, 0x04, 0x05, 0x06, 0x04, 0x06, 0x07, 0x00, 0x00,
            0x00,
        ],
    },
    CellData {
        geometry_counts: 0xc4,
        vertex_index: [
            0x00, 0x01, 0x02, 0x03, 0x04, 0x05, 0x06, 0x07, 0x08, 0x09, 0x0a, 0x0b, 0x00, 0x00,
            0x00,
        ],
    },
    CellData {
        geometry_counts: 0x64,
        vertex_index: [
            0x00, 0x04, 0x05, 0x00, 0x01, 0x04, 0x01, 0x03, 0x04, 0x01, 0x02, 0x03, 0x00, 0x00,
            0x00,
        ],
    },
    CellData {
        geometry_counts: 0x64,
        vertex_index: [
            0x00, 0x05, 0x04, 0x00, 0x04, 0x01, 0x01, 0x04, 0x03, 0x01, 0x03, 0x02, 0x00, 0x00,
            0x00,
        ],
    },
    CellData {
        geometry_counts: 0x64,
        vertex_index: [
            0x00, 0x04, 0x05, 0x00, 0x03, 0x04, 0x00, 0x01, 0x03, 0x01, 0x02, 0x03, 0x00, 0x00,
            0x00,
        ],
    },
    CellData {
        geometry_counts: 0x64,
        vertex_index: [
            0x00, 0x01, 0x02, 0x00, 0x02, 0x03, 0x00, 0x03, 0x04, 0x00, 0x04, 0x05, 0x00, 0x00,
            0x00,
        ],
    },
    CellData {
        geometry_counts: 0x75,
        vertex_index: [
            0x00, 0x01, 0x02, 0x00, 0x02, 0x03, 0x00, 0x03, 0x04, 0x00, 0x04, 0x05, 0x00, 0x05,
            0x06,
        ],
    },
    CellData {
        geometry_counts: 0x95,
        vertex_index: [
            0x00, 0x04, 0x05, 0x00, 0x03, 0x04, 0x00, 0x01, 0x03, 0x01, 0x02, 0x03, 0x06, 0x07,
            0x08,
        ],
    },
];
pub(crate) const REGULAR_VERTEX_DATA: [[u16; 12]; 256] = [
    [
        0x0000, 0x0000, 0x0000, 0x0000, 0x0000, 0x0000, 0x0000, 0x0000, 0x0000, 0x0000, 0x0000,
        0x0000,
    ],
    [
        0x6201, 0x5102, 0x3304, 0x0000, 0x0000, 0x0000, 0x0000, 0x0000, 0x0000, 0x0000, 0x0000,
        0x0000,
    ],
    [
        0x6201, 0x2315, 0x4113, 0x0000, 0x0000, 0x0000, 0x0000, 0x0000, 0x0000, 0x0000, 0x0000,
        0x0000,
    ],
    [
        0x5102, 0x3304, 0x2315, 0x4113, 0x0000, 0x0000, 0x0000, 0x0000, 0x0000, 0x0000, 0x0000,
        0x0000,
    ],
    [
        0x5102, 0x4223, 0x1326, 0x0000, 0x0000, 0x0000, 0x0000, 0x0000, 0x0000, 0x0000, 0x0000,
        0x0000,
    ],
    [
        0x3304, 0x6201, 0x4223, 0x1326, 0x0000, 0x0000, 0x0000, 0x0000, 0x0000, 0x0000, 0x0000,
        0x0000,
    ],
    [
        0x6201, 0x2315, 0x4113, 0x5102, 0x4223, 0x1326, 0x0000, 0x0000, 0x0000, 0x0000, 0x0000,
        0x0000,
    ],
    [
        0x4223, 0x1326, 0x3304, 0x2315, 0x4113, 0x0000, 0x0000, 0x0000, 0x0000, 0x0000, 0x0000,
        0x0000,
    ],
    [
        0x4113, 0x8337, 0x4223, 0x0000, 0x0000, 0x0000, 0x0000, 0x0000, 0x0000, 0x0000, 0x0000,
        0x0000,
    ],
    [
        0x6201, 0x5102, 0x3304, 0x4223, 0x4113, 0x8337, 0x0000, 0x0000, 0x0000, 0x0000, 0x0000,
        0x0000,
    ],
    [
        0x6201, 0x2315, 0x8337, 0x4223, 0x0000, 0x0000, 0x0000, 0x0000, 0x0000, 0x0000, 0x0000,
        0x0000,
    ],
    [
        0x5102, 0x3304, 0x2315, 0x8337, 0x4223, 0x0000, 0x0000, 0x0000, 0x0000, 0x0000, 0x0000,
        0x0000,
    ],
    [
        0x5102, 0x4113, 0x8337, 0x1326, 0x0000, 0x0000, 0x0000, 0x0000, 0x0000, 0x0000, 0x0000,
        0x0000,
    ],
    [
        0x4113, 0x8337, 0x1326, 0x3304, 0x6201, 0x0000, 0x0000, 0x0000, 0x0000, 0x0000, 0x0000,
        0x0000,
    ],
    [
        0x6201, 0x2315, 0x8337, 0x1326, 0x5102, 0x0000, 0x0000, 0x0000, 0x0000, 0x0000, 0x0000,
        0x0000,
    ],
    [
        0x3304, 0x2315, 0x8337, 0x1326, 0x0000, 0x0000, 0x0000, 0x0000, 0x0000, 0x0000, 0x0000,
        0x0000,
    ],
    [
        0x3304, 0x1146, 0x2245, 0x0000, 0x0000, 0x0000, 0x0000, 0x0000, 0x0000, 0x0000, 0x0000,
        0x0000,
    ],
    [
        0x6201, 0x5102, 0x1146, 0x2245, 0x0000, 0x0000, 0x0000, 0x0000, 0x0000, 0x0000, 0x0000,
        0x0000,
    ],
    [
        0x6201, 0x2315, 0x4113, 0x3304, 0x1146, 0x2245, 0x0000, 0x0000, 0x0000, 0x0000, 0x0000,
        0x0000,
    ],
    [
        0x2315, 0x4113, 0x5102, 0x1146, 0x2245, 0x0000, 0x0000, 0x0000, 0x0000, 0x0000, 0x0000,
        0x0000,
    ],
    [
        0x5102, 0x4223, 0x1326, 0x3304, 0x1146, 0x2245, 0x0000, 0x0000, 0x0000, 0x0000, 0x0000,
        0x0000,
    ],
    [
        0x1146, 0x2245, 0x6201, 0x4223, 0x1326, 0x0000, 0x0000, 0x0000, 0x0000, 0x0000, 0x0000,
        0x0000,
    ],
    [
        0x3304, 0x1146, 0x2245, 0x6201, 0x2315, 0x4113, 0x5102, 0x4223, 0x1326, 0x0000, 0x0000,
        0x0000,
    ],
    [
        0x4223, 0x1326, 0x1146, 0x2245, 0x2315, 0x4113, 0x0000, 0x0000, 0x0000, 0x0000, 0x0000,
        0x0000,
    ],
    [
        0x4223, 0x4113, 0x8337, 0x3304, 0x1146, 0x2245, 0x0000, 0x0000, 0x0000, 0x0000, 0x0000,
        0x0000,
    ],
    [
        0x6201, 0x5102, 0x1146, 0x2245, 0x4223, 0x4113, 0x8337, 0x0000, 0x0000, 0x0000, 0x0000,
        0x0000,
    ],
    [
        0x4223, 0x6201, 0x2315, 0x8337, 0x3304, 0x1146, 0x2245, 0x0000, 0x0000, 0x0000, 0x0000,
        0x0000,
    ],
    [
        0x4223, 0x8337, 0x2315, 0x2245, 0x1146, 0x5102, 0x0000, 0x0000, 0x0000, 0x0000, 0x0000,
        0x0000,
    ],
    [
        0x5102, 0x4113, 0x8337, 0x1326, 0x3304, 0x1146, 0x2245, 0x0000, 0x0000, 0x0000, 0x0000,
        0x0000,
    ],
    [
        0x4113, 0x8337, 0x1326, 0x1146, 0x2245, 0x6201, 0x0000, 0x0000, 0x0000, 0x0000, 0x0000,
        0x0000,
    ],
    [
        0x6201, 0x2315, 0x8337, 0x1326, 0x5102, 0x3304, 0x1146, 0x2245, 0x0000, 0x0000, 0x0000,
        0x0000,
    ],
    [
        0x2245, 0x2315, 0x8337, 0x1326, 0x1146, 0x0000, 0x0000, 0x0000, 0x0000, 0x0000, 0x0000,
        0x0000,
    ],
    [
        0x2315, 0x2245, 0x8157, 0x0000, 0x0000, 0x0000, 0x0000, 0x0000, 0x0000, 0x0000, 0x0000,
        0x0000,
    ],
    [
        0x6201, 0x5102, 0x3304, 0x2315, 0x2245, 0x8157, 0x0000, 0x0000, 0x0000, 0x0000, 0x0000,
        0x0000,
    ],
    [
        0x4113, 0x6201, 0x2245, 0x8157, 0x0000, 0x0000, 0x0000, 0x0000, 0x0000, 0x0000, 0x0000,
        0x0000,
    ],
    [
        0x2245, 0x8157, 0x4113, 0x5102, 0x3304, 0x0000, 0x0000, 0x0000, 0x0000, 0x0000, 0x0000,
        0x0000,
    ],
    [
        0x5102, 0x4223, 0x1326, 0x2315, 0x2245, 0x8157, 0x0000, 0x0000, 0x0000, 0x0000, 0x0000,
        0x0000,
    ],
    [
        0x6201, 0x4223, 0x1326, 0x3304, 0x2315, 0x2245, 0x8157, 0x0000, 0x0000, 0x0000, 0x0000,
        0x0000,
    ],
    [
        0x6201, 0x2245, 0x8157, 0x4113, 0x5102, 0x4223, 0x1326, 0x0000, 0x0000, 0x0000, 0x0000,
        0x0000,
    ],
    [
        0x4223, 0x1326, 0x3304, 0x2245, 0x8157, 0x4113, 0x0000, 0x0000, 0x0000, 0x0000, 0x0000,
        0x0000,
    ],
    [
        0x4223, 0x4113, 0x8337, 0x2315, 0x2245, 0x8157, 0x0000, 0x0000, 0x0000, 0x0000, 0x0000,
        0x0000,
    ],
    [
        0x6201, 0x5102, 0x3304, 0x4223, 0x4113, 0x8337, 0x2315, 0x2245, 0x8157, 0x0000, 0x0000,
        0x0000,
    ],
    [
        0x8337, 0x4223, 0x6201, 0x2245, 0x8157, 0x0000, 0x0000, 0x0000, 0x0000, 0x0000, 0x0000,
        0x0000,
    ],
    [
        0x5102, 0x3304, 0x2245, 0x8157, 0x8337, 0x4223, 0x0000, 0x0000, 0x0000, 0x0000, 0x0000,
        0x0000,
    ],
    [
        0x5102, 0x4113, 0x8337, 0x1326, 0x2315, 0x2245, 0x8157, 0x0000, 0x0000, 0x0000, 0x0000,
        0x0000,
    ],
    [
        0x4113, 0x8337, 0x1326, 0x3304, 0x6201, 0x2315, 0x2245, 0x8157, 0x0000, 0x0000, 0x0000,
        0x0000,
    ],
    [
        0x5102, 0x1326, 0x8337, 0x8157, 0x2245, 0x6201, 0x0000, 0x0000, 0x0000, 0x0000, 0x0000,
        0x0000,
    ],
    [
        0x8157, 0x8337, 0x1326, 0x3304, 0x2245, 0x0000, 0x0000, 0x0000, 0x0000, 0x0000, 0x0000,
        0x0000,
    ],
    [
        0x2315, 0x3304, 0x1146, 0x8157, 0x0000, 0x0000, 0x0000, 0x0000, 0x0000, 0x0000, 0x0000,
        0x0000,
    ],
    [
        0x6201, 0x5102, 0x1146, 0x8157, 0x2315, 0x0000, 0x0000, 0x0000, 0x0000, 0x0000, 0x0000,
        0x0000,
    ],
    [
        0x3304, 0x1146, 0x8157, 0x4113, 0x6201, 0x0000, 0x0000, 0x0000, 0x0000, 0x0000, 0x0000,
        0x0000,
    ],
    [
        0x4113, 0x5102, 0x1146, 0x8157, 0x0000, 0x0000, 0x0000, 0x0000, 0x0000, 0x0000, 0x0000,
        0x0000,
    ],
    [
        0x2315, 0x3304, 0x1146, 0x8157, 0x5102, 0x4223, 0x1326, 0x0000, 0x0000, 0x0000, 0x0000,
        0x0000,
    ],
    [
        0x1326, 0x4223, 0x6201, 0x2315, 0x8157, 0x1146, 0x0000, 0x0000, 0x0000, 0x0000, 0x0000,
        0x0000,
    ],
    [
        0x3304, 0x1146, 0x8157, 0x4113, 0x6201, 0x5102, 0x4223, 0x1326, 0x0000, 0x0000, 0x0000,
        0x0000,
    ],
    [
        0x1326, 0x1146, 0x8157, 0x4113, 0x4223, 0x0000, 0x0000, 0x0000, 0x0000, 0x0000, 0x0000,
        0x0000,
    ],
    [
        0x2315, 0x3304, 0x1146, 0x8157, 0x4223, 0x4113, 0x8337, 0x0000, 0x0000, 0x0000, 0x0000,
        0x0000,
    ],
    [
        0x6201, 0x5102, 0x1146, 0x8157, 0x2315, 0x4223, 0x4113, 0x8337, 0x0000, 0x0000, 0x0000,
        0x0000,
    ],
    [
        0x3304, 0x1146, 0x8157, 0x8337, 0x4223, 0x6201, 0x0000, 0x0000, 0x0000, 0x0000, 0x0000,
        0x0000,
    ],
    [
        0x4223, 0x5102, 0x1146, 0x8157, 0x8337, 0x0000, 0x0000, 0x0000, 0x0000, 0x0000, 0x0000,
        0x0000,
    ],
    [
        0x2315, 0x3304, 0x1146, 0x8157, 0x5102, 0x4113, 0x8337, 0x1326, 0x0000, 0x0000, 0x0000,
        0x0000,
    ],
    [
        0x6201, 0x4113, 0x8337, 0x1326, 0x1146, 0x8157, 0x2315, 0x0000, 0x0000, 0x0000, 0x0000,
        0x0000,
    ],
    [
        0x6201, 0x3304, 0x1146, 0x8157, 0x8337, 0x1326, 0x5102, 0x0000, 0x0000, 0x0000, 0x0000,
        0x0000,
    ],
    [
        0x1326, 0x1146, 0x8157, 0x8337, 0x0000, 0x0000, 0x0000, 0x0000, 0x0000, 0x0000, 0x0000,
        0x0000,
    ],
    [
        0x1326, 0x8267, 0x1146, 0x0000, 0x0000, 0x0000, 0x0000, 0x0000, 0x0000, 0x0000, 0x0000,
        0x0000,
    ],
    [
        0x6201, 0x5102, 0x3304, 0x1326, 0x8267, 0x1146, 0x0000, 0x0000, 0x0000, 0x0000, 0x0000,
        0x0000,
    ],
    [
        0x6201, 0x2315, 0x4113, 0x1326, 0x8267, 0x1146, 0x0000, 0x0000, 0x0000, 0x0000, 0x0000,
        0x0000,
    ],
    [
        0x5102, 0x3304, 0x2315, 0x4113, 0x1326, 0x8267, 0x1146, 0x0000, 0x0000, 0x0000, 0x0000,
        0x0000,
    ],
    [
        0x5102, 0x4223, 0x8267, 0x1146, 0x0000, 0x0000, 0x0000, 0x0000, 0x0000, 0x0000, 0x0000,
        0x0000,
    ],
    [
        0x3304, 0x6201, 0x4223, 0x8267, 0x1146, 0x0000, 0x0000, 0x0000, 0x0000, 0x0000, 0x0000,
        0x0000,
    ],
    [
        0x5102, 0x4223, 0x8267, 0x1146, 0x6201, 0x2315, 0x4113, 0x0000, 0x0000, 0x0000, 0x0000,
        0x0000,
    ],
    [
        0x1146, 0x8267, 0x4223, 0x4113, 0x2315, 0x3304, 0x0000, 0x0000, 0x0000, 0x0000, 0x0000,
        0x0000,
    ],
    [
        0x4113, 0x8337, 0x4223, 0x1326, 0x8267, 0x1146, 0x0000, 0x0000, 0x0000, 0x0000, 0x0000,
        0x0000,
    ],
    [
        0x6201, 0x5102, 0x3304, 0x4223, 0x4113, 0x8337, 0x1326, 0x8267, 0x1146, 0x0000, 0x0000,
        0x0000,
    ],
    [
        0x6201, 0x2315, 0x8337, 0x4223, 0x1326, 0x8267, 0x1146, 0x0000, 0x0000, 0x0000, 0x0000,
        0x0000,
    ],
    [
        0x5102, 0x3304, 0x2315, 0x8337, 0x4223, 0x1326, 0x8267, 0x1146, 0x0000, 0x0000, 0x0000,
        0x0000,
    ],
    [
        0x8267, 0x1146, 0x5102, 0x4113, 0x8337, 0x0000, 0x0000, 0x0000, 0x0000, 0x0000, 0x0000,
        0x0000,
    ],
    [
        0x6201, 0x4113, 0x8337, 0x8267, 0x1146, 0x3304, 0x0000, 0x0000, 0x0000, 0x0000, 0x0000,
        0x0000,
    ],
    [
        0x6201, 0x2315, 0x8337, 0x8267, 0x1146, 0x5102, 0x0000, 0x0000, 0x0000, 0x0000, 0x0000,
        0x0000,
    ],
    [
        0x1146, 0x3304, 0x2315, 0x8337, 0x8267, 0x0000, 0x0000, 0x0000, 0x0000, 0x0000, 0x0000,
        0x0000,
    ],
    [
        0x3304, 0x1326, 0x8267, 0x2245, 0x0000, 0x0000, 0x0000, 0x0000, 0x0000, 0x0000, 0x0000,
        0x0000,
    ],
    [
        0x1326, 0x8267, 0x2245, 0x6201, 0x5102, 0x0000, 0x0000, 0x0000, 0x0000, 0x0000, 0x0000,
        0x0000,
    ],
    [
        0x3304, 0x1326, 0x8267, 0x2245, 0x6201, 0x2315, 0x4113, 0x0000, 0x0000, 0x0000, 0x0000,
        0x0000,
    ],
    [
        0x1326, 0x8267, 0x2245, 0x2315, 0x4113, 0x5102, 0x0000, 0x0000, 0x0000, 0x0000, 0x0000,
        0x0000,
    ],
    [
        0x5102, 0x4223, 0x8267, 0x2245, 0x3304, 0x0000, 0x0000, 0x0000, 0x0000, 0x0000, 0x0000,
        0x0000,
    ],
    [
        0x6201, 0x4223, 0x8267, 0x2245, 0x0000, 0x0000, 0x0000, 0x0000, 0x0000, 0x0000, 0x0000,
        0x0000,
    ],
    [
        0x5102, 0x4223, 0x8267, 0x2245, 0x3304, 0x6201, 0x2315, 0x4113, 0x0000, 0x0000, 0x0000,
        0x0000,
    ],
    [
        0x4113, 0x4223, 0x8267, 0x2245, 0x2315, 0x0000, 0x0000, 0x0000, 0x0000, 0x0000, 0x0000,
        0x0000,
    ],
    [
        0x3304, 0x1326, 0x8267, 0x2245, 0x4223, 0x4113, 0x8337, 0x0000, 0x0000, 0x0000, 0x0000,
        0x0000,
    ],
    [
        0x1326, 0x8267, 0x2245, 0x6201, 0x5102, 0x4223, 0x4113, 0x8337, 0x0000, 0x0000, 0x0000,
        0x0000,
    ],
    [
        0x3304, 0x1326, 0x8267, 0x2245, 0x4223, 0x6201, 0x2315, 0x8337, 0x0000, 0x0000, 0x0000,
        0x0000,
    ],
    [
        0x5102, 0x1326, 0x8267, 0x2245, 0x2315, 0x8337, 0x4223, 0x0000, 0x0000, 0x0000, 0x0000,
        0x0000,
    ],
    [
        0x3304, 0x2245, 0x8267, 0x8337, 0x4113, 0x5102, 0x0000, 0x0000, 0x0000, 0x0000, 0x0000,
        0x0000,
    ],
    [
        0x8337, 0x8267, 0x2245, 0x6201, 0x4113, 0x0000, 0x0000, 0x0000, 0x0000, 0x0000, 0x0000,
        0x0000,
    ],
    [
        0x5102, 0x6201, 0x2315, 0x8337, 0x8267, 0x2245, 0x3304, 0x0000, 0x0000, 0x0000, 0x0000,
        0x0000,
    ],
    [
        0x2315, 0x8337, 0x8267, 0x2245, 0x0000, 0x0000, 0x0000, 0x0000, 0x0000, 0x0000, 0x0000,
        0x0000,
    ],
    [
        0x2315, 0x2245, 0x8157, 0x1326, 0x8267, 0x1146, 0x0000, 0x0000, 0x0000, 0x0000, 0x0000,
        0x0000,
    ],
    [
        0x6201, 0x5102, 0x3304, 0x2315, 0x2245, 0x8157, 0x1326, 0x8267, 0x1146, 0x0000, 0x0000,
        0x0000,
    ],
    [
        0x6201, 0x2245, 0x8157, 0x4113, 0x1326, 0x8267, 0x1146, 0x0000, 0x0000, 0x0000, 0x0000,
        0x0000,
    ],
    [
        0x2245, 0x8157, 0x4113, 0x5102, 0x3304, 0x1326, 0x8267, 0x1146, 0x0000, 0x0000, 0x0000,
        0x0000,
    ],
    [
        0x4223, 0x8267, 0x1146, 0x5102, 0x2315, 0x2245, 0x8157, 0x0000, 0x0000, 0x0000, 0x0000,
        0x0000,
    ],
    [
        0x3304, 0x6201, 0x4223, 0x8267, 0x1146, 0x2315, 0x2245, 0x8157, 0x0000, 0x0000, 0x0000,
        0x0000,
    ],
    [
        0x4223, 0x8267, 0x1146, 0x5102, 0x6201, 0x2245, 0x8157, 0x4113, 0x0000, 0x0000, 0x0000,
        0x0000,
    ],
    [
        0x3304, 0x2245, 0x8157, 0x4113, 0x4223, 0x8267, 0x1146, 0x0000, 0x0000, 0x0000, 0x0000,
        0x0000,
    ],
    [
        0x4223, 0x4113, 0x8337, 0x2315, 0x2245, 0x8157, 0x1326, 0x8267, 0x1146, 0x0000, 0x0000,
        0x0000,
    ],
    [
        0x6201, 0x5102, 0x3304, 0x4223, 0x4113, 0x8337, 0x2315, 0x2245, 0x8157, 0x1326, 0x8267,
        0x1146,
    ],
    [
        0x8337, 0x4223, 0x6201, 0x2245, 0x8157, 0x1326, 0x8267, 0x1146, 0x0000, 0x0000, 0x0000,
        0x0000,
    ],
    [
        0x4223, 0x5102, 0x3304, 0x2245, 0x8157, 0x8337, 0x1326, 0x8267, 0x1146, 0x0000, 0x0000,
        0x0000,
    ],
    [
        0x8267, 0x1146, 0x5102, 0x4113, 0x8337, 0x2315, 0x2245, 0x8157, 0x0000, 0x0000, 0x0000,
        0x0000,
    ],
    [
        0x6201, 0x4113, 0x8337, 0x8267, 0x1146, 0x3304, 0x2315, 0x2245, 0x8157, 0x0000, 0x0000,
        0x0000,
    ],
    [
        0x8337, 0x8267, 0x1146, 0x5102, 0x6201, 0x2245, 0x8157, 0x0000, 0x0000, 0x0000, 0x0000,
        0x0000,
    ],
    [
        0x3304, 0x2245, 0x8157, 0x8337, 0x8267, 0x1146, 0x0000, 0x0000, 0x0000, 0x0000, 0x0000,
        0x0000,
    ],
    [
        0x8157, 0x2315, 0x3304, 0x1326, 0x8267, 0x0000, 0x0000, 0x0000, 0x0000, 0x0000, 0x0000,
        0x0000,
    ],
    [
        0x8267, 0x8157, 0x2315, 0x6201, 0x5102, 0x1326, 0x0000, 0x0000, 0x0000, 0x0000, 0x0000,
        0x0000,
    ],
    [
        0x8267, 0x1326, 0x3304, 0x6201, 0x4113, 0x8157, 0x0000, 0x0000, 0x0000, 0x0000, 0x0000,
        0x0000,
    ],
    [
        0x8267, 0x8157, 0x4113, 0x5102, 0x1326, 0x0000, 0x0000, 0x0000, 0x0000, 0x0000, 0x0000,
        0x0000,
    ],
    [
        0x5102, 0x4223, 0x8267, 0x8157, 0x2315, 0x3304, 0x0000, 0x0000, 0x0000, 0x0000, 0x0000,
        0x0000,
    ],
    [
        0x2315, 0x6201, 0x4223, 0x8267, 0x8157, 0x0000, 0x0000, 0x0000, 0x0000, 0x0000, 0x0000,
        0x0000,
    ],
    [
        0x3304, 0x5102, 0x4223, 0x8267, 0x8157, 0x4113, 0x6201, 0x0000, 0x0000, 0x0000, 0x0000,
        0x0000,
    ],
    [
        0x4113, 0x4223, 0x8267, 0x8157, 0x0000, 0x0000, 0x0000, 0x0000, 0x0000, 0x0000, 0x0000,
        0x0000,
    ],
    [
        0x8157, 0x2315, 0x3304, 0x1326, 0x8267, 0x4223, 0x4113, 0x8337, 0x0000, 0x0000, 0x0000,
        0x0000,
    ],
    [
        0x8157, 0x2315, 0x6201, 0x5102, 0x1326, 0x8267, 0x4223, 0x4113, 0x8337, 0x0000, 0x0000,
        0x0000,
    ],
    [
        0x8157, 0x8337, 0x4223, 0x6201, 0x3304, 0x1326, 0x8267, 0x0000, 0x0000, 0x0000, 0x0000,
        0x0000,
    ],
    [
        0x5102, 0x1326, 0x8267, 0x8157, 0x8337, 0x4223, 0x0000, 0x0000, 0x0000, 0x0000, 0x0000,
        0x0000,
    ],
    [
        0x8267, 0x8157, 0x2315, 0x3304, 0x5102, 0x4113, 0x8337, 0x0000, 0x0000, 0x0000, 0x0000,
        0x0000,
    ],
    [
        0x6201, 0x4113, 0x8337, 0x8267, 0x8157, 0x2315, 0x0000, 0x0000, 0x0000, 0x0000, 0x0000,
        0x0000,
    ],
    [
        0x6201, 0x3304, 0x5102, 0x8337, 0x8267, 0x8157, 0x0000, 0x0000, 0x0000, 0x0000, 0x0000,
        0x0000,
    ],
    [
        0x8337, 0x8267, 0x8157, 0x0000, 0x0000, 0x0000, 0x0000, 0x0000, 0x0000, 0x0000, 0x0000,
        0x0000,
    ],
    [
        0x8337, 0x8157, 0x8267, 0x0000, 0x0000, 0x0000, 0x0000, 0x0000, 0x0000, 0x0000, 0x0000,
        0x0000,
    ],
    [
        0x6201, 0x5102, 0x3304, 0x8337, 0x8157, 0x8267, 0x0000, 0x0000, 0x0000, 0x0000, 0x0000,
        0x0000,
    ],
    [
        0x6201, 0x2315, 0x4113, 0x8337, 0x8157, 0x8267, 0x0000, 0x0000, 0x0000, 0x0000, 0x0000,
        0x0000,
    ],
    [
        0x5102, 0x3304, 0x2315, 0x4113, 0x8337, 0x8157, 0x8267, 0x0000, 0x0000, 0x0000, 0x0000,
        0x0000,
    ],
    [
        0x5102, 0x4223, 0x1326, 0x8337, 0x8157, 0x8267, 0x0000, 0x0000, 0x0000, 0x0000, 0x0000,
        0x0000,
    ],
    [
        0x6201, 0x4223, 0x1326, 0x3304, 0x8337, 0x8157, 0x8267, 0x0000, 0x0000, 0x0000, 0x0000,
        0x0000,
    ],
    [
        0x6201, 0x2315, 0x4113, 0x5102, 0x4223, 0x1326, 0x8337, 0x8157, 0x8267, 0x0000, 0x0000,
        0x0000,
    ],
    [
        0x4223, 0x1326, 0x3304, 0x2315, 0x4113, 0x8337, 0x8157, 0x8267, 0x0000, 0x0000, 0x0000,
        0x0000,
    ],
    [
        0x4113, 0x8157, 0x8267, 0x4223, 0x0000, 0x0000, 0x0000, 0x0000, 0x0000, 0x0000, 0x0000,
        0x0000,
    ],
    [
        0x4223, 0x4113, 0x8157, 0x8267, 0x6201, 0x5102, 0x3304, 0x0000, 0x0000, 0x0000, 0x0000,
        0x0000,
    ],
    [
        0x8157, 0x8267, 0x4223, 0x6201, 0x2315, 0x0000, 0x0000, 0x0000, 0x0000, 0x0000, 0x0000,
        0x0000,
    ],
    [
        0x3304, 0x2315, 0x8157, 0x8267, 0x4223, 0x5102, 0x0000, 0x0000, 0x0000, 0x0000, 0x0000,
        0x0000,
    ],
    [
        0x1326, 0x5102, 0x4113, 0x8157, 0x8267, 0x0000, 0x0000, 0x0000, 0x0000, 0x0000, 0x0000,
        0x0000,
    ],
    [
        0x8157, 0x4113, 0x6201, 0x3304, 0x1326, 0x8267, 0x0000, 0x0000, 0x0000, 0x0000, 0x0000,
        0x0000,
    ],
    [
        0x1326, 0x5102, 0x6201, 0x2315, 0x8157, 0x8267, 0x0000, 0x0000, 0x0000, 0x0000, 0x0000,
        0x0000,
    ],
    [
        0x8267, 0x1326, 0x3304, 0x2315, 0x8157, 0x0000, 0x0000, 0x0000, 0x0000, 0x0000, 0x0000,
        0x0000,
    ],
    [
        0x3304, 0x1146, 0x2245, 0x8337, 0x8157, 0x8267, 0x0000, 0x0000, 0x0000, 0x0000, 0x0000,
        0x0000,
    ],
    [
        0x6201, 0x5102, 0x1146, 0x2245, 0x8337, 0x8157, 0x8267, 0x0000, 0x0000, 0x0000, 0x0000,
        0x0000,
    ],
    [
        0x6201, 0x2315, 0x4113, 0x3304, 0x1146, 0x2245, 0x8337, 0x8157, 0x8267, 0x0000, 0x0000,
        0x0000,
    ],
    [
        0x2315, 0x4113, 0x5102, 0x1146, 0x2245, 0x8337, 0x8157, 0x8267, 0x0000, 0x0000, 0x0000,
        0x0000,
    ],
    [
        0x5102, 0x4223, 0x1326, 0x3304, 0x1146, 0x2245, 0x8337, 0x8157, 0x8267, 0x0000, 0x0000,
        0x0000,
    ],
    [
        0x1146, 0x2245, 0x6201, 0x4223, 0x1326, 0x8337, 0x8157, 0x8267, 0x0000, 0x0000, 0x0000,
        0x0000,
    ],
    [
        0x6201, 0x2315, 0x4113, 0x5102, 0x4223, 0x1326, 0x3304, 0x1146, 0x2245, 0x8337, 0x8157,
        0x8267,
    ],
    [
        0x4113, 0x4223, 0x1326, 0x1146, 0x2245, 0x2315, 0x8337, 0x8157, 0x8267, 0x0000, 0x0000,
        0x0000,
    ],
    [
        0x4223, 0x4113, 0x8157, 0x8267, 0x3304, 0x1146, 0x2245, 0x0000, 0x0000, 0x0000, 0x0000,
        0x0000,
    ],
    [
        0x6201, 0x5102, 0x1146, 0x2245, 0x4223, 0x4113, 0x8157, 0x8267, 0x0000, 0x0000, 0x0000,
        0x0000,
    ],
    [
        0x8157, 0x8267, 0x4223, 0x6201, 0x2315, 0x3304, 0x1146, 0x2245, 0x0000, 0x0000, 0x0000,
        0x0000,
    ],
    [
        0x2315, 0x8157, 0x8267, 0x4223, 0x5102, 0x1146, 0x2245, 0x0000, 0x0000, 0x0000, 0x0000,
        0x0000,
    ],
    [
        0x1326, 0x5102, 0x4113, 0x8157, 0x8267, 0x3304, 0x1146, 0x2245, 0x0000, 0x0000, 0x0000,
        0x0000,
    ],
    [
        0x1326, 0x1146, 0x2245, 0x6201, 0x4113, 0x8157, 0x8267, 0x0000, 0x0000, 0x0000, 0x0000,
        0x0000,
    ],
    [
        0x5102, 0x6201, 0x2315, 0x8157, 0x8267, 0x1326, 0x3304, 0x1146, 0x2245, 0x0000, 0x0000,
        0x0000,
    ],
    [
        0x1326, 0x1146, 0x2245, 0x2315, 0x8157, 0x8267, 0x0000, 0x0000, 0x0000, 0x0000, 0x0000,
        0x0000,
    ],
    [
        0x2315, 0x2245, 0x8267, 0x8337, 0x0000, 0x0000, 0x0000, 0x0000, 0x0000, 0x0000, 0x0000,
        0x0000,
    ],
    [
        0x2315, 0x2245, 0x8267, 0x8337, 0x6201, 0x5102, 0x3304, 0x0000, 0x0000, 0x0000, 0x0000,
        0x0000,
    ],
    [
        0x4113, 0x6201, 0x2245, 0x8267, 0x8337, 0x0000, 0x0000, 0x0000, 0x0000, 0x0000, 0x0000,
        0x0000,
    ],
    [
        0x5102, 0x4113, 0x8337, 0x8267, 0x2245, 0x3304, 0x0000, 0x0000, 0x0000, 0x0000, 0x0000,
        0x0000,
    ],
    [
        0x2315, 0x2245, 0x8267, 0x8337, 0x5102, 0x4223, 0x1326, 0x0000, 0x0000, 0x0000, 0x0000,
        0x0000,
    ],
    [
        0x6201, 0x4223, 0x1326, 0x3304, 0x8337, 0x2315, 0x2245, 0x8267, 0x0000, 0x0000, 0x0000,
        0x0000,
    ],
    [
        0x4113, 0x6201, 0x2245, 0x8267, 0x8337, 0x5102, 0x4223, 0x1326, 0x0000, 0x0000, 0x0000,
        0x0000,
    ],
    [
        0x4113, 0x4223, 0x1326, 0x3304, 0x2245, 0x8267, 0x8337, 0x0000, 0x0000, 0x0000, 0x0000,
        0x0000,
    ],
    [
        0x2315, 0x2245, 0x8267, 0x4223, 0x4113, 0x0000, 0x0000, 0x0000, 0x0000, 0x0000, 0x0000,
        0x0000,
    ],
    [
        0x2315, 0x2245, 0x8267, 0x4223, 0x4113, 0x6201, 0x5102, 0x3304, 0x0000, 0x0000, 0x0000,
        0x0000,
    ],
    [
        0x6201, 0x2245, 0x8267, 0x4223, 0x0000, 0x0000, 0x0000, 0x0000, 0x0000, 0x0000, 0x0000,
        0x0000,
    ],
    [
        0x3304, 0x2245, 0x8267, 0x4223, 0x5102, 0x0000, 0x0000, 0x0000, 0x0000, 0x0000, 0x0000,
        0x0000,
    ],
    [
        0x5102, 0x4113, 0x2315, 0x2245, 0x8267, 0x1326, 0x0000, 0x0000, 0x0000, 0x0000, 0x0000,
        0x0000,
    ],
    [
        0x4113, 0x2315, 0x2245, 0x8267, 0x1326, 0x3304, 0x6201, 0x0000, 0x0000, 0x0000, 0x0000,
        0x0000,
    ],
    [
        0x5102, 0x6201, 0x2245, 0x8267, 0x1326, 0x0000, 0x0000, 0x0000, 0x0000, 0x0000, 0x0000,
        0x0000,
    ],
    [
        0x3304, 0x2245, 0x8267, 0x1326, 0x0000, 0x0000, 0x0000, 0x0000, 0x0000, 0x0000, 0x0000,
        0x0000,
    ],
    [
        0x8267, 0x8337, 0x2315, 0x3304, 0x1146, 0x0000, 0x0000, 0x0000, 0x0000, 0x0000, 0x0000,
        0x0000,
    ],
    [
        0x5102, 0x1146, 0x8267, 0x8337, 0x2315, 0x6201, 0x0000, 0x0000, 0x0000, 0x0000, 0x0000,
        0x0000,
    ],
    [
        0x3304, 0x1146, 0x8267, 0x8337, 0x4113, 0x6201, 0x0000, 0x0000, 0x0000, 0x0000, 0x0000,
        0x0000,
    ],
    [
        0x8337, 0x4113, 0x5102, 0x1146, 0x8267, 0x0000, 0x0000, 0x0000, 0x0000, 0x0000, 0x0000,
        0x0000,
    ],
    [
        0x8267, 0x8337, 0x2315, 0x3304, 0x1146, 0x5102, 0x4223, 0x1326, 0x0000, 0x0000, 0x0000,
        0x0000,
    ],
    [
        0x1146, 0x8267, 0x8337, 0x2315, 0x6201, 0x4223, 0x1326, 0x0000, 0x0000, 0x0000, 0x0000,
        0x0000,
    ],
    [
        0x8267, 0x8337, 0x4113, 0x6201, 0x3304, 0x1146, 0x5102, 0x4223, 0x1326, 0x0000, 0x0000,
        0x0000,
    ],
    [
        0x4113, 0x4223, 0x1326, 0x1146, 0x8267, 0x8337, 0x0000, 0x0000, 0x0000, 0x0000, 0x0000,
        0x0000,
    ],
    [
        0x3304, 0x2315, 0x4113, 0x4223, 0x8267, 0x1146, 0x0000, 0x0000, 0x0000, 0x0000, 0x0000,
        0x0000,
    ],
    [
        0x2315, 0x6201, 0x5102, 0x1146, 0x8267, 0x4223, 0x4113, 0x0000, 0x0000, 0x0000, 0x0000,
        0x0000,
    ],
    [
        0x1146, 0x8267, 0x4223, 0x6201, 0x3304, 0x0000, 0x0000, 0x0000, 0x0000, 0x0000, 0x0000,
        0x0000,
    ],
    [
        0x5102, 0x1146, 0x8267, 0x4223, 0x0000, 0x0000, 0x0000, 0x0000, 0x0000, 0x0000, 0x0000,
        0x0000,
    ],
    [
        0x8267, 0x1326, 0x5102, 0x4113, 0x2315, 0x3304, 0x1146, 0x0000, 0x0000, 0x0000, 0x0000,
        0x0000,
    ],
    [
        0x6201, 0x4113, 0x2315, 0x1326, 0x1146, 0x8267, 0x0000, 0x0000, 0x0000, 0x0000, 0x0000,
        0x0000,
    ],
    [
        0x6201, 0x3304, 0x1146, 0x8267, 0x1326, 0x5102, 0x0000, 0x0000, 0x0000, 0x0000, 0x0000,
        0x0000,
    ],
    [
        0x1326, 0x1146, 0x8267, 0x0000, 0x0000, 0x0000, 0x0000, 0x0000, 0x0000, 0x0000, 0x0000,
        0x0000,
    ],
    [
        0x1326, 0x8337, 0x8157, 0x1146, 0x0000, 0x0000, 0x0000, 0x0000, 0x0000, 0x0000, 0x0000,
        0x0000,
    ],
    [
        0x8337, 0x8157, 0x1146, 0x1326, 0x6201, 0x5102, 0x3304, 0x0000, 0x0000, 0x0000, 0x0000,
        0x0000,
    ],
    [
        0x8337, 0x8157, 0x1146, 0x1326, 0x6201, 0x2315, 0x4113, 0x0000, 0x0000, 0x0000, 0x0000,
        0x0000,
    ],
    [
        0x4113, 0x5102, 0x3304, 0x2315, 0x1326, 0x8337, 0x8157, 0x1146, 0x0000, 0x0000, 0x0000,
        0x0000,
    ],
    [
        0x8337, 0x8157, 0x1146, 0x5102, 0x4223, 0x0000, 0x0000, 0x0000, 0x0000, 0x0000, 0x0000,
        0x0000,
    ],
    [
        0x6201, 0x4223, 0x8337, 0x8157, 0x1146, 0x3304, 0x0000, 0x0000, 0x0000, 0x0000, 0x0000,
        0x0000,
    ],
    [
        0x8337, 0x8157, 0x1146, 0x5102, 0x4223, 0x6201, 0x2315, 0x4113, 0x0000, 0x0000, 0x0000,
        0x0000,
    ],
    [
        0x4223, 0x8337, 0x8157, 0x1146, 0x3304, 0x2315, 0x4113, 0x0000, 0x0000, 0x0000, 0x0000,
        0x0000,
    ],
    [
        0x4223, 0x4113, 0x8157, 0x1146, 0x1326, 0x0000, 0x0000, 0x0000, 0x0000, 0x0000, 0x0000,
        0x0000,
    ],
    [
        0x4223, 0x4113, 0x8157, 0x1146, 0x1326, 0x6201, 0x5102, 0x3304, 0x0000, 0x0000, 0x0000,
        0x0000,
    ],
    [
        0x1146, 0x8157, 0x2315, 0x6201, 0x4223, 0x1326, 0x0000, 0x0000, 0x0000, 0x0000, 0x0000,
        0x0000,
    ],
    [
        0x4223, 0x5102, 0x3304, 0x2315, 0x8157, 0x1146, 0x1326, 0x0000, 0x0000, 0x0000, 0x0000,
        0x0000,
    ],
    [
        0x4113, 0x8157, 0x1146, 0x5102, 0x0000, 0x0000, 0x0000, 0x0000, 0x0000, 0x0000, 0x0000,
        0x0000,
    ],
    [
        0x6201, 0x4113, 0x8157, 0x1146, 0x3304, 0x0000, 0x0000, 0x0000, 0x0000, 0x0000, 0x0000,
        0x0000,
    ],
    [
        0x2315, 0x8157, 0x1146, 0x5102, 0x6201, 0x0000, 0x0000, 0x0000, 0x0000, 0x0000, 0x0000,
        0x0000,
    ],
    [
        0x2315, 0x8157, 0x1146, 0x3304, 0x0000, 0x0000, 0x0000, 0x0000, 0x0000, 0x0000, 0x0000,
        0x0000,
    ],
    [
        0x2245, 0x3304, 0x1326, 0x8337, 0x8157, 0x0000, 0x0000, 0x0000, 0x0000, 0x0000, 0x0000,
        0x0000,
    ],
    [
        0x6201, 0x2245, 0x8157, 0x8337, 0x1326, 0x5102, 0x0000, 0x0000, 0x0000, 0x0000, 0x0000,
        0x0000,
    ],
    [
        0x2245, 0x3304, 0x1326, 0x8337, 0x8157, 0x6201, 0x2315, 0x4113, 0x0000, 0x0000, 0x0000,
        0x0000,
    ],
    [
        0x2245, 0x2315, 0x4113, 0x5102, 0x1326, 0x8337, 0x8157, 0x0000, 0x0000, 0x0000, 0x0000,
        0x0000,
    ],
    [
        0x4223, 0x8337, 0x8157, 0x2245, 0x3304, 0x5102, 0x0000, 0x0000, 0x0000, 0x0000, 0x0000,
        0x0000,
    ],
    [
        0x8157, 0x2245, 0x6201, 0x4223, 0x8337, 0x0000, 0x0000, 0x0000, 0x0000, 0x0000, 0x0000,
        0x0000,
    ],
    [
        0x2245, 0x3304, 0x5102, 0x4223, 0x8337, 0x8157, 0x4113, 0x6201, 0x2315, 0x0000, 0x0000,
        0x0000,
    ],
    [
        0x4223, 0x8337, 0x8157, 0x2245, 0x2315, 0x4113, 0x0000, 0x0000, 0x0000, 0x0000, 0x0000,
        0x0000,
    ],
    [
        0x4113, 0x8157, 0x2245, 0x3304, 0x1326, 0x4223, 0x0000, 0x0000, 0x0000, 0x0000, 0x0000,
        0x0000,
    ],
    [
        0x1326, 0x4223, 0x4113, 0x8157, 0x2245, 0x6201, 0x5102, 0x0000, 0x0000, 0x0000, 0x0000,
        0x0000,
    ],
    [
        0x8157, 0x2245, 0x3304, 0x1326, 0x4223, 0x6201, 0x2315, 0x0000, 0x0000, 0x0000, 0x0000,
        0x0000,
    ],
    [
        0x5102, 0x1326, 0x4223, 0x2315, 0x8157, 0x2245, 0x0000, 0x0000, 0x0000, 0x0000, 0x0000,
        0x0000,
    ],
    [
        0x3304, 0x5102, 0x4113, 0x8157, 0x2245, 0x0000, 0x0000, 0x0000, 0x0000, 0x0000, 0x0000,
        0x0000,
    ],
    [
        0x4113, 0x8157, 0x2245, 0x6201, 0x0000, 0x0000, 0x0000, 0x0000, 0x0000, 0x0000, 0x0000,
        0x0000,
    ],
    [
        0x5102, 0x6201, 0x2315, 0x8157, 0x2245, 0x3304, 0x0000, 0x0000, 0x0000, 0x0000, 0x0000,
        0x0000,
    ],
    [
        0x2315, 0x8157, 0x2245, 0x0000, 0x0000, 0x0000, 0x0000, 0x0000, 0x0000, 0x0000, 0x0000,
        0x0000,
    ],
    [
        0x1146, 0x1326, 0x8337, 0x2315, 0x2245, 0x0000, 0x0000, 0x0000, 0x0000, 0x0000, 0x0000,
        0x0000,
    ],
    [
        0x1146, 0x1326, 0x8337, 0x2315, 0x2245, 0x6201, 0x5102, 0x3304, 0x0000, 0x0000, 0x0000,
        0x0000,
    ],
    [
        0x6201, 0x2245, 0x1146, 0x1326, 0x8337, 0x4113, 0x0000, 0x0000, 0x0000, 0x0000, 0x0000,
        0x0000,
    ],
    [
        0x2245, 0x1146, 0x1326, 0x8337, 0x4113, 0x5102, 0x3304, 0x0000, 0x0000, 0x0000, 0x0000,
        0x0000,
    ],
    [
        0x5102, 0x1146, 0x2245, 0x2315, 0x8337, 0x4223, 0x0000, 0x0000, 0x0000, 0x0000, 0x0000,
        0x0000,
    ],
    [
        0x1146, 0x3304, 0x6201, 0x4223, 0x8337, 0x2315, 0x2245, 0x0000, 0x0000, 0x0000, 0x0000,
        0x0000,
    ],
    [
        0x8337, 0x4113, 0x6201, 0x2245, 0x1146, 0x5102, 0x4223, 0x0000, 0x0000, 0x0000, 0x0000,
        0x0000,
    ],
    [
        0x4223, 0x8337, 0x4113, 0x3304, 0x2245, 0x1146, 0x0000, 0x0000, 0x0000, 0x0000, 0x0000,
        0x0000,
    ],
    [
        0x4113, 0x2315, 0x2245, 0x1146, 0x1326, 0x4223, 0x0000, 0x0000, 0x0000, 0x0000, 0x0000,
        0x0000,
    ],
    [
        0x1146, 0x1326, 0x4223, 0x4113, 0x2315, 0x2245, 0x6201, 0x5102, 0x3304, 0x0000, 0x0000,
        0x0000,
    ],
    [
        0x1326, 0x4223, 0x6201, 0x2245, 0x1146, 0x0000, 0x0000, 0x0000, 0x0000, 0x0000, 0x0000,
        0x0000,
    ],
    [
        0x4223, 0x5102, 0x3304, 0x2245, 0x1146, 0x1326, 0x0000, 0x0000, 0x0000, 0x0000, 0x0000,
        0x0000,
    ],
    [
        0x2245, 0x1146, 0x5102, 0x4113, 0x2315, 0x0000, 0x0000, 0x0000, 0x0000, 0x0000, 0x0000,
        0x0000,
    ],
    [
        0x4113, 0x2315, 0x2245, 0x1146, 0x3304, 0x6201, 0x0000, 0x0000, 0x0000, 0x0000, 0x0000,
        0x0000,
    ],
    [
        0x6201, 0x2245, 0x1146, 0x5102, 0x0000, 0x0000, 0x0000, 0x0000, 0x0000, 0x0000, 0x0000,
        0x0000,
    ],
    [
        0x3304, 0x2245, 0x1146, 0x0000, 0x0000, 0x0000, 0x0000, 0x0000, 0x0000, 0x0000, 0x0000,
        0x0000,
    ],
    [
        0x3304, 0x1326, 0x8337, 0x2315, 0x0000, 0x0000, 0x0000, 0x0000, 0x0000, 0x0000, 0x0000,
        0x0000,
    ],
    [
        0x5102, 0x1326, 0x8337, 0x2315, 0x6201, 0x0000, 0x0000, 0x0000, 0x0000, 0x0000, 0x0000,
        0x0000,
    ],
    [
        0x6201, 0x3304, 0x1326, 0x8337, 0x4113, 0x0000, 0x0000, 0x0000, 0x0000, 0x0000, 0x0000,
        0x0000,
    ],
    [
        0x5102, 0x1326, 0x8337, 0x4113, 0x0000, 0x0000, 0x0000, 0x0000, 0x0000, 0x0000, 0x0000,
        0x0000,
    ],
    [
        0x4223, 0x8337, 0x2315, 0x3304, 0x5102, 0x0000, 0x0000, 0x0000, 0x0000, 0x0000, 0x0000,
        0x0000,
    ],
    [
        0x6201, 0x4223, 0x8337, 0x2315, 0x0000, 0x0000, 0x0000, 0x0000, 0x0000, 0x0000, 0x0000,
        0x0000,
    ],
    [
        0x3304, 0x5102, 0x4223, 0x8337, 0x4113, 0x6201, 0x0000, 0x0000, 0x0000, 0x0000, 0x0000,
        0x0000,
    ],
    [
        0x4113, 0x4223, 0x8337, 0x0000, 0x0000, 0x0000, 0x0000, 0x0000, 0x0000, 0x0000, 0x0000,
        0x0000,
    ],
    [
        0x4113, 0x2315, 0x3304, 0x1326, 0x4223, 0x0000, 0x0000, 0x0000, 0x0000, 0x0000, 0x0000,
        0x0000,
    ],
    [
        0x1326, 0x4223, 0x4113, 0x2315, 0x6201, 0x5102, 0x0000, 0x0000, 0x0000, 0x0000, 0x0000,
        0x0000,
    ],
    [
        0x3304, 0x1326, 0x4223, 0x6201, 0x0000, 0x0000, 0x0000, 0x0000, 0x0000, 0x0000, 0x0000,
        0x0000,
    ],
    [
        0x5102, 0x1326, 0x4223, 0x0000, 0x0000, 0x0000, 0x0000, 0x0000, 0x0000, 0x0000, 0x0000,
        0x0000,
    ],
    [
        0x5102, 0x4113, 0x2315, 0x3304, 0x0000, 0x0000, 0x0000, 0x0000, 0x0000, 0x0000, 0x0000,
        0x0000,
    ],
    [
        0x6201, 0x4113, 0x2315, 0x0000, 0x0000, 0x0000, 0x0000, 0x0000, 0x0000, 0x0000, 0x0000,
        0x0000,
    ],
    [
        0x6201, 0x3304, 0x5102, 0x0000, 0x0000, 0x0000, 0x0000, 0x0000, 0x0000, 0x0000, 0x0000,
        0x0000,
    ],
    [
        0x0000, 0x0000, 0x0000, 0x0000, 0x0000, 0x0000, 0x0000, 0x0000, 0x0000, 0x0000, 0x0000,
        0x0000,
    ],
];
pub(crate) const TRANSITION_CELL_CLASS: [u8; 512] = [
    0x00, 0x01, 0x02, 0x84, 0x01, 0x05, 0x04, 0x04, 0x02, 0x87, 0x09, 0x8c, 0x84, 0x0b, 0x05, 0x05,
    0x01, 0x08, 0x07, 0x8d, 0x05, 0x0f, 0x8b, 0x0b, 0x04, 0x0d, 0x0c, 0x1c, 0x04, 0x8b, 0x85, 0x85,
    0x02, 0x07, 0x09, 0x8c, 0x87, 0x10, 0x0c, 0x0c, 0x09, 0x12, 0x15, 0x9a, 0x8c, 0x19, 0x90, 0x10,
    0x84, 0x8d, 0x8c, 0x9c, 0x0b, 0x9d, 0x0f, 0x0f, 0x05, 0x1b, 0x10, 0xac, 0x05, 0x0f, 0x8b, 0x0b,
    0x01, 0x05, 0x87, 0x0b, 0x08, 0x0f, 0x0d, 0x8b, 0x07, 0x10, 0x12, 0x19, 0x8d, 0x9d, 0x1b, 0x0f,
    0x05, 0x0f, 0x10, 0x9d, 0x0f, 0x1e, 0x1d, 0xa1, 0x8b, 0x1d, 0x99, 0x32, 0x0b, 0xa1, 0x8f, 0x94,
    0x04, 0x8b, 0x0c, 0x0f, 0x0d, 0x1d, 0x1c, 0x8f, 0x0c, 0x99, 0x1a, 0x31, 0x1c, 0x32, 0x2c, 0xa7,
    0x04, 0x0b, 0x0c, 0x0f, 0x8b, 0xa1, 0x8f, 0x96, 0x85, 0x8f, 0x90, 0x27, 0x85, 0x94, 0x8b, 0x8a,
    0x02, 0x04, 0x09, 0x05, 0x07, 0x8b, 0x0c, 0x85, 0x09, 0x0c, 0x15, 0x90, 0x8c, 0x0f, 0x10, 0x8b,
    0x87, 0x0d, 0x12, 0x1b, 0x10, 0x1d, 0x99, 0x8f, 0x0c, 0x1c, 0x1a, 0x2c, 0x0c, 0x8f, 0x90, 0x8b,
    0x09, 0x0c, 0x15, 0x10, 0x12, 0x99, 0x1a, 0x90, 0x15, 0x1a, 0x23, 0x30, 0x9a, 0x31, 0x30, 0x19,
    0x8c, 0x1c, 0x9a, 0xac, 0x19, 0x32, 0x31, 0x27, 0x90, 0x2c, 0x30, 0x29, 0x10, 0xa7, 0x19, 0x24,
    0x84, 0x04, 0x8c, 0x05, 0x8d, 0x0b, 0x1c, 0x85, 0x8c, 0x0c, 0x9a, 0x10, 0x9c, 0x0f, 0xac, 0x0b,
    0x0b, 0x8b, 0x19, 0x0f, 0x9d, 0xa1, 0x32, 0x94, 0x0f, 0x8f, 0x31, 0xa7, 0x0f, 0x96, 0x27, 0x8a,
    0x05, 0x85, 0x90, 0x8b, 0x1b, 0x8f, 0x2c, 0x8b, 0x10, 0x90, 0x30, 0x19, 0xac, 0x27, 0x29, 0x24,
    0x05, 0x85, 0x10, 0x0b, 0x0f, 0x94, 0xa7, 0x8a, 0x8b, 0x8b, 0x19, 0x24, 0x0b, 0x8a, 0x24, 0x83,
    0x03, 0x06, 0x0a, 0x8b, 0x06, 0x0e, 0x0b, 0x0b, 0x0a, 0x91, 0x14, 0x8f, 0x8b, 0x17, 0x05, 0x85,
    0x06, 0x13, 0x11, 0x98, 0x0e, 0x1f, 0x97, 0x2b, 0x0b, 0x18, 0x0f, 0x36, 0x0b, 0xab, 0x05, 0x85,
    0x0a, 0x11, 0x16, 0x8f, 0x91, 0x20, 0x0f, 0x8f, 0x14, 0x22, 0x21, 0x1d, 0x8f, 0x2d, 0x0b, 0x8b,
    0x8b, 0x98, 0x8f, 0xb7, 0x17, 0xae, 0x8c, 0x0c, 0x05, 0x2f, 0x8b, 0xb5, 0x85, 0xa6, 0x84, 0x04,
    0x06, 0x0e, 0x91, 0x17, 0x13, 0x1f, 0x18, 0xab, 0x11, 0x20, 0x22, 0x2d, 0x98, 0xae, 0x2f, 0xa6,
    0x0e, 0x1f, 0x20, 0xae, 0x1f, 0x33, 0x2e, 0x2a, 0x97, 0x2e, 0xad, 0x28, 0x2b, 0x2a, 0x26, 0x25,
    0x0b, 0x97, 0x0f, 0x8c, 0x18, 0x2e, 0x37, 0x8c, 0x0f, 0xad, 0x9d, 0x90, 0x36, 0x28, 0x35, 0x07,
    0x0b, 0x2b, 0x8f, 0x0c, 0xab, 0x2a, 0x8c, 0x89, 0x05, 0x26, 0x0b, 0x87, 0x85, 0x25, 0x84, 0x82,
    0x0a, 0x0b, 0x14, 0x05, 0x11, 0x97, 0x0f, 0x05, 0x16, 0x0f, 0x21, 0x0b, 0x8f, 0x8c, 0x8b, 0x84,
    0x91, 0x18, 0x22, 0x2f, 0x20, 0x2e, 0xad, 0x26, 0x0f, 0x37, 0x9d, 0x35, 0x8f, 0x8c, 0x0b, 0x84,
    0x14, 0x0f, 0x21, 0x8b, 0x22, 0xad, 0x9d, 0x0b, 0x21, 0x9d, 0x9e, 0x8f, 0x1d, 0x90, 0x8f, 0x85,
    0x8f, 0x36, 0x1d, 0xb5, 0x2d, 0x28, 0x90, 0x87, 0x0b, 0x35, 0x8f, 0x34, 0x8b, 0x07, 0x85, 0x81,
    0x8b, 0x0b, 0x8f, 0x85, 0x98, 0x2b, 0x36, 0x85, 0x8f, 0x8f, 0x1d, 0x8b, 0xb7, 0x0c, 0xb5, 0x04,
    0x17, 0xab, 0x2d, 0xa6, 0xae, 0x2a, 0x28, 0x25, 0x8c, 0x8c, 0x90, 0x07, 0x0c, 0x89, 0x87, 0x82,
    0x05, 0x05, 0x0b, 0x84, 0x2f, 0x26, 0x35, 0x84, 0x8b, 0x0b, 0x8f, 0x85, 0xb5, 0x87, 0x34, 0x81,
    0x85, 0x85, 0x8b, 0x04, 0xa6, 0x25, 0x07, 0x82, 0x84, 0x84, 0x85, 0x81, 0x04, 0x82, 0x81, 0x80,
];
pub(crate) const TRANSITION_CELL_DATA: [CellData<36>; 56] = [
    CellData {
        geometry_counts: 0x00,
        vertex_index: [
            0x00, 0x00, 0x00, 0x00, 0x00, 0x00, 0x00, 0x00, 0x00, 0x00, 0x00, 0x00, 0x00, 0x00,
            0x00, 0x00, 0x00, 0x00, 0x00, 0x00, 0x00, 0x00, 0x00, 0x00, 0x00, 0x00, 0x00, 0x00,
            0x00, 0x00, 0x00, 0x00, 0x00, 0x00, 0x00, 0x00,
        ],
    },
    CellData {
        geometry_counts: 0x42,
        vertex_index: [
            0x00, 0x01, 0x03, 0x01, 0x02, 0x03, 0x00, 0x00, 0x00, 0x00, 0x00, 0x00, 0x00, 0x00,
            0x00, 0x00, 0x00, 0x00, 0x00, 0x00, 0x00, 0x00, 0x00, 0x00, 0x00, 0x00, 0x00, 0x00,
            0x00, 0x00, 0x00, 0x00, 0x00, 0x00, 0x00, 0x00,
        ],
    },
    CellData {
        geometry_counts: 0x31,
        vertex_index: [
            0x00, 0x01, 0x02, 0x00, 0x00, 0x00, 0x00, 0x00, 0x00, 0x00, 0x00, 0x00, 0x00, 0x00,
            0x00, 0x00, 0x00, 0x00, 0x00, 0x00, 0x00, 0x00, 0x00, 0x00, 0x00, 0x00, 0x00, 0x00,
            0x00, 0x00, 0x00, 0x00, 0x00, 0x00, 0x00, 0x00,
        ],
    },
    CellData {
        geometry_counts: 0x42,
        vertex_index: [
            0x00, 0x01, 0x02, 0x00, 0x02, 0x03, 0x00, 0x00, 0x00, 0x00, 0x00, 0x00, 0x00, 0x00,
            0x00, 0x00, 0x00, 0x00, 0x00, 0x00, 0x00, 0x00, 0x00, 0x00, 0x00, 0x00, 0x00, 0x00,
            0x00, 0x00, 0x00, 0x00, 0x00, 0x00, 0x00, 0x00,
        ],
    },
    CellData {
        geometry_counts: 0x53,
        vertex_index: [
            0x00, 0x01, 0x04, 0x01, 0x03, 0x04, 0x01, 0x02, 0x03, 0x00, 0x00, 0x00, 0x00, 0x00,
            0x00, 0x00, 0x00, 0x00, 0x00, 0x00, 0x00, 0x00, 0x00, 0x00, 0x00, 0x00, 0x00, 0x00,
            0x00, 0x00, 0x00, 0x00, 0x00, 0x00, 0x00, 0x00,
        ],
    },
    CellData {
        geometry_counts: 0x64,
        vertex_index: [
            0x00, 0x01, 0x05, 0x01, 0x02, 0x05, 0x02, 0x04, 0x05, 0x02, 0x03, 0x04, 0x00, 0x00,
            0x00, 0x00, 0x00, 0x00, 0x00, 0x00, 0x00, 0x00, 0x00, 0x00, 0x00, 0x00, 0x00, 0x00,
            0x00, 0x00, 0x00, 0x00, 0x00, 0x00, 0x00, 0x00,
        ],
    },
    CellData {
        geometry_counts: 0x84,
        vertex_index: [
            0x00, 0x01, 0x03, 0x01, 0x02, 0x03, 0x04, 0x05, 0x06, 0x04, 0x06, 0x07, 0x00, 0x00,
            0x00, 0x00, 0x00, 0x00, 0x00, 0x00, 0x00, 0x00, 0x00, 0x00, 0x00, 0x00, 0x00, 0x00,
            0x00, 0x00, 0x00, 0x00, 0x00, 0x00, 0x00, 0x00,
        ],
    },
    CellData {
        geometry_counts: 0x73,
        vertex_index: [
            0x00, 0x01, 0x03, 0x01, 0x02, 0x03, 0x04, 0x05, 0x06, 0x00, 0x00, 0x00, 0x00, 0x00,
            0x00, 0x00, 0x00, 0x00, 0x00, 0x00, 0x00, 0x00, 0x00, 0x00, 0x00, 0x00, 0x00, 0x00,
            0x00, 0x00, 0x00, 0x00, 0x00, 0x00, 0x00, 0x00,
        ],
    },
    CellData {
        geometry_counts: 0x84,
        vertex_index: [
            0x00, 0x01, 0x03, 0x01, 0x02, 0x03, 0x04, 0x05, 0x07, 0x05, 0x06, 0x07, 0x00, 0x00,
            0x00, 0x00, 0x00, 0x00, 0x00, 0x00, 0x00, 0x00, 0x00, 0x00, 0x00, 0x00, 0x00, 0x00,
            0x00, 0x00, 0x00, 0x00, 0x00, 0x00, 0x00, 0x00,
        ],
    },
    CellData {
        geometry_counts: 0x62,
        vertex_index: [
            0x00, 0x01, 0x02, 0x03, 0x04, 0x05, 0x00, 0x00, 0x00, 0x00, 0x00, 0x00, 0x00, 0x00,
            0x00, 0x00, 0x00, 0x00, 0x00, 0x00, 0x00, 0x00, 0x00, 0x00, 0x00, 0x00, 0x00, 0x00,
            0x00, 0x00, 0x00, 0x00, 0x00, 0x00, 0x00, 0x00,
        ],
    },
    CellData {
        geometry_counts: 0x53,
        vertex_index: [
            0x00, 0x01, 0x03, 0x00, 0x03, 0x04, 0x01, 0x02, 0x03, 0x00, 0x00, 0x00, 0x00, 0x00,
            0x00, 0x00, 0x00, 0x00, 0x00, 0x00, 0x00, 0x00, 0x00, 0x00, 0x00, 0x00, 0x00, 0x00,
            0x00, 0x00, 0x00, 0x00, 0x00, 0x00, 0x00, 0x00,
        ],
    },
    CellData {
        geometry_counts: 0x75,
        vertex_index: [
            0x00, 0x01, 0x06, 0x01, 0x02, 0x06, 0x02, 0x05, 0x06, 0x02, 0x03, 0x05, 0x03, 0x04,
            0x05, 0x00, 0x00, 0x00, 0x00, 0x00, 0x00, 0x00, 0x00, 0x00, 0x00, 0x00, 0x00, 0x00,
            0x00, 0x00, 0x00, 0x00, 0x00, 0x00, 0x00, 0x00,
        ],
    },
    CellData {
        geometry_counts: 0x84,
        vertex_index: [
            0x00, 0x01, 0x04, 0x01, 0x03, 0x04, 0x01, 0x02, 0x03, 0x05, 0x06, 0x07, 0x00, 0x00,
            0x00, 0x00, 0x00, 0x00, 0x00, 0x00, 0x00, 0x00, 0x00, 0x00, 0x00, 0x00, 0x00, 0x00,
            0x00, 0x00, 0x00, 0x00, 0x00, 0x00, 0x00, 0x00,
        ],
    },
    CellData {
        geometry_counts: 0x95,
        vertex_index: [
            0x00, 0x01, 0x04, 0x01, 0x03, 0x04, 0x01, 0x02, 0x03, 0x05, 0x06, 0x08, 0x06, 0x07,
            0x08, 0x00, 0x00, 0x00, 0x00, 0x00, 0x00, 0x00, 0x00, 0x00, 0x00, 0x00, 0x00, 0x00,
            0x00, 0x00, 0x00, 0x00, 0x00, 0x00, 0x00, 0x00,
        ],
    },
    CellData {
        geometry_counts: 0xa6,
        vertex_index: [
            0x00, 0x01, 0x05, 0x01, 0x02, 0x05, 0x02, 0x04, 0x05, 0x02, 0x03, 0x04, 0x06, 0x07,
            0x08, 0x06, 0x08, 0x09, 0x00, 0x00, 0x00, 0x00, 0x00, 0x00, 0x00, 0x00, 0x00, 0x00,
            0x00, 0x00, 0x00, 0x00, 0x00, 0x00, 0x00, 0x00,
        ],
    },
    CellData {
        geometry_counts: 0x86,
        vertex_index: [
            0x00, 0x01, 0x07, 0x01, 0x02, 0x07, 0x02, 0x03, 0x07, 0x03, 0x06, 0x07, 0x03, 0x04,
            0x06, 0x04, 0x05, 0x06, 0x00, 0x00, 0x00, 0x00, 0x00, 0x00, 0x00, 0x00, 0x00, 0x00,
            0x00, 0x00, 0x00, 0x00, 0x00, 0x00, 0x00, 0x00,
        ],
    },
    CellData {
        geometry_counts: 0x95,
        vertex_index: [
            0x00, 0x01, 0x05, 0x01, 0x02, 0x05, 0x02, 0x04, 0x05, 0x02, 0x03, 0x04, 0x06, 0x07,
            0x08, 0x00, 0x00, 0x00, 0x00, 0x00, 0x00, 0x00, 0x00, 0x00, 0x00, 0x00, 0x00, 0x00,
            0x00, 0x00, 0x00, 0x00, 0x00, 0x00, 0x00, 0x00,
        ],
    },
    CellData {
        geometry_counts: 0x95,
        vertex_index: [
            0x00, 0x01, 0x03, 0x01, 0x02, 0x03, 0x04, 0x05, 0x07, 0x04, 0x07, 0x08, 0x05, 0x06,
            0x07, 0x00, 0x00, 0x00, 0x00, 0x00, 0x00, 0x00, 0x00, 0x00, 0x00, 0x00, 0x00, 0x00,
            0x00, 0x00, 0x00, 0x00, 0x00, 0x00, 0x00, 0x00,
        ],
    },
    CellData {
        geometry_counts: 0xa4,
        vertex_index: [
            0x00, 0x01, 0x03, 0x01, 0x02, 0x03, 0x04, 0x05, 0x06, 0x07, 0x08, 0x09, 0x00, 0x00,
            0x00, 0x00, 0x00, 0x00, 0x00, 0x00, 0x00, 0x00, 0x00, 0x00, 0x00, 0x00, 0x00, 0x00,
            0x00, 0x00, 0x00, 0x00, 0x00, 0x00, 0x00, 0x00,
        ],
    },
    CellData {
        geometry_counts: 0xc6,
        vertex_index: [
            0x00, 0x01, 0x03, 0x01, 0x02, 0x03, 0x04, 0x05, 0x07, 0x05, 0x06, 0x07, 0x08, 0x09,
            0x0a, 0x08, 0x0a, 0x0b, 0x00, 0x00, 0x00, 0x00, 0x00, 0x00, 0x00, 0x00, 0x00, 0x00,
            0x00, 0x00, 0x00, 0x00, 0x00, 0x00, 0x00, 0x00,
        ],
    },
    CellData {
        geometry_counts: 0x64,
        vertex_index: [
            0x00, 0x01, 0x03, 0x01, 0x02, 0x03, 0x00, 0x03, 0x04, 0x00, 0x04, 0x05, 0x00, 0x00,
            0x00, 0x00, 0x00, 0x00, 0x00, 0x00, 0x00, 0x00, 0x00, 0x00, 0x00, 0x00, 0x00, 0x00,
            0x00, 0x00, 0x00, 0x00, 0x00, 0x00, 0x00, 0x00,
        ],
    },
    CellData {
        geometry_counts: 0x93,
        vertex_index: [
            0x00, 0x01, 0x02, 0x03, 0x04, 0x05, 0x06, 0x07, 0x08, 0x00, 0x00, 0x00, 0x00, 0x00,
            0x00, 0x00, 0x00, 0x00, 0x00, 0x00, 0x00, 0x00, 0x00, 0x00, 0x00, 0x00, 0x00, 0x00,
            0x00, 0x00, 0x00, 0x00, 0x00, 0x00, 0x00, 0x00,
        ],
    },
    CellData {
        geometry_counts: 0x64,
        vertex_index: [
            0x00, 0x01, 0x04, 0x00, 0x04, 0x05, 0x01, 0x03, 0x04, 0x01, 0x02, 0x03, 0x00, 0x00,
            0x00, 0x00, 0x00, 0x00, 0x00, 0x00, 0x00, 0x00, 0x00, 0x00, 0x00, 0x00, 0x00, 0x00,
            0x00, 0x00, 0x00, 0x00, 0x00, 0x00, 0x00, 0x00,
        ],
    },
    CellData {
        geometry_counts: 0x97,
        vertex_index: [
            0x00, 0x01, 0x08, 0x01, 0x07, 0x08, 0x01, 0x02, 0x07, 0x02, 0x03, 0x07, 0x03, 0x04,
            0x07, 0x04, 0x05, 0x07, 0x05, 0x06, 0x07, 0x00, 0x00, 0x00, 0x00, 0x00, 0x00, 0x00,
            0x00, 0x00, 0x00, 0x00, 0x00, 0x00, 0x00, 0x00,
        ],
    },
    CellData {
        geometry_counts: 0xb7,
        vertex_index: [
            0x00, 0x01, 0x06, 0x01, 0x02, 0x06, 0x02, 0x05, 0x06, 0x02, 0x03, 0x05, 0x03, 0x04,
            0x05, 0x07, 0x08, 0x0a, 0x08, 0x09, 0x0a, 0x00, 0x00, 0x00, 0x00, 0x00, 0x00, 0x00,
            0x00, 0x00, 0x00, 0x00, 0x00, 0x00, 0x00, 0x00,
        ],
    },
    CellData {
        geometry_counts: 0xa6,
        vertex_index: [
            0x00, 0x01, 0x06, 0x01, 0x02, 0x06, 0x02, 0x05, 0x06, 0x02, 0x03, 0x05, 0x03, 0x04,
            0x05, 0x07, 0x08, 0x09, 0x00, 0x00, 0x00, 0x00, 0x00, 0x00, 0x00, 0x00, 0x00, 0x00,
            0x00, 0x00, 0x00, 0x00, 0x00, 0x00, 0x00, 0x00,
        ],
    },
    CellData {
        geometry_counts: 0xb5,
        vertex_index: [
            0x00, 0x01, 0x04, 0x01, 0x03, 0x04, 0x01, 0x02, 0x03, 0x05, 0x06, 0x07, 0x08, 0x09,
            0x0a, 0x00, 0x00, 0x00, 0x00, 0x00, 0x00, 0x00, 0x00, 0x00, 0x00, 0x00, 0x00, 0x00,
            0x00, 0x00, 0x00, 0x00, 0x00, 0x00, 0x00, 0x00,
        ],
    },
    CellData {
        geometry_counts: 0xa6,
        vertex_index: [
            0x00, 0x01, 0x05, 0x01, 0x02, 0x05, 0x02, 0x04, 0x05, 0x02, 0x03, 0x04, 0x06, 0x07,
            0x09, 0x07, 0x08, 0x09, 0x00, 0x00, 0x00, 0x00, 0x00, 0x00, 0x00, 0x00, 0x00, 0x00,
            0x00, 0x00, 0x00, 0x00, 0x00, 0x00, 0x00, 0x00,
        ],
    },
    CellData {
        geometry_counts: 0xa6,
        vertex_index: [
            0x00, 0x01, 0x04, 0x01, 0x03, 0x04, 0x01, 0x02, 0x03, 0x05, 0x06, 0x09, 0x06, 0x08,
            0x09, 0x06, 0x07, 0x08, 0x00, 0x00, 0x00, 0x00, 0x00, 0x00, 0x00, 0x00, 0x00, 0x00,
            0x00, 0x00, 0x00, 0x00, 0x00, 0x00, 0x00, 0x00,
        ],
    },
    CellData {
        geometry_counts: 0x97,
        vertex_index: [
            0x00, 0x01, 0x08, 0x01, 0x02, 0x08, 0x02, 0x03, 0x08, 0x03, 0x07, 0x08, 0x03, 0x04,
            0x07, 0x04, 0x05, 0x07, 0x05, 0x06, 0x07, 0x00, 0x00, 0x00, 0x00, 0x00, 0x00, 0x00,
            0x00, 0x00, 0x00, 0x00, 0x00, 0x00, 0x00, 0x00,
        ],
    },
    CellData {
        geometry_counts: 0x86,
        vertex_index: [
            0x00, 0x01, 0x07, 0x01, 0x06, 0x07, 0x01, 0x02, 0x06, 0x02, 0x05, 0x06, 0x02, 0x04,
            0x05, 0x02, 0x03, 0x04, 0x00, 0x00, 0x00, 0x00, 0x00, 0x00, 0x00, 0x00, 0x00, 0x00,
            0x00, 0x00, 0x00, 0x00, 0x00, 0x00, 0x00, 0x00,
        ],
    },
    CellData {
        geometry_counts: 0xc8,
        vertex_index: [
            0x00, 0x01, 0x07, 0x01, 0x02, 0x07, 0x02, 0x03, 0x07, 0x03, 0x06, 0x07, 0x03, 0x04,
            0x06, 0x04, 0x05, 0x06, 0x08, 0x09, 0x0a, 0x08, 0x0a, 0x0b, 0x00, 0x00, 0x00, 0x00,
            0x00, 0x00, 0x00, 0x00, 0x00, 0x00, 0x00, 0x00,
        ],
    },
    CellData {
        geometry_counts: 0xb7,
        vertex_index: [
            0x00, 0x01, 0x05, 0x01, 0x02, 0x05, 0x02, 0x04, 0x05, 0x02, 0x03, 0x04, 0x06, 0x09,
            0x0a, 0x06, 0x07, 0x09, 0x07, 0x08, 0x09, 0x00, 0x00, 0x00, 0x00, 0x00, 0x00, 0x00,
            0x00, 0x00, 0x00, 0x00, 0x00, 0x00, 0x00, 0x00,
        ],
    },
    CellData {
        geometry_counts: 0x75,
        vertex_index: [
            0x00, 0x01, 0x06, 0x01, 0x03, 0x06, 0x01, 0x02, 0x03, 0x03, 0x04, 0x06, 0x04, 0x05,
            0x06, 0x00, 0x00, 0x00, 0x00, 0x00, 0x00, 0x00, 0x00, 0x00, 0x00, 0x00, 0x00, 0x00,
            0x00, 0x00, 0x00, 0x00, 0x00, 0x00, 0x00, 0x00,
        ],
    },
    CellData {
        geometry_counts: 0xa6,
        vertex_index: [
            0x00, 0x01, 0x03, 0x01, 0x02, 0x03, 0x04, 0x05, 0x09, 0x05, 0x08, 0x09, 0x05, 0x06,
            0x08, 0x06, 0x07, 0x08, 0x00, 0x00, 0x00, 0x00, 0x00, 0x00, 0x00, 0x00, 0x00, 0x00,
            0x00, 0x00, 0x00, 0x00, 0x00, 0x00, 0x00, 0x00,
        ],
    },
    CellData {
        geometry_counts: 0xc4,
        vertex_index: [
            0x00, 0x01, 0x02, 0x03, 0x04, 0x05, 0x06, 0x07, 0x08, 0x09, 0x0a, 0x0b, 0x00, 0x00,
            0x00, 0x00, 0x00, 0x00, 0x00, 0x00, 0x00, 0x00, 0x00, 0x00, 0x00, 0x00, 0x00, 0x00,
            0x00, 0x00, 0x00, 0x00, 0x00, 0x00, 0x00, 0x00,
        ],
    },
    CellData {
        geometry_counts: 0x86,
        vertex_index: [
            0x01, 0x02, 0x04, 0x02, 0x03, 0x04, 0x00, 0x01, 0x07, 0x01, 0x04, 0x07, 0x04, 0x06,
            0x07, 0x04, 0x05, 0x06, 0x00, 0x00, 0x00, 0x00, 0x00, 0x00, 0x00, 0x00, 0x00, 0x00,
            0x00, 0x00, 0x00, 0x00, 0x00, 0x00, 0x00, 0x00,
        ],
    },
    CellData {
        geometry_counts: 0x64,
        vertex_index: [
            0x00, 0x04, 0x05, 0x00, 0x01, 0x04, 0x01, 0x03, 0x04, 0x01, 0x02, 0x03, 0x00, 0x00,
            0x00, 0x00, 0x00, 0x00, 0x00, 0x00, 0x00, 0x00, 0x00, 0x00, 0x00, 0x00, 0x00, 0x00,
            0x00, 0x00, 0x00, 0x00, 0x00, 0x00, 0x00, 0x00,
        ],
    },
    CellData {
        geometry_counts: 0x86,
        vertex_index: [
            0x00, 0x01, 0x04, 0x01, 0x03, 0x04, 0x01, 0x02, 0x03, 0x00, 0x04, 0x07, 0x04, 0x06,
            0x07, 0x04, 0x05, 0x06, 0x00, 0x00, 0x00, 0x00, 0x00, 0x00, 0x00, 0x00, 0x00, 0x00,
            0x00, 0x00, 0x00, 0x00, 0x00, 0x00, 0x00, 0x00,
        ],
    },
    CellData {
        geometry_counts: 0x97,
        vertex_index: [
            0x01, 0x02, 0x03, 0x01, 0x03, 0x04, 0x01, 0x04, 0x05, 0x00, 0x01, 0x08, 0x01, 0x05,
            0x08, 0x05, 0x07, 0x08, 0x05, 0x06, 0x07, 0x00, 0x00, 0x00, 0x00, 0x00, 0x00, 0x00,
            0x00, 0x00, 0x00, 0x00, 0x00, 0x00, 0x00, 0x00,
        ],
    },
    CellData {
        geometry_counts: 0xa6,
        vertex_index: [
            0x00, 0x01, 0x03, 0x01, 0x02, 0x03, 0x04, 0x05, 0x09, 0x05, 0x08, 0x09, 0x05, 0x06,
            0x08, 0x06, 0x07, 0x08, 0x00, 0x00, 0x00, 0x00, 0x00, 0x00, 0x00, 0x00, 0x00, 0x00,
            0x00, 0x00, 0x00, 0x00, 0x00, 0x00, 0x00, 0x00,
        ],
    },
    CellData {
        geometry_counts: 0xc8,
        vertex_index: [
            0x00, 0x01, 0x05, 0x01, 0x02, 0x05, 0x02, 0x04, 0x05, 0x02, 0x03, 0x04, 0x06, 0x07,
            0x0b, 0x07, 0x0a, 0x0b, 0x07, 0x08, 0x0a, 0x08, 0x09, 0x0a, 0x00, 0x00, 0x00, 0x00,
            0x00, 0x00, 0x00, 0x00, 0x00, 0x00, 0x00, 0x00,
        ],
    },
    CellData {
        geometry_counts: 0x97,
        vertex_index: [
            0x00, 0x01, 0x08, 0x01, 0x02, 0x08, 0x02, 0x07, 0x08, 0x02, 0x03, 0x07, 0x03, 0x06,
            0x07, 0x03, 0x04, 0x06, 0x04, 0x05, 0x06, 0x00, 0x00, 0x00, 0x00, 0x00, 0x00, 0x00,
            0x00, 0x00, 0x00, 0x00, 0x00, 0x00, 0x00, 0x00,
        ],
    },
    CellData {
        geometry_counts: 0x97,
        vertex_index: [
            0x00, 0x01, 0x04, 0x01, 0x03, 0x04, 0x01, 0x02, 0x03, 0x00, 0x04, 0x08, 0x04, 0x07,
            0x08, 0x04, 0x05, 0x07, 0x05, 0x06, 0x07, 0x00, 0x00, 0x00, 0x00, 0x00, 0x00, 0x00,
            0x00, 0x00, 0x00, 0x00, 0x00, 0x00, 0x00, 0x00,
        ],
    },
    CellData {
        geometry_counts: 0xb7,
        vertex_index: [
            0x00, 0x01, 0x05, 0x01, 0x02, 0x05, 0x02, 0x04, 0x05, 0x02, 0x03, 0x04, 0x06, 0x07,
            0x0a, 0x07, 0x09, 0x0a, 0x07, 0x08, 0x09, 0x00, 0x00, 0x00, 0x00, 0x00, 0x00, 0x00,
            0x00, 0x00, 0x00, 0x00, 0x00, 0x00, 0x00, 0x00,
        ],
    },
    CellData {
        geometry_counts: 0xa8,
        vertex_index: [
            0x00, 0x01, 0x09, 0x01, 0x02, 0x09, 0x02, 0x08, 0x09, 0x02, 0x03, 0x08, 0x03, 0x07,
            0x08, 0x03, 0x04, 0x07, 0x04, 0x06, 0x07, 0x04, 0x05, 0x06, 0x00, 0x00, 0x00, 0x00,
            0x00, 0x00, 0x00, 0x00, 0x00, 0x00, 0x00, 0x00,
        ],
    },
    CellData {
        geometry_counts: 0xb9,
        vertex_index: [
            0x00, 0x01, 0x07, 0x01, 0x06, 0x07, 0x01, 0x02, 0x06, 0x02, 0x05, 0x06, 0x02, 0x03,
            0x05, 0x03, 0x04, 0x05, 0x00, 0x07, 0x0a, 0x07, 0x09, 0x0a, 0x07, 0x08, 0x09, 0x00,
            0x00, 0x00, 0x00, 0x00, 0x00, 0x00, 0x00, 0x00,
        ],
    },
    CellData {
        geometry_counts: 0xa6,
        vertex_index: [
            0x00, 0x01, 0x05, 0x01, 0x04, 0x05, 0x01, 0x02, 0x04, 0x02, 0x03, 0x04, 0x06, 0x07,
            0x09, 0x07, 0x08, 0x09, 0x00, 0x00, 0x00, 0x00, 0x00, 0x00, 0x00, 0x00, 0x00, 0x00,
            0x00, 0x00, 0x00, 0x00, 0x00, 0x00, 0x00, 0x00,
        ],
    },
    CellData {
        geometry_counts: 0xc6,
        vertex_index: [
            0x00, 0x01, 0x05, 0x01, 0x02, 0x05, 0x02, 0x04, 0x05, 0x02, 0x03, 0x04, 0x06, 0x07,
            0x08, 0x09, 0x0a, 0x0b, 0x00, 0x00, 0x00, 0x00, 0x00, 0x00, 0x00, 0x00, 0x00, 0x00,
            0x00, 0x00, 0x00, 0x00, 0x00, 0x00, 0x00, 0x00,
        ],
    },
    CellData {
        geometry_counts: 0xb7,
        vertex_index: [
            0x00, 0x01, 0x07, 0x01, 0x02, 0x07, 0x02, 0x03, 0x07, 0x03, 0x06, 0x07, 0x03, 0x04,
            0x06, 0x04, 0x05, 0x06, 0x08, 0x09, 0x0a, 0x00, 0x00, 0x00, 0x00, 0x00, 0x00, 0x00,
            0x00, 0x00, 0x00, 0x00, 0x00, 0x00, 0x00, 0x00,
        ],
    },
    CellData {
        geometry_counts: 0xa8,
        vertex_index: [
            0x01, 0x02, 0x03, 0x01, 0x03, 0x04, 0x01, 0x04, 0x06, 0x04, 0x05, 0x06, 0x00, 0x01,
            0x09, 0x01, 0x06, 0x09, 0x06, 0x08, 0x09, 0x06, 0x07, 0x08, 0x00, 0x00, 0x00, 0x00,
            0x00, 0x00, 0x00, 0x00, 0x00, 0x00, 0x00, 0x00,
        ],
    },
    CellData {
        geometry_counts: 0xcc,
        vertex_index: [
            0x00, 0x01, 0x09, 0x01, 0x08, 0x09, 0x01, 0x02, 0x08, 0x02, 0x0b, 0x08, 0x02, 0x03,
            0x0b, 0x03, 0x04, 0x0b, 0x04, 0x05, 0x0b, 0x05, 0x0a, 0x0b, 0x05, 0x06, 0x0a, 0x06,
            0x09, 0x0a, 0x06, 0x07, 0x09, 0x07, 0x00, 0x09,
        ],
    },
    CellData {
        geometry_counts: 0x86,
        vertex_index: [
            0x00, 0x01, 0x02, 0x00, 0x02, 0x03, 0x00, 0x06, 0x07, 0x00, 0x03, 0x06, 0x01, 0x04,
            0x05, 0x01, 0x05, 0x02, 0x00, 0x00, 0x00, 0x00, 0x00, 0x00, 0x00, 0x00, 0x00, 0x00,
            0x00, 0x00, 0x00, 0x00, 0x00, 0x00, 0x00, 0x00,
        ],
    },
    CellData {
        geometry_counts: 0x97,
        vertex_index: [
            0x00, 0x01, 0x04, 0x01, 0x03, 0x04, 0x01, 0x02, 0x03, 0x02, 0x05, 0x06, 0x02, 0x06,
            0x03, 0x00, 0x07, 0x08, 0x00, 0x04, 0x07, 0x00, 0x00, 0x00, 0x00, 0x00, 0x00, 0x00,
            0x00, 0x00, 0x00, 0x00, 0x00, 0x00, 0x00, 0x00,
        ],
    },
    CellData {
        geometry_counts: 0xa8,
        vertex_index: [
            0x00, 0x01, 0x05, 0x01, 0x04, 0x05, 0x01, 0x02, 0x04, 0x02, 0x03, 0x04, 0x03, 0x06,
            0x07, 0x03, 0x07, 0x04, 0x00, 0x08, 0x09, 0x00, 0x05, 0x08, 0x00, 0x00, 0x00, 0x00,
            0x00, 0x00, 0x00, 0x00, 0x00, 0x00, 0x00, 0x00,
        ],
    },
    CellData {
        geometry_counts: 0xa8,
        vertex_index: [
            0x00, 0x01, 0x05, 0x01, 0x04, 0x05, 0x01, 0x02, 0x04, 0x02, 0x03, 0x04, 0x02, 0x06,
            0x03, 0x03, 0x06, 0x07, 0x00, 0x08, 0x09, 0x00, 0x05, 0x08, 0x00, 0x00, 0x00, 0x00,
            0x00, 0x00, 0x00, 0x00, 0x00, 0x00, 0x00, 0x00,
        ],
    },
];
pub(crate) const TRANSITION_CORNER_DATA: [u8; 13] = [
    0x30, 0x21, 0x20, 0x12, 0x40, 0x82, 0x10, 0x81, 0x80, 0x37, 0x27, 0x17, 0x87,
];
pub(crate) const TRANSITION_VERTEX_DATA: [[u16; 12]; 512] = [
    [
        0x0000, 0x0000, 0x0000, 0x0000, 0x0000, 0x0000, 0x0000, 0x0000, 0x0000, 0x0000, 0x0000,
        0x0000,
    ],
    [
        0x2301, 0x1503, 0x199b, 0x289a, 0x0000, 0x0000, 0x0000, 0x0000, 0x0000, 0x0000, 0x0000,
        0x0000,
    ],
    [
        0x2301, 0x2412, 0x4514, 0x0000, 0x0000, 0x0000, 0x0000, 0x0000, 0x0000, 0x0000, 0x0000,
        0x0000,
    ],
    [
        0x1503, 0x4514, 0x2412, 0x289a, 0x199b, 0x0000, 0x0000, 0x0000, 0x0000, 0x0000, 0x0000,
        0x0000,
    ],
    [
        0x8525, 0x2412, 0x289a, 0x89ac, 0x0000, 0x0000, 0x0000, 0x0000, 0x0000, 0x0000, 0x0000,
        0x0000,
    ],
    [
        0x8525, 0x2412, 0x2301, 0x1503, 0x199b, 0x89ac, 0x0000, 0x0000, 0x0000, 0x0000, 0x0000,
        0x0000,
    ],
    [
        0x8525, 0x4514, 0x2301, 0x289a, 0x89ac, 0x0000, 0x0000, 0x0000, 0x0000, 0x0000, 0x0000,
        0x0000,
    ],
    [
        0x8525, 0x4514, 0x1503, 0x199b, 0x89ac, 0x0000, 0x0000, 0x0000, 0x0000, 0x0000, 0x0000,
        0x0000,
    ],
    [
        0x8525, 0x8658, 0x4445, 0x0000, 0x0000, 0x0000, 0x0000, 0x0000, 0x0000, 0x0000, 0x0000,
        0x0000,
    ],
    [
        0x1503, 0x2301, 0x289a, 0x199b, 0x8658, 0x8525, 0x4445, 0x0000, 0x0000, 0x0000, 0x0000,
        0x0000,
    ],
    [
        0x8525, 0x8658, 0x4445, 0x2301, 0x2412, 0x4514, 0x0000, 0x0000, 0x0000, 0x0000, 0x0000,
        0x0000,
    ],
    [
        0x1503, 0x4514, 0x2412, 0x289a, 0x199b, 0x8658, 0x8525, 0x4445, 0x0000, 0x0000, 0x0000,
        0x0000,
    ],
    [
        0x2412, 0x4445, 0x8658, 0x89ac, 0x289a, 0x0000, 0x0000, 0x0000, 0x0000, 0x0000, 0x0000,
        0x0000,
    ],
    [
        0x8658, 0x4445, 0x2412, 0x2301, 0x1503, 0x199b, 0x89ac, 0x0000, 0x0000, 0x0000, 0x0000,
        0x0000,
    ],
    [
        0x8658, 0x4445, 0x4514, 0x2301, 0x289a, 0x89ac, 0x0000, 0x0000, 0x0000, 0x0000, 0x0000,
        0x0000,
    ],
    [
        0x8658, 0x4445, 0x4514, 0x1503, 0x199b, 0x89ac, 0x0000, 0x0000, 0x0000, 0x0000, 0x0000,
        0x0000,
    ],
    [
        0x8478, 0x8658, 0x89ac, 0x88bc, 0x0000, 0x0000, 0x0000, 0x0000, 0x0000, 0x0000, 0x0000,
        0x0000,
    ],
    [
        0x2301, 0x1503, 0x199b, 0x289a, 0x8478, 0x8658, 0x89ac, 0x88bc, 0x0000, 0x0000, 0x0000,
        0x0000,
    ],
    [
        0x8478, 0x8658, 0x89ac, 0x88bc, 0x2301, 0x2412, 0x4514, 0x0000, 0x0000, 0x0000, 0x0000,
        0x0000,
    ],
    [
        0x1503, 0x4514, 0x2412, 0x289a, 0x199b, 0x8658, 0x8478, 0x88bc, 0x89ac, 0x0000, 0x0000,
        0x0000,
    ],
    [
        0x8478, 0x8658, 0x8525, 0x2412, 0x289a, 0x88bc, 0x0000, 0x0000, 0x0000, 0x0000, 0x0000,
        0x0000,
    ],
    [
        0x8478, 0x8658, 0x8525, 0x2412, 0x2301, 0x1503, 0x199b, 0x88bc, 0x0000, 0x0000, 0x0000,
        0x0000,
    ],
    [
        0x2301, 0x4514, 0x8525, 0x8658, 0x8478, 0x88bc, 0x289a, 0x0000, 0x0000, 0x0000, 0x0000,
        0x0000,
    ],
    [
        0x8478, 0x8658, 0x8525, 0x4514, 0x1503, 0x199b, 0x88bc, 0x0000, 0x0000, 0x0000, 0x0000,
        0x0000,
    ],
    [
        0x8478, 0x4445, 0x8525, 0x89ac, 0x88bc, 0x0000, 0x0000, 0x0000, 0x0000, 0x0000, 0x0000,
        0x0000,
    ],
    [
        0x8478, 0x4445, 0x8525, 0x89ac, 0x88bc, 0x2301, 0x1503, 0x199b, 0x289a, 0x0000, 0x0000,
        0x0000,
    ],
    [
        0x8478, 0x4445, 0x8525, 0x89ac, 0x88bc, 0x2301, 0x2412, 0x4514, 0x0000, 0x0000, 0x0000,
        0x0000,
    ],
    [
        0x8478, 0x4445, 0x8525, 0x89ac, 0x88bc, 0x2412, 0x4514, 0x1503, 0x199b, 0x289a, 0x0000,
        0x0000,
    ],
    [
        0x8478, 0x4445, 0x2412, 0x289a, 0x88bc, 0x0000, 0x0000, 0x0000, 0x0000, 0x0000, 0x0000,
        0x0000,
    ],
    [
        0x1503, 0x2301, 0x2412, 0x4445, 0x8478, 0x88bc, 0x199b, 0x0000, 0x0000, 0x0000, 0x0000,
        0x0000,
    ],
    [
        0x2301, 0x4514, 0x4445, 0x8478, 0x88bc, 0x289a, 0x0000, 0x0000, 0x0000, 0x0000, 0x0000,
        0x0000,
    ],
    [
        0x1503, 0x4514, 0x4445, 0x8478, 0x88bc, 0x199b, 0x0000, 0x0000, 0x0000, 0x0000, 0x0000,
        0x0000,
    ],
    [
        0x8478, 0x8367, 0x4647, 0x0000, 0x0000, 0x0000, 0x0000, 0x0000, 0x0000, 0x0000, 0x0000,
        0x0000,
    ],
    [
        0x2301, 0x1503, 0x199b, 0x289a, 0x8478, 0x8367, 0x4647, 0x0000, 0x0000, 0x0000, 0x0000,
        0x0000,
    ],
    [
        0x2301, 0x2412, 0x4514, 0x8478, 0x8367, 0x4647, 0x0000, 0x0000, 0x0000, 0x0000, 0x0000,
        0x0000,
    ],
    [
        0x1503, 0x4514, 0x2412, 0x289a, 0x199b, 0x8367, 0x8478, 0x4647, 0x0000, 0x0000, 0x0000,
        0x0000,
    ],
    [
        0x2412, 0x8525, 0x89ac, 0x289a, 0x8367, 0x8478, 0x4647, 0x0000, 0x0000, 0x0000, 0x0000,
        0x0000,
    ],
    [
        0x8525, 0x2412, 0x2301, 0x1503, 0x199b, 0x89ac, 0x8478, 0x8367, 0x4647, 0x0000, 0x0000,
        0x0000,
    ],
    [
        0x8525, 0x4514, 0x2301, 0x289a, 0x89ac, 0x8478, 0x8367, 0x4647, 0x0000, 0x0000, 0x0000,
        0x0000,
    ],
    [
        0x8525, 0x4514, 0x1503, 0x199b, 0x89ac, 0x8478, 0x8367, 0x4647, 0x0000, 0x0000, 0x0000,
        0x0000,
    ],
    [
        0x8478, 0x8367, 0x4647, 0x8525, 0x8658, 0x4445, 0x0000, 0x0000, 0x0000, 0x0000, 0x0000,
        0x0000,
    ],
    [
        0x2301, 0x1503, 0x199b, 0x289a, 0x8478, 0x8367, 0x4647, 0x8525, 0x8658, 0x4445, 0x0000,
        0x0000,
    ],
    [
        0x8478, 0x8367, 0x4647, 0x8525, 0x8658, 0x4445, 0x2301, 0x2412, 0x4514, 0x0000, 0x0000,
        0x0000,
    ],
    [
        0x1503, 0x4514, 0x2412, 0x289a, 0x199b, 0x8658, 0x8525, 0x4445, 0x8367, 0x8478, 0x4647,
        0x0000,
    ],
    [
        0x2412, 0x4445, 0x8658, 0x89ac, 0x289a, 0x8367, 0x8478, 0x4647, 0x0000, 0x0000, 0x0000,
        0x0000,
    ],
    [
        0x8658, 0x4445, 0x2412, 0x2301, 0x1503, 0x199b, 0x89ac, 0x8478, 0x8367, 0x4647, 0x0000,
        0x0000,
    ],
    [
        0x2301, 0x4514, 0x4445, 0x8658, 0x89ac, 0x289a, 0x8367, 0x8478, 0x4647, 0x0000, 0x0000,
        0x0000,
    ],
    [
        0x8658, 0x4445, 0x4514, 0x1503, 0x199b, 0x89ac, 0x8478, 0x8367, 0x4647, 0x0000, 0x0000,
        0x0000,
    ],
    [
        0x8658, 0x4647, 0x8367, 0x88bc, 0x89ac, 0x0000, 0x0000, 0x0000, 0x0000, 0x0000, 0x0000,
        0x0000,
    ],
    [
        0x8658, 0x4647, 0x8367, 0x88bc, 0x89ac, 0x1503, 0x2301, 0x289a, 0x199b, 0x0000, 0x0000,
        0x0000,
    ],
    [
        0x8658, 0x4647, 0x8367, 0x88bc, 0x89ac, 0x2412, 0x2301, 0x4514, 0x0000, 0x0000, 0x0000,
        0x0000,
    ],
    [
        0x1503, 0x4514, 0x2412, 0x289a, 0x199b, 0x8658, 0x4647, 0x8367, 0x88bc, 0x89ac, 0x0000,
        0x0000,
    ],
    [
        0x8367, 0x4647, 0x8658, 0x8525, 0x2412, 0x289a, 0x88bc, 0x0000, 0x0000, 0x0000, 0x0000,
        0x0000,
    ],
    [
        0x1503, 0x2301, 0x2412, 0x8525, 0x8658, 0x4647, 0x8367, 0x88bc, 0x199b, 0x0000, 0x0000,
        0x0000,
    ],
    [
        0x8367, 0x4647, 0x8658, 0x8525, 0x4514, 0x2301, 0x289a, 0x88bc, 0x0000, 0x0000, 0x0000,
        0x0000,
    ],
    [
        0x8367, 0x4647, 0x8658, 0x8525, 0x4514, 0x1503, 0x199b, 0x88bc, 0x0000, 0x0000, 0x0000,
        0x0000,
    ],
    [
        0x8367, 0x4647, 0x4445, 0x8525, 0x89ac, 0x88bc, 0x0000, 0x0000, 0x0000, 0x0000, 0x0000,
        0x0000,
    ],
    [
        0x8367, 0x4647, 0x4445, 0x8525, 0x89ac, 0x88bc, 0x2301, 0x1503, 0x199b, 0x289a, 0x0000,
        0x0000,
    ],
    [
        0x8367, 0x4647, 0x4445, 0x8525, 0x89ac, 0x88bc, 0x2301, 0x2412, 0x4514, 0x0000, 0x0000,
        0x0000,
    ],
    [
        0x8525, 0x4445, 0x4647, 0x8367, 0x88bc, 0x89ac, 0x1503, 0x4514, 0x2412, 0x289a, 0x199b,
        0x0000,
    ],
    [
        0x8367, 0x4647, 0x4445, 0x2412, 0x289a, 0x88bc, 0x0000, 0x0000, 0x0000, 0x0000, 0x0000,
        0x0000,
    ],
    [
        0x8367, 0x4647, 0x4445, 0x2412, 0x2301, 0x1503, 0x199b, 0x88bc, 0x0000, 0x0000, 0x0000,
        0x0000,
    ],
    [
        0x2301, 0x4514, 0x4445, 0x4647, 0x8367, 0x88bc, 0x289a, 0x0000, 0x0000, 0x0000, 0x0000,
        0x0000,
    ],
    [
        0x8367, 0x4647, 0x4445, 0x4514, 0x1503, 0x199b, 0x88bc, 0x0000, 0x0000, 0x0000, 0x0000,
        0x0000,
    ],
    [
        0x1636, 0x8367, 0x88bc, 0x199b, 0x0000, 0x0000, 0x0000, 0x0000, 0x0000, 0x0000, 0x0000,
        0x0000,
    ],
    [
        0x2301, 0x1503, 0x1636, 0x8367, 0x88bc, 0x289a, 0x0000, 0x0000, 0x0000, 0x0000, 0x0000,
        0x0000,
    ],
    [
        0x8367, 0x1636, 0x199b, 0x88bc, 0x2412, 0x2301, 0x4514, 0x0000, 0x0000, 0x0000, 0x0000,
        0x0000,
    ],
    [
        0x2412, 0x4514, 0x1503, 0x1636, 0x8367, 0x88bc, 0x289a, 0x0000, 0x0000, 0x0000, 0x0000,
        0x0000,
    ],
    [
        0x8525, 0x2412, 0x289a, 0x89ac, 0x1636, 0x8367, 0x88bc, 0x199b, 0x0000, 0x0000, 0x0000,
        0x0000,
    ],
    [
        0x8525, 0x2412, 0x2301, 0x1503, 0x1636, 0x8367, 0x88bc, 0x89ac, 0x0000, 0x0000, 0x0000,
        0x0000,
    ],
    [
        0x8525, 0x4514, 0x2301, 0x289a, 0x89ac, 0x1636, 0x8367, 0x88bc, 0x199b, 0x0000, 0x0000,
        0x0000,
    ],
    [
        0x8367, 0x1636, 0x1503, 0x4514, 0x8525, 0x89ac, 0x88bc, 0x0000, 0x0000, 0x0000, 0x0000,
        0x0000,
    ],
    [
        0x1636, 0x8367, 0x88bc, 0x199b, 0x8525, 0x8658, 0x4445, 0x0000, 0x0000, 0x0000, 0x0000,
        0x0000,
    ],
    [
        0x2301, 0x1503, 0x1636, 0x8367, 0x88bc, 0x289a, 0x8525, 0x8658, 0x4445, 0x0000, 0x0000,
        0x0000,
    ],
    [
        0x1636, 0x8367, 0x88bc, 0x199b, 0x8525, 0x8658, 0x4445, 0x2301, 0x2412, 0x4514, 0x0000,
        0x0000,
    ],
    [
        0x2412, 0x4514, 0x1503, 0x1636, 0x8367, 0x88bc, 0x289a, 0x8525, 0x8658, 0x4445, 0x0000,
        0x0000,
    ],
    [
        0x2412, 0x4445, 0x8658, 0x89ac, 0x289a, 0x8367, 0x1636, 0x199b, 0x88bc, 0x0000, 0x0000,
        0x0000,
    ],
    [
        0x8367, 0x1636, 0x1503, 0x2301, 0x2412, 0x4445, 0x8658, 0x89ac, 0x88bc, 0x0000, 0x0000,
        0x0000,
    ],
    [
        0x8658, 0x4445, 0x4514, 0x2301, 0x289a, 0x89ac, 0x1636, 0x8367, 0x88bc, 0x199b, 0x0000,
        0x0000,
    ],
    [
        0x8658, 0x4445, 0x4514, 0x1503, 0x1636, 0x8367, 0x88bc, 0x89ac, 0x0000, 0x0000, 0x0000,
        0x0000,
    ],
    [
        0x1636, 0x8367, 0x8478, 0x8658, 0x89ac, 0x199b, 0x0000, 0x0000, 0x0000, 0x0000, 0x0000,
        0x0000,
    ],
    [
        0x2301, 0x1503, 0x1636, 0x8367, 0x8478, 0x8658, 0x89ac, 0x289a, 0x0000, 0x0000, 0x0000,
        0x0000,
    ],
    [
        0x1636, 0x8367, 0x8478, 0x8658, 0x89ac, 0x199b, 0x2301, 0x2412, 0x4514, 0x0000, 0x0000,
        0x0000,
    ],
    [
        0x8658, 0x8478, 0x8367, 0x1636, 0x1503, 0x4514, 0x2412, 0x289a, 0x89ac, 0x0000, 0x0000,
        0x0000,
    ],
    [
        0x1636, 0x8367, 0x8478, 0x8658, 0x8525, 0x2412, 0x289a, 0x199b, 0x0000, 0x0000, 0x0000,
        0x0000,
    ],
    [
        0x1636, 0x8367, 0x8478, 0x8658, 0x8525, 0x2412, 0x2301, 0x1503, 0x0000, 0x0000, 0x0000,
        0x0000,
    ],
    [
        0x1636, 0x8367, 0x8478, 0x8658, 0x8525, 0x4514, 0x2301, 0x289a, 0x199b, 0x0000, 0x0000,
        0x0000,
    ],
    [
        0x1503, 0x4514, 0x8525, 0x8658, 0x8478, 0x8367, 0x1636, 0x0000, 0x0000, 0x0000, 0x0000,
        0x0000,
    ],
    [
        0x8525, 0x4445, 0x8478, 0x8367, 0x1636, 0x199b, 0x89ac, 0x0000, 0x0000, 0x0000, 0x0000,
        0x0000,
    ],
    [
        0x2301, 0x1503, 0x1636, 0x8367, 0x8478, 0x4445, 0x8525, 0x89ac, 0x289a, 0x0000, 0x0000,
        0x0000,
    ],
    [
        0x8525, 0x4445, 0x8478, 0x8367, 0x1636, 0x199b, 0x89ac, 0x2412, 0x2301, 0x4514, 0x0000,
        0x0000,
    ],
    [
        0x2412, 0x4514, 0x1503, 0x1636, 0x8367, 0x8478, 0x4445, 0x8525, 0x89ac, 0x289a, 0x0000,
        0x0000,
    ],
    [
        0x1636, 0x8367, 0x8478, 0x4445, 0x2412, 0x289a, 0x199b, 0x0000, 0x0000, 0x0000, 0x0000,
        0x0000,
    ],
    [
        0x2412, 0x4445, 0x8478, 0x8367, 0x1636, 0x1503, 0x2301, 0x0000, 0x0000, 0x0000, 0x0000,
        0x0000,
    ],
    [
        0x2301, 0x4514, 0x4445, 0x8478, 0x8367, 0x1636, 0x199b, 0x289a, 0x0000, 0x0000, 0x0000,
        0x0000,
    ],
    [
        0x8367, 0x1636, 0x1503, 0x4514, 0x4445, 0x8478, 0x0000, 0x0000, 0x0000, 0x0000, 0x0000,
        0x0000,
    ],
    [
        0x1636, 0x4647, 0x8478, 0x88bc, 0x199b, 0x0000, 0x0000, 0x0000, 0x0000, 0x0000, 0x0000,
        0x0000,
    ],
    [
        0x8478, 0x4647, 0x1636, 0x1503, 0x2301, 0x289a, 0x88bc, 0x0000, 0x0000, 0x0000, 0x0000,
        0x0000,
    ],
    [
        0x1636, 0x4647, 0x8478, 0x88bc, 0x199b, 0x2301, 0x2412, 0x4514, 0x0000, 0x0000, 0x0000,
        0x0000,
    ],
    [
        0x2412, 0x4514, 0x1503, 0x1636, 0x4647, 0x8478, 0x88bc, 0x289a, 0x0000, 0x0000, 0x0000,
        0x0000,
    ],
    [
        0x1636, 0x4647, 0x8478, 0x88bc, 0x199b, 0x8525, 0x2412, 0x289a, 0x89ac, 0x0000, 0x0000,
        0x0000,
    ],
    [
        0x8525, 0x2412, 0x2301, 0x1503, 0x1636, 0x4647, 0x8478, 0x88bc, 0x89ac, 0x0000, 0x0000,
        0x0000,
    ],
    [
        0x8525, 0x4514, 0x2301, 0x289a, 0x89ac, 0x1636, 0x4647, 0x8478, 0x88bc, 0x199b, 0x0000,
        0x0000,
    ],
    [
        0x8478, 0x4647, 0x1636, 0x1503, 0x4514, 0x8525, 0x89ac, 0x88bc, 0x0000, 0x0000, 0x0000,
        0x0000,
    ],
    [
        0x1636, 0x4647, 0x8478, 0x88bc, 0x199b, 0x8525, 0x8658, 0x4445, 0x0000, 0x0000, 0x0000,
        0x0000,
    ],
    [
        0x8478, 0x4647, 0x1636, 0x1503, 0x2301, 0x289a, 0x88bc, 0x8658, 0x8525, 0x4445, 0x0000,
        0x0000,
    ],
    [
        0x1636, 0x4647, 0x8478, 0x88bc, 0x199b, 0x8525, 0x8658, 0x4445, 0x2301, 0x2412, 0x4514,
        0x0000,
    ],
    [
        0x2412, 0x4514, 0x1503, 0x1636, 0x4647, 0x8478, 0x88bc, 0x289a, 0x8525, 0x8658, 0x4445,
        0x0000,
    ],
    [
        0x1636, 0x4647, 0x8478, 0x88bc, 0x199b, 0x8658, 0x4445, 0x2412, 0x289a, 0x89ac, 0x0000,
        0x0000,
    ],
    [
        0x8658, 0x4445, 0x2412, 0x2301, 0x1503, 0x1636, 0x4647, 0x8478, 0x88bc, 0x89ac, 0x0000,
        0x0000,
    ],
    [
        0x8658, 0x4445, 0x4514, 0x2301, 0x289a, 0x89ac, 0x1636, 0x4647, 0x8478, 0x88bc, 0x199b,
        0x0000,
    ],
    [
        0x8478, 0x4647, 0x1636, 0x1503, 0x4514, 0x4445, 0x8658, 0x89ac, 0x88bc, 0x0000, 0x0000,
        0x0000,
    ],
    [
        0x1636, 0x4647, 0x8658, 0x89ac, 0x199b, 0x0000, 0x0000, 0x0000, 0x0000, 0x0000, 0x0000,
        0x0000,
    ],
    [
        0x2301, 0x1503, 0x1636, 0x4647, 0x8658, 0x89ac, 0x289a, 0x0000, 0x0000, 0x0000, 0x0000,
        0x0000,
    ],
    [
        0x1636, 0x4647, 0x8658, 0x89ac, 0x199b, 0x2301, 0x2412, 0x4514, 0x0000, 0x0000, 0x0000,
        0x0000,
    ],
    [
        0x2412, 0x4514, 0x1503, 0x1636, 0x4647, 0x8658, 0x89ac, 0x289a, 0x0000, 0x0000, 0x0000,
        0x0000,
    ],
    [
        0x2412, 0x8525, 0x8658, 0x4647, 0x1636, 0x199b, 0x289a, 0x0000, 0x0000, 0x0000, 0x0000,
        0x0000,
    ],
    [
        0x8658, 0x4647, 0x1636, 0x1503, 0x2301, 0x2412, 0x8525, 0x0000, 0x0000, 0x0000, 0x0000,
        0x0000,
    ],
    [
        0x2301, 0x4514, 0x8525, 0x8658, 0x4647, 0x1636, 0x199b, 0x289a, 0x0000, 0x0000, 0x0000,
        0x0000,
    ],
    [
        0x1503, 0x4514, 0x8525, 0x8658, 0x4647, 0x1636, 0x0000, 0x0000, 0x0000, 0x0000, 0x0000,
        0x0000,
    ],
    [
        0x8525, 0x4445, 0x4647, 0x1636, 0x199b, 0x89ac, 0x0000, 0x0000, 0x0000, 0x0000, 0x0000,
        0x0000,
    ],
    [
        0x8525, 0x4445, 0x4647, 0x1636, 0x1503, 0x2301, 0x289a, 0x89ac, 0x0000, 0x0000, 0x0000,
        0x0000,
    ],
    [
        0x8525, 0x4445, 0x4647, 0x1636, 0x199b, 0x89ac, 0x2412, 0x2301, 0x4514, 0x0000, 0x0000,
        0x0000,
    ],
    [
        0x2412, 0x4514, 0x1503, 0x1636, 0x4647, 0x4445, 0x8525, 0x89ac, 0x289a, 0x0000, 0x0000,
        0x0000,
    ],
    [
        0x2412, 0x4445, 0x4647, 0x1636, 0x199b, 0x289a, 0x0000, 0x0000, 0x0000, 0x0000, 0x0000,
        0x0000,
    ],
    [
        0x1503, 0x2301, 0x2412, 0x4445, 0x4647, 0x1636, 0x0000, 0x0000, 0x0000, 0x0000, 0x0000,
        0x0000,
    ],
    [
        0x2301, 0x4514, 0x4445, 0x4647, 0x1636, 0x199b, 0x289a, 0x0000, 0x0000, 0x0000, 0x0000,
        0x0000,
    ],
    [
        0x1503, 0x4514, 0x4445, 0x4647, 0x1636, 0x0000, 0x0000, 0x0000, 0x0000, 0x0000, 0x0000,
        0x0000,
    ],
    [
        0x1636, 0x1503, 0x4334, 0x0000, 0x0000, 0x0000, 0x0000, 0x0000, 0x0000, 0x0000, 0x0000,
        0x0000,
    ],
    [
        0x2301, 0x4334, 0x1636, 0x199b, 0x289a, 0x0000, 0x0000, 0x0000, 0x0000, 0x0000, 0x0000,
        0x0000,
    ],
    [
        0x2301, 0x2412, 0x4514, 0x1636, 0x1503, 0x4334, 0x0000, 0x0000, 0x0000, 0x0000, 0x0000,
        0x0000,
    ],
    [
        0x2412, 0x4514, 0x4334, 0x1636, 0x199b, 0x289a, 0x0000, 0x0000, 0x0000, 0x0000, 0x0000,
        0x0000,
    ],
    [
        0x8525, 0x2412, 0x289a, 0x89ac, 0x1636, 0x1503, 0x4334, 0x0000, 0x0000, 0x0000, 0x0000,
        0x0000,
    ],
    [
        0x1636, 0x4334, 0x2301, 0x2412, 0x8525, 0x89ac, 0x199b, 0x0000, 0x0000, 0x0000, 0x0000,
        0x0000,
    ],
    [
        0x8525, 0x4514, 0x2301, 0x289a, 0x89ac, 0x1636, 0x1503, 0x4334, 0x0000, 0x0000, 0x0000,
        0x0000,
    ],
    [
        0x1636, 0x4334, 0x4514, 0x8525, 0x89ac, 0x199b, 0x0000, 0x0000, 0x0000, 0x0000, 0x0000,
        0x0000,
    ],
    [
        0x1636, 0x1503, 0x4334, 0x8525, 0x8658, 0x4445, 0x0000, 0x0000, 0x0000, 0x0000, 0x0000,
        0x0000,
    ],
    [
        0x2301, 0x4334, 0x1636, 0x199b, 0x289a, 0x8525, 0x8658, 0x4445, 0x0000, 0x0000, 0x0000,
        0x0000,
    ],
    [
        0x8525, 0x8658, 0x4445, 0x2301, 0x2412, 0x4514, 0x1636, 0x1503, 0x4334, 0x0000, 0x0000,
        0x0000,
    ],
    [
        0x1636, 0x4334, 0x4514, 0x2412, 0x289a, 0x199b, 0x8658, 0x8525, 0x4445, 0x0000, 0x0000,
        0x0000,
    ],
    [
        0x2412, 0x4445, 0x8658, 0x89ac, 0x289a, 0x1503, 0x1636, 0x4334, 0x0000, 0x0000, 0x0000,
        0x0000,
    ],
    [
        0x8658, 0x4445, 0x2412, 0x2301, 0x4334, 0x1636, 0x199b, 0x89ac, 0x0000, 0x0000, 0x0000,
        0x0000,
    ],
    [
        0x8658, 0x4445, 0x4514, 0x2301, 0x289a, 0x89ac, 0x1636, 0x1503, 0x4334, 0x0000, 0x0000,
        0x0000,
    ],
    [
        0x1636, 0x4334, 0x4514, 0x4445, 0x8658, 0x89ac, 0x199b, 0x0000, 0x0000, 0x0000, 0x0000,
        0x0000,
    ],
    [
        0x8658, 0x8478, 0x88bc, 0x89ac, 0x1503, 0x1636, 0x4334, 0x0000, 0x0000, 0x0000, 0x0000,
        0x0000,
    ],
    [
        0x2301, 0x4334, 0x1636, 0x199b, 0x289a, 0x8478, 0x8658, 0x89ac, 0x88bc, 0x0000, 0x0000,
        0x0000,
    ],
    [
        0x8478, 0x8658, 0x89ac, 0x88bc, 0x2301, 0x2412, 0x4514, 0x1636, 0x1503, 0x4334, 0x0000,
        0x0000,
    ],
    [
        0x2412, 0x4514, 0x4334, 0x1636, 0x199b, 0x289a, 0x8478, 0x8658, 0x89ac, 0x88bc, 0x0000,
        0x0000,
    ],
    [
        0x8478, 0x8658, 0x8525, 0x2412, 0x289a, 0x88bc, 0x1636, 0x1503, 0x4334, 0x0000, 0x0000,
        0x0000,
    ],
    [
        0x8478, 0x8658, 0x8525, 0x2412, 0x2301, 0x4334, 0x1636, 0x199b, 0x88bc, 0x0000, 0x0000,
        0x0000,
    ],
    [
        0x2301, 0x4514, 0x8525, 0x8658, 0x8478, 0x88bc, 0x289a, 0x1503, 0x1636, 0x4334, 0x0000,
        0x0000,
    ],
    [
        0x1636, 0x4334, 0x4514, 0x8525, 0x8658, 0x8478, 0x88bc, 0x199b, 0x0000, 0x0000, 0x0000,
        0x0000,
    ],
    [
        0x8478, 0x4445, 0x8525, 0x89ac, 0x88bc, 0x1636, 0x1503, 0x4334, 0x0000, 0x0000, 0x0000,
        0x0000,
    ],
    [
        0x2301, 0x4334, 0x1636, 0x199b, 0x289a, 0x8478, 0x4445, 0x8525, 0x89ac, 0x88bc, 0x0000,
        0x0000,
    ],
    [
        0x8478, 0x4445, 0x8525, 0x89ac, 0x88bc, 0x2301, 0x2412, 0x4514, 0x1636, 0x1503, 0x4334,
        0x0000,
    ],
    [
        0x2412, 0x4514, 0x4334, 0x1636, 0x199b, 0x289a, 0x8478, 0x4445, 0x8525, 0x89ac, 0x88bc,
        0x0000,
    ],
    [
        0x8478, 0x4445, 0x2412, 0x289a, 0x88bc, 0x1636, 0x1503, 0x4334, 0x0000, 0x0000, 0x0000,
        0x0000,
    ],
    [
        0x1636, 0x4334, 0x2301, 0x2412, 0x4445, 0x8478, 0x88bc, 0x199b, 0x0000, 0x0000, 0x0000,
        0x0000,
    ],
    [
        0x2301, 0x4514, 0x4445, 0x8478, 0x88bc, 0x289a, 0x1503, 0x1636, 0x4334, 0x0000, 0x0000,
        0x0000,
    ],
    [
        0x1636, 0x4334, 0x4514, 0x4445, 0x8478, 0x88bc, 0x199b, 0x0000, 0x0000, 0x0000, 0x0000,
        0x0000,
    ],
    [
        0x1636, 0x1503, 0x4334, 0x8478, 0x8367, 0x4647, 0x0000, 0x0000, 0x0000, 0x0000, 0x0000,
        0x0000,
    ],
    [
        0x2301, 0x4334, 0x1636, 0x199b, 0x289a, 0x8478, 0x8367, 0x4647, 0x0000, 0x0000, 0x0000,
        0x0000,
    ],
    [
        0x2301, 0x2412, 0x4514, 0x1636, 0x1503, 0x4334, 0x8478, 0x8367, 0x4647, 0x0000, 0x0000,
        0x0000,
    ],
    [
        0x2412, 0x4514, 0x4334, 0x1636, 0x199b, 0x289a, 0x8478, 0x8367, 0x4647, 0x0000, 0x0000,
        0x0000,
    ],
    [
        0x8525, 0x2412, 0x289a, 0x89ac, 0x1636, 0x1503, 0x4334, 0x8478, 0x8367, 0x4647, 0x0000,
        0x0000,
    ],
    [
        0x1636, 0x4334, 0x2301, 0x2412, 0x8525, 0x89ac, 0x199b, 0x8367, 0x8478, 0x4647, 0x0000,
        0x0000,
    ],
    [
        0x8525, 0x4514, 0x2301, 0x289a, 0x89ac, 0x1636, 0x1503, 0x4334, 0x8478, 0x8367, 0x4647,
        0x0000,
    ],
    [
        0x1636, 0x4334, 0x4514, 0x8525, 0x89ac, 0x199b, 0x8367, 0x8478, 0x4647, 0x0000, 0x0000,
        0x0000,
    ],
    [
        0x1636, 0x1503, 0x4334, 0x8478, 0x8367, 0x4647, 0x8525, 0x8658, 0x4445, 0x0000, 0x0000,
        0x0000,
    ],
    [
        0x2301, 0x4334, 0x1636, 0x199b, 0x289a, 0x8478, 0x8367, 0x4647, 0x8525, 0x8658, 0x4445,
        0x0000,
    ],
    [
        0x2301, 0x2412, 0x4514, 0x1636, 0x1503, 0x4334, 0x8478, 0x8367, 0x4647, 0x8525, 0x8658,
        0x4445,
    ],
    [
        0x2412, 0x4514, 0x4334, 0x1636, 0x199b, 0x289a, 0x8478, 0x8367, 0x4647, 0x8525, 0x8658,
        0x4445,
    ],
    [
        0x2412, 0x4445, 0x8658, 0x89ac, 0x289a, 0x8367, 0x8478, 0x4647, 0x1503, 0x1636, 0x4334,
        0x0000,
    ],
    [
        0x8658, 0x4445, 0x2412, 0x2301, 0x4334, 0x1636, 0x199b, 0x89ac, 0x8478, 0x8367, 0x4647,
        0x0000,
    ],
    [
        0x8658, 0x4445, 0x4514, 0x2301, 0x289a, 0x89ac, 0x1636, 0x1503, 0x4334, 0x8478, 0x8367,
        0x4647,
    ],
    [
        0x8658, 0x4445, 0x4514, 0x4334, 0x1636, 0x199b, 0x89ac, 0x8478, 0x8367, 0x4647, 0x0000,
        0x0000,
    ],
    [
        0x8658, 0x4647, 0x8367, 0x88bc, 0x89ac, 0x1503, 0x1636, 0x4334, 0x0000, 0x0000, 0x0000,
        0x0000,
    ],
    [
        0x2301, 0x4334, 0x1636, 0x199b, 0x289a, 0x8367, 0x4647, 0x8658, 0x89ac, 0x88bc, 0x0000,
        0x0000,
    ],
    [
        0x8658, 0x4647, 0x8367, 0x88bc, 0x89ac, 0x1503, 0x1636, 0x4334, 0x2412, 0x2301, 0x4514,
        0x0000,
    ],
    [
        0x1636, 0x4334, 0x4514, 0x2412, 0x289a, 0x199b, 0x8658, 0x4647, 0x8367, 0x88bc, 0x89ac,
        0x0000,
    ],
    [
        0x8367, 0x4647, 0x8658, 0x8525, 0x2412, 0x289a, 0x88bc, 0x1636, 0x1503, 0x4334, 0x0000,
        0x0000,
    ],
    [
        0x8367, 0x4647, 0x8658, 0x8525, 0x2412, 0x2301, 0x4334, 0x1636, 0x199b, 0x88bc, 0x0000,
        0x0000,
    ],
    [
        0x8367, 0x4647, 0x8658, 0x8525, 0x4514, 0x2301, 0x289a, 0x88bc, 0x1636, 0x1503, 0x4334,
        0x0000,
    ],
    [
        0x8367, 0x4647, 0x8658, 0x8525, 0x4514, 0x4334, 0x1636, 0x199b, 0x88bc, 0x0000, 0x0000,
        0x0000,
    ],
    [
        0x8525, 0x4445, 0x4647, 0x8367, 0x88bc, 0x89ac, 0x1503, 0x1636, 0x4334, 0x0000, 0x0000,
        0x0000,
    ],
    [
        0x8367, 0x4647, 0x4445, 0x8525, 0x89ac, 0x88bc, 0x2301, 0x4334, 0x1636, 0x199b, 0x289a,
        0x0000,
    ],
    [
        0x8367, 0x4647, 0x4445, 0x8525, 0x89ac, 0x88bc, 0x2301, 0x2412, 0x4514, 0x1636, 0x1503,
        0x4334,
    ],
    [
        0x8367, 0x4647, 0x4445, 0x8525, 0x89ac, 0x88bc, 0x2412, 0x4514, 0x4334, 0x1636, 0x199b,
        0x289a,
    ],
    [
        0x8367, 0x4647, 0x4445, 0x2412, 0x289a, 0x88bc, 0x1636, 0x1503, 0x4334, 0x0000, 0x0000,
        0x0000,
    ],
    [
        0x1636, 0x4334, 0x2301, 0x2412, 0x4445, 0x4647, 0x8367, 0x88bc, 0x199b, 0x0000, 0x0000,
        0x0000,
    ],
    [
        0x8367, 0x4647, 0x4445, 0x4514, 0x2301, 0x289a, 0x88bc, 0x1636, 0x1503, 0x4334, 0x0000,
        0x0000,
    ],
    [
        0x8367, 0x4647, 0x4445, 0x4514, 0x4334, 0x1636, 0x199b, 0x88bc, 0x0000, 0x0000, 0x0000,
        0x0000,
    ],
    [
        0x8367, 0x4334, 0x1503, 0x199b, 0x88bc, 0x0000, 0x0000, 0x0000, 0x0000, 0x0000, 0x0000,
        0x0000,
    ],
    [
        0x2301, 0x4334, 0x8367, 0x88bc, 0x289a, 0x0000, 0x0000, 0x0000, 0x0000, 0x0000, 0x0000,
        0x0000,
    ],
    [
        0x8367, 0x4334, 0x1503, 0x199b, 0x88bc, 0x2412, 0x2301, 0x4514, 0x0000, 0x0000, 0x0000,
        0x0000,
    ],
    [
        0x2412, 0x4514, 0x4334, 0x8367, 0x88bc, 0x289a, 0x0000, 0x0000, 0x0000, 0x0000, 0x0000,
        0x0000,
    ],
    [
        0x8367, 0x4334, 0x1503, 0x199b, 0x88bc, 0x2412, 0x8525, 0x89ac, 0x289a, 0x0000, 0x0000,
        0x0000,
    ],
    [
        0x8525, 0x2412, 0x2301, 0x4334, 0x8367, 0x88bc, 0x89ac, 0x0000, 0x0000, 0x0000, 0x0000,
        0x0000,
    ],
    [
        0x8525, 0x4514, 0x2301, 0x289a, 0x89ac, 0x1503, 0x4334, 0x8367, 0x88bc, 0x199b, 0x0000,
        0x0000,
    ],
    [
        0x8367, 0x4334, 0x4514, 0x8525, 0x89ac, 0x88bc, 0x0000, 0x0000, 0x0000, 0x0000, 0x0000,
        0x0000,
    ],
    [
        0x8367, 0x4334, 0x1503, 0x199b, 0x88bc, 0x8658, 0x8525, 0x4445, 0x0000, 0x0000, 0x0000,
        0x0000,
    ],
    [
        0x2301, 0x4334, 0x8367, 0x88bc, 0x289a, 0x8525, 0x8658, 0x4445, 0x0000, 0x0000, 0x0000,
        0x0000,
    ],
    [
        0x8367, 0x4334, 0x1503, 0x199b, 0x88bc, 0x2412, 0x2301, 0x4514, 0x8658, 0x8525, 0x4445,
        0x0000,
    ],
    [
        0x2412, 0x4514, 0x4334, 0x8367, 0x88bc, 0x289a, 0x8525, 0x8658, 0x4445, 0x0000, 0x0000,
        0x0000,
    ],
    [
        0x2412, 0x4445, 0x8658, 0x89ac, 0x289a, 0x8367, 0x4334, 0x1503, 0x199b, 0x88bc, 0x0000,
        0x0000,
    ],
    [
        0x8658, 0x4445, 0x2412, 0x2301, 0x4334, 0x8367, 0x88bc, 0x89ac, 0x0000, 0x0000, 0x0000,
        0x0000,
    ],
    [
        0x2301, 0x4514, 0x4445, 0x8658, 0x89ac, 0x289a, 0x8367, 0x4334, 0x1503, 0x199b, 0x88bc,
        0x0000,
    ],
    [
        0x8658, 0x4445, 0x4514, 0x4334, 0x8367, 0x88bc, 0x89ac, 0x0000, 0x0000, 0x0000, 0x0000,
        0x0000,
    ],
    [
        0x1503, 0x4334, 0x8367, 0x8478, 0x8658, 0x89ac, 0x199b, 0x0000, 0x0000, 0x0000, 0x0000,
        0x0000,
    ],
    [
        0x8658, 0x8478, 0x8367, 0x4334, 0x2301, 0x289a, 0x89ac, 0x0000, 0x0000, 0x0000, 0x0000,
        0x0000,
    ],
    [
        0x1503, 0x4334, 0x8367, 0x8478, 0x8658, 0x89ac, 0x199b, 0x2301, 0x2412, 0x4514, 0x0000,
        0x0000,
    ],
    [
        0x2412, 0x4514, 0x4334, 0x8367, 0x8478, 0x8658, 0x89ac, 0x289a, 0x0000, 0x0000, 0x0000,
        0x0000,
    ],
    [
        0x2412, 0x8525, 0x8658, 0x8478, 0x8367, 0x4334, 0x1503, 0x199b, 0x289a, 0x0000, 0x0000,
        0x0000,
    ],
    [
        0x8367, 0x4334, 0x2301, 0x2412, 0x8525, 0x8658, 0x8478, 0x0000, 0x0000, 0x0000, 0x0000,
        0x0000,
    ],
    [
        0x1503, 0x4334, 0x8367, 0x8478, 0x8658, 0x8525, 0x4514, 0x2301, 0x289a, 0x199b, 0x0000,
        0x0000,
    ],
    [
        0x8658, 0x8478, 0x8367, 0x4334, 0x4514, 0x8525, 0x0000, 0x0000, 0x0000, 0x0000, 0x0000,
        0x0000,
    ],
    [
        0x1503, 0x4334, 0x8367, 0x8478, 0x4445, 0x8525, 0x89ac, 0x199b, 0x0000, 0x0000, 0x0000,
        0x0000,
    ],
    [
        0x8525, 0x4445, 0x8478, 0x8367, 0x4334, 0x2301, 0x289a, 0x89ac, 0x0000, 0x0000, 0x0000,
        0x0000,
    ],
    [
        0x1503, 0x4334, 0x8367, 0x8478, 0x4445, 0x8525, 0x89ac, 0x199b, 0x2301, 0x2412, 0x4514,
        0x0000,
    ],
    [
        0x8525, 0x4445, 0x8478, 0x8367, 0x4334, 0x4514, 0x2412, 0x289a, 0x89ac, 0x0000, 0x0000,
        0x0000,
    ],
    [
        0x1503, 0x4334, 0x8367, 0x8478, 0x4445, 0x2412, 0x289a, 0x199b, 0x0000, 0x0000, 0x0000,
        0x0000,
    ],
    [
        0x8367, 0x4334, 0x2301, 0x2412, 0x4445, 0x8478, 0x0000, 0x0000, 0x0000, 0x0000, 0x0000,
        0x0000,
    ],
    [
        0x1503, 0x4334, 0x8367, 0x8478, 0x4445, 0x4514, 0x2301, 0x289a, 0x199b, 0x0000, 0x0000,
        0x0000,
    ],
    [
        0x8367, 0x4334, 0x4514, 0x4445, 0x8478, 0x0000, 0x0000, 0x0000, 0x0000, 0x0000, 0x0000,
        0x0000,
    ],
    [
        0x1503, 0x4334, 0x4647, 0x8478, 0x88bc, 0x199b, 0x0000, 0x0000, 0x0000, 0x0000, 0x0000,
        0x0000,
    ],
    [
        0x8478, 0x4647, 0x4334, 0x2301, 0x289a, 0x88bc, 0x0000, 0x0000, 0x0000, 0x0000, 0x0000,
        0x0000,
    ],
    [
        0x8478, 0x4647, 0x4334, 0x1503, 0x199b, 0x88bc, 0x2412, 0x2301, 0x4514, 0x0000, 0x0000,
        0x0000,
    ],
    [
        0x8478, 0x4647, 0x4334, 0x4514, 0x2412, 0x289a, 0x88bc, 0x0000, 0x0000, 0x0000, 0x0000,
        0x0000,
    ],
    [
        0x1503, 0x4334, 0x4647, 0x8478, 0x88bc, 0x199b, 0x8525, 0x2412, 0x289a, 0x89ac, 0x0000,
        0x0000,
    ],
    [
        0x8478, 0x4647, 0x4334, 0x2301, 0x2412, 0x8525, 0x89ac, 0x88bc, 0x0000, 0x0000, 0x0000,
        0x0000,
    ],
    [
        0x1503, 0x4334, 0x4647, 0x8478, 0x88bc, 0x199b, 0x8525, 0x4514, 0x2301, 0x289a, 0x89ac,
        0x0000,
    ],
    [
        0x8478, 0x4647, 0x4334, 0x4514, 0x8525, 0x89ac, 0x88bc, 0x0000, 0x0000, 0x0000, 0x0000,
        0x0000,
    ],
    [
        0x1503, 0x4334, 0x4647, 0x8478, 0x88bc, 0x199b, 0x8525, 0x8658, 0x4445, 0x0000, 0x0000,
        0x0000,
    ],
    [
        0x8478, 0x4647, 0x4334, 0x2301, 0x289a, 0x88bc, 0x8658, 0x8525, 0x4445, 0x0000, 0x0000,
        0x0000,
    ],
    [
        0x1503, 0x4334, 0x4647, 0x8478, 0x88bc, 0x199b, 0x8525, 0x8658, 0x4445, 0x2301, 0x2412,
        0x4514,
    ],
    [
        0x2412, 0x4514, 0x4334, 0x4647, 0x8478, 0x88bc, 0x289a, 0x8525, 0x8658, 0x4445, 0x0000,
        0x0000,
    ],
    [
        0x8478, 0x4647, 0x4334, 0x1503, 0x199b, 0x88bc, 0x2412, 0x4445, 0x8658, 0x89ac, 0x289a,
        0x0000,
    ],
    [
        0x8658, 0x4445, 0x2412, 0x2301, 0x4334, 0x4647, 0x8478, 0x88bc, 0x89ac, 0x0000, 0x0000,
        0x0000,
    ],
    [
        0x8658, 0x4445, 0x4514, 0x2301, 0x289a, 0x89ac, 0x1503, 0x4334, 0x4647, 0x8478, 0x88bc,
        0x199b,
    ],
    [
        0x8658, 0x4445, 0x4514, 0x4334, 0x4647, 0x8478, 0x88bc, 0x89ac, 0x0000, 0x0000, 0x0000,
        0x0000,
    ],
    [
        0x1503, 0x4334, 0x4647, 0x8658, 0x89ac, 0x199b, 0x0000, 0x0000, 0x0000, 0x0000, 0x0000,
        0x0000,
    ],
    [
        0x8658, 0x4647, 0x4334, 0x2301, 0x289a, 0x89ac, 0x0000, 0x0000, 0x0000, 0x0000, 0x0000,
        0x0000,
    ],
    [
        0x1503, 0x4334, 0x4647, 0x8658, 0x89ac, 0x199b, 0x2301, 0x2412, 0x4514, 0x0000, 0x0000,
        0x0000,
    ],
    [
        0x2412, 0x4514, 0x4334, 0x4647, 0x8658, 0x89ac, 0x289a, 0x0000, 0x0000, 0x0000, 0x0000,
        0x0000,
    ],
    [
        0x1503, 0x4334, 0x4647, 0x8658, 0x8525, 0x2412, 0x289a, 0x199b, 0x0000, 0x0000, 0x0000,
        0x0000,
    ],
    [
        0x2412, 0x8525, 0x8658, 0x4647, 0x4334, 0x2301, 0x0000, 0x0000, 0x0000, 0x0000, 0x0000,
        0x0000,
    ],
    [
        0x2301, 0x4514, 0x8525, 0x8658, 0x4647, 0x4334, 0x1503, 0x199b, 0x289a, 0x0000, 0x0000,
        0x0000,
    ],
    [
        0x8658, 0x4647, 0x4334, 0x4514, 0x8525, 0x0000, 0x0000, 0x0000, 0x0000, 0x0000, 0x0000,
        0x0000,
    ],
    [
        0x8525, 0x4445, 0x4647, 0x4334, 0x1503, 0x199b, 0x89ac, 0x0000, 0x0000, 0x0000, 0x0000,
        0x0000,
    ],
    [
        0x8525, 0x4445, 0x4647, 0x4334, 0x2301, 0x289a, 0x89ac, 0x0000, 0x0000, 0x0000, 0x0000,
        0x0000,
    ],
    [
        0x1503, 0x4334, 0x4647, 0x4445, 0x8525, 0x89ac, 0x199b, 0x2301, 0x2412, 0x4514, 0x0000,
        0x0000,
    ],
    [
        0x2412, 0x4514, 0x4334, 0x4647, 0x4445, 0x8525, 0x89ac, 0x289a, 0x0000, 0x0000, 0x0000,
        0x0000,
    ],
    [
        0x1503, 0x4334, 0x4647, 0x4445, 0x2412, 0x289a, 0x199b, 0x0000, 0x0000, 0x0000, 0x0000,
        0x0000,
    ],
    [
        0x2412, 0x4445, 0x4647, 0x4334, 0x2301, 0x0000, 0x0000, 0x0000, 0x0000, 0x0000, 0x0000,
        0x0000,
    ],
    [
        0x1503, 0x4334, 0x4647, 0x4445, 0x4514, 0x2301, 0x289a, 0x199b, 0x0000, 0x0000, 0x0000,
        0x0000,
    ],
    [
        0x4514, 0x4445, 0x4647, 0x4334, 0x0000, 0x0000, 0x0000, 0x0000, 0x0000, 0x0000, 0x0000,
        0x0000,
    ],
    [
        0x4514, 0x4445, 0x4647, 0x4334, 0x0000, 0x0000, 0x0000, 0x0000, 0x0000, 0x0000, 0x0000,
        0x0000,
    ],
    [
        0x2301, 0x1503, 0x199b, 0x289a, 0x4334, 0x4514, 0x4445, 0x4647, 0x0000, 0x0000, 0x0000,
        0x0000,
    ],
    [
        0x2412, 0x4445, 0x4647, 0x4334, 0x2301, 0x0000, 0x0000, 0x0000, 0x0000, 0x0000, 0x0000,
        0x0000,
    ],
    [
        0x1503, 0x4334, 0x4647, 0x4445, 0x2412, 0x289a, 0x199b, 0x0000, 0x0000, 0x0000, 0x0000,
        0x0000,
    ],
    [
        0x8525, 0x2412, 0x289a, 0x89ac, 0x4514, 0x4445, 0x4647, 0x4334, 0x0000, 0x0000, 0x0000,
        0x0000,
    ],
    [
        0x8525, 0x2412, 0x2301, 0x1503, 0x199b, 0x89ac, 0x4514, 0x4445, 0x4647, 0x4334, 0x0000,
        0x0000,
    ],
    [
        0x8525, 0x4445, 0x4647, 0x4334, 0x2301, 0x289a, 0x89ac, 0x0000, 0x0000, 0x0000, 0x0000,
        0x0000,
    ],
    [
        0x8525, 0x4445, 0x4647, 0x4334, 0x1503, 0x199b, 0x89ac, 0x0000, 0x0000, 0x0000, 0x0000,
        0x0000,
    ],
    [
        0x8658, 0x4647, 0x4334, 0x4514, 0x8525, 0x0000, 0x0000, 0x0000, 0x0000, 0x0000, 0x0000,
        0x0000,
    ],
    [
        0x1503, 0x2301, 0x289a, 0x199b, 0x8525, 0x4514, 0x4334, 0x4647, 0x8658, 0x0000, 0x0000,
        0x0000,
    ],
    [
        0x2412, 0x8525, 0x8658, 0x4647, 0x4334, 0x2301, 0x0000, 0x0000, 0x0000, 0x0000, 0x0000,
        0x0000,
    ],
    [
        0x1503, 0x4334, 0x4647, 0x8658, 0x8525, 0x2412, 0x289a, 0x199b, 0x0000, 0x0000, 0x0000,
        0x0000,
    ],
    [
        0x2412, 0x4514, 0x4334, 0x4647, 0x8658, 0x89ac, 0x289a, 0x0000, 0x0000, 0x0000, 0x0000,
        0x0000,
    ],
    [
        0x8658, 0x4647, 0x4334, 0x4514, 0x2412, 0x2301, 0x1503, 0x199b, 0x89ac, 0x0000, 0x0000,
        0x0000,
    ],
    [
        0x8658, 0x4647, 0x4334, 0x2301, 0x289a, 0x89ac, 0x0000, 0x0000, 0x0000, 0x0000, 0x0000,
        0x0000,
    ],
    [
        0x1503, 0x4334, 0x4647, 0x8658, 0x89ac, 0x199b, 0x0000, 0x0000, 0x0000, 0x0000, 0x0000,
        0x0000,
    ],
    [
        0x8478, 0x8658, 0x89ac, 0x88bc, 0x4445, 0x4647, 0x4334, 0x4514, 0x0000, 0x0000, 0x0000,
        0x0000,
    ],
    [
        0x2301, 0x1503, 0x199b, 0x289a, 0x8478, 0x8658, 0x89ac, 0x88bc, 0x4334, 0x4514, 0x4445,
        0x4647,
    ],
    [
        0x8478, 0x8658, 0x89ac, 0x88bc, 0x2412, 0x4445, 0x4647, 0x4334, 0x2301, 0x0000, 0x0000,
        0x0000,
    ],
    [
        0x1503, 0x4334, 0x4647, 0x4445, 0x2412, 0x289a, 0x199b, 0x8658, 0x8478, 0x88bc, 0x89ac,
        0x0000,
    ],
    [
        0x8478, 0x8658, 0x8525, 0x2412, 0x289a, 0x88bc, 0x4445, 0x4647, 0x4334, 0x4514, 0x0000,
        0x0000,
    ],
    [
        0x8478, 0x8658, 0x8525, 0x2412, 0x2301, 0x1503, 0x199b, 0x88bc, 0x4514, 0x4445, 0x4647,
        0x4334,
    ],
    [
        0x2301, 0x4334, 0x4647, 0x4445, 0x8525, 0x8658, 0x8478, 0x88bc, 0x289a, 0x0000, 0x0000,
        0x0000,
    ],
    [
        0x8478, 0x8658, 0x8525, 0x4445, 0x4647, 0x4334, 0x1503, 0x199b, 0x88bc, 0x0000, 0x0000,
        0x0000,
    ],
    [
        0x8478, 0x4647, 0x4334, 0x4514, 0x8525, 0x89ac, 0x88bc, 0x0000, 0x0000, 0x0000, 0x0000,
        0x0000,
    ],
    [
        0x8478, 0x4647, 0x4334, 0x4514, 0x8525, 0x89ac, 0x88bc, 0x2301, 0x1503, 0x199b, 0x289a,
        0x0000,
    ],
    [
        0x8478, 0x4647, 0x4334, 0x2301, 0x2412, 0x8525, 0x89ac, 0x88bc, 0x0000, 0x0000, 0x0000,
        0x0000,
    ],
    [
        0x8478, 0x4647, 0x4334, 0x1503, 0x2412, 0x8525, 0x199b, 0x289a, 0x89ac, 0x88bc, 0x0000,
        0x0000,
    ],
    [
        0x8478, 0x4647, 0x4334, 0x4514, 0x2412, 0x289a, 0x88bc, 0x0000, 0x0000, 0x0000, 0x0000,
        0x0000,
    ],
    [
        0x1503, 0x2301, 0x2412, 0x4514, 0x4334, 0x4647, 0x8478, 0x88bc, 0x199b, 0x0000, 0x0000,
        0x0000,
    ],
    [
        0x8478, 0x4647, 0x4334, 0x2301, 0x289a, 0x88bc, 0x0000, 0x0000, 0x0000, 0x0000, 0x0000,
        0x0000,
    ],
    [
        0x1503, 0x4334, 0x4647, 0x8478, 0x88bc, 0x199b, 0x0000, 0x0000, 0x0000, 0x0000, 0x0000,
        0x0000,
    ],
    [
        0x8367, 0x4334, 0x4514, 0x4445, 0x8478, 0x0000, 0x0000, 0x0000, 0x0000, 0x0000, 0x0000,
        0x0000,
    ],
    [
        0x2301, 0x1503, 0x199b, 0x289a, 0x8367, 0x4334, 0x4514, 0x4445, 0x8478, 0x0000, 0x0000,
        0x0000,
    ],
    [
        0x8367, 0x4334, 0x2301, 0x2412, 0x4445, 0x8478, 0x0000, 0x0000, 0x0000, 0x0000, 0x0000,
        0x0000,
    ],
    [
        0x1503, 0x4334, 0x8367, 0x8478, 0x4445, 0x2412, 0x289a, 0x199b, 0x0000, 0x0000, 0x0000,
        0x0000,
    ],
    [
        0x2412, 0x8525, 0x89ac, 0x289a, 0x8478, 0x4445, 0x4514, 0x4334, 0x8367, 0x0000, 0x0000,
        0x0000,
    ],
    [
        0x8525, 0x2412, 0x2301, 0x1503, 0x199b, 0x89ac, 0x8367, 0x4334, 0x4514, 0x4445, 0x8478,
        0x0000,
    ],
    [
        0x8525, 0x4445, 0x8478, 0x8367, 0x4334, 0x2301, 0x289a, 0x89ac, 0x0000, 0x0000, 0x0000,
        0x0000,
    ],
    [
        0x1503, 0x4334, 0x8367, 0x8478, 0x4445, 0x8525, 0x89ac, 0x199b, 0x0000, 0x0000, 0x0000,
        0x0000,
    ],
    [
        0x8658, 0x8478, 0x8367, 0x4334, 0x4514, 0x8525, 0x0000, 0x0000, 0x0000, 0x0000, 0x0000,
        0x0000,
    ],
    [
        0x2301, 0x1503, 0x199b, 0x289a, 0x8367, 0x4334, 0x4514, 0x8525, 0x8658, 0x8478, 0x0000,
        0x0000,
    ],
    [
        0x8367, 0x4334, 0x2301, 0x2412, 0x8525, 0x8658, 0x8478, 0x0000, 0x0000, 0x0000, 0x0000,
        0x0000,
    ],
    [
        0x2412, 0x8525, 0x8658, 0x8478, 0x8367, 0x4334, 0x1503, 0x199b, 0x289a, 0x0000, 0x0000,
        0x0000,
    ],
    [
        0x2412, 0x4514, 0x4334, 0x8367, 0x8478, 0x8658, 0x89ac, 0x289a, 0x0000, 0x0000, 0x0000,
        0x0000,
    ],
    [
        0x8658, 0x8478, 0x8367, 0x4334, 0x4514, 0x2412, 0x2301, 0x1503, 0x199b, 0x89ac, 0x0000,
        0x0000,
    ],
    [
        0x8658, 0x8478, 0x8367, 0x4334, 0x2301, 0x289a, 0x89ac, 0x0000, 0x0000, 0x0000, 0x0000,
        0x0000,
    ],
    [
        0x1503, 0x4334, 0x8367, 0x8478, 0x8658, 0x89ac, 0x199b, 0x0000, 0x0000, 0x0000, 0x0000,
        0x0000,
    ],
    [
        0x8658, 0x4445, 0x4514, 0x4334, 0x8367, 0x88bc, 0x89ac, 0x0000, 0x0000, 0x0000, 0x0000,
        0x0000,
    ],
    [
        0x8658, 0x4445, 0x4514, 0x4334, 0x8367, 0x88bc, 0x89ac, 0x1503, 0x2301, 0x289a, 0x199b,
        0x0000,
    ],
    [
        0x8658, 0x4445, 0x2412, 0x2301, 0x4334, 0x8367, 0x88bc, 0x89ac, 0x0000, 0x0000, 0x0000,
        0x0000,
    ],
    [
        0x8658, 0x4445, 0x2412, 0x1503, 0x4334, 0x8367, 0x289a, 0x199b, 0x88bc, 0x89ac, 0x0000,
        0x0000,
    ],
    [
        0x8367, 0x4334, 0x4514, 0x4445, 0x8658, 0x8525, 0x2412, 0x289a, 0x88bc, 0x0000, 0x0000,
        0x0000,
    ],
    [
        0x1503, 0x2301, 0x2412, 0x8525, 0x8658, 0x4445, 0x4514, 0x4334, 0x8367, 0x88bc, 0x199b,
        0x0000,
    ],
    [
        0x2301, 0x4334, 0x8367, 0x88bc, 0x289a, 0x8525, 0x8658, 0x4445, 0x0000, 0x0000, 0x0000,
        0x0000,
    ],
    [
        0x8367, 0x4334, 0x1503, 0x199b, 0x88bc, 0x8658, 0x8525, 0x4445, 0x0000, 0x0000, 0x0000,
        0x0000,
    ],
    [
        0x8367, 0x4334, 0x4514, 0x8525, 0x89ac, 0x88bc, 0x0000, 0x0000, 0x0000, 0x0000, 0x0000,
        0x0000,
    ],
    [
        0x8367, 0x4334, 0x4514, 0x8525, 0x89ac, 0x88bc, 0x2301, 0x1503, 0x199b, 0x289a, 0x0000,
        0x0000,
    ],
    [
        0x8525, 0x2412, 0x2301, 0x4334, 0x8367, 0x88bc, 0x89ac, 0x0000, 0x0000, 0x0000, 0x0000,
        0x0000,
    ],
    [
        0x1503, 0x4334, 0x8367, 0x8525, 0x2412, 0x88bc, 0x89ac, 0x289a, 0x199b, 0x0000, 0x0000,
        0x0000,
    ],
    [
        0x2412, 0x4514, 0x4334, 0x8367, 0x88bc, 0x289a, 0x0000, 0x0000, 0x0000, 0x0000, 0x0000,
        0x0000,
    ],
    [
        0x1503, 0x2301, 0x2412, 0x4514, 0x4334, 0x8367, 0x88bc, 0x199b, 0x0000, 0x0000, 0x0000,
        0x0000,
    ],
    [
        0x2301, 0x4334, 0x8367, 0x88bc, 0x289a, 0x0000, 0x0000, 0x0000, 0x0000, 0x0000, 0x0000,
        0x0000,
    ],
    [
        0x8367, 0x4334, 0x1503, 0x199b, 0x88bc, 0x0000, 0x0000, 0x0000, 0x0000, 0x0000, 0x0000,
        0x0000,
    ],
    [
        0x1636, 0x8367, 0x88bc, 0x199b, 0x4647, 0x4334, 0x4514, 0x4445, 0x0000, 0x0000, 0x0000,
        0x0000,
    ],
    [
        0x2301, 0x1503, 0x1636, 0x8367, 0x88bc, 0x289a, 0x4334, 0x4514, 0x4445, 0x4647, 0x0000,
        0x0000,
    ],
    [
        0x8367, 0x1636, 0x199b, 0x88bc, 0x2301, 0x4334, 0x4647, 0x4445, 0x2412, 0x0000, 0x0000,
        0x0000,
    ],
    [
        0x2412, 0x4445, 0x4647, 0x4334, 0x1503, 0x1636, 0x8367, 0x88bc, 0x289a, 0x0000, 0x0000,
        0x0000,
    ],
    [
        0x8525, 0x2412, 0x289a, 0x89ac, 0x1636, 0x8367, 0x88bc, 0x199b, 0x4514, 0x4445, 0x4647,
        0x4334,
    ],
    [
        0x8525, 0x2412, 0x2301, 0x1503, 0x1636, 0x8367, 0x88bc, 0x89ac, 0x4334, 0x4514, 0x4445,
        0x4647,
    ],
    [
        0x8525, 0x4445, 0x4647, 0x4334, 0x2301, 0x289a, 0x89ac, 0x1636, 0x8367, 0x88bc, 0x199b,
        0x0000,
    ],
    [
        0x8367, 0x1636, 0x1503, 0x4334, 0x4647, 0x4445, 0x8525, 0x89ac, 0x88bc, 0x0000, 0x0000,
        0x0000,
    ],
    [
        0x1636, 0x8367, 0x88bc, 0x199b, 0x8658, 0x4647, 0x4334, 0x4514, 0x8525, 0x0000, 0x0000,
        0x0000,
    ],
    [
        0x2301, 0x1503, 0x1636, 0x8367, 0x88bc, 0x289a, 0x8658, 0x4647, 0x4334, 0x4514, 0x8525,
        0x0000,
    ],
    [
        0x1636, 0x8367, 0x88bc, 0x199b, 0x8658, 0x4647, 0x4334, 0x2301, 0x2412, 0x8525, 0x0000,
        0x0000,
    ],
    [
        0x2412, 0x8525, 0x8658, 0x4647, 0x4334, 0x1503, 0x1636, 0x8367, 0x88bc, 0x289a, 0x0000,
        0x0000,
    ],
    [
        0x2412, 0x4514, 0x4334, 0x4647, 0x8658, 0x89ac, 0x289a, 0x8367, 0x1636, 0x199b, 0x88bc,
        0x0000,
    ],
    [
        0x8367, 0x1636, 0x1503, 0x2301, 0x2412, 0x4514, 0x4334, 0x4647, 0x8658, 0x89ac, 0x88bc,
        0x0000,
    ],
    [
        0x8658, 0x4647, 0x4334, 0x2301, 0x289a, 0x89ac, 0x1636, 0x8367, 0x88bc, 0x199b, 0x0000,
        0x0000,
    ],
    [
        0x8367, 0x1636, 0x1503, 0x4334, 0x4647, 0x8658, 0x89ac, 0x88bc, 0x0000, 0x0000, 0x0000,
        0x0000,
    ],
    [
        0x1636, 0x8367, 0x8478, 0x8658, 0x89ac, 0x199b, 0x4647, 0x4334, 0x4514, 0x4445, 0x0000,
        0x0000,
    ],
    [
        0x2301, 0x1503, 0x1636, 0x8367, 0x8478, 0x8658, 0x89ac, 0x289a, 0x4647, 0x4334, 0x4514,
        0x4445,
    ],
    [
        0x1636, 0x8367, 0x8478, 0x8658, 0x89ac, 0x199b, 0x2412, 0x4445, 0x4647, 0x4334, 0x2301,
        0x0000,
    ],
    [
        0x8658, 0x8478, 0x8367, 0x1636, 0x1503, 0x4334, 0x4647, 0x4445, 0x2412, 0x289a, 0x89ac,
        0x0000,
    ],
    [
        0x1636, 0x8367, 0x8478, 0x8658, 0x8525, 0x2412, 0x289a, 0x199b, 0x4445, 0x4647, 0x4334,
        0x4514,
    ],
    [
        0x2301, 0x1503, 0x1636, 0x8367, 0x8478, 0x8658, 0x8525, 0x2412, 0x4334, 0x4514, 0x4445,
        0x4647,
    ],
    [
        0x1636, 0x8367, 0x8478, 0x8658, 0x8525, 0x4445, 0x4647, 0x4334, 0x2301, 0x289a, 0x199b,
        0x0000,
    ],
    [
        0x1503, 0x1636, 0x8367, 0x8478, 0x8658, 0x8525, 0x4445, 0x4647, 0x4334, 0x0000, 0x0000,
        0x0000,
    ],
    [
        0x8525, 0x4514, 0x4334, 0x4647, 0x8478, 0x8367, 0x1636, 0x199b, 0x89ac, 0x0000, 0x0000,
        0x0000,
    ],
    [
        0x2301, 0x1503, 0x1636, 0x8367, 0x8478, 0x4647, 0x4334, 0x4514, 0x8525, 0x89ac, 0x289a,
        0x0000,
    ],
    [
        0x8525, 0x2412, 0x2301, 0x4334, 0x4647, 0x8478, 0x8367, 0x1636, 0x199b, 0x89ac, 0x0000,
        0x0000,
    ],
    [
        0x2412, 0x8525, 0x89ac, 0x289a, 0x1503, 0x1636, 0x8367, 0x8478, 0x4647, 0x4334, 0x0000,
        0x0000,
    ],
    [
        0x1636, 0x8367, 0x8478, 0x4647, 0x4334, 0x4514, 0x2412, 0x289a, 0x199b, 0x0000, 0x0000,
        0x0000,
    ],
    [
        0x2412, 0x2301, 0x1503, 0x1636, 0x8367, 0x8478, 0x4647, 0x4334, 0x4514, 0x0000, 0x0000,
        0x0000,
    ],
    [
        0x1636, 0x8367, 0x8478, 0x4647, 0x4334, 0x2301, 0x289a, 0x199b, 0x0000, 0x0000, 0x0000,
        0x0000,
    ],
    [
        0x1636, 0x8367, 0x8478, 0x4647, 0x4334, 0x1503, 0x0000, 0x0000, 0x0000, 0x0000, 0x0000,
        0x0000,
    ],
    [
        0x1636, 0x4334, 0x4514, 0x4445, 0x8478, 0x88bc, 0x199b, 0x0000, 0x0000, 0x0000, 0x0000,
        0x0000,
    ],
    [
        0x8478, 0x4445, 0x4514, 0x4334, 0x1636, 0x1503, 0x2301, 0x289a, 0x88bc, 0x0000, 0x0000,
        0x0000,
    ],
    [
        0x1636, 0x4334, 0x2301, 0x2412, 0x4445, 0x8478, 0x88bc, 0x199b, 0x0000, 0x0000, 0x0000,
        0x0000,
    ],
    [
        0x8478, 0x4445, 0x2412, 0x289a, 0x88bc, 0x1636, 0x1503, 0x4334, 0x0000, 0x0000, 0x0000,
        0x0000,
    ],
    [
        0x1636, 0x4334, 0x4514, 0x4445, 0x8478, 0x88bc, 0x199b, 0x8525, 0x2412, 0x289a, 0x89ac,
        0x0000,
    ],
    [
        0x8525, 0x2412, 0x2301, 0x1503, 0x1636, 0x4334, 0x4514, 0x4445, 0x8478, 0x88bc, 0x89ac,
        0x0000,
    ],
    [
        0x1636, 0x4334, 0x2301, 0x8525, 0x4445, 0x8478, 0x289a, 0x89ac, 0x88bc, 0x199b, 0x0000,
        0x0000,
    ],
    [
        0x8478, 0x4445, 0x8525, 0x89ac, 0x88bc, 0x1636, 0x1503, 0x4334, 0x0000, 0x0000, 0x0000,
        0x0000,
    ],
    [
        0x1636, 0x4334, 0x4514, 0x8525, 0x8658, 0x8478, 0x88bc, 0x199b, 0x0000, 0x0000, 0x0000,
        0x0000,
    ],
    [
        0x8478, 0x8658, 0x8525, 0x4514, 0x4334, 0x1636, 0x1503, 0x2301, 0x289a, 0x88bc, 0x0000,
        0x0000,
    ],
    [
        0x8478, 0x8658, 0x8525, 0x2412, 0x2301, 0x4334, 0x1636, 0x199b, 0x88bc, 0x0000, 0x0000,
        0x0000,
    ],
    [
        0x8478, 0x8658, 0x8525, 0x2412, 0x289a, 0x88bc, 0x1636, 0x1503, 0x4334, 0x0000, 0x0000,
        0x0000,
    ],
    [
        0x1636, 0x4334, 0x4514, 0x2412, 0x8658, 0x8478, 0x289a, 0x89ac, 0x88bc, 0x199b, 0x0000,
        0x0000,
    ],
    [
        0x8658, 0x8478, 0x88bc, 0x89ac, 0x2412, 0x2301, 0x1503, 0x1636, 0x4334, 0x4514, 0x0000,
        0x0000,
    ],
    [
        0x1636, 0x4334, 0x2301, 0x8658, 0x8478, 0x289a, 0x89ac, 0x88bc, 0x199b, 0x0000, 0x0000,
        0x0000,
    ],
    [
        0x8658, 0x8478, 0x88bc, 0x89ac, 0x1503, 0x1636, 0x4334, 0x0000, 0x0000, 0x0000, 0x0000,
        0x0000,
    ],
    [
        0x1636, 0x4334, 0x4514, 0x4445, 0x8658, 0x89ac, 0x199b, 0x0000, 0x0000, 0x0000, 0x0000,
        0x0000,
    ],
    [
        0x2301, 0x1503, 0x1636, 0x4334, 0x4514, 0x4445, 0x8658, 0x89ac, 0x289a, 0x0000, 0x0000,
        0x0000,
    ],
    [
        0x8658, 0x4445, 0x2412, 0x2301, 0x4334, 0x1636, 0x199b, 0x89ac, 0x0000, 0x0000, 0x0000,
        0x0000,
    ],
    [
        0x2412, 0x4445, 0x8658, 0x89ac, 0x289a, 0x1503, 0x1636, 0x4334, 0x0000, 0x0000, 0x0000,
        0x0000,
    ],
    [
        0x2412, 0x8525, 0x8658, 0x4445, 0x4514, 0x4334, 0x1636, 0x199b, 0x289a, 0x0000, 0x0000,
        0x0000,
    ],
    [
        0x8658, 0x8525, 0x2412, 0x2301, 0x1503, 0x1636, 0x4334, 0x4514, 0x4445, 0x0000, 0x0000,
        0x0000,
    ],
    [
        0x2301, 0x4334, 0x1636, 0x199b, 0x289a, 0x8525, 0x8658, 0x4445, 0x0000, 0x0000, 0x0000,
        0x0000,
    ],
    [
        0x1636, 0x1503, 0x4334, 0x8525, 0x8658, 0x4445, 0x0000, 0x0000, 0x0000, 0x0000, 0x0000,
        0x0000,
    ],
    [
        0x1636, 0x4334, 0x4514, 0x8525, 0x89ac, 0x199b, 0x0000, 0x0000, 0x0000, 0x0000, 0x0000,
        0x0000,
    ],
    [
        0x2301, 0x1503, 0x1636, 0x4334, 0x4514, 0x8525, 0x89ac, 0x289a, 0x0000, 0x0000, 0x0000,
        0x0000,
    ],
    [
        0x1636, 0x4334, 0x2301, 0x2412, 0x8525, 0x89ac, 0x199b, 0x0000, 0x0000, 0x0000, 0x0000,
        0x0000,
    ],
    [
        0x8525, 0x2412, 0x289a, 0x89ac, 0x1636, 0x1503, 0x4334, 0x0000, 0x0000, 0x0000, 0x0000,
        0x0000,
    ],
    [
        0x2412, 0x4514, 0x4334, 0x1636, 0x199b, 0x289a, 0x0000, 0x0000, 0x0000, 0x0000, 0x0000,
        0x0000,
    ],
    [
        0x2301, 0x1503, 0x1636, 0x4334, 0x4514, 0x2412, 0x0000, 0x0000, 0x0000, 0x0000, 0x0000,
        0x0000,
    ],
    [
        0x2301, 0x4334, 0x1636, 0x199b, 0x289a, 0x0000, 0x0000, 0x0000, 0x0000, 0x0000, 0x0000,
        0x0000,
    ],
    [
        0x1636, 0x1503, 0x4334, 0x0000, 0x0000, 0x0000, 0x0000, 0x0000, 0x0000, 0x0000, 0x0000,
        0x0000,
    ],
    [
        0x1503, 0x4514, 0x4445, 0x4647, 0x1636, 0x0000, 0x0000, 0x0000, 0x0000, 0x0000, 0x0000,
        0x0000,
    ],
    [
        0x2301, 0x4514, 0x4445, 0x4647, 0x1636, 0x199b, 0x289a, 0x0000, 0x0000, 0x0000, 0x0000,
        0x0000,
    ],
    [
        0x1503, 0x2301, 0x2412, 0x4445, 0x4647, 0x1636, 0x0000, 0x0000, 0x0000, 0x0000, 0x0000,
        0x0000,
    ],
    [
        0x2412, 0x4445, 0x4647, 0x1636, 0x199b, 0x289a, 0x0000, 0x0000, 0x0000, 0x0000, 0x0000,
        0x0000,
    ],
    [
        0x8525, 0x2412, 0x289a, 0x89ac, 0x1503, 0x4514, 0x4445, 0x4647, 0x1636, 0x0000, 0x0000,
        0x0000,
    ],
    [
        0x1636, 0x4647, 0x4445, 0x4514, 0x2301, 0x2412, 0x8525, 0x89ac, 0x199b, 0x0000, 0x0000,
        0x0000,
    ],
    [
        0x8525, 0x4445, 0x4647, 0x1636, 0x1503, 0x2301, 0x289a, 0x89ac, 0x0000, 0x0000, 0x0000,
        0x0000,
    ],
    [
        0x8525, 0x4445, 0x4647, 0x1636, 0x199b, 0x89ac, 0x0000, 0x0000, 0x0000, 0x0000, 0x0000,
        0x0000,
    ],
    [
        0x1503, 0x4514, 0x8525, 0x8658, 0x4647, 0x1636, 0x0000, 0x0000, 0x0000, 0x0000, 0x0000,
        0x0000,
    ],
    [
        0x2301, 0x4514, 0x8525, 0x8658, 0x4647, 0x1636, 0x199b, 0x289a, 0x0000, 0x0000, 0x0000,
        0x0000,
    ],
    [
        0x8658, 0x4647, 0x1636, 0x1503, 0x2301, 0x2412, 0x8525, 0x0000, 0x0000, 0x0000, 0x0000,
        0x0000,
    ],
    [
        0x2412, 0x8525, 0x8658, 0x4647, 0x1636, 0x199b, 0x289a, 0x0000, 0x0000, 0x0000, 0x0000,
        0x0000,
    ],
    [
        0x2412, 0x4514, 0x1503, 0x1636, 0x4647, 0x8658, 0x89ac, 0x289a, 0x0000, 0x0000, 0x0000,
        0x0000,
    ],
    [
        0x1636, 0x4647, 0x8658, 0x89ac, 0x199b, 0x2301, 0x2412, 0x4514, 0x0000, 0x0000, 0x0000,
        0x0000,
    ],
    [
        0x2301, 0x1503, 0x1636, 0x4647, 0x8658, 0x89ac, 0x289a, 0x0000, 0x0000, 0x0000, 0x0000,
        0x0000,
    ],
    [
        0x1636, 0x4647, 0x8658, 0x89ac, 0x199b, 0x0000, 0x0000, 0x0000, 0x0000, 0x0000, 0x0000,
        0x0000,
    ],
    [
        0x8658, 0x8478, 0x88bc, 0x89ac, 0x1636, 0x4647, 0x4445, 0x4514, 0x1503, 0x0000, 0x0000,
        0x0000,
    ],
    [
        0x2301, 0x4514, 0x4445, 0x4647, 0x1636, 0x199b, 0x289a, 0x8478, 0x8658, 0x89ac, 0x88bc,
        0x0000,
    ],
    [
        0x8478, 0x8658, 0x89ac, 0x88bc, 0x2412, 0x4445, 0x4647, 0x1636, 0x1503, 0x2301, 0x0000,
        0x0000,
    ],
    [
        0x2412, 0x4445, 0x4647, 0x1636, 0x199b, 0x289a, 0x8478, 0x8658, 0x89ac, 0x88bc, 0x0000,
        0x0000,
    ],
    [
        0x8478, 0x8658, 0x8525, 0x2412, 0x289a, 0x88bc, 0x1503, 0x4514, 0x4445, 0x4647, 0x1636,
        0x0000,
    ],
    [
        0x8478, 0x8658, 0x8525, 0x2412, 0x2301, 0x4514, 0x4445, 0x4647, 0x1636, 0x199b, 0x88bc,
        0x0000,
    ],
    [
        0x2301, 0x1503, 0x1636, 0x4647, 0x4445, 0x8525, 0x8658, 0x8478, 0x88bc, 0x289a, 0x0000,
        0x0000,
    ],
    [
        0x8478, 0x8658, 0x8525, 0x4445, 0x4647, 0x1636, 0x199b, 0x88bc, 0x0000, 0x0000, 0x0000,
        0x0000,
    ],
    [
        0x8478, 0x4647, 0x1636, 0x1503, 0x4514, 0x8525, 0x89ac, 0x88bc, 0x0000, 0x0000, 0x0000,
        0x0000,
    ],
    [
        0x2301, 0x4514, 0x8525, 0x8478, 0x4647, 0x1636, 0x89ac, 0x88bc, 0x199b, 0x289a, 0x0000,
        0x0000,
    ],
    [
        0x8525, 0x2412, 0x2301, 0x1503, 0x1636, 0x4647, 0x8478, 0x88bc, 0x89ac, 0x0000, 0x0000,
        0x0000,
    ],
    [
        0x8478, 0x4647, 0x1636, 0x2412, 0x8525, 0x199b, 0x289a, 0x89ac, 0x88bc, 0x0000, 0x0000,
        0x0000,
    ],
    [
        0x2412, 0x4514, 0x1503, 0x1636, 0x4647, 0x8478, 0x88bc, 0x289a, 0x0000, 0x0000, 0x0000,
        0x0000,
    ],
    [
        0x1636, 0x4647, 0x8478, 0x88bc, 0x199b, 0x2301, 0x2412, 0x4514, 0x0000, 0x0000, 0x0000,
        0x0000,
    ],
    [
        0x8478, 0x4647, 0x1636, 0x1503, 0x2301, 0x289a, 0x88bc, 0x0000, 0x0000, 0x0000, 0x0000,
        0x0000,
    ],
    [
        0x1636, 0x4647, 0x8478, 0x88bc, 0x199b, 0x0000, 0x0000, 0x0000, 0x0000, 0x0000, 0x0000,
        0x0000,
    ],
    [
        0x8367, 0x1636, 0x1503, 0x4514, 0x4445, 0x8478, 0x0000, 0x0000, 0x0000, 0x0000, 0x0000,
        0x0000,
    ],
    [
        0x2301, 0x4514, 0x4445, 0x8478, 0x8367, 0x1636, 0x199b, 0x289a, 0x0000, 0x0000, 0x0000,
        0x0000,
    ],
    [
        0x2412, 0x4445, 0x8478, 0x8367, 0x1636, 0x1503, 0x2301, 0x0000, 0x0000, 0x0000, 0x0000,
        0x0000,
    ],
    [
        0x1636, 0x8367, 0x8478, 0x4445, 0x2412, 0x289a, 0x199b, 0x0000, 0x0000, 0x0000, 0x0000,
        0x0000,
    ],
    [
        0x8525, 0x2412, 0x289a, 0x89ac, 0x1503, 0x4514, 0x4445, 0x8478, 0x8367, 0x1636, 0x0000,
        0x0000,
    ],
    [
        0x1636, 0x8367, 0x8478, 0x4445, 0x4514, 0x2301, 0x2412, 0x8525, 0x89ac, 0x199b, 0x0000,
        0x0000,
    ],
    [
        0x2301, 0x1503, 0x1636, 0x8367, 0x8478, 0x4445, 0x8525, 0x89ac, 0x289a, 0x0000, 0x0000,
        0x0000,
    ],
    [
        0x8525, 0x4445, 0x8478, 0x8367, 0x1636, 0x199b, 0x89ac, 0x0000, 0x0000, 0x0000, 0x0000,
        0x0000,
    ],
    [
        0x1503, 0x4514, 0x8525, 0x8658, 0x8478, 0x8367, 0x1636, 0x0000, 0x0000, 0x0000, 0x0000,
        0x0000,
    ],
    [
        0x1636, 0x8367, 0x8478, 0x8658, 0x8525, 0x4514, 0x2301, 0x289a, 0x199b, 0x0000, 0x0000,
        0x0000,
    ],
    [
        0x1636, 0x8367, 0x8478, 0x8658, 0x8525, 0x2412, 0x2301, 0x1503, 0x0000, 0x0000, 0x0000,
        0x0000,
    ],
    [
        0x1636, 0x8367, 0x8478, 0x8658, 0x8525, 0x2412, 0x289a, 0x199b, 0x0000, 0x0000, 0x0000,
        0x0000,
    ],
    [
        0x8658, 0x8478, 0x8367, 0x1636, 0x1503, 0x4514, 0x2412, 0x289a, 0x89ac, 0x0000, 0x0000,
        0x0000,
    ],
    [
        0x1636, 0x8367, 0x8478, 0x8658, 0x89ac, 0x199b, 0x2301, 0x2412, 0x4514, 0x0000, 0x0000,
        0x0000,
    ],
    [
        0x2301, 0x1503, 0x1636, 0x8367, 0x8478, 0x8658, 0x89ac, 0x289a, 0x0000, 0x0000, 0x0000,
        0x0000,
    ],
    [
        0x1636, 0x8367, 0x8478, 0x8658, 0x89ac, 0x199b, 0x0000, 0x0000, 0x0000, 0x0000, 0x0000,
        0x0000,
    ],
    [
        0x8658, 0x4445, 0x4514, 0x1503, 0x1636, 0x8367, 0x88bc, 0x89ac, 0x0000, 0x0000, 0x0000,
        0x0000,
    ],
    [
        0x2301, 0x4514, 0x4445, 0x8658, 0x8367, 0x1636, 0x89ac, 0x88bc, 0x199b, 0x289a, 0x0000,
        0x0000,
    ],
    [
        0x8367, 0x1636, 0x1503, 0x2301, 0x2412, 0x4445, 0x8658, 0x89ac, 0x88bc, 0x0000, 0x0000,
        0x0000,
    ],
    [
        0x8658, 0x4445, 0x2412, 0x1636, 0x8367, 0x289a, 0x199b, 0x88bc, 0x89ac, 0x0000, 0x0000,
        0x0000,
    ],
    [
        0x8367, 0x1636, 0x1503, 0x4514, 0x4445, 0x8658, 0x8525, 0x2412, 0x289a, 0x88bc, 0x0000,
        0x0000,
    ],
    [
        0x8367, 0x1636, 0x199b, 0x88bc, 0x8658, 0x8525, 0x2412, 0x2301, 0x4514, 0x4445, 0x0000,
        0x0000,
    ],
    [
        0x2301, 0x1503, 0x1636, 0x8367, 0x88bc, 0x289a, 0x8525, 0x8658, 0x4445, 0x0000, 0x0000,
        0x0000,
    ],
    [
        0x1636, 0x8367, 0x88bc, 0x199b, 0x8525, 0x8658, 0x4445, 0x0000, 0x0000, 0x0000, 0x0000,
        0x0000,
    ],
    [
        0x8367, 0x1636, 0x1503, 0x4514, 0x8525, 0x89ac, 0x88bc, 0x0000, 0x0000, 0x0000, 0x0000,
        0x0000,
    ],
    [
        0x2301, 0x4514, 0x8525, 0x8367, 0x1636, 0x89ac, 0x88bc, 0x199b, 0x289a, 0x0000, 0x0000,
        0x0000,
    ],
    [
        0x8525, 0x2412, 0x2301, 0x1503, 0x1636, 0x8367, 0x88bc, 0x89ac, 0x0000, 0x0000, 0x0000,
        0x0000,
    ],
    [
        0x2412, 0x8525, 0x8367, 0x1636, 0x89ac, 0x88bc, 0x199b, 0x289a, 0x0000, 0x0000, 0x0000,
        0x0000,
    ],
    [
        0x2412, 0x4514, 0x1503, 0x1636, 0x8367, 0x88bc, 0x289a, 0x0000, 0x0000, 0x0000, 0x0000,
        0x0000,
    ],
    [
        0x8367, 0x1636, 0x199b, 0x88bc, 0x2412, 0x2301, 0x4514, 0x0000, 0x0000, 0x0000, 0x0000,
        0x0000,
    ],
    [
        0x2301, 0x1503, 0x1636, 0x8367, 0x88bc, 0x289a, 0x0000, 0x0000, 0x0000, 0x0000, 0x0000,
        0x0000,
    ],
    [
        0x1636, 0x8367, 0x88bc, 0x199b, 0x0000, 0x0000, 0x0000, 0x0000, 0x0000, 0x0000, 0x0000,
        0x0000,
    ],
    [
        0x8367, 0x4647, 0x4445, 0x4514, 0x1503, 0x199b, 0x88bc, 0x0000, 0x0000, 0x0000, 0x0000,
        0x0000,
    ],
    [
        0x2301, 0x4514, 0x4445, 0x4647, 0x8367, 0x88bc, 0x289a, 0x0000, 0x0000, 0x0000, 0x0000,
        0x0000,
    ],
    [
        0x8367, 0x4647, 0x4445, 0x2412, 0x2301, 0x1503, 0x199b, 0x88bc, 0x0000, 0x0000, 0x0000,
        0x0000,
    ],
    [
        0x8367, 0x4647, 0x4445, 0x2412, 0x289a, 0x88bc, 0x0000, 0x0000, 0x0000, 0x0000, 0x0000,
        0x0000,
    ],
    [
        0x8367, 0x4647, 0x4445, 0x4514, 0x1503, 0x199b, 0x88bc, 0x2412, 0x8525, 0x89ac, 0x289a,
        0x0000,
    ],
    [
        0x8525, 0x2412, 0x2301, 0x4514, 0x4445, 0x4647, 0x8367, 0x88bc, 0x89ac, 0x0000, 0x0000,
        0x0000,
    ],
    [
        0x8525, 0x4445, 0x4647, 0x8367, 0x1503, 0x2301, 0x88bc, 0x199b, 0x289a, 0x89ac, 0x0000,
        0x0000,
    ],
    [
        0x8367, 0x4647, 0x4445, 0x8525, 0x89ac, 0x88bc, 0x0000, 0x0000, 0x0000, 0x0000, 0x0000,
        0x0000,
    ],
    [
        0x8367, 0x4647, 0x8658, 0x8525, 0x4514, 0x1503, 0x199b, 0x88bc, 0x0000, 0x0000, 0x0000,
        0x0000,
    ],
    [
        0x8367, 0x4647, 0x8658, 0x8525, 0x4514, 0x2301, 0x289a, 0x88bc, 0x0000, 0x0000, 0x0000,
        0x0000,
    ],
    [
        0x1503, 0x2301, 0x2412, 0x8525, 0x8658, 0x4647, 0x8367, 0x88bc, 0x199b, 0x0000, 0x0000,
        0x0000,
    ],
    [
        0x8367, 0x4647, 0x8658, 0x8525, 0x2412, 0x289a, 0x88bc, 0x0000, 0x0000, 0x0000, 0x0000,
        0x0000,
    ],
    [
        0x2412, 0x4514, 0x1503, 0x8367, 0x4647, 0x8658, 0x199b, 0x88bc, 0x89ac, 0x289a, 0x0000,
        0x0000,
    ],
    [
        0x8658, 0x4647, 0x8367, 0x88bc, 0x89ac, 0x2412, 0x2301, 0x4514, 0x0000, 0x0000, 0x0000,
        0x0000,
    ],
    [
        0x8367, 0x4647, 0x8658, 0x2301, 0x1503, 0x89ac, 0x289a, 0x199b, 0x88bc, 0x0000, 0x0000,
        0x0000,
    ],
    [
        0x8658, 0x4647, 0x8367, 0x88bc, 0x89ac, 0x0000, 0x0000, 0x0000, 0x0000, 0x0000, 0x0000,
        0x0000,
    ],
    [
        0x1503, 0x4514, 0x4445, 0x4647, 0x8367, 0x8478, 0x8658, 0x89ac, 0x199b, 0x0000, 0x0000,
        0x0000,
    ],
    [
        0x8658, 0x8478, 0x8367, 0x4647, 0x4445, 0x4514, 0x2301, 0x289a, 0x89ac, 0x0000, 0x0000,
        0x0000,
    ],
    [
        0x1503, 0x2301, 0x2412, 0x4445, 0x4647, 0x8367, 0x8478, 0x8658, 0x89ac, 0x199b, 0x0000,
        0x0000,
    ],
    [
        0x8658, 0x8478, 0x8367, 0x4647, 0x4445, 0x2412, 0x289a, 0x89ac, 0x0000, 0x0000, 0x0000,
        0x0000,
    ],
    [
        0x2412, 0x8525, 0x8658, 0x8478, 0x8367, 0x4647, 0x4445, 0x4514, 0x1503, 0x199b, 0x289a,
        0x0000,
    ],
    [
        0x8367, 0x8478, 0x8658, 0x8525, 0x2412, 0x2301, 0x4514, 0x4445, 0x4647, 0x0000, 0x0000,
        0x0000,
    ],
    [
        0x1503, 0x2301, 0x289a, 0x199b, 0x8367, 0x8478, 0x8658, 0x8525, 0x4445, 0x4647, 0x0000,
        0x0000,
    ],
    [
        0x8478, 0x8658, 0x8525, 0x4445, 0x4647, 0x8367, 0x0000, 0x0000, 0x0000, 0x0000, 0x0000,
        0x0000,
    ],
    [
        0x8525, 0x4514, 0x1503, 0x199b, 0x89ac, 0x8478, 0x8367, 0x4647, 0x0000, 0x0000, 0x0000,
        0x0000,
    ],
    [
        0x8525, 0x4514, 0x2301, 0x289a, 0x89ac, 0x8478, 0x8367, 0x4647, 0x0000, 0x0000, 0x0000,
        0x0000,
    ],
    [
        0x8525, 0x2412, 0x2301, 0x1503, 0x199b, 0x89ac, 0x8478, 0x8367, 0x4647, 0x0000, 0x0000,
        0x0000,
    ],
    [
        0x2412, 0x8525, 0x89ac, 0x289a, 0x8367, 0x8478, 0x4647, 0x0000, 0x0000, 0x0000, 0x0000,
        0x0000,
    ],
    [
        0x1503, 0x4514, 0x2412, 0x289a, 0x199b, 0x8367, 0x8478, 0x4647, 0x0000, 0x0000, 0x0000,
        0x0000,
    ],
    [
        0x2301, 0x2412, 0x4514, 0x8478, 0x8367, 0x4647, 0x0000, 0x0000, 0x0000, 0x0000, 0x0000,
        0x0000,
    ],
    [
        0x2301, 0x1503, 0x199b, 0x289a, 0x8478, 0x8367, 0x4647, 0x0000, 0x0000, 0x0000, 0x0000,
        0x0000,
    ],
    [
        0x8478, 0x8367, 0x4647, 0x0000, 0x0000, 0x0000, 0x0000, 0x0000, 0x0000, 0x0000, 0x0000,
        0x0000,
    ],
    [
        0x1503, 0x4514, 0x4445, 0x8478, 0x88bc, 0x199b, 0x0000, 0x0000, 0x0000, 0x0000, 0x0000,
        0x0000,
    ],
    [
        0x2301, 0x4514, 0x4445, 0x8478, 0x88bc, 0x289a, 0x0000, 0x0000, 0x0000, 0x0000, 0x0000,
        0x0000,
    ],
    [
        0x1503, 0x2301, 0x2412, 0x4445, 0x8478, 0x88bc, 0x199b, 0x0000, 0x0000, 0x0000, 0x0000,
        0x0000,
    ],
    [
        0x8478, 0x4445, 0x2412, 0x289a, 0x88bc, 0x0000, 0x0000, 0x0000, 0x0000, 0x0000, 0x0000,
        0x0000,
    ],
    [
        0x1503, 0x4514, 0x4445, 0x8478, 0x88bc, 0x199b, 0x8525, 0x2412, 0x289a, 0x89ac, 0x0000,
        0x0000,
    ],
    [
        0x8525, 0x2412, 0x2301, 0x4514, 0x4445, 0x8478, 0x88bc, 0x89ac, 0x0000, 0x0000, 0x0000,
        0x0000,
    ],
    [
        0x8525, 0x4445, 0x8478, 0x1503, 0x2301, 0x88bc, 0x199b, 0x289a, 0x89ac, 0x0000, 0x0000,
        0x0000,
    ],
    [
        0x8478, 0x4445, 0x8525, 0x89ac, 0x88bc, 0x0000, 0x0000, 0x0000, 0x0000, 0x0000, 0x0000,
        0x0000,
    ],
    [
        0x8478, 0x8658, 0x8525, 0x4514, 0x1503, 0x199b, 0x88bc, 0x0000, 0x0000, 0x0000, 0x0000,
        0x0000,
    ],
    [
        0x2301, 0x4514, 0x8525, 0x8658, 0x8478, 0x88bc, 0x289a, 0x0000, 0x0000, 0x0000, 0x0000,
        0x0000,
    ],
    [
        0x8478, 0x8658, 0x8525, 0x2412, 0x2301, 0x1503, 0x199b, 0x88bc, 0x0000, 0x0000, 0x0000,
        0x0000,
    ],
    [
        0x8478, 0x8658, 0x8525, 0x2412, 0x289a, 0x88bc, 0x0000, 0x0000, 0x0000, 0x0000, 0x0000,
        0x0000,
    ],
    [
        0x2412, 0x4514, 0x1503, 0x8478, 0x8658, 0x199b, 0x88bc, 0x89ac, 0x289a, 0x0000, 0x0000,
        0x0000,
    ],
    [
        0x8478, 0x8658, 0x89ac, 0x88bc, 0x2301, 0x2412, 0x4514, 0x0000, 0x0000, 0x0000, 0x0000,
        0x0000,
    ],
    [
        0x1503, 0x2301, 0x8658, 0x8478, 0x289a, 0x89ac, 0x88bc, 0x199b, 0x0000, 0x0000, 0x0000,
        0x0000,
    ],
    [
        0x8478, 0x8658, 0x89ac, 0x88bc, 0x0000, 0x0000, 0x0000, 0x0000, 0x0000, 0x0000, 0x0000,
        0x0000,
    ],
    [
        0x8658, 0x4445, 0x4514, 0x1503, 0x199b, 0x89ac, 0x0000, 0x0000, 0x0000, 0x0000, 0x0000,
        0x0000,
    ],
    [
        0x8658, 0x4445, 0x4514, 0x2301, 0x289a, 0x89ac, 0x0000, 0x0000, 0x0000, 0x0000, 0x0000,
        0x0000,
    ],
    [
        0x8658, 0x4445, 0x2412, 0x2301, 0x1503, 0x199b, 0x89ac, 0x0000, 0x0000, 0x0000, 0x0000,
        0x0000,
    ],
    [
        0x2412, 0x4445, 0x8658, 0x89ac, 0x289a, 0x0000, 0x0000, 0x0000, 0x0000, 0x0000, 0x0000,
        0x0000,
    ],
    [
        0x2412, 0x8525, 0x8658, 0x4445, 0x4514, 0x1503, 0x199b, 0x289a, 0x0000, 0x0000, 0x0000,
        0x0000,
    ],
    [
        0x8525, 0x2412, 0x2301, 0x4514, 0x4445, 0x8658, 0x0000, 0x0000, 0x0000, 0x0000, 0x0000,
        0x0000,
    ],
    [
        0x1503, 0x2301, 0x289a, 0x199b, 0x8658, 0x8525, 0x4445, 0x0000, 0x0000, 0x0000, 0x0000,
        0x0000,
    ],
    [
        0x8525, 0x8658, 0x4445, 0x0000, 0x0000, 0x0000, 0x0000, 0x0000, 0x0000, 0x0000, 0x0000,
        0x0000,
    ],
    [
        0x8525, 0x4514, 0x1503, 0x199b, 0x89ac, 0x0000, 0x0000, 0x0000, 0x0000, 0x0000, 0x0000,
        0x0000,
    ],
    [
        0x8525, 0x4514, 0x2301, 0x289a, 0x89ac, 0x0000, 0x0000, 0x0000, 0x0000, 0x0000, 0x0000,
        0x0000,
    ],
    [
        0x8525, 0x2412, 0x2301, 0x1503, 0x199b, 0x89ac, 0x0000, 0x0000, 0x0000, 0x0000, 0x0000,
        0x0000,
    ],
    [
        0x8525, 0x2412, 0x289a, 0x89ac, 0x0000, 0x0000, 0x0000, 0x0000, 0x0000, 0x0000, 0x0000,
        0x0000,
    ],
    [
        0x1503, 0x4514, 0x2412, 0x289a, 0x199b, 0x0000, 0x0000, 0x0000, 0x0000, 0x0000, 0x0000,
        0x0000,
    ],
    [
        0x2301, 0x2412, 0x4514, 0x0000, 0x0000, 0x0000, 0x0000, 0x0000, 0x0000, 0x0000, 0x0000,
        0x0000,
    ],
    [
        0x2301, 0x1503, 0x199b, 0x289a, 0x0000, 0x0000, 0x0000, 0x0000, 0x0000, 0x0000, 0x0000,
        0x0000,
    ],
    [
        0x0000, 0x0000, 0x0000, 0x0000, 0x0000, 0x0000, 0x0000, 0x0000, 0x0000, 0x0000, 0x0000,
        0x0000,
    ],
];
