   Compiling mechanic-physics v0.1.0 (/Users/jens/repos/mechanic/crates/mechanic-physics)
    Finished `test` profile [optimized + debuginfo] target(s) in 2.08s
     Running unittests src/lib.rs (target/debug/deps/mechanic_physics-ced37d44e4e3378f)

running 1 test
EVENT elapsed=0e0 trial=1.6666666666666666e-2 nominal=1.6666666666666666e-2 contacts=0 outcome=Refine(TerrainSweepHit { collider: 31, node: TerrainNodeId { coordinates: BrickCoord { x: -67108864, y: -67108864, z: -67108864 }, level: 27 }, triangle: 1, fraction: 0.7349788693579988, separation: 2.220446049250313e-16 })
EVENT elapsed=0e0 trial=1.2249647822633315e-2 nominal=1.6666666666666666e-2 contacts=0 outcome=Complete { arrived: false, drive_impulses: [(1, 1.3393676808161424e-10), (2, -4.444607856600649e-10), (4, 4.420075334937993e-10), (5, -7.351691468812741e-10), (7, 5.435044719891869e-10), (9, -4.130343294728765e-10)] }
EVENT elapsed=0e0 trial=1.445815724464999e-2 nominal=1.6666666666666666e-2 contacts=0 outcome=Refine(TerrainSweepHit { collider: 31, node: TerrainNodeId { coordinates: BrickCoord { x: -67108864, y: -67108864, z: -67108864 }, level: 27 }, triangle: 1, fraction: 0.8495027417085231, separation: 1.6653345369377348e-16 })
EVENT elapsed=0e0 trial=1.2470498764834982e-2 nominal=1.6666666666666666e-2 contacts=0 outcome=Refine(TerrainSweepHit { collider: 31, node: TerrainNodeId { coordinates: BrickCoord { x: -67108864, y: -67108864, z: -67108864 }, level: 27 }, triangle: 1, fraction: 0.9872684235642222, separation: 2.7755575615628914e-16 })
EVENT elapsed=0e0 trial=1.2311729656618212e-2 nominal=1.6666666666666666e-2 contacts=0 outcome=Complete { arrived: false, drive_impulses: [(1, 1.3893775209549131e-10), (2, -4.4903196995491073e-10), (4, 4.3362896300085306e-10), (5, -7.274160149177101e-10), (7, 5.406254219750003e-10), (9, -4.1175360858750277e-10)] }
EVENT elapsed=0e0 trial=1.2391114210726598e-2 nominal=1.6666666666666666e-2 contacts=0 outcome=Refine(TerrainSweepHit { collider: 31, node: TerrainNodeId { coordinates: BrickCoord { x: -67108864, y: -67108864, z: -67108864 }, level: 27 }, triangle: 1, fraction: 0.9936887029162875, separation: 1.6653345369377348e-16 })
EVENT elapsed=0e0 trial=1.231966811202905e-2 nominal=1.6666666666666666e-2 contacts=0 outcome=Refine(TerrainSweepHit { collider: 31, node: TerrainNodeId { coordinates: BrickCoord { x: -67108864, y: -67108864, z: -67108864 }, level: 27 }, triangle: 1, fraction: 0.9995377136276247, separation: 1.1102230246251565e-16 })
EVENT elapsed=0e0 trial=1.2313972897348672e-2 nominal=1.6666666666666666e-2 contacts=0 outcome=Complete { arrived: false, drive_impulses: [(1, 1.391175067672389e-10), (2, -4.4919622512142815e-10), (4, 4.3332727258140594e-10), (5, -7.271365899980672e-10), (7, 5.405212996185962e-10), (9, -4.117067162508844e-10)] }
EVENT elapsed=0e0 trial=1.2316820504688861e-2 nominal=1.6666666666666666e-2 contacts=0 outcome=Refine(TerrainSweepHit { collider: 31, node: TerrainNodeId { coordinates: BrickCoord { x: -67108864, y: -67108864, z: -67108864 }, level: 27 }, triangle: 1, fraction: 0.9997722425025954, separation: 3.3306690738754696e-16 })
EVENT elapsed=0e0 trial=1.2314257658082691e-2 nominal=1.6666666666666666e-2 contacts=0 outcome=Refine(TerrainSweepHit { collider: 31, node: TerrainNodeId { coordinates: BrickCoord { x: -67108864, y: -67108864, z: -67108864 }, level: 27 }, triangle: 1, fraction: 0.9999834112497106, separation: 2.220446049250313e-16 })
EVENT elapsed=0e0 trial=1.2314053379937401e-2 nominal=1.6666666666666666e-2 contacts=0 outcome=Complete { arrived: false, drive_impulses: [(1, 1.3912347777152293e-10), (2, -4.4920162622532225e-10), (4, 4.3331695101028756e-10), (5, -7.271270356836862e-10), (7, 5.405180261128114e-10), (9, -4.117054741941166e-10)] }
EVENT elapsed=0e0 trial=1.2314155519010047e-2 nominal=1.6666666666666666e-2 contacts=0 outcome=Refine(TerrainSweepHit { collider: 31, node: TerrainNodeId { coordinates: BrickCoord { x: -67108864, y: -67108864, z: -67108864 }, level: 27 }, triangle: 1, fraction: 0.9999918289399321, separation: 2.220446049250313e-16 })
EVENT elapsed=0e0 trial=1.2314063593844666e-2 nominal=1.6666666666666666e-2 contacts=0 outcome=Refine(TerrainSweepHit { collider: 31, node: TerrainNodeId { coordinates: BrickCoord { x: -67108864, y: -67108864, z: -67108864 }, level: 27 }, triangle: 1, fraction: 0.9999994049805483, separation: 2.220446049250313e-16 })
EVENT elapsed=0e0 trial=1.2314056266737297e-2 nominal=1.6666666666666666e-2 contacts=0 outcome=Complete { arrived: false, drive_impulses: [(1, 1.3912327796809737e-10), (2, -4.49201466258915e-10), (4, 4.333169781775988e-10), (5, -7.271270409643013e-10), (7, 5.405182831324655e-10), (9, -4.117057944192634e-10)] }
EVENT elapsed=0e0 trial=1.2314059930290982e-2 nominal=1.6666666666666666e-2 contacts=0 outcome=Refine(TerrainSweepHit { collider: 31, node: TerrainNodeId { coordinates: BrickCoord { x: -67108864, y: -67108864, z: -67108864 }, level: 27 }, triangle: 1, fraction: 0.9999997069157887, separation: 4.440892098500626e-16 })
EVENT elapsed=0e0 trial=1.2314056633092665e-2 nominal=1.6666666666666666e-2 contacts=0 outcome=Refine(TerrainSweepHit { collider: 31, node: TerrainNodeId { coordinates: BrickCoord { x: -67108864, y: -67108864, z: -67108864 }, level: 27 }, triangle: 1, fraction: 0.9999999786576623, separation: 2.220446049250313e-16 })
EVENT elapsed=0e0 trial=1.2314056370281911e-2 nominal=1.6666666666666666e-2 contacts=0 outcome=Complete { arrived: false, drive_impulses: [(1, 1.391242307551198e-10), (2, -4.4920229953985883e-10), (4, 4.333160167639164e-10), (5, -7.271261762969751e-10), (7, 5.405174208711364e-10), (9, -4.1170492209343586e-10)] }
EVENT elapsed=0e0 trial=1.231405650168729e-2 nominal=1.6666666666666666e-2 contacts=0 outcome=Refine(TerrainSweepHit { collider: 31, node: TerrainNodeId { coordinates: BrickCoord { x: -67108864, y: -67108864, z: -67108864 }, level: 27 }, triangle: 1, fraction: 0.99999998948757, separation: 2.220446049250313e-16 })
EVENT elapsed=0e0 trial=1.2314056383422449e-2 nominal=1.6666666666666666e-2 contacts=0 outcome=Refine(TerrainSweepHit { collider: 31, node: TerrainNodeId { coordinates: BrickCoord { x: -67108864, y: -67108864, z: -67108864 }, level: 27 }, triangle: 1, fraction: 0.9999999992344861, separation: 2.220446049250313e-16 })
EVENT elapsed=0e0 trial=1.2314056373995868e-2 nominal=1.6666666666666666e-2 contacts=0 outcome=Complete { arrived: false, drive_impulses: [(1, 1.3912368586581285e-10), (2, -4.4920187625229586e-10), (4, 4.3331648637682297e-10), (5, -7.271266263679316e-10), (7, 5.405178970589774e-10), (9, -4.117053869039833e-10)] }
EVENT elapsed=0e0 trial=1.2314056378709158e-2 nominal=1.6666666666666666e-2 contacts=0 outcome=Refine(TerrainSweepHit { collider: 31, node: TerrainNodeId { coordinates: BrickCoord { x: -67108864, y: -67108864, z: -67108864 }, level: 27 }, triangle: 1, fraction: 0.9999999996229363, separation: 2.220446049250313e-16 })
EVENT elapsed=0e0 trial=1.2314056374467197e-2 nominal=1.6666666666666666e-2 contacts=0 outcome=Refine(TerrainSweepHit { collider: 31, node: TerrainNodeId { coordinates: BrickCoord { x: -67108864, y: -67108864, z: -67108864 }, level: 27 }, triangle: 1, fraction: 0.9999999999725411, separation: 4.440892098500626e-16 })
EVENT elapsed=0e0 trial=1.2314056374129067e-2 nominal=1.6666666666666666e-2 contacts=0 outcome=Complete { arrived: false, drive_impulses: [(1, 1.3912370265464114e-10), (2, -4.4920186398090604e-10), (4, 4.333165639687467e-10), (5, -7.271266614859176e-10), (7, 5.405179064420907e-10), (9, -4.1170540566189847e-10)] }
EVENT elapsed=1.2314056374129067e-2 trial=4.3526102925376e-3 nominal=1.6666666666666666e-2 contacts=4 outcome=Refine(TerrainSweepHit { collider: 5, node: TerrainNodeId { coordinates: BrickCoord { x: -67108864, y: -67108864, z: -67108864 }, level: 27 }, triangle: 1, fraction: 1.3906957363474248e-7, separation: 1.1102230246251565e-16 })
EVENT elapsed=1.2314056374129067e-2 trial=6.053156575813958e-10 nominal=1.6666666666666666e-2 contacts=4 outcome=Complete { arrived: false, drive_impulses: [(1, -7.263787704505903e-6), (2, 1.8159469059645544e-6), (4, 7.263787704505903e-6), (5, -1.8159469059645544e-6), (7, 1.8159469059645544e-6), (9, -1.8159469059645544e-6)] }
EVENT elapsed=1.2314056374129067e-2 trial=2.1763054489266284e-3 nominal=1.6666666666666666e-2 contacts=4 outcome=Refine(TerrainSweepHit { collider: 5, node: TerrainNodeId { coordinates: BrickCoord { x: -67108864, y: -67108864, z: -67108864 }, level: 27 }, triangle: 1, fraction: 2.789851798468135e-7, separation: 1.1102230246251565e-16 })
EVENT elapsed=1.2314056374129067e-2 trial=2.176310896767547e-4 nominal=1.6666666666666666e-2 contacts=4 outcome=Refine(TerrainSweepHit { collider: 5, node: TerrainNodeId { coordinates: BrickCoord { x: -67108864, y: -67108864, z: -67108864 }, level: 27 }, triangle: 1, fraction: 2.7926250574239475e-6, separation: 5.551115123125783e-17 })
EVENT elapsed=1.2314056374129067e-2 trial=2.1763653751767292e-5 nominal=1.6666666666666666e-2 contacts=4 outcome=Refine(TerrainSweepHit { collider: 5, node: TerrainNodeId { coordinates: BrickCoord { x: -67108864, y: -67108864, z: -67108864 }, level: 27 }, triangle: 1, fraction: 2.7920745246490242e-5, separation: 0.0 })
EVENT elapsed=1.2314056374129067e-2 trial=2.1769101592685526e-6 nominal=1.6666666666666666e-2 contacts=4 outcome=Refine(TerrainSweepHit { collider: 5, node: TerrainNodeId { coordinates: BrickCoord { x: -67108864, y: -67108864, z: -67108864 }, level: 27 }, triangle: 1, fraction: 0.0002791327761784146, separation: 1.1102230246251565e-16 })
EVENT elapsed=1.2314056374129067e-2 trial=2.1823580001867854e-7 nominal=1.6666666666666666e-2 contacts=4 outcome=Refine(TerrainSweepHit { collider: 5, node: TerrainNodeId { coordinates: BrickCoord { x: -67108864, y: -67108864, z: -67108864 }, level: 27 }, triangle: 1, fraction: 0.0027843549538921764, separation: -1.6653345369377348e-16 })
EVENT elapsed=1.2314056374129067e-2 trial=2.236836409369111e-8 nominal=1.6666666666666666e-2 contacts=4 outcome=Refine(TerrainSweepHit { collider: 5, node: TerrainNodeId { coordinates: BrickCoord { x: -67108864, y: -67108864, z: -67108864 }, level: 27 }, triangle: 1, fraction: 0.0271654119997784, separation: 5.551115123125783e-17 })
EVENT elapsed=1.2314056374129067e-2 trial=2.7816205011923675e-9 nominal=1.6666666666666666e-2 contacts=4 outcome=Refine(TerrainSweepHit { collider: 5, node: TerrainNodeId { coordinates: BrickCoord { x: -67108864, y: -67108864, z: -67108864 }, level: 27 }, triangle: 1, fraction: 0.21845029386734538, separation: 1.6653345369377348e-16 })
EVENT elapsed=1.2314056374129067e-2 trial=8.22946141942493e-10 nominal=1.6666666666666666e-2 contacts=4 outcome=Refine(TerrainSweepHit { collider: 5, node: TerrainNodeId { coordinates: BrickCoord { x: -67108864, y: -67108864, z: -67108864 }, level: 27 }, triangle: 1, fraction: 0.7383785935654181, separation: 1.1102230246251565e-16 })
EVENT elapsed=1.2314056374129067e-2 trial=6.270787060175056e-10 nominal=1.6666666666666666e-2 contacts=4 outcome=Refine(TerrainSweepHit { collider: 5, node: TerrainNodeId { coordinates: BrickCoord { x: -67108864, y: -67108864, z: -67108864 }, level: 27 }, triangle: 1, fraction: 0.9690104430783997, separation: 1.1102230246251565e-16 })
EVENT elapsed=1.2314056374129067e-2 trial=6.076458147630526e-10 nominal=1.6666666666666666e-2 contacts=4 outcome=Complete { arrived: true, drive_impulses: [(1, -7.2917495899679674e-6), (2, 1.8229373772524574e-6), (4, 7.2917495899679674e-6), (5, -1.8229373772524574e-6), (7, 1.8229373772524574e-6), (9, -1.8229373772524574e-6)] }
EVENT elapsed=1.2314056981774882e-2 trial=4.352609684891784e-3 nominal=1.6666666666666666e-2 contacts=2 outcome=Refine(TerrainSweepHit { collider: 40, node: TerrainNodeId { coordinates: BrickCoord { x: -67108864, y: -67108864, z: -67108864 }, level: 27 }, triangle: 1, fraction: 9.040348913913476e-9, separation: 1.1102230246251565e-16 })
EVENT elapsed=1.2314056981774882e-2 trial=3.934911023750072e-11 nominal=1.6666666666666666e-2 contacts=2 outcome=Complete { arrived: false, drive_impulses: [(1, -4.7218931072829696e-7), (2, -1.1804732637142968e-7), (4, -4.7218931072829696e-7), (5, -1.1804732637142968e-7), (7, 1.1804732637142968e-7), (9, -1.1804732637142968e-7)] }
EVENT elapsed=1.2314056981774882e-2 trial=2.1763048621204475e-3 nominal=1.6666666666666666e-2 contacts=2 outcome=Refine(TerrainSweepHit { collider: 40, node: TerrainNodeId { coordinates: BrickCoord { x: -67108864, y: -67108864, z: -67108864 }, level: 27 }, triangle: 1, fraction: 1.815172723240721e-8, separation: 0.0 })
EVENT elapsed=1.2314056981774882e-2 trial=2.1763052162624395e-4 nominal=1.6666666666666666e-2 contacts=2 outcome=Refine(TerrainSweepHit { collider: 40, node: TerrainNodeId { coordinates: BrickCoord { x: -67108864, y: -67108864, z: -67108864 }, level: 27 }, triangle: 1, fraction: 1.82122640524085e-7, separation: -1.6653345369377348e-16 })
EVENT elapsed=1.2314056981774882e-2 trial=2.176308757682361e-5 nominal=1.6666666666666666e-2 contacts=2 outcome=Refine(TerrainSweepHit { collider: 40, node: TerrainNodeId { coordinates: BrickCoord { x: -67108864, y: -67108864, z: -67108864 }, level: 27 }, triangle: 1, fraction: 1.8210540915220008e-6, separation: -5.551115123125783e-17 })
EVENT elapsed=1.2314056981774882e-2 trial=2.1763441718815746e-6 nominal=1.6666666666666666e-2 contacts=2 outcome=Refine(TerrainSweepHit { collider: 40, node: TerrainNodeId { coordinates: BrickCoord { x: -67108864, y: -67108864, z: -67108864 }, level: 27 }, triangle: 1, fraction: 1.821007962732324e-5, separation: -1.1102230246251565e-16 })
EVENT elapsed=1.2314056981774882e-2 trial=2.1766983138737123e-7 nominal=1.6666666666666666e-2 contacts=2 outcome=Refine(TerrainSweepHit { collider: 40, node: TerrainNodeId { coordinates: BrickCoord { x: -67108864, y: -67108864, z: -67108864 }, level: 27 }, triangle: 1, fraction: 0.00018207100408673682, separation: 1.6653345369377348e-16 })
EVENT elapsed=1.2314056981774882e-2 trial=2.1802397337950873e-8 nominal=1.6666666666666666e-2 contacts=2 outcome=Refine(TerrainSweepHit { collider: 40, node: TerrainNodeId { coordinates: BrickCoord { x: -67108864, y: -67108864, z: -67108864 }, level: 27 }, triangle: 1, fraction: 0.0018177524496394426, separation: -1.1102230246251565e-16 })
EVENT elapsed=1.2314056981774882e-2 trial=2.2156539330088383e-9 nominal=1.6666666666666666e-2 contacts=2 outcome=Refine(TerrainSweepHit { collider: 40, node: TerrainNodeId { coordinates: BrickCoord { x: -67108864, y: -67108864, z: -67108864 }, level: 27 }, triangle: 1, fraction: 0.017886981454804385, separation: -1.1102230246251565e-16 })
EVENT elapsed=1.2314056981774882e-2 trial=2.569795925146345e-10 nominal=1.6666666666666666e-2 contacts=2 outcome=Refine(TerrainSweepHit { collider: 40, node: TerrainNodeId { coordinates: BrickCoord { x: -67108864, y: -67108864, z: -67108864 }, level: 27 }, triangle: 1, fraction: 0.15421987554059768, separation: -1.1102230246251565e-16 })
EVENT elapsed=1.2314056981774882e-2 trial=6.111215846521411e-11 nominal=1.6666666666666666e-2 contacts=2 outcome=Refine(TerrainSweepHit { collider: 40, node: TerrainNodeId { coordinates: BrickCoord { x: -67108864, y: -67108864, z: -67108864 }, level: 27 }, triangle: 1, fraction: 0.6485020618777213, separation: -1.1102230246251565e-16 })
EVENT elapsed=1.2314056981774882e-2 trial=4.152541506027206e-11 nominal=1.6666666666666666e-2 contacts=2 outcome=Refine(TerrainSweepHit { collider: 40, node: TerrainNodeId { coordinates: BrickCoord { x: -67108864, y: -67108864, z: -67108864 }, level: 27 }, triangle: 1, fraction: 0.9543880708382417, separation: -1.1102230246251565e-16 })
EVENT elapsed=1.2314056981774882e-2 trial=3.963136077013032e-11 nominal=1.6666666666666666e-2 contacts=2 outcome=Complete { arrived: true, drive_impulses: [(1, -4.755763170329033e-7), (2, -1.1889407793818004e-7), (4, -4.755763170329033e-7), (5, -1.1889407793818004e-7), (7, 1.1889407793818004e-7), (9, -1.1889407793818004e-7)] }
EVENT elapsed=1.2314057021406243e-2 trial=4.3526096452604236e-3 nominal=1.6666666666666666e-2 contacts=1 outcome=Complete { arrived: false, drive_impulses: [(1, -19.815112773643115), (2, -5.978886093724938), (4, -2.7460080289384754), (5, -12.850498162892823), (7, -10.522859563982356), (9, -13.057828455592677)] }
EVENT elapsed=0e0 trial=1.6666666666666666e-2 nominal=1.6666666666666666e-2 contacts=0 outcome=JointStop(StopHit { coordinate: 6, fraction: 0.3569166206560856 })
EVENT elapsed=0e0 trial=5.948610344268093e-3 nominal=1.6666666666666666e-2 contacts=0 outcome=JointStop(StopHit { coordinate: 6, fraction: 0.7064485462766011 })
EVENT elapsed=0e0 trial=4.202387130074146e-3 nominal=1.6666666666666666e-2 contacts=0 outcome=JointStop(StopHit { coordinate: 0, fraction: 0.9850815793395751 })
EVENT elapsed=0e0 trial=4.139694151089744e-3 nominal=1.6666666666666666e-2 contacts=0 outcome=JointStop(StopHit { coordinate: 0, fraction: 0.9994303021384975 })
EVENT elapsed=0e0 trial=4.137335776184594e-3 nominal=1.6666666666666666e-2 contacts=0 outcome=JointStop(StopHit { coordinate: 0, fraction: 0.9999785816859832 })
EVENT elapsed=0e0 trial=4.137247161427746e-3 nominal=1.6666666666666666e-2 contacts=0 outcome=JointStop(StopHit { coordinate: 0, fraction: 0.999999195235254 })
EVENT elapsed=0e0 trial=4.137243831917085e-3 nominal=1.6666666666666666e-2 contacts=0 outcome=JointStop(StopHit { coordinate: 0, fraction: 0.9999999697627046 })
EVENT elapsed=0e0 trial=4.137243706818021e-3 nominal=1.6666666666666666e-2 contacts=0 outcome=Complete { arrived: true, drive_impulses: [(1, 0.009172019265487465), (2, -0.3691667977988529), (4, -0.23817694806231426), (5, 0.3696560679576912), (7, -0.3697040158263725), (9, -0.12552909822202268)] }
EVENT elapsed=4.137243706818021e-3 trial=1.2529422959848645e-2 nominal=1.6666666666666666e-2 contacts=0 outcome=JointStop(StopHit { coordinate: 6, fraction: 0.0003859237939796264 })
EVENT elapsed=4.137243706818021e-3 trial=4.83540244504023e-6 nominal=1.6666666666666666e-2 contacts=0 outcome=JointStop(StopHit { coordinate: 6, fraction: 0.777717616640245 })
EVENT elapsed=4.137243706818021e-3 trial=3.7605776650531003e-6 nominal=1.6666666666666666e-2 contacts=0 outcome=JointStop(StopHit { coordinate: 6, fraction: 0.9999831823816782 })
EVENT elapsed=4.137243706818021e-3 trial=3.76051442109326e-6 nominal=1.6666666666666666e-2 contacts=0 outcome=Complete { arrived: true, drive_impulses: [(1, 0.04512617189467179), (2, -0.011281542848412315), (4, -0.04512617189467179), (5, 0.011281542848412315), (7, -0.011281542848412315), (9, 0.011281542848412315)] }
EVENT elapsed=4.141004221239115e-3 trial=1.2525662445427552e-2 nominal=1.6666666666666666e-2 contacts=0 outcome=JointStop(StopHit { coordinate: 8, fraction: 0.03636853917907784 })
EVENT elapsed=4.141004221239115e-3 trial=4.555400453904359e-4 nominal=1.6666666666666666e-2 contacts=0 outcome=JointStop(StopHit { coordinate: 8, fraction: 0.708784272350198 })
EVENT elapsed=4.141004221239115e-3 trial=3.228796195984363e-4 nominal=1.6666666666666666e-2 contacts=0 outcome=JointStop(StopHit { coordinate: 8, fraction: 0.9981388494897738 })
EVENT elapsed=4.141004221239115e-3 trial=3.22278692029679e-4 nominal=1.6666666666666666e-2 contacts=0 outcome=JointStop(StopHit { coordinate: 8, fraction: 0.999991791011118 })
EVENT elapsed=4.141004221239115e-3 trial=3.2227604644747925e-4 nominal=1.6666666666666666e-2 contacts=0 outcome=JointStop(StopHit { coordinate: 8, fraction: 0.9999999638642556 })
EVENT elapsed=4.141004221239115e-3 trial=3.222760348017944e-4 nominal=1.6666666666666666e-2 contacts=0 outcome=Complete { arrived: true, drive_impulses: [(1, 3.8673123183426124), (2, -0.966828068851247), (4, -1.423749850109503), (5, 0.966828068851247), (7, -0.966828068851247), (9, 0.966828068851247)] }
EVENT elapsed=4.463280256040909e-3 trial=1.2203386410625757e-2 nominal=1.6666666666666666e-2 contacts=0 outcome=JointStop(StopHit { coordinate: 6, fraction: 0.00026465023496980973 })
EVENT elapsed=4.463280256040909e-3 trial=3.2296290809994896e-6 nominal=1.6666666666666666e-2 contacts=0 outcome=JointStop(StopHit { coordinate: 6, fraction: 0.6302112161161215 })
EVENT elapsed=4.463280256040909e-3 trial=2.0353484707406804e-6 nominal=1.6666666666666666e-2 contacts=0 outcome=Complete { arrived: true, drive_impulses: [(1, -0.02442418102188778), (2, 0.00610604518767833), (4, 0.02442418102188778), (5, -0.00610604518767833), (7, 0.00610604518767833), (9, -0.00610604518767833)] }
EVENT elapsed=4.46531560451165e-3 trial=1.2201351062155016e-2 nominal=1.6666666666666666e-2 contacts=0 outcome=JointStop(StopHit { coordinate: 0, fraction: 0.044857659834594374 })
EVENT elapsed=4.46531560451165e-3 trial=5.473240554686164e-4 nominal=1.6666666666666666e-2 contacts=0 outcome=JointStop(StopHit { coordinate: 0, fraction: 0.5046460795175742 })
EVENT elapsed=4.46531560451165e-3 trial=2.7620493881789663e-4 nominal=1.6666666666666666e-2 contacts=0 outcome=JointStop(StopHit { coordinate: 0, fraction: 0.9887473782691841 })
EVENT elapsed=4.46531560451165e-3 trial=2.730969091211957e-4 nominal=1.6666666666666666e-2 contacts=0 outcome=JointStop(StopHit { coordinate: 0, fraction: 0.9998729056035853 })
EVENT elapsed=4.46531560451165e-3 trial=2.730622000343682e-4 nominal=1.6666666666666666e-2 contacts=0 outcome=JointStop(StopHit { coordinate: 0, fraction: 0.9999985809086456 })
EVENT elapsed=4.46531560451165e-3 trial=2.7306181253416095e-4 nominal=1.6666666666666666e-2 contacts=0 outcome=Complete { arrived: true, drive_impulses: [(1, -3.2767416662917257), (2, 0.819185407477758), (4, 3.2767416662917257), (5, -0.819185407477758), (7, 0.819185407477758), (9, -0.819185407477758)] }
EVENT elapsed=4.738377417045811e-3 trial=1.1928289249620855e-2 nominal=1.6666666666666666e-2 contacts=0 outcome=Release(0.8445328879704906)
EVENT elapsed=4.738377417045811e-3 trial=5.964144624810428e-3 nominal=1.6666666666666666e-2 contacts=0 outcome=JointStop(StopHit { coordinate: 8, fraction: 0.0009848832691074006 })
EVENT elapsed=4.738377417045811e-3 trial=5.873986255512625e-6 nominal=1.6666666666666666e-2 contacts=0 outcome=JointStop(StopHit { coordinate: 8, fraction: 0.30545026585200036 })
EVENT elapsed=4.738377417045811e-3 trial=1.7942106633573274e-6 nominal=1.6666666666666666e-2 contacts=0 outcome=JointStop(StopHit { coordinate: 8, fraction: 0.999831806269012 })
EVENT elapsed=4.738377417045811e-3 trial=1.7939088883716788e-6 nominal=1.6666666666666666e-2 contacts=0 outcome=Complete { arrived: true, drive_impulses: [(1, -0.02152690610783656), (2, 0.005381726467207424), (4, 0.02152690610783656), (5, -0.005381726467207424), (7, 0.005381726467207424), (9, -0.005381726467207424)] }
EVENT elapsed=4.740171325934183e-3 trial=1.1926495340732483e-2 nominal=1.6666666666666666e-2 contacts=0 outcome=JointStop(StopHit { coordinate: 3, fraction: 0.013794575492376298 })
EVENT elapsed=4.740171325934183e-3 trial=1.645209403372084e-4 nominal=1.6666666666666666e-2 contacts=0 outcome=JointStop(StopHit { coordinate: 0, fraction: 4.4098451302112125e-6 })
EVENT elapsed=4.740171325934183e-3 trial=7.25511867563808e-10 nominal=1.6666666666666666e-2 contacts=0 outcome=Complete { arrived: true, drive_impulses: [(1, -8.70614218726774e-6), (2, 2.176535522651505e-6), (4, 8.70614218726774e-6), (5, -2.176535522651505e-6), (7, 2.176535522651505e-6), (9, -2.176535522651505e-6)] }
EVENT elapsed=4.7401720514460505e-3 trial=1.1926494615220617e-2 nominal=1.6666666666666666e-2 contacts=0 outcome=JointStop(StopHit { coordinate: 3, fraction: 0.013861976669165419 })
EVENT elapsed=4.7401720514460505e-3 trial=1.6532479010111518e-4 nominal=1.6666666666666666e-2 contacts=0 outcome=JointStop(StopHit { coordinate: 3, fraction: 0.6673563195531732 })
EVENT elapsed=4.7401720514460505e-3 trial=1.103305434527811e-4 nominal=1.6666666666666666e-2 contacts=0 outcome=JointStop(StopHit { coordinate: 3, fraction: 0.9989634180672885 })
EVENT elapsed=4.7401720514460505e-3 trial=1.1021617680481171e-4 nominal=1.6666666666666666e-2 contacts=0 outcome=JointStop(StopHit { coordinate: 3, fraction: 0.9999978594745934 })
EVENT elapsed=4.7401720514460505e-3 trial=1.1021594088428504e-4 nominal=1.6666666666666666e-2 contacts=0 outcome=Complete { arrived: true, drive_impulses: [(1, -1.3225912566587883), (2, 0.33064781049361225), (4, 1.3225912566587883), (5, -0.33064781049361225), (7, 0.33064781049361225), (9, -0.33064781049361225)] }
EVENT elapsed=4.850387992330335e-3 trial=1.1816278674336331e-2 nominal=1.6666666666666666e-2 contacts=0 outcome=JointStop(StopHit { coordinate: 6, fraction: 0.006612803832891009 })
EVENT elapsed=4.850387992330335e-3 trial=7.813873290815958e-5 nominal=1.6666666666666666e-2 contacts=0 outcome=JointStop(StopHit { coordinate: 0, fraction: 0.020524908357757138 })
EVENT elapsed=4.850387992330335e-3 trial=1.6037903321312372e-6 nominal=1.6666666666666666e-2 contacts=0 outcome=JointStop(StopHit { coordinate: 0, fraction: 0.9960302133547546 })
EVENT elapsed=4.850387992330335e-3 trial=1.597423626688969e-6 nominal=1.6666666666666666e-2 contacts=0 outcome=Complete { arrived: true, drive_impulses: [(1, 0.01916908302817242), (2, -0.0047922707038359404), (4, -0.01916908302817242), (5, 0.0047922707038359404), (7, -0.0047922707038359404), (9, 0.0047922707038359404)] }
EVENT elapsed=4.8519854159570245e-3 trial=1.1814681250709641e-2 nominal=1.6666666666666666e-2 contacts=0 outcome=JointStop(StopHit { coordinate: 6, fraction: 0.006815285065233212 })
EVENT elapsed=4.8519854159570245e-3 trial=8.052042067845226e-5 nominal=1.6666666666666666e-2 contacts=0 outcome=JointStop(StopHit { coordinate: 6, fraction: 0.48802674196253437 })
EVENT elapsed=4.8519854159570245e-3 trial=3.929611856515774e-5 nominal=1.6666666666666666e-2 contacts=0 outcome=JointStop(StopHit { coordinate: 6, fraction: 0.9981392093186056 })
EVENT elapsed=4.8519854159570245e-3 trial=3.922299671391672e-5 nominal=1.6666666666666666e-2 contacts=0 outcome=JointStop(StopHit { coordinate: 6, fraction: 0.9999967047826456 })
EVENT elapsed=4.8519854159570245e-3 trial=3.922286746561726e-5 nominal=1.6666666666666666e-2 contacts=0 outcome=Complete { arrived: true, drive_impulses: [(1, 0.4706743975045853), (2, -0.11766859806970667), (4, -0.4706743975045853), (5, 0.11766859806970667), (7, -0.11766859806970667), (9, 0.11766859806970667)] }
EVENT elapsed=4.8912082834226414e-3 trial=1.1775458383244026e-2 nominal=1.6666666666666666e-2 contacts=0 outcome=Refine(TerrainSweepHit { collider: 67, node: TerrainNodeId { coordinates: BrickCoord { x: -67108864, y: -67108864, z: -67108864 }, level: 27 }, triangle: 1, fraction: 0.9040641590245934, separation: -2.7755575615628914e-16 })
EVENT elapsed=4.8912082834226414e-3 trial=1.0645769880376608e-2 nominal=1.6666666666666666e-2 contacts=0 outcome=Complete { arrived: false, drive_impulses: [(1, 1.2220724928644133), (2, -0.9175710290010185), (4, -3.4411196712556547), (5, 0.9205032310096235), (7, -0.9193350016146513), (9, 0.9193350252933462)] }
EVENT elapsed=4.8912082834226414e-3 trial=1.1210614131810317e-2 nominal=1.6666666666666666e-2 contacts=0 outcome=Refine(TerrainSweepHit { collider: 67, node: TerrainNodeId { coordinates: BrickCoord { x: -67108864, y: -67108864, z: -67108864 }, level: 27 }, triangle: 1, fraction: 0.9507212560491359, separation: -1.1102230246251565e-16 })
EVENT elapsed=4.8912082834226414e-3 trial=1.0702254305519979e-2 nominal=1.6666666666666666e-2 contacts=0 outcome=Refine(TerrainSweepHit { collider: 67, node: TerrainNodeId { coordinates: BrickCoord { x: -67108864, y: -67108864, z: -67108864 }, level: 27 }, triangle: 1, fraction: 0.9969550100500767, separation: 2.7755575615628914e-16 })
EVENT elapsed=4.8912082834226414e-3 trial=1.0669666048718147e-2 nominal=1.6666666666666666e-2 contacts=0 outcome=Complete { arrived: false, drive_impulses: [(1, 1.2227540268511443), (2, -0.9180908127016716), (4, -3.441465733226045), (5, 0.9210286556405393), (7, -0.91985629723382), (9, 0.9198563209053628)] }
EVENT elapsed=4.8912082834226414e-3 trial=1.0685960177119064e-2 nominal=1.6666666666666666e-2 contacts=0 outcome=Refine(TerrainSweepHit { collider: 67, node: TerrainNodeId { coordinates: BrickCoord { x: -67108864, y: -67108864, z: -67108864 }, level: 27 }, triangle: 1, fraction: 0.9985101668370012, separation: -5.551115123125783e-17 })
EVENT elapsed=4.8912082834226414e-3 trial=1.0671295461558239e-2 nominal=1.6666666666666666e-2 contacts=0 outcome=Refine(TerrainSweepHit { collider: 67, node: TerrainNodeId { coordinates: BrickCoord { x: -67108864, y: -67108864, z: -67108864 }, level: 27 }, triangle: 1, fraction: 0.9999138950911609, separation: 5.551115123125783e-17 })
EVENT elapsed=4.8912082834226414e-3 trial=1.0670376610635326e-2 nominal=1.6666666666666666e-2 contacts=0 outcome=Complete { arrived: false, drive_impulses: [(1, 1.2227742112293853), (2, -0.918106199573255), (4, -3.4414759600287224), (5, 0.9210442100946625), (7, -0.9198717288338207), (9, 0.9198717525051443)] }
EVENT elapsed=4.8912082834226414e-3 trial=1.0670836036096781e-2 nominal=1.6666666666666666e-2 contacts=0 outcome=Refine(TerrainSweepHit { collider: 67, node: TerrainNodeId { coordinates: BrickCoord { x: -67108864, y: -67108864, z: -67108864 }, level: 27 }, triangle: 1, fraction: 0.9999579347127333, separation: -1.6653345369377348e-16 })
EVENT elapsed=4.8912082834226414e-3 trial=1.0670422553181472e-2 nominal=1.6666666666666666e-2 contacts=0 outcome=Refine(TerrainSweepHit { collider: 67, node: TerrainNodeId { coordinates: BrickCoord { x: -67108864, y: -67108864, z: -67108864 }, level: 27 }, triangle: 1, fraction: 0.9999975736357304, separation: 2.7755575615628914e-16 })
EVENT elapsed=4.8912082834226414e-3 trial=1.0670396662849448e-2 nominal=1.6666666666666666e-2 contacts=0 outcome=Complete { arrived: false, drive_impulses: [(1, 1.222774780768917), (2, -0.9181066337363074), (4, -3.4414762485781862), (5, 0.9210446489868171), (7, -0.9198721642589199), (9, 0.9198721879302441)] }
EVENT elapsed=4.8912082834226414e-3 trial=1.067040960801546e-2 nominal=1.6666666666666666e-2 contacts=0 outcome=Refine(TerrainSweepHit { collider: 67, node: TerrainNodeId { coordinates: BrickCoord { x: -67108864, y: -67108864, z: -67108864 }, level: 27 }, triangle: 1, fraction: 0.9999988146859968, separation: 1.6653345369377348e-16 })
EVENT elapsed=4.8912082834226414e-3 trial=1.067039795736605e-2 nominal=1.6666666666666666e-2 contacts=0 outcome=Refine(TerrainSweepHit { collider: 67, node: TerrainNodeId { coordinates: BrickCoord { x: -67108864, y: -67108864, z: -67108864 }, level: 27 }, triangle: 1, fraction: 0.9999999316338204, separation: -1.1102230246251565e-16 })
EVENT elapsed=4.8912082834226414e-3 trial=1.0670397227871706e-2 nominal=1.6666666666666666e-2 contacts=0 outcome=Complete { arrived: false, drive_impulses: [(1, 1.2227747968170926), (2, -0.918106645969917), (4, -3.441476256708758), (5, 0.9210446613536759), (7, -0.9198721765281028), (9, 0.919872200199412)] }
EVENT elapsed=4.8912082834226414e-3 trial=1.0670397592618877e-2 nominal=1.6666666666666666e-2 contacts=0 outcome=Refine(TerrainSweepHit { collider: 67, node: TerrainNodeId { coordinates: BrickCoord { x: -67108864, y: -67108864, z: -67108864 }, level: 27 }, triangle: 1, fraction: 0.9999999666021736, separation: -5.551115123125783e-17 })
EVENT elapsed=4.8912082834226414e-3 trial=1.0670397264346423e-2 nominal=1.6666666666666666e-2 contacts=0 outcome=Refine(TerrainSweepHit { collider: 67, node: TerrainNodeId { coordinates: BrickCoord { x: -67108864, y: -67108864, z: -67108864 }, level: 27 }, triangle: 1, fraction: 0.9999999980736861, separation: -1.6653345369377348e-16 })
EVENT elapsed=4.8912082834226414e-3 trial=1.067039724379189e-2 nominal=1.6666666666666666e-2 contacts=0 outcome=Complete { arrived: false, drive_impulses: [(1, 1.2227747972692702), (2, -0.9181066463146083), (4, -3.44147625693787), (5, 0.9210446617021296), (7, -0.9198721768737895), (9, 0.9198722005451104)] }
EVENT elapsed=4.8912082834226414e-3 trial=1.0670397254069156e-2 nominal=1.6666666666666666e-2 contacts=0 outcome=Refine(TerrainSweepHit { collider: 67, node: TerrainNodeId { coordinates: BrickCoord { x: -67108864, y: -67108864, z: -67108864 }, level: 27 }, triangle: 1, fraction: 0.9999999990589735, separation: 5.551115123125783e-17 })
EVENT elapsed=4.8912082834226414e-3 trial=1.0670397244819616e-2 nominal=1.6666666666666666e-2 contacts=0 outcome=Refine(TerrainSweepHit { collider: 67, node: TerrainNodeId { coordinates: BrickCoord { x: -67108864, y: -67108864, z: -67108864 }, level: 27 }, triangle: 1, fraction: 0.9999999999457357, separation: 5.551115123125783e-17 })
EVENT elapsed=4.8912082834226414e-3 trial=1.0670397244240595e-2 nominal=1.6666666666666666e-2 contacts=0 outcome=Complete { arrived: false, drive_impulses: [(1, 1.222774797282017), (2, -0.9181066463243264), (4, -3.4414762569443247), (5, 0.9210446617119428), (7, -0.9198721768835324), (9, 0.9198722005548534)] }
EVENT elapsed=1.5561605527663235e-2 trial=1.1050611390034312e-3 nominal=1.6666666666666666e-2 contacts=1 outcome=Complete { arrived: false, drive_impulses: [(1, -0.3163540490453663), (2, -0.775348356236471), (4, -8.718335315043824), (5, 0.7763882678296941), (7, -0.7761642373582259), (9, 3.3151832950977407)] }
EVENT elapsed=0e0 trial=1.6666666666666666e-2 nominal=1.6666666666666666e-2 contacts=0 outcome=JointStop(StopHit { coordinate: 8, fraction: 0.5874927906092072 })
EVENT elapsed=0e0 trial=9.791546510153454e-3 nominal=1.6666666666666666e-2 contacts=0 outcome=JointStop(StopHit { coordinate: 8, fraction: 0.8179702639638597 })
EVENT elapsed=0e0 trial=8.00919388352463e-3 nominal=1.6666666666666666e-2 contacts=0 outcome=JointStop(StopHit { coordinate: 8, fraction: 0.9698333173858458 })
EVENT elapsed=0e0 trial=7.767583073645117e-3 nominal=1.6666666666666666e-2 contacts=0 outcome=JointStop(StopHit { coordinate: 8, fraction: 0.9959132515386814 })
EVENT elapsed=0e0 trial=7.735838915470733e-3 nominal=1.6666666666666666e-2 contacts=0 outcome=JointStop(StopHit { coordinate: 8, fraction: 0.9994631430100307 })
EVENT elapsed=0e0 trial=7.731685876275686e-3 nominal=1.6666666666666666e-2 contacts=0 outcome=JointStop(StopHit { coordinate: 8, fraction: 0.9999297653247724 })
EVENT elapsed=0e0 trial=7.731142843829204e-3 nominal=1.6666666666666666e-2 contacts=0 outcome=JointStop(StopHit { coordinate: 8, fraction: 0.9999908164602743 })
EVENT elapsed=0e0 trial=7.731071844571773e-3 nominal=1.6666666666666666e-2 contacts=0 outcome=JointStop(StopHit { coordinate: 8, fraction: 0.9999987992904186 })
EVENT elapsed=0e0 trial=7.731062561799734e-3 nominal=1.6666666666666666e-2 contacts=0 outcome=JointStop(StopHit { coordinate: 8, fraction: 0.9999998430136711 })
EVENT elapsed=0e0 trial=7.731061348128603e-3 nominal=1.6666666666666666e-2 contacts=0 outcome=JointStop(StopHit { coordinate: 8, fraction: 0.9999999794749053 })
EVENT elapsed=0e0 trial=7.731061189447837e-3 nominal=1.6666666666666666e-2 contacts=0 outcome=Refine(TerrainSweepHit { collider: 40, node: TerrainNodeId { coordinates: BrickCoord { x: -67108864, y: -67108864, z: -67108864 }, level: 27 }, triangle: 1, fraction: 0.4729771150423131, separation: 2.7755575615628914e-16 })
EVENT elapsed=0e0 trial=3.6566150176006312e-3 nominal=1.6666666666666666e-2 contacts=0 outcome=Complete { arrived: false, drive_impulses: [(1, -0.2998844964598934), (2, 0.24293705858021641), (4, 0.10948527854163381), (5, -0.24380392480002486), (7, 0.2446280273979975), (9, 1.7004536177445608)] }
EVENT elapsed=0e0 trial=5.693838103524234e-3 nominal=1.6666666666666666e-2 contacts=0 outcome=Refine(TerrainSweepHit { collider: 40, node: TerrainNodeId { coordinates: BrickCoord { x: -67108864, y: -67108864, z: -67108864 }, level: 27 }, triangle: 1, fraction: 0.6510892083768013, separation: 2.7755575615628914e-16 })
EVENT elapsed=0e0 trial=3.8603373261929916e-3 nominal=1.6666666666666666e-2 contacts=0 outcome=Refine(TerrainSweepHit { collider: 40, node: TerrainNodeId { coordinates: BrickCoord { x: -67108864, y: -67108864, z: -67108864 }, level: 27 }, triangle: 1, fraction: 0.9720415614632564, separation: 1.6653345369377348e-16 })
EVENT elapsed=0e0 trial=3.7524083223275276e-3 nominal=1.6666666666666666e-2 contacts=0 outcome=Complete { arrived: false, drive_impulses: [(1, -0.307969036389221), (2, 0.24937616488480563), (4, 0.11319182498212033), (5, -0.250264797042104), (7, 0.2511097293199401), (9, 1.6939719151735704)] }
EVENT elapsed=0e0 trial=3.8063728242602596e-3 nominal=1.6666666666666666e-2 contacts=0 outcome=Refine(TerrainSweepHit { collider: 40, node: TerrainNodeId { coordinates: BrickCoord { x: -67108864, y: -67108864, z: -67108864 }, level: 27 }, triangle: 1, fraction: 0.9862043413988653, separation: 1.6653345369377348e-16 })
EVENT elapsed=0e0 trial=3.757804772520801e-3 nominal=1.6666666666666666e-2 contacts=0 outcome=Refine(TerrainSweepHit { collider: 40, node: TerrainNodeId { coordinates: BrickCoord { x: -67108864, y: -67108864, z: -67108864 }, level: 27 }, triangle: 1, fraction: 0.9993002784040214, separation: 2.220446049250313e-16 })
EVENT elapsed=0e0 trial=3.7551753553679962e-3 nominal=1.6666666666666666e-2 contacts=0 outcome=Complete { arrived: false, drive_impulses: [(1, -0.30820338248324697), (2, 0.24956287248389522), (4, 0.11329966109298462), (5, -0.25045213245100645), (7, 0.25129766564395006), (9, 1.693783978831376)] }
EVENT elapsed=0e0 trial=3.7564900639443987e-3 nominal=1.6666666666666666e-2 contacts=0 outcome=Refine(TerrainSweepHit { collider: 40, node: TerrainNodeId { coordinates: BrickCoord { x: -67108864, y: -67108864, z: -67108864 }, level: 27 }, triangle: 1, fraction: 0.9996595068319992, separation: 2.7755575615628914e-16 })
EVENT elapsed=0e0 trial=3.7553068262256364e-3 nominal=1.6666666666666666e-2 contacts=0 outcome=Refine(TerrainSweepHit { collider: 40, node: TerrainNodeId { coordinates: BrickCoord { x: -67108864, y: -67108864, z: -67108864 }, level: 27 }, triangle: 1, fraction: 0.9999830284516502, separation: 1.6653345369377348e-16 })
EVENT elapsed=0e0 trial=3.755243092854267e-3 nominal=1.6666666666666666e-2 contacts=0 outcome=Complete { arrived: false, drive_impulses: [(1, -0.3082091198970122), (2, 0.24956744362151242), (4, 0.11330230148450239), (5, -0.25045671895688476), (7, 0.25130226685980456), (9, 1.6937793776150822)] }
EVENT elapsed=0e0 trial=3.7552749595399517e-3 nominal=1.6666666666666666e-2 contacts=0 outcome=Refine(TerrainSweepHit { collider: 40, node: TerrainNodeId { coordinates: BrickCoord { x: -67108864, y: -67108864, z: -67108864 }, level: 27 }, triangle: 1, fraction: 0.9999917442935351, separation: -2.220446049250313e-16 })
EVENT elapsed=0e0 trial=3.7552462795228353e-3 nominal=1.6666666666666666e-2 contacts=0 outcome=Refine(TerrainSweepHit { collider: 40, node: TerrainNodeId { coordinates: BrickCoord { x: -67108864, y: -67108864, z: -67108864 }, level: 27 }, triangle: 1, fraction: 0.9999995886782587, separation: 0.0 })
EVENT elapsed=0e0 trial=3.7552447349083963e-3 nominal=1.6666666666666666e-2 contacts=0 outcome=Complete { arrived: false, drive_impulses: [(1, -0.3082092589805169), (2, 0.24956755443276205), (4, 0.11330236549171409), (5, -0.25045683014068143), (7, 0.25130237840019126), (9, 1.6937792660746798)] }
EVENT elapsed=0e0 trial=3.755245507215616e-3 nominal=1.6666666666666666e-2 contacts=0 outcome=Refine(TerrainSweepHit { collider: 40, node: TerrainNodeId { coordinates: BrickCoord { x: -67108864, y: -67108864, z: -67108864 }, level: 27 }, triangle: 1, fraction: 0.9999997999166843, separation: 1.1102230246251565e-16 })
EVENT elapsed=0e0 trial=3.755244812139118e-3 nominal=1.6666666666666666e-2 contacts=0 outcome=Refine(TerrainSweepHit { collider: 40, node: TerrainNodeId { coordinates: BrickCoord { x: -67108864, y: -67108864, z: -67108864 }, level: 27 }, triangle: 1, fraction: 0.9999999900313292, separation: 1.1102230246251565e-16 })
EVENT elapsed=0e0 trial=3.755244774704319e-3 nominal=1.6666666666666666e-2 contacts=0 outcome=Complete { arrived: false, drive_impulses: [(1, -0.3082092623512715), (2, 0.24956755711832226), (4, 0.1133023670429573), (5, -0.2504568328352723), (7, 0.2513023811034242), (9, 1.6937792633714512)] }
EVENT elapsed=0e0 trial=3.7552447934217185e-3 nominal=1.6666666666666666e-2 contacts=0 outcome=Refine(TerrainSweepHit { collider: 40, node: TerrainNodeId { coordinates: BrickCoord { x: -67108864, y: -67108864, z: -67108864 }, level: 27 }, triangle: 1, fraction: 0.999999995150914, separation: 2.7755575615628914e-16 })
EVENT elapsed=0e0 trial=3.755244776576059e-3 nominal=1.6666666666666666e-2 contacts=0 outcome=Refine(TerrainSweepHit { collider: 40, node: TerrainNodeId { coordinates: BrickCoord { x: -67108864, y: -67108864, z: -67108864 }, level: 27 }, triangle: 1, fraction: 0.9999999997584301, separation: -2.220446049250313e-16 })
EVENT elapsed=0e0 trial=3.755244775668905e-3 nominal=1.6666666666666666e-2 contacts=0 outcome=Complete { arrived: false, drive_impulses: [(1, -0.3082092624329746), (2, 0.24956755718341803), (4, 0.11330236708055975), (5, -0.2504568329005872), (7, 0.2513023811689495), (9, 1.6937792633059252)] }
EVENT elapsed=3.755244775668905e-3 trial=1.2911421890997761e-2 nominal=1.6666666666666666e-2 contacts=1 outcome=JointStop(StopHit { coordinate: 6, fraction: 0.31113124015831223 })
EVENT elapsed=3.755244775668905e-3 trial=4.017146705153314e-3 nominal=1.6666666666666666e-2 contacts=1 outcome=JointStop(StopHit { coordinate: 6, fraction: 0.7045962379320426 })
EVENT elapsed=3.755244775668905e-3 trial=2.8304664556721257e-3 nominal=1.6666666666666666e-2 contacts=1 outcome=JointStop(StopHit { coordinate: 6, fraction: 0.9725557770362524 })
EVENT elapsed=3.755244775668905e-3 trial=2.7527865031712513e-3 nominal=1.6666666666666666e-2 contacts=1 outcome=JointStop(StopHit { coordinate: 6, fraction: 0.9983398599027747 })
EVENT elapsed=3.755244775668905e-3 trial=2.748216491918236e-3 nominal=1.6666666666666666e-2 contacts=1 outcome=JointStop(StopHit { coordinate: 6, fraction: 0.9999028502113723 })
EVENT elapsed=3.755244775668905e-3 trial=2.747949503266943e-3 nominal=1.6666666666666666e-2 contacts=1 outcome=JointStop(StopHit { coordinate: 6, fraction: 0.9999943261067129 })
EVENT elapsed=3.755244775668905e-3 trial=2.747933911694703e-3 nominal=1.6666666666666666e-2 contacts=1 outcome=JointStop(StopHit { coordinate: 6, fraction: 0.9999996686627116 })
EVENT elapsed=3.755244775668905e-3 trial=2.747933001201732e-3 nominal=1.6666666666666666e-2 contacts=1 outcome=Refine(TerrainSweepHit { collider: 5, node: TerrainNodeId { coordinates: BrickCoord { x: -67108864, y: -67108864, z: -67108864 }, level: 27 }, triangle: 1, fraction: 0.12727049540920155, separation: 1.1102230246251565e-15 })
EVENT elapsed=3.755244775668905e-3 trial=3.4973079441423847e-4 nominal=1.6666666666666666e-2 contacts=1 outcome=Complete { arrived: false, drive_impulses: [(1, 2.105346084489805), (2, -0.28351390004247917), (4, -1.207333709694272), (5, 0.28497827214834104), (7, -1.0491923446597153), (9, 0.2862837291741601)] }
EVENT elapsed=3.755244775668905e-3 trial=1.5488318978079854e-3 nominal=1.6666666666666666e-2 contacts=1 outcome=Refine(TerrainSweepHit { collider: 5, node: TerrainNodeId { coordinates: BrickCoord { x: -67108864, y: -67108864, z: -67108864 }, level: 27 }, triangle: 1, fraction: 0.22681895154751652, separation: 8.881784197001252e-16 })
EVENT elapsed=3.755244775668905e-3 trial=4.696409047536132e-4 nominal=1.6666666666666666e-2 contacts=1 outcome=Refine(TerrainSweepHit { collider: 5, node: TerrainNodeId { coordinates: BrickCoord { x: -67108864, y: -67108864, z: -67108864 }, level: 27 }, triangle: 1, fraction: 0.7512804378733754, separation: 5.551115123125783e-16 })
EVENT elapsed=3.755244775668905e-3 trial=3.6172180544817594e-4 nominal=1.6666666666666666e-2 contacts=1 outcome=Refine(TerrainSweepHit { collider: 5, node: TerrainNodeId { coordinates: BrickCoord { x: -67108864, y: -67108864, z: -67108864 }, level: 27 }, triangle: 1, fraction: 0.9758660199381253, separation: 4.440892098500626e-16 })
EVENT elapsed=3.755244775668905e-3 trial=3.529920186075443e-4 nominal=1.6666666666666666e-2 contacts=1 outcome=Complete { arrived: false, drive_impulses: [(1, 2.1047266788776895), (2, -0.28289550345457537), (4, -1.2067542548241454), (5, 0.28436015763941236), (7, -1.058976016879848), (9, 0.28566523491305285)] }
EVENT elapsed=3.755244775668905e-3 trial=3.573569120278601e-4 nominal=1.6666666666666666e-2 contacts=1 outcome=Refine(TerrainSweepHit { collider: 5, node: TerrainNodeId { coordinates: BrickCoord { x: -67108864, y: -67108864, z: -67108864 }, level: 27 }, triangle: 1, fraction: 0.9878038052081899, separation: 7.216449660063518e-16 })
EVENT elapsed=3.755244775668905e-3 trial=3.534285079495759e-4 nominal=1.6666666666666666e-2 contacts=1 outcome=Refine(TerrainSweepHit { collider: 5, node: TerrainNodeId { coordinates: BrickCoord { x: -67108864, y: -67108864, z: -67108864 }, level: 27 }, triangle: 1, fraction: 0.9987999282664605, separation: 8.326672684688674e-16 })
EVENT elapsed=3.755244775668905e-3 trial=3.530356675417475e-4 nominal=1.6666666666666666e-2 contacts=1 outcome=Refine(TerrainSweepHit { collider: 5, node: TerrainNodeId { coordinates: BrickCoord { x: -67108864, y: -67108864, z: -67108864 }, level: 27 }, triangle: 1, fraction: 0.9999130003731638, separation: 1.1657341758564144e-15 })
EVENT elapsed=3.755244775668905e-3 trial=3.5300495357041146e-4 nominal=1.6666666666666666e-2 contacts=1 outcome=Complete { arrived: false, drive_impulses: [(1, 2.1047242216701996), (2, -0.2828930502371835), (4, -1.2067519559356257), (5, 0.28435770554229484), (7, -1.0590148217670223), (9, 0.2856627813108016)] }
EVENT elapsed=3.755244775668905e-3 trial=3.5302031055607945e-4 nominal=1.6666666666666666e-2 contacts=1 outcome=Refine(TerrainSweepHit { collider: 5, node: TerrainNodeId { coordinates: BrickCoord { x: -67108864, y: -67108864, z: -67108864 }, level: 27 }, triangle: 1, fraction: 0.9999565630968271, separation: 8.326672684688674e-16 })
EVENT elapsed=3.755244775668905e-3 trial=3.5300648926897825e-4 nominal=1.6666666666666666e-2 contacts=1 outcome=Refine(TerrainSweepHit { collider: 5, node: TerrainNodeId { coordinates: BrickCoord { x: -67108864, y: -67108864, z: -67108864 }, level: 27 }, triangle: 1, fraction: 0.999995772788357, separation: 9.992007221626409e-16 })
EVENT elapsed=3.755244775668905e-3 trial=3.5300510714026816e-4 nominal=1.6666666666666666e-2 contacts=1 outcome=Refine(TerrainSweepHit { collider: 5, node: TerrainNodeId { coordinates: BrickCoord { x: -67108864, y: -67108864, z: -67108864 }, level: 27 }, triangle: 1, fraction: 0.9999996939260718, separation: 9.43689570931383e-16 })
EVENT elapsed=3.755244775668905e-3 trial=3.5300499909460834e-4 nominal=1.6666666666666666e-2 contacts=1 outcome=Complete { arrived: false, drive_impulses: [(1, 2.1047242130221355), (2, -0.28289304160315554), (4, -1.2067519478447517), (5, 0.2843576969122069), (7, -1.059014958339608), (9, 0.2856627726754161)] }
EVENT elapsed=4.108249774763513e-3 trial=1.2558416891903153e-2 nominal=1.6666666666666666e-2 contacts=1 outcome=JointStop(StopHit { coordinate: 8, fraction: 0.31480497020990994 })
EVENT elapsed=4.108249774763513e-3 trial=3.953452055539202e-3 nominal=1.6666666666666666e-2 contacts=1 outcome=JointStop(StopHit { coordinate: 8, fraction: 0.724061884457877 })
EVENT elapsed=4.108249774763513e-3 trial=2.862543945447582e-3 nominal=1.6666666666666666e-2 contacts=1 outcome=JointStop(StopHit { coordinate: 8, fraction: 0.9770074925688483 })
EVENT elapsed=4.108249774763513e-3 trial=2.7967268825098805e-3 nominal=1.6666666666666666e-2 contacts=1 outcome=JointStop(StopHit { coordinate: 8, fraction: 0.9987194699088899 })
EVENT elapsed=4.108249774763513e-3 trial=2.79314558958021e-3 nominal=1.6666666666666666e-2 contacts=1 outcome=JointStop(StopHit { coordinate: 8, fraction: 0.9999306653504956 })
EVENT elapsed=4.108249774763513e-3 trial=2.792951927809742e-3 nominal=1.6666666666666666e-2 contacts=1 outcome=JointStop(StopHit { coordinate: 8, fraction: 0.999996251670803 })
EVENT elapsed=4.108249774763513e-3 trial=2.792941458906485e-3 nominal=1.6666666666666666e-2 contacts=1 outcome=JointStop(StopHit { coordinate: 8, fraction: 0.9999997973770166 })
EVENT elapsed=4.108249774763513e-3 trial=2.7929408929923544e-3 nominal=1.6666666666666666e-2 contacts=1 outcome=Complete { arrived: true, drive_impulses: [(1, -13.934044739219278), (2, -8.378822370854243), (4, -0.430651454357503), (5, -0.35824536180243083), (7, -8.378822370854243), (9, -0.35337199204796477)] }
EVENT elapsed=6.901190667755868e-3 trial=9.765475998910799e-3 nominal=1.6666666666666666e-2 contacts=0 outcome=JointStop(StopHit { coordinate: 6, fraction: 0.032271511260007366 })
EVENT elapsed=6.901190667755868e-3 trial=3.1514666865818154e-4 nominal=1.6666666666666666e-2 contacts=0 outcome=JointStop(StopHit { coordinate: 6, fraction: 0.5761372102010495 })
EVENT elapsed=6.901190667755868e-3 trial=1.8156772248487923e-4 nominal=1.6666666666666666e-2 contacts=0 outcome=JointStop(StopHit { coordinate: 6, fraction: 0.9967479905956326 })
EVENT elapsed=6.901190667755868e-3 trial=1.8097726254382883e-4 nominal=1.6666666666666666e-2 contacts=0 outcome=JointStop(StopHit { coordinate: 6, fraction: 0.999987448592082 })
EVENT elapsed=6.901190667755868e-3 trial=1.8097499102438276e-4 nominal=1.6666666666666666e-2 contacts=0 outcome=Complete { arrived: true, drive_impulses: [(1, -2.1716998365422433), (2, -0.5429249531076256), (4, 2.1716998365422433), (5, -0.5429249531076256), (7, -0.5429249531076256), (9, -0.5429249531076256)] }
EVENT elapsed=7.0821656587802505e-3 trial=9.584501007886416e-3 nominal=1.6666666666666666e-2 contacts=0 outcome=Complete { arrived: false, drive_impulses: [(1, -5.230696784681974), (2, -13.546119120243988), (4, 4.970126515097103), (5, -6.276810363065642), (7, -3.252205766624057), (9, -6.28002842892545)] }
EVENT elapsed=0e0 trial=1.6666666666666666e-2 nominal=1.6666666666666666e-2 contacts=0 outcome=JointStop(StopHit { coordinate: 0, fraction: 0.7221368568241685 })
EVENT elapsed=0e0 trial=1.2035614280402809e-2 nominal=1.6666666666666666e-2 contacts=0 outcome=JointStop(StopHit { coordinate: 0, fraction: 0.5405527053881477 })
EVENT elapsed=0e0 trial=6.505883860279962e-3 nominal=1.6666666666666666e-2 contacts=0 outcome=JointStop(StopHit { coordinate: 0, fraction: 0.5881362349139841 })
EVENT elapsed=0e0 trial=3.826346038372714e-3 nominal=1.6666666666666666e-2 contacts=0 outcome=JointStop(StopHit { coordinate: 0, fraction: 0.8293525060567646 })
EVENT elapsed=0e0 trial=3.1733896759647833e-3 nominal=1.6666666666666666e-2 contacts=0 outcome=JointStop(StopHit { coordinate: 0, fraction: 0.9606880880906754 })
EVENT elapsed=0e0 trial=3.0486376605692958e-3 nominal=1.6666666666666666e-2 contacts=0 outcome=JointStop(StopHit { coordinate: 0, fraction: 0.9926187046843945 })
EVENT elapsed=0e0 trial=3.026134765686357e-3 nominal=1.6666666666666666e-2 contacts=0 outcome=JointStop(StopHit { coordinate: 0, fraction: 0.9986732088387712 })
EVENT elapsed=0e0 trial=3.022119716826557e-3 nominal=1.6666666666666666e-2 contacts=0 outcome=JointStop(StopHit { coordinate: 0, fraction: 0.9997634200062089 })
EVENT elapsed=0e0 trial=3.0214047437627143e-3 nominal=1.6666666666666666e-2 contacts=0 outcome=JointStop(StopHit { coordinate: 0, fraction: 0.9999578762183275 })
EVENT elapsed=0e0 trial=3.021277470768944e-3 nominal=1.6666666666666666e-2 contacts=0 outcome=JointStop(StopHit { coordinate: 0, fraction: 0.99999250166026 })
EVENT elapsed=0e0 trial=3.0212548162040194e-3 nominal=1.6666666666666666e-2 contacts=0 outcome=JointStop(StopHit { coordinate: 0, fraction: 0.9999986653019988 })
EVENT elapsed=0e0 trial=3.021250783741255e-3 nominal=1.6666666666666666e-2 contacts=0 outcome=JointStop(StopHit { coordinate: 0, fraction: 0.9999997624268423 })
EVENT elapsed=0e0 trial=3.0212500659731662e-3 nominal=1.6666666666666666e-2 contacts=0 outcome=Complete { arrived: true, drive_impulses: [(1, 0.042023268072495665), (2, -0.10435397460316409), (4, 0.07280400583304576), (5, 0.10585267605348622), (7, -0.10582221248661011), (9, 0.10582222641520339)] }
EVENT elapsed=3.0212500659731662e-3 trial=1.36454166006935e-2 nominal=1.6666666666666666e-2 contacts=0 outcome=Refine(TerrainSweepHit { collider: 33, node: TerrainNodeId { coordinates: BrickCoord { x: -67108864, y: -67108864, z: -67108864 }, level: 27 }, triangle: 1, fraction: 0.2615206451064535, separation: 5.551115123125783e-17 })
EVENT elapsed=3.0212500659731662e-3 trial=3.568558152159674e-3 nominal=1.6666666666666666e-2 contacts=0 outcome=Complete { arrived: false, drive_impulses: [(1, 1.3072545463082093), (2, -1.0711889332691202), (4, -0.944390240417124), (5, 1.0795911249223435), (7, -1.07979871632619), (9, 1.079798800624224)] }
EVENT elapsed=3.0212500659731662e-3 trial=8.606987376426588e-3 nominal=1.6666666666666666e-2 contacts=0 outcome=Refine(TerrainSweepHit { collider: 33, node: TerrainNodeId { coordinates: BrickCoord { x: -67108864, y: -67108864, z: -67108864 }, level: 27 }, triangle: 1, fraction: 0.429699496230978, separation: -1.1102230246251565e-16 })
EVENT elapsed=3.0212500659731662e-3 trial=4.0724010745863655e-3 nominal=1.6666666666666666e-2 contacts=0 outcome=Refine(TerrainSweepHit { collider: 33, node: TerrainNodeId { coordinates: BrickCoord { x: -67108864, y: -67108864, z: -67108864 }, level: 27 }, triangle: 1, fraction: 0.9420871688820274, separation: -1.6653345369377348e-16 })
EVENT elapsed=3.0212500659731662e-3 trial=3.836556798909195e-3 nominal=1.6666666666666666e-2 contacts=0 outcome=Complete { arrived: false, drive_impulses: [(1, 1.3240646022027638), (2, -1.0858440430858685), (4, -0.9566557319041494), (5, 1.094237057585765), (7, -1.0944691326976201), (9, 1.0944692171548944)] }
EVENT elapsed=3.0212500659731662e-3 trial=3.95447893674778e-3 nominal=1.6666666666666666e-2 contacts=0 outcome=Refine(TerrainSweepHit { collider: 33, node: TerrainNodeId { coordinates: BrickCoord { x: -67108864, y: -67108864, z: -67108864 }, level: 27 }, triangle: 1, fraction: 0.9711697928312388, separation: 2.220446049250313e-16 })
EVENT elapsed=3.0212500659731662e-3 trial=3.8483490126930532e-3 nominal=1.6666666666666666e-2 contacts=0 outcome=Refine(TerrainSweepHit { collider: 33, node: TerrainNodeId { coordinates: BrickCoord { x: -67108864, y: -67108864, z: -67108864 }, level: 27 }, triangle: 1, fraction: 0.9988719958957749, separation: -1.1102230246251565e-16 })
EVENT elapsed=3.0212500659731662e-3 trial=3.844008059212245e-3 nominal=1.6666666666666666e-2 contacts=0 outcome=Complete { arrived: false, drive_impulses: [(1, 1.3245293055746452), (2, -1.086249452689303), (4, -0.9569948795446349), (5, 1.094642188800615), (7, -1.0948749477866042), (9, 1.0948750322695588)] }
EVENT elapsed=3.0212500659731662e-3 trial=3.846178535952649e-3 nominal=1.6666666666666666e-2 contacts=0 outcome=Refine(TerrainSweepHit { collider: 33, node: TerrainNodeId { coordinates: BrickCoord { x: -67108864, y: -67108864, z: -67108864 }, level: 27 }, triangle: 1, fraction: 0.9994545292099799, separation: -1.6653345369377348e-16 })
EVENT elapsed=3.0212500659731662e-3 trial=3.844225106886285e-3 nominal=1.6666666666666666e-2 contacts=0 outcome=Refine(TerrainSweepHit { collider: 33, node: TerrainNodeId { coordinates: BrickCoord { x: -67108864, y: -67108864, z: -67108864 }, level: 27 }, triangle: 1, fraction: 0.999979372968699, separation: -4.440892098500626e-16 })
EVENT elapsed=3.0212500659731662e-3 trial=3.8441458119346772e-3 nominal=1.6666666666666666e-2 contacts=0 outcome=Complete { arrived: false, drive_impulses: [(1, 1.3245378952319686), (2, -1.0862569464922216), (4, -0.9570011484439116), (5, 1.0946496774448655), (7, -1.094882449075333), (9, 1.0948825335587644)] }
EVENT elapsed=3.0212500659731662e-3 trial=3.844185459410481e-3 nominal=1.6666666666666666e-2 contacts=0 outcome=Refine(TerrainSweepHit { collider: 33, node: TerrainNodeId { coordinates: BrickCoord { x: -67108864, y: -67108864, z: -67108864 }, level: 27 }, triangle: 1, fraction: 0.999990030916234, separation: 5.551115123125783e-17 })
EVENT elapsed=3.0212500659731662e-3 trial=3.8441497766822574e-3 nominal=1.6666666666666666e-2 contacts=0 outcome=Refine(TerrainSweepHit { collider: 33, node: TerrainNodeId { coordinates: BrickCoord { x: -67108864, y: -67108864, z: -67108864 }, level: 27 }, triangle: 1, fraction: 0.9999996232575294, separation: 2.220446049250313e-16 })
EVENT elapsed=3.0212500659731662e-3 trial=3.844148328427773e-3 nominal=1.6666666666666666e-2 contacts=0 outcome=Complete { arrived: false, drive_impulses: [(1, 1.3245380521489938), (2, -1.0862570833900884), (4, -0.9570012629650336), (5, 1.0946498142484842), (7, -1.0948825861099463), (9, 1.0948826705933852)] }
EVENT elapsed=3.0212500659731662e-3 trial=3.8441490525550153e-3 nominal=1.6666666666666666e-2 contacts=0 outcome=Refine(TerrainSweepHit { collider: 33, node: TerrainNodeId { coordinates: BrickCoord { x: -67108864, y: -67108864, z: -67108864 }, level: 27 }, triangle: 1, fraction: 0.9999998179215865, separation: -1.6653345369377348e-16 })
EVENT elapsed=3.0212500659731662e-3 trial=3.8441484008404974e-3 nominal=1.6666666666666666e-2 contacts=0 outcome=Refine(TerrainSweepHit { collider: 33, node: TerrainNodeId { coordinates: BrickCoord { x: -67108864, y: -67108864, z: -67108864 }, level: 27 }, triangle: 1, fraction: 0.9999999931191683, separation: 5.551115123125783e-17 })
EVENT elapsed=3.0212500659731662e-3 trial=3.844148374389559e-3 nominal=1.6666666666666666e-2 contacts=0 outcome=Complete { arrived: false, drive_impulses: [(1, 1.3245380550149644), (2, -1.0862570858904141), (4, -0.9570012650566669), (5, 1.0946498167470935), (7, -1.0948825886127744), (9, 1.0948826730962133)] }
EVENT elapsed=3.0212500659731662e-3 trial=3.844148387615028e-3 nominal=1.6666666666666666e-2 contacts=0 outcome=Refine(TerrainSweepHit { collider: 33, node: TerrainNodeId { coordinates: BrickCoord { x: -67108864, y: -67108864, z: -67108864 }, level: 27 }, triangle: 1, fraction: 0.9999999966745559, separation: -1.1102230246251565e-16 })
EVENT elapsed=3.0212500659731662e-3 trial=3.844148375712106e-3 nominal=1.6666666666666666e-2 contacts=0 outcome=Complete { arrived: true, drive_impulses: [(1, 1.3245380550974293), (2, -1.0862570859623624), (4, -0.957001265116861), (5, 1.0946498168189926), (7, -1.0948825886847935), (9, 1.0948826731682313)] }
EVENT elapsed=6.865398441685272e-3 trial=9.801268224981395e-3 nominal=1.6666666666666666e-2 contacts=1 outcome=Refine(TerrainSweepHit { collider: 42, node: TerrainNodeId { coordinates: BrickCoord { x: -67108864, y: -67108864, z: -67108864 }, level: 27 }, triangle: 1, fraction: 0.5186672126940548, separation: -3.3306690738754696e-16 })
EVENT elapsed=6.865398441685272e-3 trial=5.083596471117906e-3 nominal=1.6666666666666666e-2 contacts=1 outcome=Complete { arrived: false, drive_impulses: [(1, 1.2926893161961865), (2, -1.0415550875662365), (4, 4.663085973104517), (5, -0.830709029012715), (7, -1.0417757386500743), (9, 1.0417757703882624)] }
EVENT elapsed=6.865398441685272e-3 trial=7.44243234804965e-3 nominal=1.6666666666666666e-2 contacts=1 outcome=Refine(TerrainSweepHit { collider: 42, node: TerrainNodeId { coordinates: BrickCoord { x: -67108864, y: -67108864, z: -67108864 }, level: 27 }, triangle: 1, fraction: 0.711057763626109, separation: -2.7755575615628914e-16 })
EVENT elapsed=6.865398441685272e-3 trial=5.319480058811081e-3 nominal=1.6666666666666666e-2 contacts=1 outcome=Complete { arrived: false, drive_impulses: [(1, 1.312700705007325), (2, -1.0637422173068125), (4, 4.636209532927649), (5, -0.8085464629823708), (7, -1.0638166792260126), (9, 1.063816710333677)] }
EVENT elapsed=6.865398441685272e-3 trial=6.3809562034303656e-3 nominal=1.6666666666666666e-2 contacts=1 outcome=Refine(TerrainSweepHit { collider: 42, node: TerrainNodeId { coordinates: BrickCoord { x: -67108864, y: -67108864, z: -67108864 }, level: 27 }, triangle: 1, fraction: 0.8453714375081892, separation: -2.7755575615628914e-16 })
EVENT elapsed=6.865398441685272e-3 trial=5.425627673273009e-3 nominal=1.6666666666666666e-2 contacts=1 outcome=Complete { arrived: false, drive_impulses: [(1, 1.3216592961111227), (2, -1.073684965340123), (4, 4.624166989954864), (5, -0.798615560493042), (7, -1.0736935183373535), (9, 1.0736935488584245)] }
EVENT elapsed=6.865398441685272e-3 trial=5.903291938351688e-3 nominal=1.6666666666666666e-2 contacts=1 outcome=Refine(TerrainSweepHit { collider: 42, node: TerrainNodeId { coordinates: BrickCoord { x: -67108864, y: -67108864, z: -67108864 }, level: 27 }, triangle: 1, fraction: 0.9219018979606357, separation: 0.0 })
EVENT elapsed=6.865398441685272e-3 trial=5.473394099780877e-3 nominal=1.6666666666666666e-2 contacts=1 outcome=Complete { arrived: false, drive_impulses: [(1, 1.325681415451126), (2, -1.0781509196189516), (4, 4.618758247286446), (5, -0.7941550951359602), (7, -1.0781297910639027), (9, 1.0781298213078225)] }
EVENT elapsed=6.865398441685272e-3 trial=5.688343019066282e-3 nominal=1.6666666666666666e-2 contacts=1 outcome=Refine(TerrainSweepHit { collider: 42, node: TerrainNodeId { coordinates: BrickCoord { x: -67108864, y: -67108864, z: -67108864 }, level: 27 }, triangle: 1, fraction: 0.9606076175309219, separation: 3.3306690738754696e-16 })
EVENT elapsed=6.865398441685272e-3 trial=5.494888991709418e-3 nominal=1.6666666666666666e-2 contacts=1 outcome=Refine(TerrainSweepHit { collider: 42, node: TerrainNodeId { coordinates: BrickCoord { x: -67108864, y: -67108864, z: -67108864 }, level: 27 }, triangle: 1, fraction: 0.998073628834695, separation: 1.1102230246251565e-16 })
EVENT elapsed=6.865398441685272e-3 trial=5.484303795999236e-3 nominal=1.6666666666666666e-2 contacts=1 outcome=Complete { arrived: false, drive_impulses: [(1, 1.326599255794654), (2, -1.079170212067223), (4, 4.617523810109876), (5, -0.7931370700652234), (7, -1.0791423024673104), (9, 1.079142332646638)] }
EVENT elapsed=6.865398441685272e-3 trial=5.489596393854327e-3 nominal=1.6666666666666666e-2 contacts=1 outcome=Refine(TerrainSweepHit { collider: 42, node: TerrainNodeId { coordinates: BrickCoord { x: -67108864, y: -67108864, z: -67108864 }, level: 27 }, triangle: 1, fraction: 0.9991363145801816, separation: -1.1102230246251565e-16 })
EVENT elapsed=6.865398441685272e-3 trial=5.484855109488268e-3 nominal=1.6666666666666666e-2 contacts=1 outcome=Complete { arrived: false, drive_impulses: [(1, 1.3266456303228304), (2, -1.079221714200796), (4, 4.617461437624064), (5, -0.7930856321128915), (7, -1.0791934619075558), (9, 1.0791934920836046)] }
EVENT elapsed=6.865398441685272e-3 trial=5.487225751671297e-3 nominal=1.6666666666666666e-2 contacts=1 outcome=Refine(TerrainSweepHit { collider: 42, node: TerrainNodeId { coordinates: BrickCoord { x: -67108864, y: -67108864, z: -67108864 }, level: 27 }, triangle: 1, fraction: 0.999612983696809, separation: -2.220446049250313e-16 })
EVENT elapsed=6.865398441685272e-3 trial=5.485102105846111e-3 nominal=1.6666666666666666e-2 contacts=1 outcome=Complete { arrived: false, drive_impulses: [(1, 1.326666406532077), (2, -1.079244787675715), (4, 4.6174334941323405), (5, -0.7930625873962931), (7, -1.0792163818503866), (9, 1.0792164120249665)] }
EVENT elapsed=6.865398441685272e-3 trial=5.486163928758704e-3 nominal=1.6666666666666666e-2 contacts=1 outcome=Refine(TerrainSweepHit { collider: 42, node: TerrainNodeId { coordinates: BrickCoord { x: -67108864, y: -67108864, z: -67108864 }, level: 27 }, triangle: 1, fraction: 0.9998266218152216, separation: -2.7755575615628914e-16 })
EVENT elapsed=6.865398441685272e-3 trial=5.485212747615339e-3 nominal=1.6666666666666666e-2 contacts=1 outcome=Complete { arrived: false, drive_impulses: [(1, 1.3266757131648572), (2, -1.079255123371325), (4, 4.617420976929113), (5, -0.793052264583804), (7, -1.079226648771332), (9, 1.0792266789452556)] }
EVENT elapsed=6.865398441685272e-3 trial=5.485688338187022e-3 nominal=1.6666666666666666e-2 contacts=1 outcome=Refine(TerrainSweepHit { collider: 42, node: TerrainNodeId { coordinates: BrickCoord { x: -67108864, y: -67108864, z: -67108864 }, level: 27 }, triangle: 1, fraction: 0.999922337559657, separation: 0.0 })
EVENT elapsed=6.865398441685272e-3 trial=5.4852623062437164e-3 nominal=1.6666666666666666e-2 contacts=1 outcome=Complete { arrived: false, drive_impulses: [(1, 1.3266798817791705), (2, -1.079259752924159), (4, 4.617415370238312), (5, -0.79304764080174), (7, -1.0792312475186179), (9, 1.0792312776922455)] }
EVENT elapsed=6.865398441685272e-3 trial=5.485475322215369e-3 nominal=1.6666666666666666e-2 contacts=1 outcome=Refine(TerrainSweepHit { collider: 42, node: TerrainNodeId { coordinates: BrickCoord { x: -67108864, y: -67108864, z: -67108864 }, level: 27 }, triangle: 1, fraction: 0.9999652138922787, separation: 2.7755575615628914e-16 })
EVENT elapsed=6.865398441685272e-3 trial=5.485284503879907e-3 nominal=1.6666666666666666e-2 contacts=1 outcome=Complete { arrived: false, drive_impulses: [(1, 1.3266817489270168), (2, -1.0792618265295983), (4, 4.617412858966802), (5, -0.7930455697811023), (7, -1.0792333073260407), (9, 1.07923333749954)] }
EVENT elapsed=6.865398441685272e-3 trial=5.485379913047638e-3 nominal=1.6666666666666666e-2 contacts=1 outcome=Refine(TerrainSweepHit { collider: 42, node: TerrainNodeId { coordinates: BrickCoord { x: -67108864, y: -67108864, z: -67108864 }, level: 27 }, triangle: 1, fraction: 0.9999844191593088, separation: 3.3306690738754696e-16 })
EVENT elapsed=6.865398441685272e-3 trial=5.485294446217082e-3 nominal=1.6666666666666666e-2 contacts=1 outcome=Complete { arrived: false, drive_impulses: [(1, 1.3266825852234683), (2, -1.0792627552986025), (4, 4.617411734166934), (5, -0.7930446421698347), (7, -1.0792342299149043), (9, 1.0792342600883418)] }
EVENT elapsed=6.865398441685272e-3 trial=5.48533717963236e-3 nominal=1.6666666666666666e-2 contacts=1 outcome=Refine(TerrainSweepHit { collider: 42, node: TerrainNodeId { coordinates: BrickCoord { x: -67108864, y: -67108864, z: -67108864 }, level: 27 }, triangle: 1, fraction: 0.999993021347717, separation: -1.1102230246251565e-16 })
EVENT elapsed=6.865398441685272e-3 trial=5.485298899371528e-3 nominal=1.6666666666666666e-2 contacts=1 outcome=Complete { arrived: false, drive_impulses: [(1, 1.3266829597990264), (2, -1.079263171292452), (4, 4.617411230371253), (5, -0.7930442266945362), (7, -1.0792346431406856), (9, 1.0792346733140967)] }
EVENT elapsed=6.865398441685272e-3 trial=5.4853180395019446e-3 nominal=1.6666666666666666e-2 contacts=1 outcome=Refine(TerrainSweepHit { collider: 42, node: TerrainNodeId { coordinates: BrickCoord { x: -67108864, y: -67108864, z: -67108864 }, level: 27 }, triangle: 1, fraction: 0.9999968742785144, separation: -2.7755575615628914e-16 })
EVENT elapsed=6.865398441685272e-3 trial=5.485300893925493e-3 nominal=1.6666666666666666e-2 contacts=1 outcome=Complete { arrived: false, drive_impulses: [(1, 1.3266831275702409), (2, -1.079263357614787), (4, 4.617411004722737), (5, -0.7930440406044647), (7, -1.0792348282232032), (9, 1.0792348583966056)] }
EVENT elapsed=6.865398441685272e-3 trial=5.485309466713719e-3 nominal=1.6666666666666666e-2 contacts=1 outcome=Refine(TerrainSweepHit { collider: 42, node: TerrainNodeId { coordinates: BrickCoord { x: -67108864, y: -67108864, z: -67108864 }, level: 27 }, triangle: 1, fraction: 0.9999985999996954, separation: 5.551115123125783e-17 })
EVENT elapsed=6.865398441685272e-3 trial=5.485301787278795e-3 nominal=1.6666666666666666e-2 contacts=1 outcome=Complete { arrived: false, drive_impulses: [(1, 1.3266832027143363), (2, -1.0792634410678554), (4, 4.61741090365563), (5, -0.7930439572554147), (7, -1.079234911120972), (9, 1.0792349412943651)] }
EVENT elapsed=6.865398441685272e-3 trial=5.485305626996256e-3 nominal=1.6666666666666666e-2 contacts=1 outcome=Refine(TerrainSweepHit { collider: 42, node: TerrainNodeId { coordinates: BrickCoord { x: -67108864, y: -67108864, z: -67108864 }, level: 27 }, triangle: 1, fraction: 0.9999993729449606, separation: 3.3306690738754696e-16 })
EVENT elapsed=6.865398441685272e-3 trial=5.48530218740772e-3 nominal=1.6666666666666666e-2 contacts=1 outcome=Complete { arrived: false, drive_impulses: [(1, 1.3266832363710435), (2, -1.0792634784461164), (4, 4.617410858388103), (5, -0.7930439199237496), (7, -1.0792349482505117), (9, 1.079234978423902)] }
EVENT elapsed=6.865398441685272e-3 trial=5.4853039072019875e-3 nominal=1.6666666666666666e-2 contacts=1 outcome=Refine(TerrainSweepHit { collider: 42, node: TerrainNodeId { coordinates: BrickCoord { x: -67108864, y: -67108864, z: -67108864 }, level: 27 }, triangle: 1, fraction: 0.9999997191446349, separation: 1.6653345369377348e-16 })
EVENT elapsed=6.865398441685272e-3 trial=5.485302366624956e-3 nominal=1.6666666666666666e-2 contacts=1 outcome=Complete { arrived: false, drive_impulses: [(1, 1.3266832514458244), (2, -1.0792634951877893), (4, 4.617410838112846), (5, -0.7930439032029453), (7, -1.079234964880781), (9, 1.0792349950541706)] }
EVENT elapsed=6.865398441685272e-3 trial=5.485303136913472e-3 nominal=1.6666666666666666e-2 contacts=1 outcome=Refine(TerrainSweepHit { collider: 42, node: TerrainNodeId { coordinates: BrickCoord { x: -67108864, y: -67108864, z: -67108864 }, level: 27 }, triangle: 1, fraction: 0.9999998742059456, separation: -1.1102230246251565e-16 })
EVENT elapsed=6.865398441685272e-3 trial=5.485302446894951e-3 nominal=1.6666666666666666e-2 contacts=1 outcome=Complete { arrived: false, drive_impulses: [(1, 1.3266832581977037), (2, -1.079263502686254), (4, 4.617410829031739), (5, -0.7930438957138279), (7, -1.0792349723293524), (9, 1.0792350025027424)] }
EVENT elapsed=6.865398441685272e-3 trial=5.4853027919042115e-3 nominal=1.6666666666666666e-2 contacts=1 outcome=Refine(TerrainSweepHit { collider: 42, node: TerrainNodeId { coordinates: BrickCoord { x: -67108864, y: -67108864, z: -67108864 }, level: 27 }, triangle: 1, fraction: 0.9999999436574267, separation: -2.7755575615628914e-16 })
EVENT elapsed=6.865398441685272e-3 trial=5.485302482848137e-3 nominal=1.6666666666666666e-2 contacts=1 outcome=Complete { arrived: false, drive_impulses: [(1, 1.3266832612218995), (2, -1.0792635060448421), (4, 4.617410824964259), (5, -0.7930438923594275), (7, -1.079234975665589), (9, 1.079235005838977)] }
EVENT elapsed=6.865398441685272e-3 trial=5.4853026373761745e-3 nominal=1.6666666666666666e-2 contacts=1 outcome=Refine(TerrainSweepHit { collider: 42, node: TerrainNodeId { coordinates: BrickCoord { x: -67108864, y: -67108864, z: -67108864 }, level: 27 }, triangle: 1, fraction: 0.999999974764261, separation: -1.1102230246251565e-16 })
EVENT elapsed=6.865398441685272e-3 trial=5.485302498950509e-3 nominal=1.6666666666666666e-2 contacts=1 outcome=Complete { arrived: false, drive_impulses: [(1, 1.3266832625763432), (2, -1.0792635075490542), (4, 4.617410823142556), (5, -0.793043890857095), (7, -1.0792349771597909), (9, 1.0792350073331787)] }
EVENT elapsed=6.865398441685272e-3 trial=5.485302568163342e-3 nominal=1.6666666666666666e-2 contacts=1 outcome=Refine(TerrainSweepHit { collider: 42, node: TerrainNodeId { coordinates: BrickCoord { x: -67108864, y: -67108864, z: -67108864 }, level: 27 }, triangle: 1, fraction: 0.9999999886969909, separation: 2.7755575615628914e-16 })
EVENT elapsed=6.865398441685272e-3 trial=5.485302506162917e-3 nominal=1.6666666666666666e-2 contacts=1 outcome=Complete { arrived: false, drive_impulses: [(1, 1.326683263183022), (2, -1.0792635082228037), (4, 4.617410822326612), (5, -0.7930438901841789), (7, -1.079234977829061), (9, 1.079235008002451)] }
EVENT elapsed=6.865398441685272e-3 trial=5.485302537163129e-3 nominal=1.6666666666666666e-2 contacts=1 outcome=Refine(TerrainSweepHit { collider: 42, node: TerrainNodeId { coordinates: BrickCoord { x: -67108864, y: -67108864, z: -67108864 }, level: 27 }, triangle: 1, fraction: 0.9999999949374918, separation: -5.551115123125783e-17 })
EVENT elapsed=6.865398441685272e-3 trial=5.48530250939374e-3 nominal=1.6666666666666666e-2 contacts=1 outcome=Complete { arrived: false, drive_impulses: [(1, 1.3266832634547738), (2, -1.0792635085246105), (4, 4.6174108219611005), (5, -0.793043889882751), (7, -1.0792349781288613), (9, 1.0792350083022493)] }
EVENT elapsed=6.865398441685272e-3 trial=5.4853025232784345e-3 nominal=1.6666666666666666e-2 contacts=1 outcome=Refine(TerrainSweepHit { collider: 42, node: TerrainNodeId { coordinates: BrickCoord { x: -67108864, y: -67108864, z: -67108864 }, level: 27 }, triangle: 1, fraction: 0.9999999977324603, separation: 1.6653345369377348e-16 })
EVENT elapsed=6.865398441685272e-3 trial=5.485302510840293e-3 nominal=1.6666666666666666e-2 contacts=1 outcome=Complete { arrived: false, drive_impulses: [(1, 1.3266832635764527), (2, -1.0792635086597413), (4, 4.617410821797442), (5, -0.7930438897477883), (7, -1.079234978263093), (9, 1.0792350084364812)] }
EVENT elapsed=1.2350700952525565e-2 trial=4.315965714141102e-3 nominal=1.6666666666666666e-2 contacts=1 outcome=Complete { arrived: false, drive_impulses: [(1, -3.2868898706742753), (2, 0.033897360550230585), (4, -1.165756700184169), (5, -0.043318594955618836), (7, -7.766170184351788), (9, -0.041452981088941104)] }
EVENT elapsed=0e0 trial=1.6666666666666666e-2 nominal=1.6666666666666666e-2 contacts=0 outcome=Refine(TerrainSweepHit { collider: 42, node: TerrainNodeId { coordinates: BrickCoord { x: -67108864, y: -67108864, z: -67108864 }, level: 27 }, triangle: 1, fraction: 0.00017655383018360025, separation: 2.220446049250313e-16 })
EVENT elapsed=0e0 trial=2.9425638363933376e-6 nominal=1.6666666666666666e-2 contacts=0 outcome=Complete { arrived: false, drive_impulses: [(1, -0.028016481859079005), (2, -0.0004500207646642178), (4, -0.013726114688789528), (5, 0.000449643833059455), (7, -0.0004497005576698748), (9, 0.00044970033693861116)] }
EVENT elapsed=0e0 trial=8.33480461525153e-3 nominal=1.6666666666666666e-2 contacts=0 outcome=Refine(TerrainSweepHit { collider: 42, node: TerrainNodeId { coordinates: BrickCoord { x: -67108864, y: -67108864, z: -67108864 }, level: 27 }, triangle: 1, fraction: 0.0006744546650541523, separation: 0.0 })
EVENT elapsed=0e0 trial=8.36128768977907e-4 nominal=1.6666666666666666e-2 contacts=0 outcome=Refine(TerrainSweepHit { collider: 42, node: TerrainNodeId { coordinates: BrickCoord { x: -67108864, y: -67108864, z: -67108864 }, level: 27 }, triangle: 1, fraction: 0.06503779248626493, separation: 0.0 })
EVENT elapsed=0e0 trial=8.626118435054471e-5 nominal=1.6666666666666666e-2 contacts=0 outcome=Complete { arrived: false, drive_impulses: [(1, -0.022570179164028734), (2, -0.006207964400023216), (4, -0.02037898403530943), (5, 0.0061825055382763614), (7, -0.006186066874627871), (9, 0.006186066680121828)] }
EVENT elapsed=0e0 trial=4.6119497666422584e-4 nominal=1.6666666666666666e-2 contacts=0 outcome=Refine(TerrainSweepHit { collider: 42, node: TerrainNodeId { coordinates: BrickCoord { x: -67108864, y: -67108864, z: -67108864 }, level: 27 }, triangle: 1, fraction: 0.2160038870493518, separation: 5.2735593669694936e-15 })
EVENT elapsed=0e0 trial=1.237545635819128e-4 nominal=1.6666666666666666e-2 contacts=0 outcome=Complete { arrived: false, drive_impulses: [(1, -0.020134130495047493), (2, -0.00878686138824474), (4, -0.023361162017137806), (5, 0.008749984416026075), (7, -0.008755141671431543), (9, 0.008755141350585733)] }
EVENT elapsed=0e0 trial=2.924747701230693e-4 nominal=1.6666666666666666e-2 contacts=0 outcome=Refine(TerrainSweepHit { collider: 42, node: TerrainNodeId { coordinates: BrickCoord { x: -67108864, y: -67108864, z: -67108864 }, level: 27 }, triangle: 1, fraction: 0.5457391870067144, separation: 8.876233081878127e-14 })
EVENT elapsed=0e0 trial=1.5961494326693953e-4 nominal=1.6666666666666666e-2 contacts=0 outcome=Complete { arrived: false, drive_impulses: [(1, -0.017812790910379815), (2, -0.011246342962038419), (4, -0.026206687789981285), (5, 0.011198468338331274), (7, -0.01120516241186264), (9, 0.011205161948539207)] }
EVENT elapsed=0e0 trial=2.260448566950044e-4 nominal=1.6666666666666666e-2 contacts=0 outcome=Refine(TerrainSweepHit { collider: 42, node: TerrainNodeId { coordinates: BrickCoord { x: -67108864, y: -67108864, z: -67108864 }, level: 27 }, triangle: 1, fraction: 0.926201653129606, separation: 0.0 })
EVENT elapsed=0e0 trial=2.0936311995235798e-4 nominal=1.6666666666666666e-2 contacts=0 outcome=Complete { arrived: false, drive_impulses: [(1, -0.014606402726221546), (2, -0.014646822261651492), (4, -0.030143242007797666), (5, 0.014583566516267632), (7, -0.014592409382638822), (9, 0.014592408649313672)] }
EVENT elapsed=0e0 trial=2.177039883236812e-4 nominal=1.6666666666666666e-2 contacts=0 outcome=Complete { arrived: false, drive_impulses: [(1, -0.014070405851166446), (2, -0.015215639978585273), (4, -0.030802000188587062), (5, 0.015149791231913437), (7, -0.015158996265784895), (9, 0.015158995466097403)] }
EVENT elapsed=0e0 trial=2.218744225093428e-4 nominal=1.6666666666666666e-2 contacts=0 outcome=Refine(TerrainSweepHit { collider: 42, node: TerrainNodeId { coordinates: BrickCoord { x: -67108864, y: -67108864, z: -67108864 }, level: 27 }, triangle: 1, fraction: 0.9624580305596604, separation: 5.551115123125783e-17 })
EVENT elapsed=0e0 trial=2.1812103174224736e-4 nominal=1.6666666666666666e-2 contacts=0 outcome=Refine(TerrainSweepHit { collider: 42, node: TerrainNodeId { coordinates: BrickCoord { x: -67108864, y: -67108864, z: -67108864 }, level: 27 }, triangle: 1, fraction: 0.9969427880959418, separation: -3.3306690738754696e-16 })
EVENT elapsed=0e0 trial=2.177456926655378e-4 nominal=1.6666666666666666e-2 contacts=0 outcome=Complete { arrived: false, drive_impulses: [(1, -0.014067727015442469), (2, -0.015218483119781046), (4, -0.03080529307592438), (5, 0.01515262139788449), (7, -0.01516182824396363), (9, 0.015161827443931408)] }
EVENT elapsed=0e0 trial=2.179333622038926e-4 nominal=1.6666666666666666e-2 contacts=0 outcome=Refine(TerrainSweepHit { collider: 42, node: TerrainNodeId { coordinates: BrickCoord { x: -67108864, y: -67108864, z: -67108864 }, level: 27 }, triangle: 1, fraction: 0.998715508906972, separation: 2.7755575615628914e-16 })
EVENT elapsed=0e0 trial=2.1776445961937328e-4 nominal=1.6666666666666666e-2 contacts=0 outcome=Complete { arrived: false, drive_impulses: [(1, -0.014066521543090483), (2, -0.015219762530244426), (4, -0.03080677487229507), (5, 0.015153894969463946), (7, -0.015163102631041788), (9, 0.015163101830853846)] }
EVENT elapsed=0e0 trial=2.1784891091163294e-4 nominal=1.6666666666666666e-2 contacts=0 outcome=Refine(TerrainSweepHit { collider: 42, node: TerrainNodeId { coordinates: BrickCoord { x: -67108864, y: -67108864, z: -67108864 }, level: 27 }, triangle: 1, fraction: 0.9995147787120982, separation: 0.0 })
EVENT elapsed=0e0 trial=2.1777290474859926e-4 nominal=1.6666666666666666e-2 contacts=0 outcome=Complete { arrived: false, drive_impulses: [(1, -0.014065979081293863), (2, -0.015220338264328306), (4, -0.030807441680067757), (5, 0.015154468076044128), (7, -0.01516367610459655), (9, 0.01516367530433889)] }
EVENT elapsed=0e0 trial=2.178109078301161e-4 nominal=1.6666666666666666e-2 contacts=0 outcome=Refine(TerrainSweepHit { collider: 42, node: TerrainNodeId { coordinates: BrickCoord { x: -67108864, y: -67108864, z: -67108864 }, level: 27 }, triangle: 1, fraction: 0.9998747645302225, separation: -3.885780586188048e-16 })
EVENT elapsed=0e0 trial=2.1778363017875134e-4 nominal=1.6666666666666666e-2 contacts=0 outcome=Complete { arrived: false, drive_impulses: [(1, -0.014065290148026094), (2, -0.015221069453969482), (4, -0.030808288534569624), (5, 0.015155195928712391), (7, -0.015164404423329104), (9, 0.015164403622982554)] }
EVENT elapsed=0e0 trial=2.1779726900443373e-4 nominal=1.6666666666666666e-2 contacts=0 outcome=Complete { arrived: false, drive_impulses: [(1, -0.014064414077895571), (2, -0.015221999258952713), (4, -0.030809365423009983), (5, 0.01515612149027619), (7, -0.015165330577557866), (9, 0.015165329777098615)] }
EVENT elapsed=0e0 trial=2.178040884172749e-4 nominal=1.6666666666666666e-2 contacts=0 outcome=Refine(TerrainSweepHit { collider: 42, node: TerrainNodeId { coordinates: BrickCoord { x: -67108864, y: -67108864, z: -67108864 }, level: 27 }, triangle: 1, fraction: 0.999939381907215, separation: 0.0 })
EVENT elapsed=0e0 trial=2.1779795094571786e-4 nominal=1.6666666666666666e-2 contacts=0 outcome=Refine(TerrainSweepHit { collider: 42, node: TerrainNodeId { coordinates: BrickCoord { x: -67108864, y: -67108864, z: -67108864 }, level: 27 }, triangle: 1, fraction: 0.9999975430086452, separation: -3.3306690738754696e-16 })
EVENT elapsed=0e0 trial=2.177974158180353e-4 nominal=1.6666666666666666e-2 contacts=0 outcome=Complete { arrived: false, drive_impulses: [(1, -0.014064404647550275), (2, -0.01522200926772677), (4, -0.030809377015042858), (5, 0.0151561314533727), (7, -0.015165340547033562), (9, 0.015165339746573863)] }
EVENT elapsed=0e0 trial=2.1779768338187657e-4 nominal=1.6666666666666666e-2 contacts=0 outcome=Complete { arrived: false, drive_impulses: [(1, -0.014064387460977644), (2, -0.015222027508452151), (4, -0.030809398141225883), (5, 0.015156149610851148), (7, -0.015165358716138933), (9, 0.015165357915676666)] }
EVENT elapsed=2.1779768338187657e-4 trial=1.644886898328479e-2 nominal=1.6666666666666666e-2 contacts=1 outcome=Refine(TerrainSweepHit { collider: 67, node: TerrainNodeId { coordinates: BrickCoord { x: -67108864, y: -67108864, z: -67108864 }, level: 27 }, triangle: 1, fraction: 0.3976660929998781, separation: 1.6653345369377348e-16 })
EVENT elapsed=2.1779768338187657e-4 trial=6.541157462849739e-3 nominal=1.6666666666666666e-2 contacts=1 outcome=Complete { arrived: false, drive_impulses: [(1, -0.8239391797368482), (2, -0.2198871085248459), (4, -0.35552475946965273), (5, 0.21709939170170459), (7, -5.680068355701683), (9, 0.2174825606295707)] }
EVENT elapsed=2.1779768338187657e-4 trial=1.1495013223067264e-2 nominal=1.6666666666666666e-2 contacts=1 outcome=Refine(TerrainSweepHit { collider: 67, node: TerrainNodeId { coordinates: BrickCoord { x: -67108864, y: -67108864, z: -67108864 }, level: 27 }, triangle: 1, fraction: 0.5955727914125195, separation: -5.551115123125783e-17 })
EVENT elapsed=2.1779768338187657e-4 trial=7.036543038871492e-3 nominal=1.6666666666666666e-2 contacts=1 outcome=Complete { arrived: false, drive_impulses: [(1, -0.8822019940954633), (2, -0.23556846197970227), (4, -0.3759991172690815), (5, 0.23262273821094148), (7, -6.11409822554772), (9, 0.23302761960369)] }
EVENT elapsed=2.1779768338187657e-4 trial=9.265778130969378e-3 nominal=1.6666666666666666e-2 contacts=1 outcome=Refine(TerrainSweepHit { collider: 67, node: TerrainNodeId { coordinates: BrickCoord { x: -67108864, y: -67108864, z: -67108864 }, level: 27 }, triangle: 1, fraction: 0.7561544648038983, separation: -5.551115123125783e-17 })
EVENT elapsed=2.1779768338187657e-4 trial=7.259466548081281e-3 nominal=1.6666666666666666e-2 contacts=1 outcome=Refine(TerrainSweepHit { collider: 67, node: TerrainNodeId { coordinates: BrickCoord { x: -67108864, y: -67108864, z: -67108864 }, level: 27 }, triangle: 1, fraction: 0.9869882764284938, separation: -1.1102230246251565e-16 })
EVENT elapsed=2.1779768338187657e-4 trial=7.165008376081051e-3 nominal=1.6666666666666666e-2 contacts=1 outcome=Complete { arrived: false, drive_impulses: [(1, -0.897272064088685), (2, -0.23960323243958467), (4, -0.381178849935584), (5, 0.23661751271719536), (7, -6.226784357339594), (9, 0.23702789004831998)] }
EVENT elapsed=2.1779768338187657e-4 trial=7.2122374620811665e-3 nominal=1.6666666666666666e-2 contacts=1 outcome=Refine(TerrainSweepHit { collider: 67, node: TerrainNodeId { coordinates: BrickCoord { x: -67108864, y: -67108864, z: -67108864 }, level: 27 }, triangle: 1, fraction: 0.9939941038803105, separation: 0.0 })
EVENT elapsed=2.1779768338187657e-4 trial=7.169731284681063e-3 nominal=1.6666666666666666e-2 contacts=1 outcome=Complete { arrived: false, drive_impulses: [(1, -0.8978257956390345), (2, -0.23975131734901722), (4, -0.3813682729356749), (5, 0.23676413480029881), (7, -6.230928082389684), (9, 0.23717471314119867)] }
EVENT elapsed=2.1779768338187657e-4 trial=7.190984373381115e-3 nominal=1.6666666666666666e-2 contacts=1 outcome=Refine(TerrainSweepHit { collider: 67, node: TerrainNodeId { coordinates: BrickCoord { x: -67108864, y: -67108864, z: -67108864 }, level: 27 }, triangle: 1, fraction: 0.9971771373122974, separation: -2.7755575615628914e-16 })
EVENT elapsed=2.1779768338187657e-4 trial=7.171856593551068e-3 nominal=1.6666666666666666e-2 contacts=1 outcome=Complete { arrived: false, drive_impulses: [(1, -0.8980749677501055), (2, -0.23981794978385973), (4, -0.38145349009835267), (5, 0.2368301091380846), (7, -6.232792779465069), (9, 0.2372407779093552)] }
EVENT elapsed=2.1779768338187657e-4 trial=7.181420483466092e-3 nominal=1.6666666666666666e-2 contacts=1 outcome=Refine(TerrainSweepHit { collider: 67, node: TerrainNodeId { coordinates: BrickCoord { x: -67108864, y: -67108864, z: -67108864 }, level: 27 }, triangle: 1, fraction: 0.9986157276458018, separation: 5.551115123125783e-16 })
EVENT elapsed=2.1779768338187657e-4 trial=7.1728129825425705e-3 nominal=1.6666666666666666e-2 contacts=1 outcome=Refine(TerrainSweepHit { collider: 67, node: TerrainNodeId { coordinates: BrickCoord { x: -67108864, y: -67108864, z: -67108864 }, level: 27 }, triangle: 1, fraction: 0.9999137808330454, separation: -3.885780586188048e-16 })
EVENT elapsed=2.1779768338187657e-4 trial=7.172194548582494e-3 nominal=1.6666666666666666e-2 contacts=1 outcome=Complete { arrived: false, drive_impulses: [(1, -0.8981145893356302), (2, -0.23982854498015707), (4, -0.38146703954100686), (5, 0.23684059969737137), (7, -6.233089294617738), (9, 0.23725128284701438)] }
EVENT elapsed=2.1779768338187657e-4 trial=7.172503765562532e-3 nominal=1.6666666666666666e-2 contacts=1 outcome=Refine(TerrainSweepHit { collider: 67, node: TerrainNodeId { coordinates: BrickCoord { x: -67108864, y: -67108864, z: -67108864 }, level: 27 }, triangle: 1, fraction: 0.9999604709735045, separation: 1.6653345369377348e-16 })
EVENT elapsed=2.1779768338187657e-4 trial=7.172225470280498e-3 nominal=1.6666666666666666e-2 contacts=1 outcome=Complete { arrived: false, drive_impulses: [(1, -0.8981182145659413), (2, -0.239829514398863), (4, -0.3814682792492364), (5, 0.23684155954229716), (7, -6.23311642472869), (9, 0.23725224400749248)] }
EVENT elapsed=2.1779768338187657e-4 trial=7.172364617921515e-3 nominal=1.6666666666666666e-2 contacts=1 outcome=Refine(TerrainSweepHit { collider: 67, node: TerrainNodeId { coordinates: BrickCoord { x: -67108864, y: -67108864, z: -67108864 }, level: 27 }, triangle: 1, fraction: 0.999981482866909, separation: -1.6653345369377348e-16 })
EVENT elapsed=2.1779768338187657e-4 trial=7.172239385044599e-3 nominal=1.6666666666666666e-2 contacts=1 outcome=Complete { arrived: false, drive_impulses: [(1, -0.8981198459192797), (2, -0.23982995063703635), (4, -0.38146883711694635), (5, 0.23684199147227883), (7, -6.233128633279513), (9, 0.23725267652946821)] }
EVENT elapsed=2.1779768338187657e-4 trial=7.172302001483057e-3 nominal=1.6666666666666666e-2 contacts=1 outcome=Refine(TerrainSweepHit { collider: 67, node: TerrainNodeId { coordinates: BrickCoord { x: -67108864, y: -67108864, z: -67108864 }, level: 27 }, triangle: 1, fraction: 0.9999909384882328, separation: 1.6653345369377348e-16 })
EVENT elapsed=2.1779768338187657e-4 trial=7.172245646688445e-3 nominal=1.6666666666666666e-2 contacts=1 outcome=Refine(TerrainSweepHit { collider: 67, node: TerrainNodeId { coordinates: BrickCoord { x: -67108864, y: -67108864, z: -67108864 }, level: 27 }, triangle: 1, fraction: 0.9999994486904745, separation: -1.6653345369377348e-16 })
EVENT elapsed=2.1779768338187657e-4 trial=7.172241692561101e-3 nominal=1.6666666666666666e-2 contacts=1 outcome=Complete { arrived: false, drive_impulses: [(1, -0.8981201164502349), (2, -0.23983002297937847), (4, -0.3814689296293376), (5, 0.236842063100182), (7, -6.233130657850898), (9, 0.23725274825554196)] }
EVENT elapsed=2.1779768338187657e-4 trial=7.172243669624772e-3 nominal=1.6666666666666666e-2 contacts=1 outcome=Refine(TerrainSweepHit { collider: 67, node: TerrainNodeId { coordinates: BrickCoord { x: -67108864, y: -67108864, z: -67108864 }, level: 27 }, triangle: 1, fraction: 0.9999997472515165, separation: 2.220446049250313e-16 })
EVENT elapsed=2.1779768338187657e-4 trial=7.172241890267468e-3 nominal=1.6666666666666666e-2 contacts=1 outcome=Complete { arrived: false, drive_impulses: [(1, -0.8981201396291383), (2, -0.23983002917761814), (4, -0.3814689375557327), (5, 0.23684206923720835), (7, -6.233130831314732), (9, 0.2372527544009802)] }
EVENT elapsed=2.1779768338187657e-4 trial=7.17224277994612e-3 nominal=1.6666666666666666e-2 contacts=1 outcome=Refine(TerrainSweepHit { collider: 67, node: TerrainNodeId { coordinates: BrickCoord { x: -67108864, y: -67108864, z: -67108864 }, level: 27 }, triangle: 1, fraction: 0.9999998816040978, separation: 1.1102230246251565e-16 })
EVENT elapsed=2.1779768338187657e-4 trial=7.172241979235333e-3 nominal=1.6666666666666666e-2 contacts=1 outcome=Complete { arrived: false, drive_impulses: [(1, -0.8981201500596444), (2, -0.23983003196682282), (4, -0.3814689411226096), (5, 0.23684207199887092), (7, -6.233130909373458), (9, 0.23725275716642674)] }
EVENT elapsed=2.1779768338187657e-4 trial=7.172242379590727e-3 nominal=1.6666666666666666e-2 contacts=1 outcome=Refine(TerrainSweepHit { collider: 67, node: TerrainNodeId { coordinates: BrickCoord { x: -67108864, y: -67108864, z: -67108864 }, level: 27 }, triangle: 1, fraction: 0.999999942062774, separation: -1.6653345369377348e-16 })
EVENT elapsed=2.1779768338187657e-4 trial=7.172242019270872e-3 nominal=1.6666666666666666e-2 contacts=1 outcome=Refine(TerrainSweepHit { collider: 67, node: TerrainNodeId { coordinates: BrickCoord { x: -67108864, y: -67108864, z: -67108864 }, level: 27 }, triangle: 1, fraction: 0.9999999964755836, separation: -5.551115123125783e-17 })
EVENT elapsed=2.1779768338187657e-4 trial=7.172241993992905e-3 nominal=1.6666666666666666e-2 contacts=1 outcome=Complete { arrived: false, drive_impulses: [(1, -0.8981201517898025), (2, -0.2398300324294861), (4, -0.38146894171426843), (5, 0.2368420724569599), (7, -6.233130922321464), (9, 0.2372527576251469)] }
EVENT elapsed=2.1779768338187657e-4 trial=7.172242006631888e-3 nominal=1.6666666666666666e-2 contacts=1 outcome=Refine(TerrainSweepHit { collider: 67, node: TerrainNodeId { coordinates: BrickCoord { x: -67108864, y: -67108864, z: -67108864 }, level: 27 }, triangle: 1, fraction: 0.9999999983841855, separation: 2.7755575615628914e-16 })
EVENT elapsed=2.1779768338187657e-4 trial=7.172241995256803e-3 nominal=1.6666666666666666e-2 contacts=1 outcome=Complete { arrived: false, drive_impulses: [(1, -0.8981201519379831), (2, -0.2398300324691075), (4, -0.38146894176493285), (5, 0.2368420724961957), (7, -6.2331309234304), (9, 0.23725275766443246)] }
EVENT elapsed=7.39003967863868e-3 trial=9.276626988027985e-3 nominal=1.6666666666666666e-2 contacts=1 outcome=Refine(TerrainSweepHit { collider: 42, node: TerrainNodeId { coordinates: BrickCoord { x: -67108864, y: -67108864, z: -67108864 }, level: 27 }, triangle: 1, fraction: 0.0005473657588894464, separation: 2.220446049250313e-16 })
EVENT elapsed=7.39003967863868e-3 trial=5.077707971236258e-6 nominal=1.6666666666666666e-2 contacts=1 outcome=Complete { arrived: false, drive_impulses: [(1, 0.06093249409061899), (2, -0.015233123353525883), (4, -0.06093249409061899), (5, 0.015233123353525883), (7, -0.015233123353525883), (9, 0.015233123353525883)] }
EVENT elapsed=7.39003967863868e-3 trial=4.640852347999611e-3 nominal=1.6666666666666666e-2 contacts=1 outcome=Refine(TerrainSweepHit { collider: 42, node: TerrainNodeId { coordinates: BrickCoord { x: -67108864, y: -67108864, z: -67108864 }, level: 27 }, triangle: 1, fraction: 0.0022333740153914375, separation: -1.1102230246251565e-16 })
EVENT elapsed=7.39003967863868e-3 trial=4.686551719740737e-4 nominal=1.6666666666666666e-2 contacts=1 outcome=Complete { arrived: false, drive_impulses: [(1, 0.07338142067004283), (2, -0.15659107113417675), (4, -1.456161835241292), (5, 0.15301944549809388), (7, -0.1535160551780014), (9, 1.405965464219246)] }
EVENT elapsed=7.39003967863868e-3 trial=2.554753759986842e-3 nominal=1.6666666666666666e-2 contacts=1 outcome=Refine(TerrainSweepHit { collider: 42, node: TerrainNodeId { coordinates: BrickCoord { x: -67108864, y: -67108864, z: -67108864 }, level: 27 }, triangle: 1, fraction: 0.007989623589504027, separation: 1.6653345369377348e-16 })
EVENT elapsed=7.39003967863868e-3 trial=6.772650307753506e-4 nominal=1.6666666666666666e-2 contacts=1 outcome=Refine(TerrainSweepHit { collider: 42, node: TerrainNodeId { coordinates: BrickCoord { x: -67108864, y: -67108864, z: -67108864 }, level: 27 }, triangle: 1, fraction: 0.2637304330894717, separation: 5.9396931817445875e-15 })
EVENT elapsed=7.39003967863868e-3 trial=4.895161578542015e-4 nominal=1.6666666666666666e-2 contacts=1 outcome=Complete { arrived: false, drive_impulses: [(1, 0.07335993305627457), (2, -0.15569917208228595), (4, -1.4485507103151907), (5, 0.15211959416229046), (7, -0.1526176656254819), (9, 1.4685484195582035)] }
EVENT elapsed=7.39003967863868e-3 trial=5.83390594314776e-4 nominal=1.6666666666666666e-2 contacts=1 outcome=Refine(TerrainSweepHit { collider: 42, node: TerrainNodeId { coordinates: BrickCoord { x: -67108864, y: -67108864, z: -67108864 }, level: 27 }, triangle: 1, fraction: 0.5026372718559361, separation: 1.1229905894083458e-13 })
EVENT elapsed=7.39003967863868e-3 trial=4.989036015002589e-4 nominal=1.6666666666666666e-2 contacts=1 outcome=Complete { arrived: false, drive_impulses: [(1, 0.0733505794024759), (2, -0.1552978996015482), (4, -1.4451254995473524), (5, 0.15171474375123947), (7, -0.15221347210676867), (9, 1.4967107494607341)] }
EVENT elapsed=7.39003967863868e-3 trial=5.411470979075174e-4 nominal=1.6666666666666666e-2 contacts=1 outcome=Refine(TerrainSweepHit { collider: 42, node: TerrainNodeId { coordinates: BrickCoord { x: -67108864, y: -67108864, z: -67108864 }, level: 27 }, triangle: 1, fraction: 0.76613825549735, separation: 5.551115123125783e-16 })
EVENT elapsed=7.39003967863868e-3 trial=5.031279511409847e-4 nominal=1.6666666666666666e-2 contacts=1 outcome=Complete { arrived: false, drive_impulses: [(1, 0.07334643376615742), (2, -0.15511734340288727), (4, -1.4435841132848628), (5, 0.1515325776058899), (7, -0.15203160137847788), (9, 1.5093837979168732)] }
EVENT elapsed=7.39003967863868e-3 trial=5.221375245242511e-4 nominal=1.6666666666666666e-2 contacts=1 outcome=Refine(TerrainSweepHit { collider: 42, node: TerrainNodeId { coordinates: BrickCoord { x: -67108864, y: -67108864, z: -67108864 }, level: 27 }, triangle: 1, fraction: 0.9759020744307724, separation: 1.6653345369377348e-16 })
EVENT elapsed=7.39003967863868e-3 trial=5.095550933213649e-4 nominal=1.6666666666666666e-2 contacts=1 outcome=Complete { arrived: false, drive_impulses: [(1, 0.07334020169105693), (2, -0.1548426553465152), (4, -1.4412389198719366), (5, 0.15125544023992682), (7, -0.1517549132553959), (9, 1.5286652237489586)] }
EVENT elapsed=7.39003967863868e-3 trial=5.15846308922808e-4 nominal=1.6666666666666666e-2 contacts=1 outcome=Complete { arrived: false, drive_impulses: [(1, 0.07333418913909938), (2, -0.15457379916095415), (4, -1.4389432669452935), (5, 0.15098418671596658), (7, -0.15148409921634653), (9, 1.5475388698592285)] }
EVENT elapsed=7.39003967863868e-3 trial=5.189919167235296e-4 nominal=1.6666666666666666e-2 contacts=1 outcome=Complete { arrived: false, drive_impulses: [(1, 0.07333121530376002), (2, -0.15443937938067193), (4, -1.4377954191044047), (5, 0.15084856833020957), (7, -0.15134870047765098), (9, 1.5569756929143632)] }
EVENT elapsed=7.39003967863868e-3 trial=5.205647206238903e-4 nominal=1.6666666666666666e-2 contacts=1 outcome=Refine(TerrainSweepHit { collider: 42, node: TerrainNodeId { coordinates: BrickCoord { x: -67108864, y: -67108864, z: -67108864 }, level: 27 }, triangle: 1, fraction: 0.9977644738962608, separation: 2.220446049250313e-16 })
EVENT elapsed=7.39003967863868e-3 trial=5.194009846022498e-4 nominal=1.6666666666666666e-2 contacts=1 outcome=Complete { arrived: false, drive_impulses: [(1, 0.0733308301598512), (2, -0.15442189928090136), (4, -1.4376461471655555), (5, 0.1508309323619419), (7, -0.1513310930685244), (9, 1.558202896505395)] }
EVENT elapsed=7.39003967863868e-3 trial=5.1998285261307e-4 nominal=1.6666666666666666e-2 contacts=1 outcome=Complete { arrived: false, drive_impulses: [(1, 0.07333028295021879), (2, -0.15439703532627136), (4, -1.437433818746463), (5, 0.1508058466974471), (7, -0.151306048025386), (9, 1.5599485004736626)] }
EVENT elapsed=7.39003967863868e-3 trial=5.202737866184801e-4 nominal=1.6666666666666666e-2 contacts=1 outcome=Complete { arrived: false, drive_impulses: [(1, 0.07333000962206164), (2, -0.15438460341966126), (4, -1.4373276543540672), (5, 0.15079330393645163), (7, -0.15129352557425182), (9, 1.5608213024577966)] }
EVENT elapsed=7.39003967863868e-3 trial=5.204192536211852e-4 nominal=1.6666666666666666e-2 contacts=1 outcome=Refine(TerrainSweepHit { collider: 42, node: TerrainNodeId { coordinates: BrickCoord { x: -67108864, y: -67108864, z: -67108864 }, level: 27 }, triangle: 1, fraction: 0.9998302338341494, separation: 1.6653345369377348e-16 })
EVENT elapsed=7.39003967863868e-3 trial=5.203309040398631e-4 nominal=1.6666666666666666e-2 contacts=1 outcome=Complete { arrived: false, drive_impulses: [(1, 0.07332995598274805), (2, -0.15438216273955827), (4, -1.4373068116873722), (5, 0.15079084149297978), (7, -0.15129106711803528), (9, 1.560992654715644)] }
EVENT elapsed=7.39003967863868e-3 trial=5.203750788305241e-4 nominal=1.6666666666666666e-2 contacts=1 outcome=Complete { arrived: false, drive_impulses: [(1, 0.07332991450281233), (2, -0.15438027511124913), (4, -1.4372906919011648), (5, 0.15078893703282242), (7, -0.15128916574162074), (9, 1.5611251790827538)] }
EVENT elapsed=7.39003967863868e-3 trial=5.203971662258546e-4 nominal=1.6666666666666666e-2 contacts=1 outcome=Complete { arrived: false, drive_impulses: [(1, 0.0733298937644444), (2, -0.15437933129750303), (4, -1.4372826320070107), (5, 0.1507879848031557), (7, -0.1512882150538197), (9, 1.5611914412663084)] }
EVENT elapsed=7.39003967863868e-3 trial=5.2040820992352e-4 nominal=1.6666666666666666e-2 contacts=1 outcome=Refine(TerrainSweepHit { collider: 42, node: TerrainNodeId { coordinates: BrickCoord { x: -67108864, y: -67108864, z: -67108864 }, level: 27 }, triangle: 1, fraction: 0.9999873727353984, separation: 5.551115123125783e-16 })
EVENT elapsed=7.39003967863868e-3 trial=5.204016385913524e-4 nominal=1.6666666666666666e-2 contacts=1 outcome=Complete { arrived: false, drive_impulses: [(1, 0.07332988956536061), (2, -0.15437914018944154), (4, -1.4372809999995255), (5, 0.1507877919909967), (7, -0.15128802255386564), (9, 1.5612048583623086)] }
EVENT elapsed=7.39003967863868e-3 trial=5.204049242574361e-4 nominal=1.6666666666666666e-2 contacts=1 outcome=Complete { arrived: false, drive_impulses: [(1, 0.0733298864804929), (2, -0.1543789997900828), (4, -1.4372798010296044), (5, 0.15078765033970734), (7, -0.1512878811319396), (9, 1.5612147153601972)] }
EVENT elapsed=7.39003967863868e-3 trial=5.20406567090478e-4 nominal=1.6666666666666666e-2 contacts=1 outcome=Complete { arrived: false, drive_impulses: [(1, 0.07332988493806757), (2, -0.15437892959040633), (4, -1.4372792015446363), (5, 0.15078757951406563), (7, -0.15128781042097958), (9, 1.5612196438591417)] }
EVENT elapsed=7.39003967863868e-3 trial=5.20407388506999e-4 nominal=1.6666666666666666e-2 contacts=1 outcome=Refine(TerrainSweepHit { collider: 42, node: TerrainNodeId { coordinates: BrickCoord { x: -67108864, y: -67108864, z: -67108864 }, level: 27 }, triangle: 1, fraction: 0.9999990626078398, separation: 4.440892098500626e-16 })
EVENT elapsed=7.39003967863868e-3 trial=5.204069006811929e-4 nominal=1.6666666666666666e-2 contacts=1 outcome=Complete { arrived: false, drive_impulses: [(1, 0.07332988462486659), (2, -0.15437891533578774), (4, -1.4372790798142983), (5, 0.15078756513233907), (7, -0.15128779606253992), (9, 1.5612206446312495)] }
EVENT elapsed=7.39003967863868e-3 trial=5.204071445940959e-4 nominal=1.6666666666666666e-2 contacts=1 outcome=Complete { arrived: false, drive_impulses: [(1, 0.07332988439586625), (2, -0.1543789049131765), (4, -1.4372789908082242), (5, 0.15078755461679058), (7, -0.15128778556401798), (9, 1.5612213763699316)] }
EVENT elapsed=7.39003967863868e-3 trial=5.204072665505474e-4 nominal=1.6666666666666666e-2 contacts=1 outcome=Complete { arrived: false, drive_impulses: [(1, 0.0733298842813652), (2, -0.1543788997018728), (4, -1.4372789463051954), (5, 0.15078754935901797), (7, -0.15128778031475965), (9, 1.5612217422392727)] }
EVENT elapsed=7.910446945189227e-3 trial=8.75621972147744e-3 nominal=1.6666666666666666e-2 contacts=1 outcome=Refine(TerrainSweepHit { collider: 67, node: TerrainNodeId { coordinates: BrickCoord { x: -67108864, y: -67108864, z: -67108864 }, level: 27 }, triangle: 1, fraction: 2.5445695516253546e-6, separation: 2.7755575615628914e-16 })
EVENT elapsed=7.910446945189227e-3 trial=2.2280810090612936e-8 nominal=1.6666666666666666e-2 contacts=1 outcome=Complete { arrived: false, drive_impulses: [(1, -0.0002656548749701275), (2, 6.684242781377531e-5), (4, 0.00026709916749343744), (5, -6.684242781377531e-5), (7, -6.684242781377531e-5), (9, 6.684242781377531e-5)] }
EVENT elapsed=7.910446945189227e-3 trial=4.378121001143765e-3 nominal=1.6666666666666666e-2 contacts=1 outcome=Refine(TerrainSweepHit { collider: 67, node: TerrainNodeId { coordinates: BrickCoord { x: -67108864, y: -67108864, z: -67108864 }, level: 27 }, triangle: 1, fraction: 9.654934422563048e-6, separation: 4.440892098500626e-16 })
EVENT elapsed=7.910446945189227e-3 trial=4.3783215284345803e-4 nominal=1.6666666666666666e-2 contacts=1 outcome=Refine(TerrainSweepHit { collider: 67, node: TerrainNodeId { coordinates: BrickCoord { x: -67108864, y: -67108864, z: -67108864 }, level: 27 }, triangle: 1, fraction: 0.0006573902387780463, separation: 2.886579864025407e-15 })
EVENT elapsed=7.910446945189227e-3 trial=4.380326801342736e-5 nominal=1.6666666666666666e-2 contacts=1 outcome=Refine(TerrainSweepHit { collider: 67, node: TerrainNodeId { coordinates: BrickCoord { x: -67108864, y: -67108864, z: -67108864 }, level: 27 }, triangle: 1, fraction: 0.060085620719284805, separation: 2.487454686672663e-13 })
EVENT elapsed=7.910446945189227e-3 trial=4.4003795304242884e-6 nominal=1.6666666666666666e-2 contacts=1 outcome=Complete { arrived: false, drive_impulses: [(1, -0.052465878449746005), (2, 0.007404690787110453), (4, 0.0063655131938513574), (5, -0.007422354313765193), (7, -0.013201138105814202), (9, 0.013201138105814202)] }
EVENT elapsed=7.910446945189227e-3 trial=2.4101823771925824e-5 nominal=1.6666666666666666e-2 contacts=1 outcome=Refine(TerrainSweepHit { collider: 67, node: TerrainNodeId { coordinates: BrickCoord { x: -67108864, y: -67108864, z: -67108864 }, level: 27 }, triangle: 1, fraction: 0.20714349293006423, separation: -5.551115123125783e-17 })
EVENT elapsed=7.910446945189227e-3 trial=6.370523954574442e-6 nominal=1.6666666666666666e-2 contacts=1 outcome=Complete { arrived: false, drive_impulses: [(1, -0.056883086938836876), (2, 0.0074549835154784794), (4, 0.0064717834537520525), (5, -0.007473472369175121), (7, -0.019111571160914394), (9, 0.019111571160914394)] }
EVENT elapsed=7.910446945189227e-3 trial=1.5236173863250133e-5 nominal=1.6666666666666666e-2 contacts=1 outcome=Refine(TerrainSweepHit { collider: 67, node: TerrainNodeId { coordinates: BrickCoord { x: -67108864, y: -67108864, z: -67108864 }, level: 27 }, triangle: 1, fraction: 0.5494228714626626, separation: -1.1102230246251565e-16 })
EVENT elapsed=7.910446945189227e-3 trial=8.371102394051256e-6 nominal=1.6666666666666666e-2 contacts=1 outcome=Complete { arrived: false, drive_impulses: [(1, -0.057117024240057004), (2, 0.007580247549482103), (4, 0.006591510947028379), (5, -0.007599629544760321), (7, -0.025113306258637023), (9, 0.025113306258637023)] }
EVENT elapsed=7.910446945189227e-3 trial=1.1803638128650695e-5 nominal=1.6666666666666666e-2 contacts=1 outcome=Refine(TerrainSweepHit { collider: 67, node: TerrainNodeId { coordinates: BrickCoord { x: -67108864, y: -67108864, z: -67108864 }, level: 27 }, triangle: 1, fraction: 0.9610687828875066, separation: 1.1102230246251565e-16 })
EVENT elapsed=7.910446945189227e-3 trial=1.134410812994689e-5 nominal=1.6666666666666666e-2 contacts=1 outcome=Complete { arrived: false, drive_impulses: [(1, -0.057464677795846714), (2, 0.007766417543496577), (4, 0.006769443270191719), (5, -0.007787117694619716), (7, -0.03403232313833599), (9, 0.03403232313833599)] }
EVENT elapsed=7.910446945189227e-3 trial=1.1573873129298792e-5 nominal=1.6666666666666666e-2 contacts=1 outcome=Complete { arrived: false, drive_impulses: [(1, -0.05749154451611945), (2, 0.0077808048175748625), (4, 0.00678319393717363), (5, -0.007801606847691227), (7, -0.034721618111043566), (9, 0.034721618111043566)] }
EVENT elapsed=7.910446945189227e-3 trial=1.1688755628974743e-5 nominal=1.6666666666666666e-2 contacts=1 outcome=Refine(TerrainSweepHit { collider: 67, node: TerrainNodeId { coordinates: BrickCoord { x: -67108864, y: -67108864, z: -67108864 }, level: 27 }, triangle: 1, fraction: 0.9821910573434214, separation: 1.1102230246251565e-16 })
EVENT elapsed=7.910446945189227e-3 trial=1.1585361379266387e-5 nominal=1.6666666666666666e-2 contacts=1 outcome=Complete { arrived: false, drive_impulses: [(1, -0.057492887847436364), (2, 0.007781524178872837), (4, 0.006783881468232474), (5, -0.007802331302964509), (7, -0.03475608285967895), (9, 0.03475608285967895)] }
EVENT elapsed=7.910446945189227e-3 trial=1.1637058504120565e-5 nominal=1.6666666666666666e-2 contacts=1 outcome=Refine(TerrainSweepHit { collider: 67, node: TerrainNodeId { coordinates: BrickCoord { x: -67108864, y: -67108864, z: -67108864 }, level: 27 }, triangle: 1, fraction: 0.9919248065743164, separation: -2.7755575615628914e-16 })
EVENT elapsed=7.910446945189227e-3 trial=1.1590531091751805e-5 nominal=1.6666666666666666e-2 contacts=1 outcome=Complete { arrived: false, drive_impulses: [(1, -0.05749349234638522), (2, 0.007781847891381027), (4, 0.006784190857136972), (5, -0.00780265730776352), (7, -0.03477159199656486), (9, 0.03477159199656486)] }
EVENT elapsed=7.910446945189227e-3 trial=1.1613794797936184e-5 nominal=1.6666666666666666e-2 contacts=1 outcome=Refine(TerrainSweepHit { collider: 67, node: TerrainNodeId { coordinates: BrickCoord { x: -67108864, y: -67108864, z: -67108864 }, level: 27 }, triangle: 1, fraction: 0.9963525132680409, separation: -1.1102230246251565e-16 })
EVENT elapsed=7.910446945189227e-3 trial=1.1592857462370242e-5 nominal=1.6666666666666666e-2 contacts=1 outcome=Complete { arrived: false, drive_impulses: [(1, -0.05749376437088641), (2, 0.007781993561995143), (4, 0.00678433008213143), (5, -0.0078028040099079495), (7, -0.03477857110816353), (9, 0.03477857110816353)] }
EVENT elapsed=7.910446945189227e-3 trial=1.1603326130153213e-5 nominal=1.6666666666666666e-2 contacts=1 outcome=Refine(TerrainSweepHit { collider: 67, node: TerrainNodeId { coordinates: BrickCoord { x: -67108864, y: -67108864, z: -67108864 }, level: 27 }, triangle: 1, fraction: 0.9983545070537961, separation: 0.0 })
EVENT elapsed=7.910446945189227e-3 trial=1.1593904329148538e-5 nominal=1.6666666666666666e-2 contacts=1 outcome=Complete { arrived: false, drive_impulses: [(1, -0.05749388678190364), (2, 0.007782059113768583), (4, 0.006784392733373262), (5, -0.0078028700258705), (7, -0.03478171170838292), (9, 0.03478171170838292)] }
EVENT elapsed=7.922040849518376e-3 trial=8.74462581714829e-3 nominal=1.6666666666666666e-2 contacts=1 outcome=Refine(TerrainSweepHit { collider: 42, node: TerrainNodeId { coordinates: BrickCoord { x: -67108864, y: -67108864, z: -67108864 }, level: 27 }, triangle: 1, fraction: 7.298978326365317e-10, separation: 3.3306690738754696e-16 })
EVENT elapsed=7.922040849518376e-3 trial=6.382683431153997e-12 nominal=1.6666666666666666e-2 contacts=1 outcome=Complete { arrived: false, drive_impulses: [(1, 7.659219920762692e-8), (2, 1.9148049589311602e-8), (4, 7.650881861446862e-8), (5, -1.9148049589311602e-8), (7, -1.9148049589311602e-8), (9, 1.9148049589311602e-8)] }
EVENT elapsed=7.922040849518376e-3 trial=4.3723129117654875e-3 nominal=1.6666666666666666e-2 contacts=1 outcome=Refine(TerrainSweepHit { collider: 42, node: TerrainNodeId { coordinates: BrickCoord { x: -67108864, y: -67108864, z: -67108864 }, level: 27 }, triangle: 1, fraction: 2.8667235184937097e-9, separation: 0.0 })
EVENT elapsed=7.922040849518376e-3 trial=4.372312969209639e-4 nominal=1.6666666666666666e-2 contacts=1 outcome=Refine(TerrainSweepHit { collider: 42, node: TerrainNodeId { coordinates: BrickCoord { x: -67108864, y: -67108864, z: -67108864 }, level: 27 }, triangle: 1, fraction: 3.24960900538433e-7, separation: 3.885780586188048e-16 })
EVENT elapsed=7.922040849518376e-3 trial=4.372313543651148e-5 nominal=1.6666666666666666e-2 contacts=1 outcome=Refine(TerrainSweepHit { collider: 42, node: TerrainNodeId { coordinates: BrickCoord { x: -67108864, y: -67108864, z: -67108864 }, level: 27 }, triangle: 1, fraction: 0.0001093894269104112, separation: 0.0 })
EVENT elapsed=7.922040849518376e-3 trial=4.372319288066236e-6 nominal=1.6666666666666666e-2 contacts=1 outcome=Refine(TerrainSweepHit { collider: 42, node: TerrainNodeId { coordinates: BrickCoord { x: -67108864, y: -67108864, z: -67108864 }, level: 27 }, triangle: 1, fraction: 0.007607722781216353, separation: 2.220446049250313e-16 })
EVENT elapsed=7.922040849518376e-3 trial=4.3723767322171166e-7 nominal=1.6666666666666666e-2 contacts=1 outcome=Refine(TerrainSweepHit { collider: 42, node: TerrainNodeId { coordinates: BrickCoord { x: -67108864, y: -67108864, z: -67108864 }, level: 27 }, triangle: 1, fraction: 0.2052681592204344, separation: 7.216449660063518e-16 })
EVENT elapsed=7.922040849518376e-3 trial=8.975097232404657e-8 nominal=1.6666666666666666e-2 contacts=1 outcome=Complete { arrived: false, drive_impulses: [(1, 0.0010220299477975742), (2, 0.00016098014809176673), (4, 0.0010758391726739857), (5, -0.00015688207443583446), (7, -0.0002692529070706331), (9, 0.0002692529070706331)] }
EVENT elapsed=7.9221306004907e-3 trial=8.744536066175966e-3 nominal=1.6666666666666666e-2 contacts=2 outcome=Release(1.7224565695846287e-7)
EVENT elapsed=7.9221306004907e-3 trial=1.506208359515452e-9 nominal=1.6666666666666666e-2 contacts=2 outcome=Release(0.5621077114797827)
EVENT elapsed=7.9221306004907e-3 trial=7.53104179757726e-10 nominal=1.6666666666666666e-2 contacts=2 outcome=Complete { arrived: false, drive_impulses: [(1, -8.970206649733525e-6), (2, 2.25931245618922e-6), (4, 9.027243227637843e-6), (5, -2.25931245618922e-6), (7, -2.25931245618922e-6), (9, 2.25931245618922e-6)] }
EVENT elapsed=7.92213135359488e-3 trial=8.744535313071787e-3 nominal=1.6666666666666666e-2 contacts=2 outcome=Complete { arrived: false, drive_impulses: [(1, -0.7637155844487078), (2, 0.10958866430785297), (4, 0.9236934918492172), (5, -0.11114214628149245), (7, -7.589759054473036), (9, 5.405593448678848)] }
EVENT elapsed=0e0 trial=1.6666666666666666e-2 nominal=1.6666666666666666e-2 contacts=0 outcome=Refine(TerrainSweepHit { collider: 42, node: TerrainNodeId { coordinates: BrickCoord { x: -67108864, y: -67108864, z: -67108864 }, level: 27 }, triangle: 1, fraction: 1.9356995341214488e-5, separation: 3.7192471324942744e-15 })
EVENT elapsed=0e0 trial=3.2261658902024147e-7 nominal=1.6666666666666666e-2 contacts=0 outcome=Complete { arrived: false, drive_impulses: [(1, 0.0038713989688590675), (2, 0.00011371181768934237), (4, -0.003294942906488768), (5, -0.00011383876528263432), (7, 0.00011382225242841844), (9, -0.0001138218732518174)] }
EVENT elapsed=0e0 trial=8.333494641627843e-3 nominal=1.6666666666666666e-2 contacts=0 outcome=Refine(TerrainSweepHit { collider: 42, node: TerrainNodeId { coordinates: BrickCoord { x: -67108864, y: -67108864, z: -67108864 }, level: 27 }, triangle: 1, fraction: 7.450103750997216e-5, separation: 1.176836406102666e-14 })
EVENT elapsed=0e0 trial=8.336398190929026e-4 nominal=1.6666666666666666e-2 contacts=0 outcome=Refine(TerrainSweepHit { collider: 42, node: TerrainNodeId { coordinates: BrickCoord { x: -67108864, y: -67108864, z: -67108864 }, level: 27 }, triangle: 1, fraction: 0.0072045553182053974, separation: 2.7755575615628914e-16 })
EVENT elapsed=0e0 trial=8.365433683940848e-5 nominal=1.6666666666666666e-2 contacts=0 outcome=Refine(TerrainSweepHit { collider: 42, node: TerrainNodeId { coordinates: BrickCoord { x: -67108864, y: -67108864, z: -67108864 }, level: 27 }, triangle: 1, fraction: 0.7138142729475351, separation: 8.881784197001252e-16 })
EVENT elapsed=0e0 trial=5.971365962993056e-5 nominal=1.6666666666666666e-2 contacts=0 outcome=Complete { arrived: false, drive_impulses: [(1, 0.022761834956181056), (2, -0.0009606192266709823), (4, -0.0050292091383599405), (5, 0.0009380238782253548), (7, -0.000941009656863735), (9, 0.0009410098233535334)] }
EVENT elapsed=0e0 trial=7.168399823466952e-5 nominal=1.6666666666666666e-2 contacts=0 outcome=Refine(TerrainSweepHit { collider: 42, node: TerrainNodeId { coordinates: BrickCoord { x: -67108864, y: -67108864, z: -67108864 }, level: 27 }, triangle: 1, fraction: 0.9722127330095255, separation: 9.992007221626409e-16 })
EVENT elapsed=0e0 trial=6.969209583677806e-5 nominal=1.6666666666666666e-2 contacts=0 outcome=Complete { arrived: false, drive_impulses: [(1, 0.022915496773255817), (2, -0.0011914270288094918), (4, -0.005326337109105151), (5, 0.0011650987320774601), (7, -0.0011685777023820283), (9, 0.0011685776939039767)] }
EVENT elapsed=0e0 trial=7.06880470357238e-5 nominal=1.6666666666666666e-2 contacts=0 outcome=Refine(TerrainSweepHit { collider: 42, node: TerrainNodeId { coordinates: BrickCoord { x: -67108864, y: -67108864, z: -67108864 }, level: 27 }, triangle: 1, fraction: 0.9998119950221934, separation: 1.4432899320127035e-15 })
EVENT elapsed=0e0 trial=7.058845191582923e-5 nominal=1.6666666666666666e-2 contacts=0 outcome=Complete { arrived: false, drive_impulses: [(1, 0.022929286618840233), (2, -0.0012121453166917637), (4, -0.0053530098971158535), (5, 0.001185481834557162), (7, -0.0011890050845788337), (9, 0.0011890050571273464)] }
EVENT elapsed=0e0 trial=7.063824947577651e-5 nominal=1.6666666666666666e-2 contacts=0 outcome=Complete { arrived: false, drive_impulses: [(1, 0.022930052656131128), (2, -0.0012132962600511729), (4, -0.005354491631547028), (5, 0.0011866141571927637), (7, -0.0011901398670847918), (9, 0.0011901398385625354)] }
EVENT elapsed=0e0 trial=7.066314825575015e-5 nominal=1.6666666666666666e-2 contacts=0 outcome=Complete { arrived: false, drive_impulses: [(1, 0.02293043567220344), (2, -0.0012138717288636633), (4, -0.005355232495325167), (5, 0.0011871803156701748), (7, -0.001190707255493023), (9, 0.0011907072264346471)] }
EVENT elapsed=0e0 trial=7.067559764573697e-5 nominal=1.6666666666666666e-2 contacts=0 outcome=Complete { arrived: false, drive_impulses: [(1, 0.022930627179589932), (2, -0.0012141594625540977), (4, -0.0053556029263557865), (5, 0.00118746339420033), (7, -0.0011909909489869726), (9, 0.0011909909196600886)] }
EVENT elapsed=0e0 trial=7.068182234073038e-5 nominal=1.6666666666666666e-2 contacts=0 outcome=Refine(TerrainSweepHit { collider: 42, node: TerrainNodeId { coordinates: BrickCoord { x: -67108864, y: -67108864, z: -67108864 }, level: 27 }, triangle: 1, fraction: 0.9999881666289478, separation: 1.4988010832439613e-15 })
EVENT elapsed=0e0 trial=7.068098593649998e-5 nominal=1.6666666666666666e-2 contacts=0 outcome=Complete { arrived: false, drive_impulses: [(1, 0.022930710066855122), (2, -0.0012142839980473722), (4, -0.005355763254524613), (5, 0.001187585914867885), (7, -0.0011911137358213565), (9, 0.0011911137063785149)] }
EVENT elapsed=0e0 trial=7.068140413861519e-5 nominal=1.6666666666666666e-2 contacts=0 outcome=Complete { arrived: false, drive_impulses: [(1, 0.02293071649999291), (2, -0.001214293663634211), (4, -0.005355775698092084), (5, 0.001187595424078009), (7, -0.0011911232656888044), (9, 0.0011911232362371359)] }
EVENT elapsed=7.068140413861519e-5 trial=1.6595985262528052e-2 nominal=1.6666666666666666e-2 contacts=1 outcome=Refine(TerrainSweepHit { collider: 67, node: TerrainNodeId { coordinates: BrickCoord { x: -67108864, y: -67108864, z: -67108864 }, level: 27 }, triangle: 1, fraction: 0.00015630601626391843, separation: -2.220446049250313e-16 })
EVENT elapsed=7.068140413861519e-5 trial=2.5940523423604604e-6 nominal=1.6666666666666666e-2 contacts=1 outcome=Complete { arrived: false, drive_impulses: [(1, -0.013997927499695872), (2, 0.001754630114158923), (4, 0.002178696497300191), (5, -0.001759012317749995), (7, -0.007782156740900343), (9, -0.0017584348529470933)] }
EVENT elapsed=7.068140413861519e-5 trial=8.299289657435207e-3 nominal=1.6666666666666666e-2 contacts=1 outcome=Refine(TerrainSweepHit { collider: 67, node: TerrainNodeId { coordinates: BrickCoord { x: -67108864, y: -67108864, z: -67108864 }, level: 27 }, triangle: 1, fraction: 0.0005841287748579175, separation: 0.0 })
EVENT elapsed=7.068140413861519e-5 trial=8.32263612851645e-4 nominal=1.6666666666666666e-2 contacts=1 outcome=Refine(TerrainSweepHit { collider: 67, node: TerrainNodeId { coordinates: BrickCoord { x: -67108864, y: -67108864, z: -67108864 }, level: 27 }, triangle: 1, fraction: 0.04834953037501655, separation: 2.220446049250313e-16 })
EVENT elapsed=7.068140413861519e-5 trial=8.556100839328893e-5 nominal=1.6666666666666666e-2 contacts=1 outcome=Complete { arrived: false, drive_impulses: [(1, -0.025084257322173963), (2, 0.0030170128735719404), (4, 0.0033271116570442825), (5, -0.003054677608046498), (7, -0.12682738087684076), (9, -0.003049705047803992)] }
EVENT elapsed=7.068140413861519e-5 trial=4.58912310622467e-4 nominal=1.6666666666666666e-2 contacts=1 outcome=Refine(TerrainSweepHit { collider: 67, node: TerrainNodeId { coordinates: BrickCoord { x: -67108864, y: -67108864, z: -67108864 }, level: 27 }, triangle: 1, fraction: 0.14266648982176597, separation: -1.1102230246251565e-16 })
EVENT elapsed=7.068140413861519e-5 trial=1.2289613861620673e-4 nominal=1.6666666666666666e-2 contacts=1 outcome=Complete { arrived: false, drive_impulses: [(1, -0.030854361848579835), (2, 0.003352660624103031), (4, 0.0036438789751332312), (5, -0.003405490290790817), (7, -0.15750965140096757), (9, -0.003398514908010889)] }
EVENT elapsed=7.068140413861519e-5 trial=2.9090422461933683e-4 nominal=1.6666666666666666e-2 contacts=1 outcome=Refine(TerrainSweepHit { collider: 67, node: TerrainNodeId { coordinates: BrickCoord { x: -67108864, y: -67108864, z: -67108864 }, level: 27 }, triangle: 1, fraction: 0.3139811134415248, separation: -1.6653345369377348e-16 })
EVENT elapsed=7.068140413861519e-5 trial=1.3969694721651974e-4 nominal=1.6666666666666666e-2 contacts=1 outcome=Complete { arrived: false, drive_impulses: [(1, -0.033449443475290046), (2, 0.0035043070890559305), (4, 0.0037890658183872476), (5, -0.003563940658507526), (7, -0.17131426998262492), (9, -0.0035560666561960897)] }
EVENT elapsed=7.068140413861519e-5 trial=2.153005859179283e-4 nominal=1.6666666666666666e-2 contacts=1 outcome=Refine(TerrainSweepHit { collider: 67, node: TerrainNodeId { coordinates: BrickCoord { x: -67108864, y: -67108864, z: -67108864 }, level: 27 }, triangle: 1, fraction: 0.5161575779989644, separation: 4.440892098500626e-16 })
EVENT elapsed=7.068140413861519e-5 trial=1.4725731108666059e-4 nominal=1.6666666666666666e-2 contacts=1 outcome=Refine(TerrainSweepHit { collider: 67, node: TerrainNodeId { coordinates: BrickCoord { x: -67108864, y: -67108864, z: -67108864 }, level: 27 }, triangle: 1, fraction: 0.9377022532424992, separation: 1.3877787807814457e-15 })
EVENT elapsed=7.068140413861519e-5 trial=1.4045298360353383e-4 nominal=1.6666666666666666e-2 contacts=1 outcome=Complete { arrived: false, drive_impulses: [(1, -0.03356620118943342), (2, 0.0035111400756009147), (4, 0.003795637800652787), (5, -0.003571079526402832), (7, -0.17193544444619563), (9, -0.0035631651262221778)] }
EVENT elapsed=7.068140413861519e-5 trial=1.438551473450972e-4 nominal=1.6666666666666666e-2 contacts=1 outcome=Refine(TerrainSweepHit { collider: 67, node: TerrainNodeId { coordinates: BrickCoord { x: -67108864, y: -67108864, z: -67108864 }, level: 27 }, triangle: 1, fraction: 0.9716689681891464, separation: 1.7763568394002505e-15 })
EVENT elapsed=7.068140413861519e-5 trial=1.4079319997769017e-4 nominal=1.6666666666666666e-2 contacts=1 outcome=Complete { arrived: false, drive_impulses: [(1, -0.0336187415630894), (2, 0.003514215167754631), (4, 0.003798596273928421), (5, -0.003574292256866863), (7, -0.1722149719726416), (9, -0.003566359678741098)] }
EVENT elapsed=7.068140413861519e-5 trial=1.4232417366139368e-4 nominal=1.6666666666666666e-2 contacts=1 outcome=Refine(TerrainSweepHit { collider: 67, node: TerrainNodeId { coordinates: BrickCoord { x: -67108864, y: -67108864, z: -67108864 }, level: 27 }, triangle: 1, fraction: 0.9875800312751347, separation: 1.942890293094024e-15 })
EVENT elapsed=7.068140413861519e-5 trial=1.4094629734606054e-4 nominal=1.6666666666666666e-2 contacts=1 outcome=Complete { arrived: false, drive_impulses: [(1, -0.033642384610188356), (2, 0.0035155990094845285), (4, 0.003799927805843632), (5, -0.0035757380341568507), (7, -0.1723407591605987), (9, -0.003567797276176772)] }
EVENT elapsed=7.068140413861519e-5 trial=1.4163523550372712e-4 nominal=1.6666666666666666e-2 contacts=1 outcome=Refine(TerrainSweepHit { collider: 67, node: TerrainNodeId { coordinates: BrickCoord { x: -67108864, y: -67108864, z: -67108864 }, level: 27 }, triangle: 1, fraction: 0.9948722172931636, separation: 2.0539125955565396e-15 })
EVENT elapsed=7.068140413861519e-5 trial=1.410151911618272e-4 nominal=1.6666666666666666e-2 contacts=1 outcome=Complete { arrived: false, drive_impulses: [(1, -0.033653023956866666), (2, 0.0035162217484387298), (4, 0.003800527039541431), (5, -0.0035763886437726678), (7, -0.17239736335489286), (9, -0.003568444204903807)] }
EVENT elapsed=7.068140413861519e-5 trial=1.4132521333277715e-4 nominal=1.6666666666666666e-2 contacts=1 outcome=Refine(TerrainSweepHit { collider: 67, node: TerrainNodeId { coordinates: BrickCoord { x: -67108864, y: -67108864, z: -67108864 }, level: 27 }, triangle: 1, fraction: 0.998180990126042, separation: 1.6653345369377348e-15 })
EVENT elapsed=7.068140413861519e-5 trial=1.410681413742856e-4 nominal=1.6666666666666666e-2 contacts=1 outcome=Complete { arrived: false, drive_impulses: [(1, -0.03366120110526568), (2, 0.0035167003756648636), (4, 0.0038009876155739915), (5, -0.003576888691608592), (7, -0.17244086802813344), (9, -0.0035689414237117917)] }
EVENT elapsed=7.068140413861519e-5 trial=1.4119667735353137e-4 nominal=1.6666666666666666e-2 contacts=1 outcome=Refine(TerrainSweepHit { collider: 67, node: TerrainNodeId { coordinates: BrickCoord { x: -67108864, y: -67108864, z: -67108864 }, level: 27 }, triangle: 1, fraction: 0.9995578249366605, separation: 1.9984014443252818e-15 })
EVENT elapsed=7.068140413861519e-5 trial=1.4113424370377925e-4 nominal=1.6666666666666666e-2 contacts=1 outcome=Complete { arrived: false, drive_impulses: [(1, -0.03367140933417751), (2, 0.003517297892657087), (4, 0.003801562615276132), (5, -0.0035775129496258486), (7, -0.1724951786534014), (9, -0.0035695621500315246)] }
EVENT elapsed=7.068140413861519e-5 trial=1.411654605286553e-4 nominal=1.6666666666666666e-2 contacts=1 outcome=Refine(TerrainSweepHit { collider: 67, node: TerrainNodeId { coordinates: BrickCoord { x: -67108864, y: -67108864, z: -67108864 }, level: 27 }, triangle: 1, fraction: 0.999892653607194, separation: 2.220446049250313e-15 })
EVENT elapsed=7.068140413861519e-5 trial=1.4115030692567876e-4 nominal=1.6666666666666666e-2 contacts=1 outcome=Complete { arrived: false, drive_impulses: [(1, -0.03367388998664569), (2, 0.0035174430933841328), (4, 0.0038017023471277234), (5, -0.003577664648536903), (7, -0.17250837642422392), (9, -0.0035697129907247163)] }
EVENT elapsed=7.068140413861519e-5 trial=1.4115788372716704e-4 nominal=1.6666666666666666e-2 contacts=1 outcome=Refine(TerrainSweepHit { collider: 67, node: TerrainNodeId { coordinates: BrickCoord { x: -67108864, y: -67108864, z: -67108864 }, level: 27 }, triangle: 1, fraction: 0.9999739481705889, separation: 1.887379141862766e-15 })
EVENT elapsed=7.068140413861519e-5 trial=1.4115420630606015e-4 nominal=1.6666666666666666e-2 contacts=1 outcome=Complete { arrived: false, drive_impulses: [(1, -0.033674492170038435), (2, 0.003517478341211052), (4, 0.0038017362675456137), (5, -0.0035777014738092145), (7, -0.1725115802102191), (9, -0.003569749607663216)] }
EVENT elapsed=7.068140413861519e-5 trial=1.411560450166136e-4 nominal=1.6666666666666666e-2 contacts=1 outcome=Refine(TerrainSweepHit { collider: 67, node: TerrainNodeId { coordinates: BrickCoord { x: -67108864, y: -67108864, z: -67108864 }, level: 27 }, triangle: 1, fraction: 0.9999936792960757, separation: 1.887379141862766e-15 })
EVENT elapsed=7.068140413861519e-5 trial=1.4115515281104592e-4 nominal=1.6666666666666666e-2 contacts=1 outcome=Complete { arrived: false, drive_impulses: [(1, -0.03367463833930216), (2, 0.0035174868969954595), (4, 0.0038017445011341126), (5, -0.003577710412490883), (7, -0.1725123578720688), (9, -0.003569758495775686)] }
EVENT elapsed=7.068140413861519e-5 trial=1.4115559891382976e-4 nominal=1.6666666666666666e-2 contacts=1 outcome=Refine(TerrainSweepHit { collider: 67, node: TerrainNodeId { coordinates: BrickCoord { x: -67108864, y: -67108864, z: -67108864 }, level: 27 }, triangle: 1, fraction: 0.9999984654036541, separation: 1.8318679906315083e-15 })
EVENT elapsed=7.068140413861519e-5 trial=1.4115538229696347e-4 nominal=1.6666666666666666e-2 contacts=1 outcome=Complete { arrived: false, drive_impulses: [(1, -0.03367467377893514), (2, 0.003517488971397158), (4, 0.003801746497424019), (5, -0.003577712579727969), (7, -0.1725125464209351), (9, -0.0035697606507517207)] }
EVENT elapsed=2.1183678643557866e-4 trial=1.6454829880231087e-2 nominal=1.6666666666666666e-2 contacts=1 outcome=Refine(TerrainSweepHit { collider: 42, node: TerrainNodeId { coordinates: BrickCoord { x: -67108864, y: -67108864, z: -67108864 }, level: 27 }, triangle: 1, fraction: 4.894162293647453e-10, separation: -4.440892098500626e-16 })
EVENT elapsed=2.1183678643557866e-4 trial=8.05326079482104e-12 nominal=1.6666666666666666e-2 contacts=1 outcome=Complete { arrived: false, drive_impulses: [(1, 9.663912705700084e-8), (2, -2.41597814960113e-8), (4, 9.653954622904745e-8), (5, 2.41597814960113e-8), (7, -2.41597814960113e-8), (9, -2.41597814960113e-8)] }
EVENT elapsed=2.1183678643557866e-4 trial=8.227414944142175e-3 nominal=1.6666666666666666e-2 contacts=1 outcome=Refine(TerrainSweepHit { collider: 42, node: TerrainNodeId { coordinates: BrickCoord { x: -67108864, y: -67108864, z: -67108864 }, level: 27 }, triangle: 1, fraction: 1.867819612195313e-9, separation: -1.1102230246251565e-16 })
EVENT elapsed=2.1183678643557866e-4 trial=8.227415016621521e-4 nominal=1.6666666666666666e-2 contacts=1 outcome=Refine(TerrainSweepHit { collider: 42, node: TerrainNodeId { coordinates: BrickCoord { x: -67108864, y: -67108864, z: -67108864 }, level: 27 }, triangle: 1, fraction: 1.7810692118991027e-7, separation: -2.7755575615628914e-16 })
EVENT elapsed=2.1183678643557866e-4 trial=8.227415741414993e-5 nominal=1.6666666666666666e-2 contacts=1 outcome=Refine(TerrainSweepHit { collider: 42, node: TerrainNodeId { coordinates: BrickCoord { x: -67108864, y: -67108864, z: -67108864 }, level: 27 }, triangle: 1, fraction: 1.665779459176274e-5, separation: -1.1102230246251565e-16 })
EVENT elapsed=2.1183678643557866e-4 trial=8.227422989349709e-6 nominal=1.6666666666666666e-2 contacts=1 outcome=Refine(TerrainSweepHit { collider: 42, node: TerrainNodeId { coordinates: BrickCoord { x: -67108864, y: -67108864, z: -67108864 }, level: 27 }, triangle: 1, fraction: 0.0010285355106489646, separation: -1.6653345369377348e-16 })
EVENT elapsed=2.1183678643557866e-4 trial=8.227495468696863e-7 nominal=1.6666666666666666e-2 contacts=1 outcome=Refine(TerrainSweepHit { collider: 42, node: TerrainNodeId { coordinates: BrickCoord { x: -67108864, y: -67108864, z: -67108864 }, level: 27 }, triangle: 1, fraction: 0.02086484885009554, separation: -2.220446049250313e-16 })
EVENT elapsed=2.1183678643557866e-4 trial=8.228220262168397e-8 nominal=1.6666666666666666e-2 contacts=1 outcome=Refine(TerrainSweepHit { collider: 42, node: TerrainNodeId { coordinates: BrickCoord { x: -67108864, y: -67108864, z: -67108864 }, level: 27 }, triangle: 1, fraction: 0.2214635627001975, separation: 5.551115123125783e-17 })
EVENT elapsed=2.1183678643557866e-4 trial=1.8222509739417666e-8 nominal=1.6666666666666666e-2 contacts=1 outcome=Complete { arrived: false, drive_impulses: [(1, 0.00021867011125946677), (2, -5.4667527207909304e-5), (4, 0.000218444784816741), (5, 5.4667527207909304e-5), (7, -5.4667527207909304e-5), (9, -5.4667527207909304e-5)] }
EVENT elapsed=2.1185500894531806e-4 trial=1.645481165772135e-2 nominal=1.6666666666666666e-2 contacts=2 outcome=Release(1.199114828764801e-6)
EVENT elapsed=2.1185500894531806e-4 trial=1.9731208663305585e-8 nominal=1.6666666666666666e-2 contacts=2 outcome=Complete { arrived: false, drive_impulses: [(1, 0.00023677449788135873), (2, -5.9193623813130384e-5), (4, 0.00023653005458601929), (5, 5.9193623813130384e-5), (7, -5.9193623813130384e-5), (9, -5.9193623813130384e-5)] }
EVENT elapsed=2.1187474015398137e-4 trial=1.6454791926512686e-2 nominal=1.6666666666666666e-2 contacts=2 outcome=Release(8.991349753733929e-7)
EVENT elapsed=2.1187474015398137e-4 trial=1.4795078933619288e-8 nominal=1.6666666666666666e-2 contacts=2 outcome=Complete { arrived: false, drive_impulses: [(1, 0.00017754094264572535), (2, -4.438523516863519e-5), (4, 0.0001773569107443685), (5, 4.438523516863519e-5), (7, -4.438523516863519e-5), (9, -4.438523516863519e-5)] }
EVENT elapsed=2.11889535232915e-4 trial=1.6454777131433753e-2 nominal=1.6666666666666666e-2 contacts=2 outcome=Release(6.742000483256605e-7)
EVENT elapsed=2.11889535232915e-4 trial=1.109381153720061e-8 nominal=1.6666666666666666e-2 contacts=2 outcome=Complete { arrived: false, drive_impulses: [(1, 0.00013312573502889712), (2, -3.328143338771037e-5), (4, 0.0001329873257418229), (5, 3.328143338771037e-5), (7, -3.328143338771037e-5), (9, -3.328143338771037e-5)] }
EVENT elapsed=2.119006290444522e-4 trial=1.6454766037622214e-2 nominal=1.6666666666666666e-2 contacts=2 outcome=Release(5.055202816716513e-7)
EVENT elapsed=2.119006290444522e-4 trial=8.318217962179903e-9 nominal=1.6666666666666666e-2 contacts=2 outcome=Complete { arrived: false, drive_impulses: [(1, 9.981861298368566e-5), (2, -2.4954652968857284e-5), (4, 9.971459859606645e-5), (5, 2.4954652968857284e-5), (7, -2.4954652968857284e-5), (9, -2.4954652968857284e-5)] }
EVENT elapsed=2.1190894726241436e-4 trial=1.6454757719404252e-2 nominal=1.6666666666666666e-2 contacts=2 outcome=Release(3.7905933403841583e-7)
EVENT elapsed=2.1190894726241436e-4 trial=6.237329502880858e-9 nominal=1.6666666666666666e-2 contacts=2 outcome=Complete { arrived: false, drive_impulses: [(1, 7.484795211312635e-5), (2, -1.871198782052792e-5), (4, 7.476982636899847e-5), (5, 1.871198782052792e-5), (7, -1.871198782052792e-5), (9, -1.871198782052792e-5)] }
EVENT elapsed=2.1191518459191724e-4 trial=1.645475148207475e-2 nominal=1.6666666666666666e-2 contacts=2 outcome=Release(2.8423428852519795e-7)
EVENT elapsed=2.1191518459191724e-4 trial=4.677004580366463e-9 nominal=1.6666666666666666e-2 contacts=2 outcome=Complete { arrived: false, drive_impulses: [(1, 5.612405352362035e-5), (2, -1.4031013225122898e-5), (4, 5.606539763531244e-5), (5, 1.4031013225122898e-5), (7, -1.4031013225122898e-5), (9, -1.4031013225122898e-5)] }
EVENT elapsed=2.119198615964976e-4 trial=1.645474680507017e-2 nominal=1.6666666666666666e-2 contacts=2 outcome=Release(2.131306161489371e-7)
EVENT elapsed=2.119198615964976e-4 trial=3.5070103251393592e-9 nominal=1.6666666666666666e-2 contacts=2 outcome=Complete { arrived: false, drive_impulses: [(1, 4.208412282131833e-5), (2, -1.052103058851769e-5), (4, 4.2040098610431355e-5), (5, 1.052103058851769e-5), (7, -1.052103058851769e-5), (9, -1.052103058851769e-5)] }
EVENT elapsed=2.1192336860682273e-4 trial=1.6454743298059845e-2 nominal=1.6666666666666666e-2 contacts=2 outcome=Release(1.5981416159046741e-7)
EVENT elapsed=2.1192336860682273e-4 trial=2.629701004365797e-9 nominal=1.6666666666666666e-2 contacts=2 outcome=Complete { arrived: false, drive_impulses: [(1, 3.155641124229558e-5), (2, -7.88910272298352e-6), (4, 3.152337667491416e-5), (5, 7.88910272298352e-6), (7, -7.88910272298352e-6), (9, -7.88910272298352e-6)] }
EVENT elapsed=2.119259983078271e-4 trial=1.645474066835884e-2 nominal=1.6666666666666666e-2 contacts=2 outcome=Release(1.1983528830670047e-7)
EVENT elapsed=2.119259983078271e-4 trial=1.9718585920047706e-9 nominal=1.6666666666666666e-2 contacts=2 outcome=Complete { arrived: false, drive_impulses: [(1, 2.366230249661527e-5), (2, -5.915575558474932e-6), (4, 2.3637518655659935e-5), (5, 5.915575558474932e-6), (7, -5.915575558474932e-6), (9, -5.915575558474932e-6)] }
EVENT elapsed=2.1192797016641912e-4 trial=1.6454738696500246e-2 nominal=1.6666666666666666e-2 contacts=2 outcome=Release(8.985747272874653e-8)
EVENT elapsed=2.1192797016641912e-4 trial=1.4785812336794211e-9 nominal=1.6666666666666666e-2 contacts=2 outcome=Complete { arrived: false, drive_impulses: [(1, 1.77429743486679e-5), (2, -4.435743537918227e-6), (4, 1.7724383001309448e-5), (5, 4.435743537918227e-6), (7, -4.435743537918227e-6), (9, -4.435743537918227e-6)] }
EVENT elapsed=2.119294487476528e-4 trial=1.6454737217919013e-2 nominal=1.6666666666666666e-2 contacts=2 outcome=Release(6.737887828979588e-8)
EVENT elapsed=2.119294487476528e-4 trial=1.1087017362967397e-9 nominal=1.6666666666666666e-2 contacts=2 outcome=Complete { arrived: false, drive_impulses: [(1, 1.3304420494019157e-5), (2, -3.326105086576028e-6), (4, 1.3290475769072125e-5), (5, 3.326105086576028e-6), (7, -3.326105086576028e-6), (9, -3.326105086576028e-6)] }
EVENT elapsed=2.119305574493891e-4 trial=1.645473610921728e-2 nominal=1.6666666666666666e-2 contacts=2 outcome=Release(5.052348658884533e-8)
EVENT elapsed=2.119305574493891e-4 trial=8.313506391370282e-10 nominal=1.6666666666666666e-2 contacts=2 outcome=Complete { arrived: false, drive_impulses: [(1, 9.976207413542163e-6), (2, -2.4940518256948207e-6), (4, 9.965748740752401e-6), (5, 2.4940518256948207e-6), (7, -2.4940518256948207e-6), (9, -2.4940518256948207e-6)] }
EVENT elapsed=2.1193138880002822e-4 trial=1.6454735277866638e-2 nominal=1.6666666666666666e-2 contacts=2 outcome=Release(3.7884617201035526e-8)
EVENT elapsed=2.1193138880002822e-4 trial=6.233813471463525e-10 nominal=1.6666666666666666e-2 contacts=2 outcome=Complete { arrived: false, drive_impulses: [(1, 7.480575973720147e-6), (2, -1.8701439726663815e-6), (4, 7.47273231026276e-6), (5, 1.8701439726663815e-6), (7, -1.8701439726663815e-6), (9, -1.8701439726663815e-6)] }
EVENT elapsed=2.1193201218137536e-4 trial=1.645473465448529e-2 nominal=1.6666666666666666e-2 contacts=2 outcome=Refine(TerrainSweepHit { collider: 7, node: TerrainNodeId { coordinates: BrickCoord { x: -67108864, y: -67108864, z: -67108864 }, level: 27 }, triangle: 1, fraction: 0.2934340202279255, separation: 0.0 })
EVENT elapsed=2.1193201218137536e-4 trial=4.828378941449383e-3 nominal=1.6666666666666666e-2 contacts=2 outcome=Complete { arrived: false, drive_impulses: [(1, -0.40965272964020233), (2, 0.020563556530320166), (4, 0.036250523322856776), (5, -0.021274504949210238), (7, -4.018084954919266), (9, -0.8230100685409025)] }
EVENT elapsed=2.1193201218137536e-4 trial=1.0641556797967338e-2 nominal=1.6666666666666666e-2 contacts=2 outcome=Refine(TerrainSweepHit { collider: 7, node: TerrainNodeId { coordinates: BrickCoord { x: -67108864, y: -67108864, z: -67108864 }, level: 27 }, triangle: 1, fraction: 0.480596614659578, separation: 1.6653345369377348e-16 })
EVENT elapsed=2.1193201218137536e-4 trial=5.409696727101179e-3 nominal=1.6666666666666666e-2 contacts=2 outcome=Complete { arrived: false, drive_impulses: [(1, -0.46331212282269807), (2, 0.025648525914453466), (4, 0.039886424248106345), (5, -0.02644408745874029), (7, -4.495152251102414), (9, -0.9500220301283283)] }
EVENT elapsed=2.1193201218137536e-4 trial=8.025626762534259e-3 nominal=1.6666666666666666e-2 contacts=2 outcome=Refine(TerrainSweepHit { collider: 7, node: TerrainNodeId { coordinates: BrickCoord { x: -67108864, y: -67108864, z: -67108864 }, level: 27 }, triangle: 1, fraction: 0.6562048073404402, separation: -1.1102230246251565e-16 })
EVENT elapsed=2.1193201218137536e-4 trial=5.671289730644487e-3 nominal=1.6666666666666666e-2 contacts=2 outcome=Refine(TerrainSweepHit { collider: 7, node: TerrainNodeId { coordinates: BrickCoord { x: -67108864, y: -67108864, z: -67108864 }, level: 27 }, triangle: 1, fraction: 0.955449699846198, separation: 0.0 })
EVENT elapsed=2.1193201218137536e-4 trial=5.435856027455509e-3 nominal=1.6666666666666666e-2 contacts=2 outcome=Refine(TerrainSweepHit { collider: 7, node: TerrainNodeId { coordinates: BrickCoord { x: -67108864, y: -67108864, z: -67108864 }, level: 27 }, triangle: 1, fraction: 0.9997923932637985, separation: 0.0 })
EVENT elapsed=2.1193201218137536e-4 trial=5.433240097420076e-3 nominal=1.6666666666666666e-2 contacts=2 outcome=Complete { arrived: false, drive_impulses: [(1, -0.46549737991066964), (2, 0.02586495835121625), (4, 0.040026921318820435), (5, -0.026663915186136818), (7, -4.514446055090105), (9, -0.9553180621008213)] }
EVENT elapsed=2.1193201218137536e-4 trial=5.434548062437793e-3 nominal=1.6666666666666666e-2 contacts=2 outcome=Complete { arrived: false, drive_impulses: [(1, -0.46561881057015736), (2, 0.025877006289267705), (4, 0.04003471124964378), (5, -0.026676151679149215), (7, -4.51551787054423), (9, -0.9556126329862354)] }
EVENT elapsed=2.1193201218137536e-4 trial=5.435202044946651e-3 nominal=1.6666666666666666e-2 contacts=2 outcome=Refine(TerrainSweepHit { collider: 7, node: TerrainNodeId { coordinates: BrickCoord { x: -67108864, y: -67108864, z: -67108864 }, level: 27 }, triangle: 1, fraction: 0.9999209607273079, separation: -3.885780586188048e-16 })
EVENT elapsed=2.1193201218137536e-4 trial=5.434772450530083e-3 nominal=1.6666666666666666e-2 contacts=2 outcome=Complete { arrived: false, drive_impulses: [(1, -0.46563964291197474), (2, 0.025879073427646344), (4, 0.040036047488560315), (5, -0.026678251164328752), (7, -4.515701745308796), (9, -0.9556631717984955)] }
EVENT elapsed=2.1193201218137536e-4 trial=5.434987247738367e-3 nominal=1.6666666666666666e-2 contacts=2 outcome=Refine(TerrainSweepHit { collider: 7, node: TerrainNodeId { coordinates: BrickCoord { x: -67108864, y: -67108864, z: -67108864 }, level: 27 }, triangle: 1, fraction: 0.9999631948549842, separation: -1.6653345369377348e-16 })
EVENT elapsed=2.1193201218137536e-4 trial=5.434793930250911e-3 nominal=1.6666666666666666e-2 contacts=2 outcome=Complete { arrived: false, drive_impulses: [(1, -0.4656416371082114), (2, 0.025879271309926524), (4, 0.04003617539853562), (5, -0.026678452143019893), (7, -4.5157193468503465), (9, -0.9556680097210891)] }
EVENT elapsed=2.1193201218137536e-4 trial=5.434890588994639e-3 nominal=1.6666666666666666e-2 contacts=2 outcome=Refine(TerrainSweepHit { collider: 7, node: TerrainNodeId { coordinates: BrickCoord { x: -67108864, y: -67108864, z: -67108864 }, level: 27 }, triangle: 1, fraction: 0.9999822013099761, separation: -1.1102230246251565e-16 })
EVENT elapsed=2.1193201218137536e-4 trial=5.434803596125284e-3 nominal=1.6666666666666666e-2 contacts=2 outcome=Refine(TerrainSweepHit { collider: 7, node: TerrainNodeId { coordinates: BrickCoord { x: -67108864, y: -67108864, z: -67108864 }, level: 27 }, triangle: 1, fraction: 0.9999993077020837, separation: -2.7755575615628914e-16 })
EVENT elapsed=2.1193201218137536e-4 trial=5.434799833622079e-3 nominal=1.6666666666666666e-2 contacts=2 outcome=Complete { arrived: false, drive_impulses: [(1, -0.46564218518253353), (2, 0.025879325694948434), (4, 0.040036210552553846), (5, -0.026678507379042364), (7, -4.515724184363221), (9, -0.9556693393514806)] }
EVENT elapsed=2.1193201218137536e-4 trial=5.4348017148736815e-3 nominal=1.6666666666666666e-2 contacts=2 outcome=Refine(TerrainSweepHit { collider: 7, node: TerrainNodeId { coordinates: BrickCoord { x: -67108864, y: -67108864, z: -67108864 }, level: 27 }, triangle: 1, fraction: 0.9999996776399903, separation: -4.440892098500626e-16 })
EVENT elapsed=2.1193201218137536e-4 trial=5.4348000217472395e-3 nominal=1.6666666666666666e-2 contacts=2 outcome=Complete { arrived: false, drive_impulses: [(1, -0.46564220264825035), (2, 0.025879327428060497), (4, 0.04003621167282158), (5, -0.026678509139272822), (7, -4.515724338522236), (9, -0.9556693817233742)] }
EVENT elapsed=2.1193201218137536e-4 trial=5.43480086831046e-3 nominal=1.6666666666666666e-2 contacts=2 outcome=Refine(TerrainSweepHit { collider: 7, node: TerrainNodeId { coordinates: BrickCoord { x: -67108864, y: -67108864, z: -67108864 }, level: 27 }, triangle: 1, fraction: 0.9999998441119826, separation: 5.551115123125783e-17 })
EVENT elapsed=2.1193201218137536e-4 trial=5.434800106403561e-3 nominal=1.6666666666666666e-2 contacts=2 outcome=Refine(TerrainSweepHit { collider: 7, node: TerrainNodeId { coordinates: BrickCoord { x: -67108864, y: -67108864, z: -67108864 }, level: 27 }, triangle: 1, fraction: 0.9999999939369483, separation: -1.1102230246251565e-16 })
EVENT elapsed=2.1193201218137536e-4 trial=5.434800073452087e-3 nominal=1.6666666666666666e-2 contacts=2 outcome=Complete { arrived: false, drive_impulses: [(1, -0.4656422074485705), (2, 0.025879327904390643), (4, 0.04003621198071491), (5, -0.026678509623056595), (7, -4.515724380891731), (9, -0.9556693933689917)] }
EVENT elapsed=2.1193201218137536e-4 trial=5.434800089927824e-3 nominal=1.6666666666666666e-2 contacts=2 outcome=Refine(TerrainSweepHit { collider: 7, node: TerrainNodeId { coordinates: BrickCoord { x: -67108864, y: -67108864, z: -67108864 }, level: 27 }, triangle: 1, fraction: 0.9999999971769115, separation: -4.440892098500626e-16 })
EVENT elapsed=2.1193201218137536e-4 trial=5.434800075099661e-3 nominal=1.6666666666666666e-2 contacts=2 outcome=Complete { arrived: false, drive_impulses: [(1, -0.4656422076015311), (2, 0.025879327919570313), (4, 0.04003621199052946), (5, -0.026678509638475945), (7, -4.515724382241838), (9, -0.95566939374008)] }
EVENT elapsed=5.646732087281036e-3 trial=1.101993457938563e-2 nominal=1.6666666666666666e-2 contacts=2 outcome=Refine(TerrainSweepHit { collider: 67, node: TerrainNodeId { coordinates: BrickCoord { x: -67108864, y: -67108864, z: -67108864 }, level: 27 }, triangle: 1, fraction: 0.00010660590581214175, separation: 6.522560269672795e-14 })
EVENT elapsed=5.646732087281036e-3 trial=1.1747901078259484e-6 nominal=1.6666666666666666e-2 contacts=2 outcome=Complete { arrived: false, drive_impulses: [(1, 0.014097480932010771), (2, -0.0035243701938726525), (4, -0.014097480932010771), (5, -0.0035243701938726525), (7, -0.0035243701938726525), (9, -0.0035243701938726525)] }
EVENT elapsed=5.646732087281036e-3 trial=5.510554684746728e-3 nominal=1.6666666666666666e-2 contacts=2 outcome=Refine(TerrainSweepHit { collider: 67, node: TerrainNodeId { coordinates: BrickCoord { x: -67108864, y: -67108864, z: -67108864 }, level: 27 }, triangle: 1, fraction: 0.00038343415324042327, separation: 1.816324868286756e-13 })
EVENT elapsed=5.646732087281036e-3 trial=5.521127795717161e-4 nominal=1.6666666666666666e-2 contacts=2 outcome=Refine(TerrainSweepHit { collider: 67, node: TerrainNodeId { coordinates: BrickCoord { x: -67108864, y: -67108864, z: -67108864 }, level: 27 }, triangle: 1, fraction: 0.016314116539026095, separation: 1.1102230246251565e-16 })
EVENT elapsed=5.646732087281036e-3 trial=5.626858905421497e-5 nominal=1.6666666666666666e-2 contacts=2 outcome=Refine(TerrainSweepHit { collider: 67, node: TerrainNodeId { coordinates: BrickCoord { x: -67108864, y: -67108864, z: -67108864 }, level: 27 }, triangle: 1, fraction: 0.23367834047896163, separation: 0.0 })
EVENT elapsed=5.646732087281036e-3 trial=1.314875051128162e-5 nominal=1.6666666666666666e-2 contacts=2 outcome=Complete { arrived: false, drive_impulses: [(1, 0.1577850020848339), (2, -0.03944625008324843), (4, -0.1577850020848339), (5, -0.03944625008324843), (7, -0.03944625008324843), (9, -0.03944625008324843)] }
EVENT elapsed=5.646732087281036e-3 trial=3.4708669782748294e-5 nominal=1.6666666666666666e-2 contacts=2 outcome=Refine(TerrainSweepHit { collider: 67, node: TerrainNodeId { coordinates: BrickCoord { x: -67108864, y: -67108864, z: -67108864 }, level: 27 }, triangle: 1, fraction: 0.3822793599829045, separation: -2.220446049250313e-16 })
EVENT elapsed=5.646732087281036e-3 trial=1.5304742438428286e-5 nominal=1.6666666666666666e-2 contacts=2 outcome=Refine(TerrainSweepHit { collider: 67, node: TerrainNodeId { coordinates: BrickCoord { x: -67108864, y: -67108864, z: -67108864 }, level: 27 }, triangle: 1, fraction: 0.8714342057190338, separation: -2.7755575615628914e-16 })
EVENT elapsed=5.646732087281036e-3 trial=1.3364349703996287e-5 nominal=1.6666666666666666e-2 contacts=2 outcome=Refine(TerrainSweepHit { collider: 67, node: TerrainNodeId { coordinates: BrickCoord { x: -67108864, y: -67108864, z: -67108864 }, level: 27 }, triangle: 1, fraction: 0.9984764406912148, separation: 1.6653345369377348e-16 })
EVENT elapsed=5.646732087281036e-3 trial=1.334278978472482e-5 nominal=1.6666666666666666e-2 contacts=2 outcome=Complete { arrived: false, drive_impulses: [(1, 0.1601134733063774), (2, -0.04002836788217123), (4, -0.1601134733063774), (5, -0.04002836788217123), (7, -0.04002836788217123), (9, -0.04002836788217123)] }
EVENT elapsed=5.646732087281036e-3 trial=1.3353569744360552e-5 nominal=1.6666666666666666e-2 contacts=2 outcome=Refine(TerrainSweepHit { collider: 67, node: TerrainNodeId { coordinates: BrickCoord { x: -67108864, y: -67108864, z: -67108864 }, level: 27 }, triangle: 1, fraction: 0.9992853622894925, separation: -5.551115123125783e-17 })
EVENT elapsed=5.646732087281036e-3 trial=1.334402677985134e-5 nominal=1.6666666666666666e-2 contacts=2 outcome=Complete { arrived: false, drive_impulses: [(1, 0.1601283172475146), (2, -0.04003207886741431), (4, -0.1601283172475146), (5, -0.04003207886741431), (7, -0.04003207886741431), (9, -0.04003207886741431)] }
EVENT elapsed=5.6600761140608875e-3 trial=1.1006590552605779e-2 nominal=1.6666666666666666e-2 contacts=2 outcome=Release(0.0011398011031649037)
EVENT elapsed=5.6600761140608875e-3 trial=1.2545324053944473e-5 nominal=1.6666666666666666e-2 contacts=2 outcome=Complete { arrived: false, drive_impulses: [(1, 0.15054388478267702), (2, -0.0376359707778082), (4, -0.15054388478267702), (5, -0.0376359707778082), (7, -0.0376359707778082), (9, 0.0376359707778082)] }
EVENT elapsed=5.672621438114832e-3 trial=1.0994045228551835e-2 nominal=1.6666666666666666e-2 contacts=1 outcome=Release(0.0009771288776850404)
EVENT elapsed=5.672621438114832e-3 trial=1.0742599075393427e-5 nominal=1.6666666666666666e-2 contacts=1 outcome=Refine(TerrainSweepHit { collider: 67, node: TerrainNodeId { coordinates: BrickCoord { x: -67108864, y: -67108864, z: -67108864 }, level: 27 }, triangle: 1, fraction: 0.0007483591664474432, separation: -5.551115123125783e-17 })
EVENT elapsed=5.672621438114832e-3 trial=8.039322489540498e-9 nominal=1.6666666666666666e-2 contacts=1 outcome=Complete { arrived: false, drive_impulses: [(1, 9.647186739792809e-5), (2, -2.4117966581707373e-5), (4, -9.647186739792809e-5), (5, -2.4117966581707373e-5), (7, -2.4117966581707373e-5), (9, 2.4117966581707373e-5)] }
EVENT elapsed=5.672621438114832e-3 trial=5.375319198941484e-6 nominal=1.6666666666666666e-2 contacts=1 outcome=Refine(TerrainSweepHit { collider: 67, node: TerrainNodeId { coordinates: BrickCoord { x: -67108864, y: -67108864, z: -67108864 }, level: 27 }, triangle: 1, fraction: 0.002991806292268251, separation: 1.6653345369377348e-16 })
EVENT elapsed=5.672621438114832e-3 trial=5.447673101347348e-7 nominal=1.6666666666666666e-2 contacts=1 outcome=Refine(TerrainSweepHit { collider: 67, node: TerrainNodeId { coordinates: BrickCoord { x: -67108864, y: -67108864, z: -67108864 }, level: 27 }, triangle: 1, fraction: 0.29638758219545736, separation: 1.0547118733938987e-15 })
EVENT elapsed=5.672621438114832e-3 trial=1.6146226590995694e-7 nominal=1.6666666666666666e-2 contacts=1 outcome=Complete { arrived: false, drive_impulses: [(1, 0.0019375471411801366), (2, -0.000484386779917031), (4, -0.0019375471411801366), (5, -0.000484386779917031), (7, -0.000484386779917031), (9, 0.000484386779917031)] }
EVENT elapsed=5.672621438114832e-3 trial=3.531147880223459e-7 nominal=1.6666666666666666e-2 contacts=1 outcome=Refine(TerrainSweepHit { collider: 67, node: TerrainNodeId { coordinates: BrickCoord { x: -67108864, y: -67108864, z: -67108864 }, level: 27 }, triangle: 1, fraction: 0.7126992911007619, separation: 2.3314683517128287e-15 })
EVENT elapsed=5.672621438114832e-3 trial=2.516646591007217e-7 nominal=1.6666666666666666e-2 contacts=1 outcome=Complete { arrived: false, drive_impulses: [(1, 0.003019975831681966), (2, -0.0007549939495380171), (4, -0.003019975831681966), (5, -0.0007549939495380171), (7, -0.0007549939495380171), (9, 0.0007549939495380171)] }
EVENT elapsed=5.672873102773933e-3 trial=1.0993793563892733e-2 nominal=1.6666666666666666e-2 contacts=2 outcome=Release(0.000973729478573172)
EVENT elapsed=5.672873102773933e-3 trial=1.0704980874510364e-5 nominal=1.6666666666666666e-2 contacts=2 outcome=Complete { arrived: false, drive_impulses: [(1, 0.12845976719639562), (2, -0.03211494144253621), (4, -0.12845976719639562), (5, -0.03211494144253621), (7, -0.03211494144253621), (9, 0.03211494144253621)] }
EVENT elapsed=0e0 trial=8.333333333333333e-3 nominal=8.333333333333333e-3 contacts=0 outcome=Refine(TerrainSweepHit { collider: 42, node: TerrainNodeId { coordinates: BrickCoord { x: -67108864, y: -67108864, z: -67108864 }, level: 27 }, triangle: 1, fraction: 7.450386751030192e-5, separation: 1.1712852909795402e-14 })
EVENT elapsed=0e0 trial=6.208655625858494e-7 nominal=8.333333333333333e-3 contacts=0 outcome=Complete { arrived: false, drive_impulses: [(1, 0.007450386559769111), (2, 0.00016756908764835275), (4, -0.0032955785190779065), (5, -0.00016784582794330033), (7, 0.00016780962211958558), (9, -0.00016780923539250705)] }
EVENT elapsed=0e0 trial=4.166977099447959e-3 nominal=8.333333333333333e-3 contacts=0 outcome=Refine(TerrainSweepHit { collider: 42, node: TerrainNodeId { coordinates: BrickCoord { x: -67108864, y: -67108864, z: -67108864 }, level: 27 }, triangle: 1, fraction: 0.00029250305738624186, separation: 4.4353409833775004e-14 })
EVENT elapsed=0e0 trial=4.172564889511232e-4 nominal=8.333333333333333e-3 contacts=0 outcome=Refine(TerrainSweepHit { collider: 42, node: TerrainNodeId { coordinates: BrickCoord { x: -67108864, y: -67108864, z: -67108864 }, level: 27 }, triangle: 1, fraction: 0.028709709161304456, separation: -5.551115123125783e-17 })
EVENT elapsed=0e0 trial=4.2284427901439586e-5 nominal=8.333333333333333e-3 contacts=0 outcome=Complete { arrived: false, drive_impulses: [(1, 0.022492775312448494), (2, -0.0005567346750879023), (4, -0.004509337317199475), (5, 0.0005406666934819605), (7, -0.0005427899040001109), (9, 0.0005427902438555169)] }
EVENT elapsed=0e0 trial=2.297704584262814e-4 nominal=8.333333333333333e-3 contacts=0 outcome=Refine(TerrainSweepHit { collider: 42, node: TerrainNodeId { coordinates: BrickCoord { x: -67108864, y: -67108864, z: -67108864 }, level: 27 }, triangle: 1, fraction: 0.09461554553036382, separation: -2.7755575615628914e-16 })
EVENT elapsed=0e0 trial=6.1033030953923774e-5 nominal=8.333333333333333e-3 contacts=0 outcome=Complete { arrived: false, drive_impulses: [(1, 0.02278216827083128), (2, -0.0009911547480925124), (4, -0.005068517170167866), (5, 0.000968065652925569), (7, -0.0009711166696124116), (9, 0.0009711168165635232)] }
EVENT elapsed=0e0 trial=1.4540174469010258e-4 nominal=8.333333333333333e-3 contacts=0 outcome=Refine(TerrainSweepHit { collider: 42, node: TerrainNodeId { coordinates: BrickCoord { x: -67108864, y: -67108864, z: -67108864 }, level: 27 }, triangle: 1, fraction: 0.23624259598642797, separation: 4.440892098500626e-16 })
EVENT elapsed=0e0 trial=6.946990232754166e-5 nominal=8.333333333333333e-3 contacts=0 outcome=Complete { arrived: false, drive_impulses: [(1, 0.022912078128914454), (2, -0.001186290886365545), (4, -0.005319724857112039), (5, 0.0011600456808010442), (7, -0.0011635136742134023), (9, 0.0011635136703509231)] }
EVENT elapsed=0e0 trial=1.0743582350882212e-4 nominal=8.333333333333333e-3 contacts=0 outcome=Refine(TerrainSweepHit { collider: 42, node: TerrainNodeId { coordinates: BrickCoord { x: -67108864, y: -67108864, z: -67108864 }, level: 27 }, triangle: 1, fraction: 0.43273081367422234, separation: -1.6653345369377348e-16 })
EVENT elapsed=0e0 trial=7.326649444566971e-5 nominal=8.333333333333333e-3 contacts=0 outcome=Refine(TerrainSweepHit { collider: 42, node: TerrainNodeId { coordinates: BrickCoord { x: -67108864, y: -67108864, z: -67108864 }, level: 27 }, triangle: 1, fraction: 0.9306534877112758, separation: 8.326672684688674e-16 })
EVENT elapsed=0e0 trial=6.984956153935446e-5 nominal=8.333333333333333e-3 contacts=0 outcome=Complete { arrived: false, drive_impulses: [(1, 0.022917919440071058), (2, -0.0011950668552140565), (4, -0.005331023017123451), (5, 0.001168679673705308), (7, -0.0011721664230492155), (9, 0.0011721664112795335)] }
EVENT elapsed=0e0 trial=7.155802799251208e-5 nominal=8.333333333333333e-3 contacts=0 outcome=Refine(TerrainSweepHit { collider: 42, node: TerrainNodeId { coordinates: BrickCoord { x: -67108864, y: -67108864, z: -67108864 }, level: 27 }, triangle: 1, fraction: 0.9756399720108454, separation: 1.1657341758564144e-15 })
EVENT elapsed=0e0 trial=7.002040818467022e-5 nominal=8.333333333333333e-3 contacts=0 outcome=Complete { arrived: false, drive_impulses: [(1, 0.02292054789986755), (2, -0.0011990158962174554), (4, -0.005336107015233279), (5, 0.0011725648269075668), (7, -0.0011760600161926636), (9, 0.0011760600008311243)] }
EVENT elapsed=0e0 trial=7.078921808859116e-5 nominal=8.333333333333333e-3 contacts=0 outcome=Refine(TerrainSweepHit { collider: 42, node: TerrainNodeId { coordinates: BrickCoord { x: -67108864, y: -67108864, z: -67108864 }, level: 27 }, triangle: 1, fraction: 0.9969551154820674, separation: 1.4988010832439613e-15 })
EVENT elapsed=0e0 trial=7.057367309439666e-5 nominal=8.333333333333333e-3 contacts=0 outcome=Complete { arrived: false, drive_impulses: [(1, 0.022929059274481998), (2, -0.001211803740523844), (4, -0.005352570149130291), (5, 0.0011851457846244896), (7, -0.001188668304608644), (9, 0.0011886682774747)] }
EVENT elapsed=0e0 trial=7.068144559149392e-5 nominal=8.333333333333333e-3 contacts=0 outcome=Refine(TerrainSweepHit { collider: 42, node: TerrainNodeId { coordinates: BrickCoord { x: -67108864, y: -67108864, z: -67108864 }, level: 27 }, triangle: 1, fraction: 0.9999988272772674, separation: 1.609823385706477e-15 })
EVENT elapsed=0e0 trial=7.067066834178419e-5 nominal=8.333333333333333e-3 contacts=0 outcome=Complete { arrived: false, drive_impulses: [(1, 0.02293055135278156), (2, -0.0012140455351948333), (4, -0.00535545625521013), (5, 0.0011873513100388953), (7, -0.001190878621332746), (9, 0.0011908785921122497)] }
EVENT elapsed=0e0 trial=7.067605696663905e-5 nominal=8.333333333333333e-3 contacts=0 outcome=Complete { arrived: false, drive_impulses: [(1, 0.022930634245261806), (2, -0.0012141700784931804), (4, -0.005355616593418224), (5, 0.0011874738383868925), (7, -0.0011910014158632955), (9, 0.0011910013865265132)] }
EVENT elapsed=0e0 trial=7.067875127906648e-5 nominal=8.333333333333333e-3 contacts=0 outcome=Complete { arrived: false, drive_impulses: [(1, 0.02293067569146425), (2, -0.0012142323501083525), (4, -0.0053556967624803576), (5, 0.0011875351025273447), (7, -0.001191062813094727), (9, 0.0011910627837003205)] }
EVENT elapsed=0e0 trial=7.06800984352802e-5 nominal=8.333333333333333e-3 contacts=0 outcome=Complete { arrived: false, drive_impulses: [(1, 0.022930696414564977), (2, -0.0012142634859074201), (4, -0.005355736847003103), (5, 0.0011875657345885818), (7, -0.0011910935117017537), (9, 0.001191093482277808)] }
EVENT elapsed=0e0 trial=7.068077201338705e-5 nominal=8.333333333333333e-3 contacts=0 outcome=Complete { arrived: false, drive_impulses: [(1, 0.022930706776109328), (2, -0.001214279053805597), (4, -0.005355756889260598), (5, 0.0011875810506178862), (7, -0.0011911088610037056), (9, 0.001191108831565425)] }
EVENT elapsed=0e0 trial=7.068110880244048e-5 nominal=8.333333333333333e-3 contacts=0 outcome=Complete { arrived: false, drive_impulses: [(1, 0.02293071195688334), (2, -0.0012142868377550415), (4, -0.00535576691039088), (5, 0.0011875887086331847), (7, -0.0011911165356553505), (9, 0.0011911165062100549)] }
EVENT elapsed=7.068110880244048e-5 trial=8.262652224530893e-3 nominal=8.333333333333333e-3 contacts=1 outcome=Refine(TerrainSweepHit { collider: 67, node: TerrainNodeId { coordinates: BrickCoord { x: -67108864, y: -67108864, z: -67108864 }, level: 27 }, triangle: 1, fraction: 0.0005891271759864532, separation: 2.220446049250313e-16 })
EVENT elapsed=7.068110880244048e-5 trial=4.86775297119607e-6 nominal=8.333333333333333e-3 contacts=1 outcome=Complete { arrived: false, drive_impulses: [(1, -0.01417912807885654), (2, 0.001825570926979756), (4, 0.0022426968592304695), (5, -0.0018308251168863998), (7, -0.014603258376567976), (9, -0.0018301325422682344)] }
EVENT elapsed=7.068110880244048e-5 trial=4.1337599887510445e-3 nominal=8.333333333333333e-3 contacts=1 outcome=Refine(TerrainSweepHit { collider: 67, node: TerrainNodeId { coordinates: BrickCoord { x: -67108864, y: -67108864, z: -67108864 }, level: 27 }, triangle: 1, fraction: 0.0022513674295436326, separation: -2.220446049250313e-16 })
EVENT elapsed=7.068110880244048e-5 trial=4.177569765491809e-4 nominal=8.333333333333333e-3 contacts=1 outcome=Refine(TerrainSweepHit { collider: 67, node: TerrainNodeId { coordinates: BrickCoord { x: -67108864, y: -67108864, z: -67108864 }, level: 27 }, triangle: 1, fraction: 0.16839347772116386, separation: 5.551115123125783e-17 })
EVENT elapsed=7.068110880244048e-5 trial=7.034755012339527e-5 nominal=8.333333333333333e-3 contacts=1 outcome=Complete { arrived: false, drive_impulses: [(1, -0.022731605689254638), (2, 0.0028806673514218417), (4, 0.003200232961814635), (5, -0.0029121356383557274), (7, -0.11432260828915902), (9, -0.0029079814405101032)] }
EVENT elapsed=7.068110880244048e-5 trial=2.4405226333628808e-4 nominal=8.333333333333333e-3 contacts=1 outcome=Refine(TerrainSweepHit { collider: 67, node: TerrainNodeId { coordinates: BrickCoord { x: -67108864, y: -67108864, z: -67108864 }, level: 27 }, triangle: 1, fraction: 0.4206756165634255, separation: 1.1102230246251565e-16 })
EVENT elapsed=7.068110880244048e-5 trial=1.0266683635269247e-4 nominal=8.333333333333333e-3 contacts=1 outcome=Complete { arrived: false, drive_impulses: [(1, -0.027728448634442477), (2, 0.0031705558840474995), (4, 0.0034712264968521046), (5, -0.0032151764463857163), (7, -0.14088572243790018), (9, -0.0032092852330770686)] }
EVENT elapsed=7.068110880244048e-5 trial=1.733595498444903e-4 nominal=8.333333333333333e-3 contacts=1 outcome=Refine(TerrainSweepHit { collider: 67, node: TerrainNodeId { coordinates: BrickCoord { x: -67108864, y: -67108864, z: -67108864 }, level: 27 }, triangle: 1, fraction: 0.7286950473060313, separation: 9.992007221626409e-16 })
EVENT elapsed=7.068110880244048e-5 trial=1.2632624537488316e-4 nominal=8.333333333333333e-3 contacts=1 outcome=Complete { arrived: false, drive_impulses: [(1, -0.03138420815204385), (2, 0.0033835816088809475), (4, 0.0036733769528191785), (5, -0.0034378014016867705), (7, -0.16032794042725632), (9, -0.003430642426535621)] }
EVENT elapsed=7.068110880244048e-5 trial=1.4984289760968674e-4 nominal=8.333333333333333e-3 contacts=1 outcome=Refine(TerrainSweepHit { collider: 67, node: TerrainNodeId { coordinates: BrickCoord { x: -67108864, y: -67108864, z: -67108864 }, level: 27 }, triangle: 1, fraction: 0.913104913653081, separation: 1.7763568394002505e-15 })
EVENT elapsed=7.068110880244048e-5 trial=1.3682228608342047e-4 nominal=8.333333333333333e-3 contacts=1 outcome=Complete { arrived: false, drive_impulses: [(1, -0.03300544126728835), (2, 0.0034783254155142758), (4, 0.00376409848756483), (5, -0.0035367957016115416), (7, -0.16895217180863353), (9, -0.003529075289168447)] }
EVENT elapsed=7.068110880244048e-5 trial=1.4333259184655362e-4 nominal=8.333333333333333e-3 contacts=1 outcome=Refine(TerrainSweepHit { collider: 67, node: TerrainNodeId { coordinates: BrickCoord { x: -67108864, y: -67108864, z: -67108864 }, level: 27 }, triangle: 1, fraction: 0.9770578958963326, separation: 2.0539125955565396e-15 })
EVENT elapsed=7.068110880244048e-5 trial=1.4004424060296152e-4 nominal=8.333333333333333e-3 contacts=1 outcome=Complete { arrived: false, drive_impulses: [(1, -0.033503028220469896), (2, 0.0035074363225648165), (4, 0.0037920731236235463), (5, -0.0035672103956140037), (7, -0.1715993777561785), (9, -0.003559317836941179)] }
EVENT elapsed=7.068110880244048e-5 trial=1.4168841622475757e-4 nominal=8.333333333333333e-3 contacts=1 outcome=Refine(TerrainSweepHit { collider: 67, node: TerrainNodeId { coordinates: BrickCoord { x: -67108864, y: -67108864, z: -67108864 }, level: 27 }, triangle: 1, fraction: 0.9943095109137567, separation: 2.275957200481571e-15 })
EVENT elapsed=7.068110880244048e-5 trial=1.408821398385835e-4 nominal=8.333333333333333e-3 contacts=1 outcome=Complete { arrived: false, drive_impulses: [(1, -0.03363242729809931), (2, 0.0035150096105071023), (4, 0.0037993585986874205), (5, -0.003575122670962158), (7, -0.1722878106439513), (9, -0.003567185342089668)] }
EVENT elapsed=7.068110880244048e-5 trial=1.4128527803167055e-4 nominal=8.333333333333333e-3 contacts=1 outcome=Refine(TerrainSweepHit { collider: 67, node: TerrainNodeId { coordinates: BrickCoord { x: -67108864, y: -67108864, z: -67108864 }, level: 27 }, triangle: 1, fraction: 0.9986116304882083, separation: 1.942890293094024e-15 })
EVENT elapsed=7.068110880244048e-5 trial=1.4108912185918637e-4 nominal=8.333333333333333e-3 contacts=1 outcome=Complete { arrived: false, drive_impulses: [(1, -0.03366439175276911), (2, 0.0035168805455393706), (4, 0.0038011589198024484), (5, -0.0035770773395315384), (7, -0.17245787017711992), (9, -0.0035691289519382413)] }
EVENT elapsed=7.068110880244048e-5 trial=1.4118719994542846e-4 nominal=8.333333333333333e-3 contacts=1 outcome=Refine(TerrainSweepHit { collider: 67, node: TerrainNodeId { coordinates: BrickCoord { x: -67108864, y: -67108864, z: -67108864 }, level: 27 }, triangle: 1, fraction: 0.999662646366221, separation: 1.942890293094024e-15 })
EVENT elapsed=7.068110880244048e-5 trial=1.411395699304838e-4 nominal=8.333333333333333e-3 contacts=1 outcome=Complete { arrived: false, drive_impulses: [(1, -0.03367218248152004), (2, 0.0035173365602804876), (4, 0.0038015977527019935), (5, -0.0035775537624975914), (7, -0.17249931903507426), (9, -0.003569602679582184)] }
EVENT elapsed=7.068110880244048e-5 trial=1.4116338493795613e-4 nominal=8.333333333333333e-3 contacts=1 outcome=Refine(TerrainSweepHit { collider: 67, node: TerrainNodeId { coordinates: BrickCoord { x: -67108864, y: -67108864, z: -67108864 }, level: 27 }, triangle: 1, fraction: 0.9999181099868601, separation: 1.8318679906315083e-15 })
EVENT elapsed=7.068110880244048e-5 trial=1.411518250665087e-4 nominal=8.333333333333333e-3 contacts=1 outcome=Complete { arrived: false, drive_impulses: [(1, -0.03367407504898814), (2, 0.0035174473385214213), (4, 0.003801704358744719), (5, -0.0035776694984051517), (7, -0.1725093880283494), (9, -0.0035697177607285973)] }
EVENT elapsed=7.068110880244048e-5 trial=1.411576050022324e-4 nominal=8.333333333333333e-3 contacts=1 outcome=Refine(TerrainSweepHit { collider: 67, node: TerrainNodeId { coordinates: BrickCoord { x: -67108864, y: -67108864, z: -67108864 }, level: 27 }, triangle: 1, fraction: 0.9999801270564331, separation: 1.9984014443252818e-15 })
EVENT elapsed=7.068110880244048e-5 trial=1.4115479978511416e-4 nominal=8.333333333333333e-3 contacts=1 outcome=Complete { arrived: false, drive_impulses: [(1, -0.03367453443636674), (2, 0.0035174742280189046), (4, 0.0038017302356153837), (5, -0.0035776975912877682), (7, -0.17251183209914386), (9, -0.0035697456946797313)] }
EVENT elapsed=7.068110880244048e-5 trial=1.411562023936733e-4 nominal=8.333333333333333e-3 contacts=1 outcome=Refine(TerrainSweepHit { collider: 67, node: TerrainNodeId { coordinates: BrickCoord { x: -67108864, y: -67108864, z: -67108864 }, level: 27 }, triangle: 1, fraction: 0.9999951778250354, separation: 1.6653345369377348e-15 })
EVENT elapsed=7.068110880244048e-5 trial=1.4115552171376804e-4 nominal=8.333333333333333e-3 contacts=1 outcome=Complete { arrived: false, drive_impulses: [(1, -0.03367464592418619), (2, 0.0035174807537792655), (4, 0.0038017365156295647), (5, -0.003577704409095506), (7, -0.17251242524591637), (9, -0.003569752473916623)] }
EVENT elapsed=7.068110880244048e-5 trial=1.4115586205372068e-4 nominal=8.333333333333333e-3 contacts=1 outcome=Refine(TerrainSweepHit { collider: 67, node: TerrainNodeId { coordinates: BrickCoord { x: -67108864, y: -67108864, z: -67108864 }, level: 27 }, triangle: 1, fraction: 0.999998829209698, separation: 2.1094237467877974e-15 })
EVENT elapsed=7.068110880244048e-5 trial=1.4115569678980631e-4 nominal=8.333333333333333e-3 contacts=1 outcome=Complete { arrived: false, drive_impulses: [(1, -0.033674672961266916), (2, 0.003517482336351817), (4, 0.003801738038607619), (5, -0.0035777060624925675), (7, -0.17251256909085677), (9, -0.0035697541179600515)] }
EVENT elapsed=2.118368055922468e-4 trial=8.121496527741086e-3 nominal=8.333333333333333e-3 contacts=1 outcome=Refine(TerrainSweepHit { collider: 42, node: TerrainNodeId { coordinates: BrickCoord { x: -67108864, y: -67108864, z: -67108864 }, level: 27 }, triangle: 1, fraction: 2.5683605748830943e-9, separation: 1.1102230246251565e-16 })
EVENT elapsed=2.118368055922468e-4 trial=2.085893149090015e-11 nominal=8.333333333333333e-3 contacts=1 outcome=Complete { arrived: false, drive_impulses: [(1, 2.5030717146509227e-7), (2, -6.257679217150145e-8), (4, 2.5004924492897047e-7), (5, 6.257679217150145e-8), (7, -6.257679217150145e-8), (9, -6.257679217150145e-8)] }
EVENT elapsed=2.118368055922468e-4 trial=4.060748274300009e-3 nominal=8.333333333333333e-3 contacts=1 outcome=Refine(TerrainSweepHit { collider: 42, node: TerrainNodeId { coordinates: BrickCoord { x: -67108864, y: -67108864, z: -67108864 }, level: 27 }, triangle: 1, fraction: 1.0035657070332776e-8, separation: 0.0 })
EVENT elapsed=2.118368055922468e-4 trial=4.0607484620303926e-4 nominal=8.333333333333333e-3 contacts=1 outcome=Refine(TerrainSweepHit { collider: 42, node: TerrainNodeId { coordinates: BrickCoord { x: -67108864, y: -67108864, z: -67108864 }, level: 27 }, triangle: 1, fraction: 9.70823810114355e-7, separation: -2.7755575615628914e-16 })
EVENT elapsed=2.118368055922468e-4 trial=4.060750339334227e-5 nominal=8.333333333333333e-3 contacts=1 outcome=Refine(TerrainSweepHit { collider: 42, node: TerrainNodeId { coordinates: BrickCoord { x: -67108864, y: -67108864, z: -67108864 }, level: 27 }, triangle: 1, fraction: 8.603380494065505e-5, separation: -1.1102230246251565e-16 })
EVENT elapsed=2.118368055922468e-4 trial=4.060769112372568e-6 nominal=8.333333333333333e-3 contacts=1 outcome=Refine(TerrainSweepHit { collider: 42, node: TerrainNodeId { coordinates: BrickCoord { x: -67108864, y: -67108864, z: -67108864 }, level: 27 }, triangle: 1, fraction: 0.003909657508440745, separation: -2.7755575615628914e-16 })
EVENT elapsed=2.118368055922468e-4 trial=4.0609568427559866e-7 nominal=8.333333333333333e-3 contacts=1 outcome=Refine(TerrainSweepHit { collider: 42, node: TerrainNodeId { coordinates: BrickCoord { x: -67108864, y: -67108864, z: -67108864 }, level: 27 }, triangle: 1, fraction: 0.05956289361130729, separation: -1.1102230246251565e-16 })
EVENT elapsed=2.118368055922468e-4 trial=4.062834146590168e-8 nominal=8.333333333333333e-3 contacts=1 outcome=Refine(TerrainSweepHit { collider: 42, node: TerrainNodeId { coordinates: BrickCoord { x: -67108864, y: -67108864, z: -67108864 }, level: 27 }, triangle: 1, fraction: 0.6020883004347439, separation: 0.0 })
EVENT elapsed=2.118368055922468e-4 trial=2.4461849062687177e-8 nominal=8.333333333333333e-3 contacts=1 outcome=Complete { arrived: false, drive_impulses: [(1, 0.0002935421812166378), (2, -7.338554448938146e-5), (4, 0.00029323970359458775), (5, 7.338554448938146e-5), (7, -7.338554448938146e-5), (9, -7.338554448938146e-5)] }
EVENT elapsed=2.1186126744130948e-4 trial=8.121472065892024e-3 nominal=8.333333333333333e-3 contacts=2 outcome=Release(2.289781950994953e-6)
EVENT elapsed=2.1186126744130948e-4 trial=1.8596400151989248e-8 nominal=8.333333333333333e-3 contacts=2 outcome=Complete { arrived: false, drive_impulses: [(1, 0.00022315679609514674), (2, -5.578919840437572e-5), (4, 0.00022292611677620985), (5, 5.578919840437572e-5), (7, -5.578919840437572e-5), (9, -5.578919840437572e-5)] }
EVENT elapsed=2.1187986384146147e-4 trial=8.121453469491871e-3 nominal=8.333333333333333e-3 contacts=2 outcome=Release(1.750207261600527e-6)
EVENT elapsed=2.1187986384146147e-4 trial=1.4214226837055468e-8 nominal=8.333333333333333e-3 contacts=2 outcome=Complete { arrived: false, drive_impulses: [(1, 0.00017057071766589418), (2, -4.264267894302449e-5), (4, 0.00017039372643031103), (5, 4.264267894302449e-5), (7, -4.264267894302449e-5), (9, -4.264267894302449e-5)] }
EVENT elapsed=2.1189407806829853e-4 trial=8.121439255265034e-3 nominal=8.333333333333333e-3 contacts=2 outcome=Release(1.3377798144065535e-6)
EVENT elapsed=2.1189407806829853e-4 trial=1.0864697499622555e-8 nominal=8.333333333333333e-3 contacts=2 outcome=Complete { arrived: false, drive_impulses: [(1, 0.00013037636664854033), (2, -3.259409130025253e-5), (4, 0.00013024069091814014), (5, 3.259409130025253e-5), (7, -3.259409130025253e-5), (9, -3.259409130025253e-5)] }
EVENT elapsed=2.1190494276579816e-4 trial=8.121428390567535e-3 nominal=8.333333333333333e-3 contacts=2 outcome=Release(1.022508382762446e-6)
EVENT elapsed=2.1190494276579816e-4 trial=8.304228609360225e-9 nominal=8.333333333333333e-3 contacts=2 outcome=Complete { arrived: false, drive_impulses: [(1, 9.965074075415902e-5), (2, -2.491268491194158e-5), (4, 9.954681063476687e-5), (5, 2.491268491194158e-5), (7, -2.491268491194158e-5), (9, -2.491268491194158e-5)] }
EVENT elapsed=2.1191324699440753e-4 trial=8.121420086338926e-3 nominal=8.333333333333333e-3 contacts=2 outcome=Release(7.815670402338114e-7)
EVENT elapsed=2.1191324699440753e-4 trial=6.3474342593753395e-9 nominal=8.333333333333333e-3 contacts=2 outcome=Complete { arrived: false, drive_impulses: [(1, 7.616920915714174e-5), (2, -1.9042302077864386e-5), (4, 7.608963522266872e-5), (5, 1.9042302077864386e-5), (7, -1.9042302077864386e-5), (9, -1.9042302077864386e-5)] }
EVENT elapsed=2.119195944286669e-4 trial=8.121413738904666e-3 nominal=8.333333333333333e-3 contacts=2 outcome=Release(5.974013482941845e-7)
EVENT elapsed=2.119195944286669e-4 trial=4.851743517676561e-9 nominal=8.333333333333333e-3 contacts=2 outcome=Complete { arrived: false, drive_impulses: [(1, 5.822092071751223e-5), (2, -1.4555230017775643e-5), (4, 5.816001921810171e-5), (5, 1.4555230017775643e-5), (7, -1.4555230017775643e-5), (9, -1.4555230017775643e-5)] }
EVENT elapsed=2.119244461721846e-4 trial=8.121408887161148e-3 nominal=8.333333333333333e-3 contacts=2 outcome=Release(4.5663194811845195e-7)
EVENT elapsed=2.119244461721846e-4 trial=3.708494761610904e-9 nominal=8.333333333333333e-3 contacts=2 outcome=Complete { arrived: false, drive_impulses: [(1, 4.4501935996908465e-5), (2, -1.1125483875704158e-5), (4, 4.445533947576872e-5), (5, 1.1125483875704158e-5), (7, -1.1125483875704158e-5), (9, -1.1125483875704158e-5)] }
EVENT elapsed=2.119281546669462e-4 trial=8.121405178666387e-3 nominal=8.333333333333333e-3 contacts=2 outcome=Release(3.490330827210455e-7)
EVENT elapsed=2.119281546669462e-4 trial=2.8346390855365925e-9 nominal=8.333333333333333e-3 contacts=2 outcome=Complete { arrived: false, drive_impulses: [(1, 3.4015668153212816e-5), (2, -8.503916943886728e-6), (4, 3.3980024789490024e-5), (5, 8.503916943886728e-6), (7, -8.503916943886728e-6), (9, -8.503916943886728e-6)] }
EVENT elapsed=2.1193098930603172e-4 trial=8.121402344027301e-3 nominal=8.333333333333333e-3 contacts=2 outcome=Release(2.667882483848003e-7)
EVENT elapsed=2.1193098930603172e-4 trial=2.166694705791255e-9 nominal=8.333333333333333e-3 contacts=2 outcome=Complete { arrived: false, drive_impulses: [(1, 2.600033580203274e-5), (2, -6.5000838783396755e-6), (4, 2.5973075732812454e-5), (5, 6.5000838783396755e-6), (7, -6.5000838783396755e-6), (9, -6.5000838783396755e-6)] }
EVENT elapsed=2.119331560007375e-4 trial=8.121400177332596e-3 nominal=8.333333333333333e-3 contacts=2 outcome=Release(2.0392336760484884e-7)
EVENT elapsed=2.119331560007375e-4 trial=1.6561432738282795e-9 nominal=8.333333333333333e-3 contacts=2 outcome=Complete { arrived: false, drive_impulses: [(1, 1.987371877575523e-5), (2, -4.968429638775803e-6), (4, 1.985287305821216e-5), (5, 4.968429638775803e-6), (7, -4.968429638775803e-6), (9, -4.968429638775803e-6)] }
EVENT elapsed=2.1193481214401132e-4 trial=8.121398521189323e-3 nominal=8.333333333333333e-3 contacts=2 outcome=Release(1.5587181492620654e-7)
EVENT elapsed=2.1193481214401132e-4 trial=1.2658971272367897e-9 nominal=8.333333333333333e-3 contacts=2 outcome=Complete { arrived: false, drive_impulses: [(1, 1.5190765136874844e-5), (2, -3.7976912420540685e-6), (4, 1.5174826091361502e-5), (5, 3.7976912420540685e-6), (7, -3.7976912420540685e-6), (9, -3.7976912420540685e-6)] }
EVENT elapsed=2.1193607804113857e-4 trial=8.121397255292194e-3 nominal=8.333333333333333e-3 contacts=2 outcome=Release(1.1914276123243003e-7)
EVENT elapsed=2.1193607804113857e-4 trial=9.676056940609904e-10 nominal=8.333333333333333e-3 contacts=2 outcome=Complete { arrived: false, drive_impulses: [(1, 1.1611268030655585e-5), (2, -2.9028169754347776e-6), (4, 1.159908169668464e-5), (5, 2.9028169754347776e-6), (7, -2.9028169754347776e-6), (9, -2.9028169754347776e-6)] }
EVENT elapsed=2.1193704564683263e-4 trial=8.1213962876865e-3 nominal=8.333333333333333e-3 contacts=2 outcome=Release(9.106847949376482e-8)
EVENT elapsed=2.1193704564683263e-4 trial=7.396032112859158e-10 nominal=8.333333333333333e-3 contacts=2 outcome=Complete { arrived: false, drive_impulses: [(1, 8.875238307592119e-6), (2, -2.218809552263243e-6), (4, 8.86592169377997e-6), (5, 2.218809552263243e-6), (7, -2.218809552263243e-6), (9, -2.218809552263243e-6)] }
EVENT elapsed=2.119377852500439e-4 trial=8.121395548083289e-3 nominal=8.333333333333333e-3 contacts=2 outcome=Release(6.960957278866928e-8)
EVENT elapsed=2.119377852500439e-4 trial=5.653268745498783e-10 nominal=8.333333333333333e-3 contacts=2 outcome=Complete { arrived: false, drive_impulses: [(1, 6.783922320446459e-6), (2, -1.6959805612816442e-6), (4, 6.776799965299046e-6), (5, 1.6959805612816442e-6), (7, -1.6959805612816442e-6), (9, -1.6959805612816442e-6)] }
EVENT elapsed=2.1193835057691846e-4 trial=8.121394982756415e-3 nominal=8.333333333333333e-3 contacts=2 outcome=Refine(TerrainSweepHit { collider: 7, node: TerrainNodeId { coordinates: BrickCoord { x: -67108864, y: -67108864, z: -67108864 }, level: 27 }, triangle: 1, fraction: 0.6477432673359349, separation: -4.440892098500626e-16 })
EVENT elapsed=2.1193835057691846e-4 trial=5.260578921456309e-3 nominal=8.333333333333333e-3 contacts=2 outcome=Complete { arrived: false, drive_impulses: [(1, -0.44956939855723976), (2, 0.024315629836542122), (4, 0.03890857924267348), (5, -0.025089630088568984), (7, -4.372886769984798), (9, -0.9167353305449015)] }
EVENT elapsed=2.1193835057691846e-4 trial=6.690986952106362e-3 nominal=8.333333333333333e-3 contacts=2 outcome=Refine(TerrainSweepHit { collider: 7, node: TerrainNodeId { coordinates: BrickCoord { x: -67108864, y: -67108864, z: -67108864 }, level: 27 }, triangle: 1, fraction: 0.799703395661524, separation: 2.220446049250313e-16 })
EVENT elapsed=2.1193835057691846e-4 trial=5.403619724521315e-3 nominal=8.333333333333333e-3 contacts=2 outcome=Complete { arrived: false, drive_impulses: [(1, -0.4628245866813106), (2, 0.025611776370916568), (4, 0.039774339351023674), (5, -0.026406461943474333), (7, -4.490157981428212), (9, -0.9486391866805312)] }
EVENT elapsed=2.1193835057691846e-4 trial=6.047303338313838e-3 nominal=8.333333333333333e-3 contacts=2 outcome=Refine(TerrainSweepHit { collider: 7, node: TerrainNodeId { coordinates: BrickCoord { x: -67108864, y: -67108864, z: -67108864 }, level: 27 }, triangle: 1, fraction: 0.8918460482497871, separation: 1.1102230246251565e-16 })
EVENT elapsed=2.1193835057691846e-4 trial=5.467988085900567e-3 nominal=8.333333333333333e-3 contacts=2 outcome=Refine(TerrainSweepHit { collider: 7, node: TerrainNodeId { coordinates: BrickCoord { x: -67108864, y: -67108864, z: -67108864 }, level: 27 }, triangle: 1, fraction: 0.9935125040967329, separation: 1.1102230246251565e-16 })
EVENT elapsed=2.1193835057691846e-4 trial=5.4325145355941734e-3 nominal=8.333333333333333e-3 contacts=2 outcome=Complete { arrived: false, drive_impulses: [(1, -0.46550638964981367), (2, 0.025877259673861557), (4, 0.039946864904430876), (5, -0.026676112727304187), (7, -4.513837671162958), (9, -0.9551369187618385)] }
EVENT elapsed=2.1193835057691846e-4 trial=5.45025131074737e-3 nominal=8.333333333333333e-3 contacts=2 outcome=Refine(TerrainSweepHit { collider: 7, node: TerrainNodeId { coordinates: BrickCoord { x: -67108864, y: -67108864, z: -67108864 }, level: 27 }, triangle: 1, fraction: 0.9969691064712505, separation: 0.0 })
EVENT elapsed=2.1193835057691846e-4 trial=5.434288213109493e-3 nominal=8.333333333333333e-3 contacts=2 outcome=Complete { arrived: false, drive_impulses: [(1, -0.46567105529875147), (2, 0.025893596106487612), (4, 0.039957429329026406), (5, -0.026692704855370057), (7, -4.515291119283962), (9, -0.9555363557079858)] }
EVENT elapsed=2.1193835057691846e-4 trial=5.442269761928431e-3 nominal=8.333333333333333e-3 contacts=2 outcome=Refine(TerrainSweepHit { collider: 7, node: TerrainNodeId { coordinates: BrickCoord { x: -67108864, y: -67108864, z: -67108864 }, level: 27 }, triangle: 1, fraction: 0.9985319855074487, separation: -1.6653345369377348e-16 })
EVENT elapsed=2.1193835057691846e-4 trial=5.435086367991387e-3 nominal=8.333333333333333e-3 contacts=2 outcome=Refine(TerrainSweepHit { collider: 7, node: TerrainNodeId { coordinates: BrickCoord { x: -67108864, y: -67108864, z: -67108864 }, level: 27 }, triangle: 1, fraction: 0.9999425317904302, separation: 1.6653345369377348e-16 })
EVENT elapsed=2.1193835057691846e-4 trial=5.434774023308961e-3 nominal=8.333333333333333e-3 contacts=2 outcome=Complete { arrived: false, drive_impulses: [(1, -0.465716158141556), (2, 0.02589807146224652), (4, 0.039960322402294274), (5, -0.026697250243654432), (7, -4.515689216553231), (9, -0.9556457731854445)] }
EVENT elapsed=2.1193835057691846e-4 trial=5.434930195650174e-3 nominal=8.333333333333333e-3 contacts=2 outcome=Refine(TerrainSweepHit { collider: 7, node: TerrainNodeId { coordinates: BrickCoord { x: -67108864, y: -67108864, z: -67108864 }, level: 27 }, triangle: 1, fraction: 0.9999732398525449, separation: 2.7755575615628914e-16 })
EVENT elapsed=2.1193835057691846e-4 trial=5.434789640543083e-3 nominal=8.333333333333333e-3 contacts=2 outcome=Complete { arrived: false, drive_impulses: [(1, -0.46571760805938595), (2, 0.02589821533628741), (4, 0.039960415401557405), (5, -0.026697396368999447), (7, -4.5157020140839155), (9, -0.9556492906887132)] }
EVENT elapsed=2.1193835057691846e-4 trial=5.4348599180966285e-3 nominal=8.333333333333333e-3 contacts=2 outcome=Refine(TerrainSweepHit { collider: 7, node: TerrainNodeId { coordinates: BrickCoord { x: -67108864, y: -67108864, z: -67108864 }, level: 27 }, triangle: 1, fraction: 0.9999870590608346, separation: -2.7755575615628914e-16 })
EVENT elapsed=2.1193835057691846e-4 trial=5.434796668298437e-3 nominal=8.333333333333333e-3 contacts=2 outcome=Refine(TerrainSweepHit { collider: 7, node: TerrainNodeId { coordinates: BrickCoord { x: -67108864, y: -67108864, z: -67108864 }, level: 27 }, triangle: 1, fraction: 0.9999994966561144, separation: 5.551115123125783e-17 })
EVENT elapsed=2.1193835057691846e-4 trial=5.434793932726765e-3 nominal=8.333333333333333e-3 contacts=2 outcome=Complete { arrived: false, drive_impulses: [(1, -0.4657180065495924), (2, 0.02589825487816903), (4, 0.039960440961097646), (5, -0.0266974365296185), (7, -4.515705531310423), (9, -0.9556502574273937)] }
EVENT elapsed=2.1193835057691846e-4 trial=5.434795300512601e-3 nominal=8.333333333333333e-3 contacts=2 outcome=Refine(TerrainSweepHit { collider: 7, node: TerrainNodeId { coordinates: BrickCoord { x: -67108864, y: -67108864, z: -67108864 }, level: 27 }, triangle: 1, fraction: 0.9999997656241558, separation: -5.551115123125783e-17 })
EVENT elapsed=2.1193835057691846e-4 trial=5.434794069505348e-3 nominal=8.333333333333333e-3 contacts=2 outcome=Complete { arrived: false, drive_impulses: [(1, -0.4657180192482341), (2, 0.025898256138246298), (4, 0.03996044177559901), (5, -0.026697437809416014), (7, -4.5157056433935265), (9, -0.9556502882343705)] }
EVENT elapsed=2.1193835057691846e-4 trial=5.434794685008975e-3 nominal=8.333333333333333e-3 contacts=2 outcome=Refine(TerrainSweepHit { collider: 7, node: TerrainNodeId { coordinates: BrickCoord { x: -67108864, y: -67108864, z: -67108864 }, level: 27 }, triangle: 1, fraction: 0.9999998866597318, separation: 0.0 })
EVENT elapsed=2.1193835057691846e-4 trial=5.434794131055711e-3 nominal=8.333333333333333e-3 contacts=2 outcome=Refine(TerrainSweepHit { collider: 7, node: TerrainNodeId { coordinates: BrickCoord { x: -67108864, y: -67108864, z: -67108864 }, level: 27 }, triangle: 1, fraction: 0.9999999955919657, separation: -2.7755575615628914e-16 })
EVENT elapsed=2.1193835057691846e-4 trial=5.434794107098953e-3 nominal=8.333333333333333e-3 contacts=2 outcome=Complete { arrived: false, drive_impulses: [(1, -0.4657180227384627), (2, 0.02589825648457739), (4, 0.03996044199946536), (5, -0.026697438161163167), (7, -4.515705674199579), (9, -0.9556502967016612)] }
EVENT elapsed=2.1193835057691846e-4 trial=5.434794119077332e-3 nominal=8.333333333333333e-3 contacts=2 outcome=Refine(TerrainSweepHit { collider: 7, node: TerrainNodeId { coordinates: BrickCoord { x: -67108864, y: -67108864, z: -67108864 }, level: 27 }, triangle: 1, fraction: 0.9999999979473302, separation: 1.6653345369377348e-16 })
EVENT elapsed=2.1193835057691846e-4 trial=5.4347941082967905e-3 nominal=8.333333333333333e-3 contacts=2 outcome=Complete { arrived: false, drive_impulses: [(1, -0.46571802284966995), (2, 0.02589825649561311), (4, 0.0399604420065975), (5, -0.026697438172373845), (7, -4.5157056751811435), (9, -0.9556502969714611)] }
EVENT elapsed=5.646732458873709e-3 trial=2.6866008744596244e-3 nominal=8.333333333333333e-3 contacts=2 outcome=Refine(TerrainSweepHit { collider: 67, node: TerrainNodeId { coordinates: BrickCoord { x: -67108864, y: -67108864, z: -67108864 }, level: 27 }, triangle: 1, fraction: 0.0013837318024439687, separation: -5.551115123125783e-17 })
EVENT elapsed=5.646732458873709e-3 trial=3.7175350704635586e-6 nominal=8.333333333333333e-3 contacts=2 outcome=Complete { arrived: false, drive_impulses: [(1, 0.044610419700355404), (2, -0.011152604801264778), (4, -0.044610419700355404), (5, -0.011152604801264778), (7, -0.011152604801264778), (9, -0.011152604801264778)] }
EVENT elapsed=5.646732458873709e-3 trial=1.345159204765044e-3 nominal=8.333333333333333e-3 contacts=2 outcome=Refine(TerrainSweepHit { collider: 67, node: TerrainNodeId { coordinates: BrickCoord { x: -67108864, y: -67108864, z: -67108864 }, level: 27 }, triangle: 1, fraction: 0.004375838442671151, separation: 0.0 })
EVENT elapsed=5.646732458873709e-3 trial=1.378617020399216e-4 nominal=8.333333333333333e-3 contacts=2 outcome=Refine(TerrainSweepHit { collider: 67, node: TerrainNodeId { coordinates: BrickCoord { x: -67108864, y: -67108864, z: -67108864 }, level: 27 }, triangle: 1, fraction: 0.08884513302812307, separation: 4.996003610813204e-16 })
EVENT elapsed=5.646732458873709e-3 trial=1.7131951767409364e-5 nominal=8.333333333333333e-3 contacts=2 outcome=Refine(TerrainSweepHit { collider: 67, node: TerrainNodeId { coordinates: BrickCoord { x: -67108864, y: -67108864, z: -67108864 }, level: 27 }, triangle: 1, fraction: 0.7781088491563934, separation: -1.6653345369377348e-16 })
EVENT elapsed=5.646732458873709e-3 trial=1.3330523273541742e-5 nominal=8.333333333333333e-3 contacts=2 outcome=Complete { arrived: false, drive_impulses: [(1, 0.15996627517595927), (2, -0.03999156834997526), (4, -0.15996627517595927), (5, -0.03999156834997526), (7, -0.03999156834997526), (9, -0.03999156834997526)] }
EVENT elapsed=5.646732458873709e-3 trial=1.5231237520475553e-5 nominal=8.333333333333333e-3 contacts=2 outcome=Refine(TerrainSweepHit { collider: 67, node: TerrainNodeId { coordinates: BrickCoord { x: -67108864, y: -67108864, z: -67108864 }, level: 27 }, triangle: 1, fraction: 0.8756534958967788, separation: 0.0 })
EVENT elapsed=5.646732458873709e-3 trial=1.3520594698235123e-5 nominal=8.333333333333333e-3 contacts=2 outcome=Refine(TerrainSweepHit { collider: 67, node: TerrainNodeId { coordinates: BrickCoord { x: -67108864, y: -67108864, z: -67108864 }, level: 27 }, triangle: 1, fraction: 0.9868929836878243, separation: 3.3306690738754696e-16 })
EVENT elapsed=5.646732458873709e-3 trial=1.334953041601108e-5 nominal=8.333333333333333e-3 contacts=2 outcome=Refine(TerrainSweepHit { collider: 67, node: TerrainNodeId { coordinates: BrickCoord { x: -67108864, y: -67108864, z: -67108864 }, level: 27 }, triangle: 1, fraction: 0.9995849543377796, separation: 3.885780586188048e-16 })
EVENT elapsed=5.646732458873709e-3 trial=1.3343989751319235e-5 nominal=8.333333333333333e-3 contacts=2 outcome=Complete { arrived: false, drive_impulses: [(1, 0.16012787290514077), (2, -0.04003196778182209), (4, -0.16012787290514077), (5, -0.04003196778182209), (7, -0.04003196778182209), (9, -0.04003196778182209)] }
EVENT elapsed=5.660076448625028e-3 trial=2.6732568847083055e-3 nominal=8.333333333333333e-3 contacts=2 outcome=Release(0.004528027483042505)
EVENT elapsed=5.660076448625028e-3 trial=1.2104580643191797e-5 nominal=8.333333333333333e-3 contacts=2 outcome=Complete { arrived: false, drive_impulses: [(1, 0.14525496398941834), (2, -0.03631374059417386), (4, -0.14525496398941834), (5, -0.03631374059417386), (7, -0.03631374059417386), (9, 0.03631374059417386)] }
EVENT elapsed=5.67218102926822e-3 trial=2.6611523040651133e-3 nominal=8.333333333333333e-3 contacts=1 outcome=Release(0.0038503996267461346)
EVENT elapsed=5.67218102926822e-3 trial=1.0246499838286929e-5 nominal=8.333333333333333e-3 contacts=1 outcome=Refine(TerrainSweepHit { collider: 67, node: TerrainNodeId { coordinates: BrickCoord { x: -67108864, y: -67108864, z: -67108864 }, level: 27 }, triangle: 1, fraction: 0.000702384072742035, separation: 3.3306690738754696e-16 })
EVENT elapsed=5.67218102926822e-3 trial=7.196978287766576e-9 nominal=8.333333333333333e-3 contacts=1 outcome=Complete { arrived: false, drive_impulses: [(1, 8.636373723612982e-5), (2, -2.1590934069314698e-5), (4, -8.636373723612982e-5), (5, -2.1590934069314698e-5), (7, -2.1590934069314698e-5), (9, 2.1590934069314698e-5)] }
EVENT elapsed=5.67218102926822e-3 trial=5.1268484082873475e-6 nominal=8.333333333333333e-3 contacts=1 outcome=Refine(TerrainSweepHit { collider: 67, node: TerrainNodeId { coordinates: BrickCoord { x: -67108864, y: -67108864, z: -67108864 }, level: 27 }, triangle: 1, fraction: 0.0028083033366712584, separation: 2.7755575615628914e-16 })
EVENT elapsed=5.67218102926822e-3 trial=5.191621212877248e-7 nominal=8.333333333333333e-3 contacts=1 outcome=Refine(TerrainSweepHit { collider: 67, node: TerrainNodeId { coordinates: BrickCoord { x: -67108864, y: -67108864, z: -67108864 }, level: 27 }, triangle: 1, fraction: 0.2787348604583606, separation: 1.1657341758564144e-15 })
EVENT elapsed=0e0 trial=4.166666666666667e-3 nominal=4.166666666666667e-3 contacts=0 outcome=Refine(TerrainSweepHit { collider: 42, node: TerrainNodeId { coordinates: BrickCoord { x: -67108864, y: -67108864, z: -67108864 }, level: 27 }, triangle: 1, fraction: 0.00029254624734195776, separation: 4.4353409833775004e-14 })
EVENT elapsed=0e0 trial=1.2189426972581573e-6 nominal=4.166666666666667e-3 contacts=0 outcome=Complete { arrived: false, drive_impulses: [(1, 0.014627311991595828), (2, 0.00027556903043908623), (4, -0.0032968527225550213), (5, -0.0002761461413052595), (7, 0.0002760704463237529), (9, -0.0002760700444568868)] }
EVENT elapsed=0e0 trial=2.0839428046819626e-3 nominal=4.166666666666667e-3 contacts=0 outcome=Refine(TerrainSweepHit { collider: 42, node: TerrainNodeId { coordinates: BrickCoord { x: -67108864, y: -67108864, z: -67108864 }, level: 27 }, triangle: 1, fraction: 0.0011590078658601797, separation: 1.730837695390619e-13 })
EVENT elapsed=0e0 trial=2.0949132889572862e-4 nominal=4.166666666666667e-3 contacts=0 outcome=Refine(TerrainSweepHit { collider: 42, node: TerrainNodeId { coordinates: BrickCoord { x: -67108864, y: -67108864, z: -67108864 }, level: 27 }, triangle: 1, fraction: 0.11381383272131401, separation: 5.551115123125783e-17 })
EVENT elapsed=0e0 trial=2.3843011063504234e-5 nominal=4.166666666666667e-3 contacts=0 outcome=Complete { arrived: false, drive_impulses: [(1, 0.022207188938625444), (2, -0.00012838689070816624), (4, -0.003958062145189514), (5, 0.00011923108013456123), (7, -0.00012044060716286189), (9, 0.00012044088048172684)] }
EVENT elapsed=0e0 trial=1.1666716997961643e-4 nominal=4.166666666666667e-3 contacts=0 outcome=Refine(TerrainSweepHit { collider: 42, node: TerrainNodeId { coordinates: BrickCoord { x: -67108864, y: -67108864, z: -67108864 }, level: 27 }, triangle: 1, fraction: 0.3669524116644775, separation: 2.7755575615628914e-16 })
EVENT elapsed=0e0 trial=4.281129938608978e-5 nominal=4.166666666666667e-3 contacts=0 outcome=Complete { arrived: false, drive_impulses: [(1, 0.02250092105581412), (2, -0.0005689574584980437), (4, -0.004525069028019433), (5, 0.000552692027009866), (7, -0.0005548413325364688), (9, 0.0005548416691312684)] }
EVENT elapsed=0e0 trial=7.97392346828531e-5 nominal=4.166666666666667e-3 contacts=0 outcome=Refine(TerrainSweepHit { collider: 42, node: TerrainNodeId { coordinates: BrickCoord { x: -67108864, y: -67108864, z: -67108864 }, level: 27 }, triangle: 1, fraction: 0.7856520557318887, separation: 9.43689570931383e-16 })
EVENT elapsed=0e0 trial=6.264729365107105e-5 nominal=4.166666666666667e-3 contacts=0 outcome=Complete { arrived: false, drive_impulses: [(1, 0.022807039716245057), (2, -0.001028507943315384), (4, -0.005116602157286525), (5, 0.001004814814346046), (7, -0.001007945639196176), (9, 0.0010079457608187525)] }
EVENT elapsed=0e0 trial=7.119326416696208e-5 nominal=4.166666666666667e-3 contacts=0 outcome=Refine(TerrainSweepHit { collider: 42, node: TerrainNodeId { coordinates: BrickCoord { x: -67108864, y: -67108864, z: -67108864 }, level: 27 }, triangle: 1, fraction: 0.9856668690894871, separation: 1.7208456881689926e-15 })
EVENT elapsed=0e0 trial=7.017284179171028e-5 nominal=4.166666666666667e-3 contacts=0 outcome=Complete { arrived: false, drive_impulses: [(1, 0.022922893008552703), (2, -0.00120253925241219), (4, -0.005340642993109082), (5, 0.0011760311815431053), (7, -0.0011795339010346108), (9, 0.0011795338824514962)] }
EVENT elapsed=0e0 trial=7.068305297933618e-5 nominal=4.166666666666667e-3 contacts=0 outcome=Refine(TerrainSweepHit { collider: 42, node: TerrainNodeId { coordinates: BrickCoord { x: -67108864, y: -67108864, z: -67108864 }, level: 27 }, triangle: 1, fraction: 0.9999533316059522, separation: 1.3322676295501878e-15 })
EVENT elapsed=0e0 trial=7.06320318605736e-5 nominal=4.166666666666667e-3 contacts=0 outcome=Complete { arrived: false, drive_impulses: [(1, 0.022929957010753194), (2, -0.0012131525561799809), (4, -0.005354306625903364), (5, 0.0011864727782600801), (7, -0.0011899981810187558), (9, 0.0011899981526302637)] }
EVENT elapsed=0e0 trial=7.065754241995488e-5 nominal=4.166666666666667e-3 contacts=0 outcome=Complete { arrived: false, drive_impulses: [(1, 0.022930349438199254), (2, -0.001213742165105618), (4, -0.005355065693753161), (5, 0.0011870528480857924), (7, -0.0011905795109956267), (9, 0.0011905794820583808)] }
EVENT elapsed=0e0 trial=7.067029769964553e-5 nominal=4.166666666666667e-3 contacts=0 outcome=Complete { arrived: false, drive_impulses: [(1, 0.0229305456512433), (2, -0.0012140369688146402), (4, -0.005355445226771916), (5, 0.0011873428822520155), (7, -0.0011908701752366936), (9, 0.001190870146024588)] }
EVENT elapsed=0e0 trial=7.067667533949086e-5 nominal=4.166666666666667e-3 contacts=0 outcome=Complete { arrived: false, drive_impulses: [(1, 0.022930643757598325), (2, -0.0012141843704824586), (4, -0.005355634993055885), (5, 0.0011874878991501386), (7, -0.0011910155071720404), (9, 0.0011910154778222114)] }
EVENT elapsed=0e0 trial=7.067986415941352e-5 nominal=4.166666666666667e-3 contacts=0 outcome=Complete { arrived: false, drive_impulses: [(1, 0.02293069281072789), (2, -0.001214258071267914), (4, -0.005355729876141015), (5, 0.0011875604075511075), (7, -0.0011910881730916587), (9, 0.0011910881436728597)] }
EVENT elapsed=0e0 trial=7.068145856937485e-5 nominal=4.166666666666667e-3 contacts=0 outcome=Refine(TerrainSweepHit { collider: 42, node: TerrainNodeId { coordinates: BrickCoord { x: -67108864, y: -67108864, z: -67108864 }, level: 27 }, triangle: 1, fraction: 0.9999984670578924, separation: 1.2212453270876722e-15 })
EVENT elapsed=0e0 trial=7.068129912837872e-5 nominal=4.166666666666667e-3 contacts=0 outcome=Complete { arrived: false, drive_impulses: [(1, 0.022930714884632487), (2, -0.0012142912366131155), (4, -0.005355772573520833), (5, 0.001187593036323494), (7, -0.001191120872747048), (9, 0.0011911208432974583)] }
EVENT elapsed=7.068129912837872e-5 trial=4.095985367538288e-3 nominal=4.166666666666667e-3 contacts=1 outcome=Refine(TerrainSweepHit { collider: 67, node: TerrainNodeId { coordinates: BrickCoord { x: -67108864, y: -67108864, z: -67108864 }, level: 27 }, triangle: 1, fraction: 0.002291831326073955, separation: -1.1102230246251565e-16 })
EVENT elapsed=7.068129912837872e-5 trial=9.387307576464791e-6 nominal=4.166666666666667e-3 contacts=1 outcome=Complete { arrived: false, drive_impulses: [(1, -0.01453947642254341), (2, 0.001966641392667108), (4, 0.0023699871992681623), (5, -0.001973628464568291), (7, -0.02816192169376784), (9, -0.001972707134430563)] }
EVENT elapsed=7.068129912837872e-5 trial=2.0526863375573763e-3 nominal=4.166666666666667e-3 contacts=1 outcome=Refine(TerrainSweepHit { collider: 67, node: TerrainNodeId { coordinates: BrickCoord { x: -67108864, y: -67108864, z: -67108864 }, level: 27 }, triangle: 1, fraction: 0.00872696463218954, separation: -5.551115123125783e-17 })
EVENT elapsed=7.068129912837872e-5 trial=2.1371721057455596e-4 nominal=4.166666666666667e-3 contacts=1 outcome=Refine(TerrainSweepHit { collider: 67, node: TerrainNodeId { coordinates: BrickCoord { x: -67108864, y: -67108864, z: -67108864 }, level: 27 }, triangle: 1, fraction: 0.5223537839706969, separation: 6.106226635438361e-16 })
EVENT elapsed=7.068129912837872e-5 trial=1.1163599364328154e-4 nominal=4.166666666666667e-3 contacts=1 outcome=Complete { arrived: false, drive_impulses: [(1, -0.029114570309663967), (2, 0.0032512309582713624), (4, 0.003547484740370375), (5, -0.003299493482744511), (7, -0.1482566568732209), (9, -0.0032931212781183664)] }
EVENT elapsed=7.068129912837872e-5 trial=1.6267660210891877e-4 nominal=4.166666666666667e-3 contacts=1 outcome=Refine(TerrainSweepHit { collider: 67, node: TerrainNodeId { coordinates: BrickCoord { x: -67108864, y: -67108864, z: -67108864 }, level: 27 }, triangle: 1, fraction: 0.804582695363412, separation: 8.881784197001252e-16 })
EVENT elapsed=7.068129912837872e-5 trial=1.3088677899735518e-4 nominal=4.166666666666667e-3 contacts=1 outcome=Complete { arrived: false, drive_impulses: [(1, -0.03208870991375772), (2, 0.0034247359106231983), (4, 0.0037127241716572346), (5, -0.0034808031671683414), (7, -0.16407539594645323), (9, -0.0034734001997764534)] }
EVENT elapsed=7.068129912837872e-5 trial=1.46781690553137e-4 nominal=4.166666666666667e-3 contacts=1 outcome=Refine(TerrainSweepHit { collider: 67, node: TerrainNodeId { coordinates: BrickCoord { x: -67108864, y: -67108864, z: -67108864 }, level: 27 }, triangle: 1, fraction: 0.9423402330989618, separation: 1.609823385706477e-15 })
EVENT elapsed=7.068129912837872e-5 trial=1.3831829249050278e-4 nominal=4.166666666666667e-3 contacts=1 outcome=Complete { arrived: false, drive_impulses: [(1, -0.03323651005236144), (2, 0.00349184552508989), (4, 0.003777086167656947), (5, -0.0035509212420110716), (7, -0.17018144840440572), (9, -0.0035431209155040258)] }
EVENT elapsed=7.068129912837872e-5 trial=1.425499915218199e-4 nominal=4.166666666666667e-3 contacts=1 outcome=Refine(TerrainSweepHit { collider: 67, node: TerrainNodeId { coordinates: BrickCoord { x: -67108864, y: -67108864, z: -67108864 }, level: 27 }, triangle: 1, fraction: 0.9852089692314163, separation: 1.8318679906315083e-15 })
EVENT elapsed=7.068129912837872e-5 trial=1.404415302111593e-4 nominal=4.166666666666667e-3 contacts=1 outcome=Complete { arrived: false, drive_impulses: [(1, -0.033564414850574445), (2, 0.0035110331853678268), (4, 0.003795534235121926), (5, -0.0035709679991339635), (7, -0.171925950320545), (9, -0.003563054211369648)] }
EVENT elapsed=7.068129912837872e-5 trial=1.414957608664896e-4 nominal=4.166666666666667e-3 contacts=1 outcome=Refine(TerrainSweepHit { collider: 67, node: TerrainNodeId { coordinates: BrickCoord { x: -67108864, y: -67108864, z: -67108864 }, level: 27 }, triangle: 1, fraction: 0.9963598070118759, separation: 1.942890293094024e-15 })
EVENT elapsed=7.068129912837872e-5 trial=1.409806889899341e-4 nominal=4.166666666666667e-3 contacts=1 outcome=Complete { arrived: false, drive_impulses: [(1, -0.033647678191468626), (2, 0.003515906508683347), (4, 0.003800222958242439), (5, -0.0035760594430085052), (7, -0.17236893204102713), (9, -0.0035681168479765935)] }
EVENT elapsed=7.068129912837872e-5 trial=1.4123822492821187e-4 nominal=4.166666666666667e-3 contacts=1 outcome=Refine(TerrainSweepHit { collider: 67, node: TerrainNodeId { coordinates: BrickCoord { x: -67108864, y: -67108864, z: -67108864 }, level: 27 }, triangle: 1, fraction: 0.9991135907205125, separation: 1.9984014443252818e-15 })
EVENT elapsed=7.068129912837872e-5 trial=1.4111303005501718e-4 nominal=4.166666666666667e-3 contacts=1 outcome=Complete { arrived: false, drive_impulses: [(1, -0.03366811573762557), (2, 0.0035171027660915255), (4, 0.003801374102462852), (5, -0.003577309237969142), (7, -0.1724776654026817), (9, -0.0035693595722119443)] }
EVENT elapsed=7.068129912837872e-5 trial=1.4117562749161453e-4 nominal=4.166666666666667e-3 contacts=1 outcome=Refine(TerrainSweepHit { collider: 67, node: TerrainNodeId { coordinates: BrickCoord { x: -67108864, y: -67108864, z: -67108864 }, level: 27 }, triangle: 1, fraction: 0.9997847176283352, separation: 2.0539125955565396e-15 })
EVENT elapsed=7.068129912837872e-5 trial=1.4114523486770687e-4 nominal=4.166666666666667e-3 contacts=1 outcome=Complete { arrived: false, drive_impulses: [(1, -0.033673089146461714), (2, 0.0035173938753740542), (4, 0.0038016542454127975), (5, -0.003577613375340888), (7, -0.17250412533555468), (9, -0.003569661988958986)] }
EVENT elapsed=7.068129912837872e-5 trial=1.411604311796607e-4 nominal=4.166666666666667e-3 contacts=1 outcome=Refine(TerrainSweepHit { collider: 67, node: TerrainNodeId { coordinates: BrickCoord { x: -67108864, y: -67108864, z: -67108864 }, level: 27 }, triangle: 1, fraction: 0.9999477480276686, separation: 2.3314683517128287e-15 })
EVENT elapsed=7.068129912837872e-5 trial=1.4115305526871642e-4 nominal=4.166666666666667e-3 contacts=1 outcome=Complete { arrived: false, drive_impulses: [(1, -0.03367429685524813), (2, 0.003517464566609612), (4, 0.0038017222743556693), (5, -0.003577687230223648), (7, -0.17251055068760102), (9, -0.0035697354260177346)] }
EVENT elapsed=7.068129912837872e-5 trial=1.4115674322418855e-4 nominal=4.166666666666667e-3 contacts=1 outcome=Refine(TerrainSweepHit { collider: 67, node: TerrainNodeId { coordinates: BrickCoord { x: -67108864, y: -67108864, z: -67108864 }, level: 27 }, triangle: 1, fraction: 0.9999873201330537, separation: 1.9984014443252818e-15 })
EVENT elapsed=7.068129912837872e-5 trial=1.411549533754659e-4 nominal=4.166666666666667e-3 contacts=1 outcome=Complete { arrived: false, drive_impulses: [(1, -0.03367458998087478), (2, 0.0035174817242477462), (4, 0.003801738785865066), (5, -0.003577705155717122), (7, -0.17251211019889667), (9, -0.0035697532500999873)] }
EVENT elapsed=7.068129912837872e-5 trial=1.411558482998272e-4 nominal=4.166666666666667e-3 contacts=1 outcome=Refine(TerrainSweepHit { collider: 67, node: TerrainNodeId { coordinates: BrickCoord { x: -67108864, y: -67108864, z: -67108864 }, level: 27 }, triangle: 1, fraction: 0.9999969230260525, separation: 1.9984014443252818e-15 })
EVENT elapsed=7.068129912837872e-5 trial=1.4115541396695944e-4 nominal=4.166666666666667e-3 contacts=1 outcome=Complete { arrived: false, drive_impulses: [(1, -0.03367466111026564), (2, 0.0035174858876944313), (4, 0.0038017427925272035), (5, -0.0035777095054903164), (7, -0.17251248862736024), (9, -0.0035697575752648533)] }
EVENT elapsed=7.068129912837872e-5 trial=1.4115563113339334e-4 nominal=4.166666666666667e-3 contacts=1 outcome=Refine(TerrainSweepHit { collider: 67, node: TerrainNodeId { coordinates: BrickCoord { x: -67108864, y: -67108864, z: -67108864 }, level: 27 }, triangle: 1, fraction: 0.9999992522114505, separation: 2.1094237467877974e-15 })
EVENT elapsed=7.068129912837872e-5 trial=1.4115552557882868e-4 nominal=4.166666666666667e-3 contacts=1 outcome=Complete { arrived: false, drive_impulses: [(1, -0.033674678346545535), (2, 0.0035174868965939868), (4, 0.003801743763433167), (5, -0.0035777105595406703), (7, -0.1725125803292486), (9, -0.0035697586233523573)] }
EVENT elapsed=2.118368247072074e-4 trial=3.95482984195946e-3 nominal=4.166666666666667e-3 contacts=1 outcome=Refine(TerrainSweepHit { collider: 42, node: TerrainNodeId { coordinates: BrickCoord { x: -67108864, y: -67108864, z: -67108864 }, level: 27 }, triangle: 1, fraction: 8.84281916007785e-9, separation: 2.7755575615628914e-16 })
EVENT elapsed=2.118368247072074e-4 trial=3.4971845101326764e-11 nominal=4.166666666666667e-3 contacts=1 outcome=Complete { arrived: false, drive_impulses: [(1, 4.196621304426503e-7), (2, -1.0491553144581646e-7), (4, 4.192296937763118e-7), (5, 1.0491553144581646e-7), (7, -1.0491553144581646e-7), (9, -1.0491553144581646e-7)] }
EVENT elapsed=2.118368247072074e-4 trial=1.9774149384656527e-3 nominal=4.166666666666667e-3 contacts=1 outcome=Refine(TerrainSweepHit { collider: 42, node: TerrainNodeId { coordinates: BrickCoord { x: -67108864, y: -67108864, z: -67108864 }, level: 27 }, triangle: 1, fraction: 3.493564958304383e-8, separation: -3.3306690738754696e-16 })
EVENT elapsed=2.118368247072074e-4 trial=1.9774152532122587e-4 nominal=4.166666666666667e-3 contacts=1 outcome=Refine(TerrainSweepHit { collider: 42, node: TerrainNodeId { coordinates: BrickCoord { x: -67108864, y: -67108864, z: -67108864 }, level: 27 }, triangle: 1, fraction: 3.3685158657522045e-6, separation: -5.551115123125783e-17 })
EVENT elapsed=2.118368247072074e-4 trial=1.977418400678318e-5 nominal=4.166666666666667e-3 contacts=1 outcome=Refine(TerrainSweepHit { collider: 42, node: TerrainNodeId { coordinates: BrickCoord { x: -67108864, y: -67108864, z: -67108864 }, level: 27 }, triangle: 1, fraction: 0.0002670188584907862, separation: 1.6653345369377348e-16 })
EVENT elapsed=2.118368247072074e-4 trial=1.977449875338909e-6 nominal=4.166666666666667e-3 contacts=1 outcome=Refine(TerrainSweepHit { collider: 42, node: TerrainNodeId { coordinates: BrickCoord { x: -67108864, y: -67108864, z: -67108864 }, level: 27 }, triangle: 1, fraction: 0.00837356477903839, separation: -1.6653345369377348e-16 })
EVENT elapsed=2.118368247072074e-4 trial=1.9777646219448212e-7 nominal=4.166666666666667e-3 contacts=1 outcome=Refine(TerrainSweepHit { collider: 42, node: TerrainNodeId { coordinates: BrickCoord { x: -67108864, y: -67108864, z: -67108864 }, level: 27 }, triangle: 1, fraction: 0.1029408400425531, separation: 0.0 })
EVENT elapsed=2.118368247072074e-4 trial=2.0359275158944236e-8 nominal=4.166666666666667e-3 contacts=1 outcome=Complete { arrived: false, drive_impulses: [(1, 0.00024431129563554316), (2, -6.107782323075678e-5), (4, 0.00024405954749204966), (5, 6.107782323075678e-5), (7, -6.107782323075678e-5), (9, -6.107782323075678e-5)] }
EVENT elapsed=2.1185718398236634e-4 trial=3.954809482684301e-3 nominal=4.166666666666667e-3 contacts=2 outcome=Release(4.567716313001179e-6)
EVENT elapsed=2.1185718398236634e-4 trial=1.806444778886883e-8 nominal=4.166666666666667e-3 contacts=2 outcome=Complete { arrived: false, drive_impulses: [(1, 0.00021677336790157262), (2, -5.4193341373700515e-5), (4, 0.00021654947548153654), (5, 5.4193341373700515e-5), (7, -5.4193341373700515e-5), (9, -5.4193341373700515e-5)] }
EVENT elapsed=2.118752484301552e-4 trial=3.954791418236511e-3 nominal=4.166666666666667e-3 contacts=2 outcome=Release(3.5217566491275717e-6)
EVENT elapsed=2.118752484301552e-4 trial=1.3927812973087094e-8 nominal=4.166666666666667e-3 contacts=2 outcome=Complete { arrived: false, drive_impulses: [(1, 0.00016713375138650507), (2, -4.178343738271712e-5), (4, 0.00016696049045762402), (5, 4.178343738271712e-5), (7, -4.178343738271712e-5), (9, -4.178343738271712e-5)] }
EVENT elapsed=2.118891762431283e-4 trial=3.954777490423538e-3 nominal=4.166666666666667e-3 contacts=2 outcome=Release(2.715310861730147e-6)
EVENT elapsed=2.118891762431283e-4 trial=1.0738450275472926e-8 nominal=4.166666666666667e-3 contacts=2 outcome=Complete { arrived: false, drive_impulses: [(1, 0.00012886139999763595), (2, -3.2215349641731484e-5), (4, 0.00012872743503592195), (5, 3.2215349641731484e-5), (7, -3.2215349641731484e-5), (9, -3.2215349641731484e-5)] }
EVENT elapsed=2.1189991469340377e-4 trial=3.9547667519732625e-3 nominal=4.166666666666667e-3 contacts=2 outcome=Release(2.0934732932355852e-6)
EVENT elapsed=2.1189991469340377e-4 trial=8.279198576232065e-9 nominal=4.166666666666667e-3 contacts=2 outcome=Complete { arrived: false, drive_impulses: [(1, 9.935038036433174e-5), (2, -2.4837594815318466e-5), (4, 9.924686964023381e-5), (5, 2.4837594815318466e-5), (7, -2.4837594815318466e-5), (9, -2.4837594815318466e-5)] }
EVENT elapsed=2.1190819389198e-4 trial=3.954758472774687e-3 nominal=4.166666666666667e-3 contacts=2 outcome=Release(1.6141048754779745e-6)
EVENT elapsed=2.1190819389198e-4 trial=6.38339493224345e-9 nominal=4.166666666666667e-3 contacts=2 outcome=Complete { arrived: false, drive_impulses: [(1, 7.660073722048119e-5), (2, -1.9150184092501464e-5), (4, 7.652079470685283e-5), (5, 1.9150184092501464e-5), (7, -1.9150184092501464e-5), (9, -1.9150184092501464e-5)] }
EVENT elapsed=2.1191457728691223e-4 trial=3.954752089379754e-3 nominal=4.166666666666667e-3 contacts=2 outcome=Release(1.244505291504634e-6)
EVENT elapsed=2.1191457728691223e-4 trial=4.921709901822111e-9 nominal=4.166666666666667e-3 contacts=2 outcome=Complete { arrived: false, drive_impulses: [(1, 5.9060517305705305e-5), (2, -1.4765129162493462e-5), (4, 5.899880051122679e-5), (5, 1.4765129162493462e-5), (7, -1.4765129162493462e-5), (9, -1.4765129162493462e-5)] }
EVENT elapsed=2.1191949899681406e-4 trial=3.954747167669853e-3 nominal=4.166666666666667e-3 contacts=2 outcome=Release(9.595374532567684e-7)
EVENT elapsed=2.1191949899681406e-4 trial=3.794728025540348e-9 nominal=4.166666666666667e-3 contacts=2 outcome=Complete { arrived: false, drive_impulses: [(1, 4.553673513749716e-5), (2, -1.1384183657979066e-5), (4, 4.5489102979987376e-5), (5, 1.1384183657979066e-5), (7, -1.1384183657979066e-5), (9, -1.1384183657979066e-5)] }
EVENT elapsed=2.119232937248396e-4 trial=3.954743372941827e-3 nominal=4.166666666666667e-3 contacts=2 outcome=Release(7.398220293194975e-7)
EVENT elapsed=2.119232937248396e-4 trial=2.9258062676076568e-9 nominal=4.166666666666667e-3 contacts=2 outcome=Complete { arrived: false, drive_impulses: [(1, 3.510967430998103e-5), (2, -8.777418480042176e-6), (4, 3.507292085736924e-5), (5, 8.777418480042176e-6), (7, -8.777418480042176e-6), (9, -8.777418480042176e-6)] }
EVENT elapsed=2.1192621953110722e-4 trial=3.9547404471355595e-3 nominal=4.166666666666667e-3 contacts=2 outcome=Release(5.704172969379186e-7)
EVENT elapsed=2.1192621953110722e-4 trial=2.2558523559461214e-9 nominal=4.166666666666667e-3 contacts=2 outcome=Complete { arrived: false, drive_impulses: [(1, 2.7070227576425624e-5), (2, -6.767556818968225e-6), (4, 2.7041873219172674e-5), (5, 6.767556818968225e-6), (7, -6.767556818968225e-6), (9, -6.767556818968225e-6)] }
EVENT elapsed=2.1192847538346315e-4 trial=3.954738191283204e-3 nominal=4.166666666666667e-3 contacts=2 outcome=Release(4.3980299444349117e-7)
EVENT elapsed=2.1192847538346315e-4 trial=1.7393056987663893e-9 nominal=4.166666666666667e-3 contacts=2 outcome=Complete { arrived: false, drive_impulses: [(1, 2.08716678493939e-5), (2, -5.217916904415488e-6), (4, 2.084979613820224e-5), (5, 5.217916904415488e-6), (7, -5.217916904415488e-6), (9, -5.217916904415488e-6)] }
EVENT elapsed=2.1193021468916191e-4 trial=3.954736451977504e-3 nominal=4.166666666666667e-3 contacts=2 outcome=Release(3.39096860730097e-7)
EVENT elapsed=2.1193021468916191e-4 trial=1.3410387158804536e-9 nominal=4.166666666666667e-3 contacts=2 outcome=Complete { arrived: false, drive_impulses: [(1, 1.6092464177451028e-5), (2, -4.02311599969529e-6), (4, 1.607559474258852e-5), (5, 4.02311599969529e-6), (7, -4.02311599969529e-6), (9, -4.02311599969529e-6)] }
EVENT elapsed=2.119315557278778e-4 trial=3.9547351109387886e-3 nominal=4.166666666666667e-3 contacts=2 outcome=Release(2.6145043226080873e-7)
EVENT elapsed=2.119315557278778e-4 trial=1.0339672042319437e-9 nominal=4.166666666666667e-3 contacts=2 outcome=Complete { arrived: false, drive_impulses: [(1, 1.2407606132263992e-5), (2, -3.101901498626503e-6), (4, 1.239459594855939e-5), (5, 3.101901498626503e-6), (7, -3.101901498626503e-6), (9, -3.101901498626503e-6)] }
EVENT elapsed=2.1193258969508203e-4 trial=3.954734076971584e-3 nominal=4.166666666666667e-3 contacts=2 outcome=Release(2.0158354041134833e-7)
EVENT elapsed=2.1193258969508203e-4 trial=7.972092966213376e-10 nominal=4.166666666666667e-3 contacts=2 outcome=Complete { arrived: false, drive_impulses: [(1, 9.566511313871305e-6), (2, -2.3916278019142904e-6), (4, 9.556478111960578e-6), (5, 2.3916278019142904e-6), (7, -2.3916278019142904e-6), (9, -2.3916278019142904e-6)] }
EVENT elapsed=2.1193338690437866e-4 trial=3.954733279762288e-3 nominal=4.166666666666667e-3 contacts=2 outcome=Release(1.5542496108307503e-7)
EVENT elapsed=2.1193338690437866e-4 trial=6.146642661009953e-10 nominal=4.166666666666667e-3 contacts=2 outcome=Complete { arrived: false, drive_impulses: [(1, 7.3759710038612065e-6), (2, -1.8439927304919956e-6), (4, 7.368233961885481e-6), (5, 1.8439927304919956e-6), (7, -1.8439927304919956e-6), (9, -1.8439927304919956e-6)] }
EVENT elapsed=2.1193400156864476e-4 trial=3.954732665098022e-3 nominal=4.166666666666667e-3 contacts=2 outcome=Complete { arrived: false, drive_impulses: [(1, -0.33011020462304524), (2, 0.013866694873318763), (4, 0.030164158106009357), (5, -0.014447698090638488), (7, -3.298654477508981), (9, -0.6457047343660876)] }
EVENT elapsed=0e0 trial=4.166666666666667e-3 nominal=4.166666666666667e-3 contacts=1 outcome=Refine(TerrainSweepHit { collider: 67, node: TerrainNodeId { coordinates: BrickCoord { x: -67108864, y: -67108864, z: -67108864 }, level: 27 }, triangle: 1, fraction: 0.00043136620221867147, separation: 1.213473765915296e-13 })
EVENT elapsed=0e0 trial=1.797359175911131e-6 nominal=4.166666666666667e-3 contacts=1 outcome=Complete { arrived: false, drive_impulses: [(1, 0.009191584792042276), (2, 0.0002223456705188115), (4, -0.0013491137140473895), (5, -0.00022312062713757044), (7, -0.001377939036770886), (9, -0.00022301809272549155)] }
EVENT elapsed=0e0 trial=2.084232012921289e-3 nominal=4.166666666666667e-3 contacts=1 outcome=Refine(TerrainSweepHit { collider: 67, node: TerrainNodeId { coordinates: BrickCoord { x: -67108864, y: -67108864, z: -67108864 }, level: 27 }, triangle: 1, fraction: 0.0017012955510578086, separation: 1.1102230246251565e-16 })
EVENT elapsed=0e0 trial=2.1004082455044893e-4 nominal=4.166666666666667e-3 contacts=1 outcome=Refine(TerrainSweepHit { collider: 67, node: TerrainNodeId { coordinates: BrickCoord { x: -67108864, y: -67108864, z: -67108864 }, level: 27 }, triangle: 1, fraction: 0.1680777834932113, separation: -1.1102230246251565e-16 })
EVENT elapsed=0e0 trial=3.530319623352594e-5 nominal=4.166666666666667e-3 contacts=1 outcome=Complete { arrived: false, drive_impulses: [(1, 0.003760503644650208), (2, 0.0008130487769372151), (4, -0.0007243421039395993), (5, -0.0008266122025092277), (7, -0.02839219666046623), (9, -0.0008248199988816315)] }
EVENT elapsed=0e0 trial=1.2267201039198745e-4 nominal=4.166666666666667e-3 contacts=1 outcome=Refine(TerrainSweepHit { collider: 67, node: TerrainNodeId { coordinates: BrickCoord { x: -67108864, y: -67108864, z: -67108864 }, level: 27 }, triangle: 1, fraction: 0.49880716975326667, separation: 1.6653345369377348e-16 })
EVENT elapsed=0e0 trial=6.118967831157058e-5 nominal=4.166666666666667e-3 contacts=1 outcome=Complete { arrived: false, drive_impulses: [(1, -0.00043292036674310387), (2, 0.0012704277034380923), (4, -0.0002371345729449965), (5, -0.0012938373997082814), (7, -0.04925890203998467), (9, -0.0012907442661287283)] }
EVENT elapsed=0e0 trial=9.193084435177901e-5 nominal=4.166666666666667e-3 contacts=1 outcome=Refine(TerrainSweepHit { collider: 67, node: TerrainNodeId { coordinates: BrickCoord { x: -67108864, y: -67108864, z: -67108864 }, level: 27 }, triangle: 1, fraction: 0.8973440006811692, separation: 2.3314683517128287e-15 })
EVENT elapsed=0e0 trial=8.249359165662324e-5 nominal=4.166666666666667e-3 contacts=1 outcome=Complete { arrived: false, drive_impulses: [(1, -0.003882294475198404), (2, 0.0016474936239490713), (4, 0.00016676638502267216), (5, -0.0016789843370664515), (7, -0.06642874273815982), (9, -0.001674823509064197)] }
EVENT elapsed=0e0 trial=8.721221800420112e-5 nominal=4.166666666666667e-3 contacts=1 outcome=Refine(TerrainSweepHit { collider: 67, node: TerrainNodeId { coordinates: BrickCoord { x: -67108864, y: -67108864, z: -67108864 }, level: 27 }, triangle: 1, fraction: 0.999319322125947, separation: 2.886579864025407e-15 })
EVENT elapsed=0e0 trial=8.674035536944333e-5 nominal=4.166666666666667e-3 contacts=1 outcome=Complete { arrived: false, drive_impulses: [(1, -0.004569715143422734), (2, 0.0017227292270459791), (4, 0.0002475977018942859), (5, -0.0017558284326119333), (7, -0.06985109371607792), (9, -0.001751455084893776)] }
EVENT elapsed=0e0 trial=8.697628668682223e-5 nominal=4.166666666666667e-3 contacts=1 outcome=Complete { arrived: false, drive_impulses: [(1, -0.0046079033836671605), (2, 0.0017269096697781889), (4, 0.00025209141666068075), (5, -0.0017600982127294147), (7, -0.07004122120610975), (9, -0.0017557130614436773)] }
EVENT elapsed=0e0 trial=8.709425234551168e-5 nominal=4.166666666666667e-3 contacts=1 outcome=Complete { arrived: false, drive_impulses: [(1, -0.004626997432855409), (2, 0.0017289999182602577), (4, 0.0002543383958409525), (5, -0.0017622331289839088), (7, -0.07013628482786352), (9, -0.0017578420760358325)] }
EVENT elapsed=0e0 trial=8.715323517485639e-5 nominal=4.166666666666667e-3 contacts=1 outcome=Complete { arrived: false, drive_impulses: [(1, -0.0046365444397194235), (2, 0.0017300450492804234), (4, 0.00025546191588204584), (5, -0.0017633005936608436), (7, -0.07018381660793464), (9, -0.0017589065899114905)] }
EVENT elapsed=0e0 trial=8.718272658952876e-5 nominal=4.166666666666667e-3 contacts=1 outcome=Complete { arrived: false, drive_impulses: [(1, -0.004641317938715672), (2, 0.0017305676164830097), (4, 0.0002560236835132183), (5, -0.0017638343276345139), (7, -0.07020758249025848), (9, -0.0017594388484932012)] }
EVENT elapsed=0e0 trial=8.719747229686493e-5 nominal=4.166666666666667e-3 contacts=1 outcome=Refine(TerrainSweepHit { collider: 67, node: TerrainNodeId { coordinates: BrickCoord { x: -67108864, y: -67108864, z: -67108864 }, level: 27 }, triangle: 1, fraction: 0.9996647633845167, separation: 3.0531133177191805e-15 })
EVENT elapsed=0e0 trial=8.718420116026238e-5 nominal=4.166666666666667e-3 contacts=1 outcome=Refine(TerrainSweepHit { collider: 67, node: TerrainNodeId { coordinates: BrickCoord { x: -67108864, y: -67108864, z: -67108864 }, level: 27 }, triangle: 1, fraction: 0.9999758135205923, separation: 3.608224830031759e-15 })
EVENT elapsed=0e0 trial=8.718287404660212e-5 nominal=4.166666666666667e-3 contacts=1 outcome=Complete { arrived: false, drive_impulses: [(1, -0.004641341806200955), (2, 0.0017305702293206355), (4, 0.00025602649236127606), (5, -0.0017638369963055575), (7, -0.07020770131965963), (9, -0.0017594415097878025)] }
EVENT elapsed=8.718287404660212e-5 trial=4.079483792620064e-3 nominal=4.166666666666667e-3 contacts=2 outcome=Refine(TerrainSweepHit { collider: 7, node: TerrainNodeId { coordinates: BrickCoord { x: -67108864, y: -67108864, z: -67108864 }, level: 27 }, triangle: 1, fraction: 0.3301728245062479, separation: 2.4424906541753444e-15 })
EVENT elapsed=8.718287404660212e-5 trial=1.3469346863368272e-3 nominal=4.166666666666667e-3 contacts=2 outcome=Complete { arrived: false, drive_impulses: [(1, -0.11933806660836783), (2, 0.010880613760679558), (4, 0.010112454990652333), (5, -0.011067455599515587), (7, -1.111154924052941), (9, -0.27744200017165704)] }
EVENT elapsed=8.718287404660212e-5 trial=2.713209239478446e-3 nominal=4.166666666666667e-3 contacts=2 outcome=Refine(TerrainSweepHit { collider: 7, node: TerrainNodeId { coordinates: BrickCoord { x: -67108864, y: -67108864, z: -67108864 }, level: 27 }, triangle: 1, fraction: 0.5041306697152078, separation: 3.1086244689504383e-15 })
EVENT elapsed=8.718287404660212e-5 trial=1.483562141650989e-3 nominal=4.166666666666667e-3 contacts=2 outcome=Refine(TerrainSweepHit { collider: 7, node: TerrainNodeId { coordinates: BrickCoord { x: -67108864, y: -67108864, z: -67108864 }, level: 27 }, triangle: 1, fraction: 0.9353600373081838, separation: 3.0531133177191805e-15 })
EVENT elapsed=8.718287404660212e-5 trial=1.3876647401636782e-3 nominal=4.166666666666667e-3 contacts=2 outcome=Complete { arrived: false, drive_impulses: [(1, -0.12318066218029465), (2, 0.011278559303610795), (4, 0.010427280272578426), (5, -0.011471497432473407), (7, -1.1445894845582056), (9, -0.2859783252992556)] }
EVENT elapsed=8.718287404660212e-5 trial=1.4356134409073337e-3 nominal=4.166666666666667e-3 contacts=2 outcome=Refine(TerrainSweepHit { collider: 7, node: TerrainNodeId { coordinates: BrickCoord { x: -67108864, y: -67108864, z: -67108864 }, level: 27 }, triangle: 1, fraction: 0.96715471649091, separation: 3.4416913763379853e-15 })
EVENT elapsed=8.718287404660212e-5 trial=1.3924596102380437e-3 nominal=4.166666666666667e-3 contacts=2 outcome=Refine(TerrainSweepHit { collider: 7, node: TerrainNodeId { coordinates: BrickCoord { x: -67108864, y: -67108864, z: -67108864 }, level: 27 }, triangle: 1, fraction: 0.9976431082362596, separation: 3.1086244689504383e-15 })
EVENT elapsed=8.718287404660212e-5 trial=1.3891777336513323e-3 nominal=4.166666666666667e-3 contacts=2 outcome=Complete { arrived: false, drive_impulses: [(1, -0.1233234556741145), (2, 0.01129339052476619), (4, 0.010438955445981586), (5, -0.011486554957574861), (7, -1.145831345397404), (9, -0.28629605946754144)] }
EVENT elapsed=8.718287404660212e-5 trial=1.390818671944688e-3 nominal=4.166666666666667e-3 contacts=2 outcome=Refine(TerrainSweepHit { collider: 7, node: TerrainNodeId { coordinates: BrickCoord { x: -67108864, y: -67108864, z: -67108864 }, level: 27 }, triangle: 1, fraction: 0.9988397972580747, separation: 3.219646771412954e-15 })
EVENT elapsed=8.718287404660212e-5 trial=1.3893418274806679e-3 nominal=4.166666666666667e-3 contacts=2 outcome=Refine(TerrainSweepHit { collider: 7, node: TerrainNodeId { coordinates: BrickCoord { x: -67108864, y: -67108864, z: -67108864 }, level: 27 }, triangle: 1, fraction: 0.9999192354800176, separation: 3.552713678800501e-15 })
EVENT elapsed=8.718287404660212e-5 trial=1.3892296179548798e-3 nominal=4.166666666666667e-3 contacts=2 outcome=Complete { arrived: false, drive_impulses: [(1, -0.1233283524851007), (2, 0.011293899186105539), (4, 0.010439355791496163), (5, -0.011487071379241709), (7, -1.1458739317266273), (9, -0.2863069561711144)] }
EVENT elapsed=8.718287404660212e-5 trial=1.3892857227177737e-3 nominal=4.166666666666667e-3 contacts=2 outcome=Refine(TerrainSweepHit { collider: 7, node: TerrainNodeId { coordinates: BrickCoord { x: -67108864, y: -67108864, z: -67108864 }, level: 27 }, triangle: 1, fraction: 0.9999602882003574, separation: 2.9976021664879227e-15 })
EVENT elapsed=8.718287404660212e-5 trial=1.3892352284311693e-3 nominal=4.166666666666667e-3 contacts=2 outcome=Refine(TerrainSweepHit { collider: 7, node: TerrainNodeId { coordinates: BrickCoord { x: -67108864, y: -67108864, z: -67108864 }, level: 27 }, triangle: 1, fraction: 0.999997238484818, separation: 3.3861802251067274e-15 })
EVENT elapsed=8.718287404660212e-5 trial=1.3892313920369948e-3 nominal=4.166666666666667e-3 contacts=2 outcome=Complete { arrived: false, drive_impulses: [(1, -0.12332851992203814), (2, 0.011293916578854686), (4, 0.010439369480494265), (5, -0.011487089037341048), (7, -1.145875387882533), (9, -0.2863073287634887)] }
EVENT elapsed=8.718287404660212e-5 trial=1.389233310234082e-3 nominal=4.166666666666667e-3 contacts=2 outcome=Refine(TerrainSweepHit { collider: 7, node: TerrainNodeId { coordinates: BrickCoord { x: -67108864, y: -67108864, z: -67108864 }, level: 27 }, triangle: 1, fraction: 0.9999986422199609, separation: 3.164135620181696e-15 })
EVENT elapsed=8.718287404660212e-5 trial=1.3892315838567035e-3 nominal=4.166666666666667e-3 contacts=2 outcome=Refine(TerrainSweepHit { collider: 7, node: TerrainNodeId { coordinates: BrickCoord { x: -67108864, y: -67108864, z: -67108864 }, level: 27 }, triangle: 1, fraction: 0.9999999055849652, separation: 3.3861802251067274e-15 })
EVENT elapsed=8.718287404660212e-5 trial=1.3892314526923553e-3 nominal=4.166666666666667e-3 contacts=2 outcome=Complete { arrived: false, drive_impulses: [(1, -0.12332852564665821), (2, 0.011293917173508899), (4, 0.010439369948516705), (5, -0.011487089641066263), (7, -1.1458754376680806), (9, -0.2863073415023195)] }
EVENT elapsed=8.718287404660212e-5 trial=1.3892315182745295e-3 nominal=4.166666666666667e-3 contacts=2 outcome=Refine(TerrainSweepHit { collider: 7, node: TerrainNodeId { coordinates: BrickCoord { x: -67108864, y: -67108864, z: -67108864 }, level: 27 }, triangle: 1, fraction: 0.9999999535783487, separation: 2.7755575615628914e-15 })
EVENT elapsed=8.718287404660212e-5 trial=1.3892314592505728e-3 nominal=4.166666666666667e-3 contacts=2 outcome=Refine(TerrainSweepHit { collider: 7, node: TerrainNodeId { coordinates: BrickCoord { x: -67108864, y: -67108864, z: -67108864 }, level: 27 }, triangle: 1, fraction: 0.9999999967723082, separation: 2.942091015256665e-15 })
EVENT elapsed=8.718287404660212e-5 trial=1.3892314547665618e-3 nominal=4.166666666666667e-3 contacts=2 outcome=Complete { arrived: false, drive_impulses: [(1, -0.12332852584241653), (2, 0.011293917193843905), (4, 0.010439369964522893), (5, -0.011487089661712826), (7, -1.1458754393705757), (9, -0.28630734193793267)] }
EVENT elapsed=1.4764143288131639e-3 trial=2.6902523378535027e-3 nominal=4.166666666666667e-3 contacts=2 outcome=Refine(TerrainSweepHit { collider: 67, node: TerrainNodeId { coordinates: BrickCoord { x: -67108864, y: -67108864, z: -67108864 }, level: 27 }, triangle: 1, fraction: 8.718821928055105e-5, separation: 2.3314683517128287e-15 })
EVENT elapsed=1.4764143288131639e-3 trial=2.345583107527863e-7 nominal=4.166666666666667e-3 contacts=2 outcome=Complete { arrived: false, drive_impulses: [(1, 0.002814699656776447), (2, -0.0007036749063814172), (4, -0.002814699656776447), (5, -0.0007036749063814172), (7, -0.0007036749063814172), (9, -0.0007036749063814172)] }
EVENT elapsed=1.4764143288131639e-3 trial=1.345243448082128e-3 nominal=4.166666666666667e-3 contacts=2 outcome=Refine(TerrainSweepHit { collider: 67, node: TerrainNodeId { coordinates: BrickCoord { x: -67108864, y: -67108864, z: -67108864 }, level: 27 }, triangle: 1, fraction: 0.00027609645466762905, separation: 5.2735593669694936e-15 })
EVENT elapsed=1.4764143288131639e-3 trial=1.347354472878903e-4 nominal=4.166666666666667e-3 contacts=2 outcome=Refine(TerrainSweepHit { collider: 67, node: TerrainNodeId { coordinates: BrickCoord { x: -67108864, y: -67108864, z: -67108864 }, level: 27 }, triangle: 1, fraction: 0.005736967507932286, separation: 2.2037927038809357e-14 })
EVENT elapsed=1.4764143288131639e-3 trial=1.3684647208466536e-5 nominal=4.166666666666667e-3 contacts=2 outcome=Refine(TerrainSweepHit { collider: 67, node: TerrainNodeId { coordinates: BrickCoord { x: -67108864, y: -67108864, z: -67108864 }, level: 27 }, triangle: 1, fraction: 0.061343100188858066, separation: 2.5646151868841116e-14 })
EVENT elapsed=1.4764143288131639e-3 trial=1.5795672005241615e-6 nominal=4.166666666666667e-3 contacts=2 outcome=Refine(TerrainSweepHit { collider: 67, node: TerrainNodeId { coordinates: BrickCoord { x: -67108864, y: -67108864, z: -67108864 }, level: 27 }, triangle: 1, fraction: 0.5331638102670908, separation: 2.55351295663786e-14 })
EVENT elapsed=1.4764143288131639e-3 trial=8.421680672043838e-7 nominal=4.166666666666667e-3 contacts=2 outcome=Complete { arrived: false, drive_impulses: [(1, 0.010106016547018062), (2, -0.0025265041087034873), (4, -0.010106016547018062), (5, -0.0025265041087034873), (7, -0.0025265041087034873), (9, -0.0025265041087034873)] }
EVENT elapsed=1.4764143288131639e-3 trial=1.2108676338642725e-6 nominal=4.166666666666667e-3 contacts=2 outcome=Refine(TerrainSweepHit { collider: 67, node: TerrainNodeId { coordinates: BrickCoord { x: -67108864, y: -67108864, z: -67108864 }, level: 27 }, triangle: 1, fraction: 0.6955763676978179, separation: 2.5979218776228663e-14 })
EVENT elapsed=1.4764143288131639e-3 trial=8.790380238703727e-7 nominal=4.166666666666667e-3 contacts=2 outcome=Refine(TerrainSweepHit { collider: 67, node: TerrainNodeId { coordinates: BrickCoord { x: -67108864, y: -67108864, z: -67108864 }, level: 27 }, triangle: 1, fraction: 0.9582355516751591, separation: 2.5757174171303632e-14 })
EVENT elapsed=1.4764143288131639e-3 trial=8.458550628709827e-7 nominal=4.166666666666667e-3 contacts=2 outcome=Refine(TerrainSweepHit { collider: 67, node: TerrainNodeId { coordinates: BrickCoord { x: -67108864, y: -67108864, z: -67108864 }, level: 27 }, triangle: 1, fraction: 0.9958360256847847, separation: 2.5923707624997405e-14 })
EVENT elapsed=1.4764143288131639e-3 trial=8.425367667710437e-7 nominal=4.166666666666667e-3 contacts=2 outcome=Refine(TerrainSweepHit { collider: 67, node: TerrainNodeId { coordinates: BrickCoord { x: -67108864, y: -67108864, z: -67108864 }, level: 27 }, triangle: 1, fraction: 0.9997589697933584, separation: 2.5701663020072374e-14 })
EVENT elapsed=1.4764143288131639e-3 trial=8.423336899600458e-7 nominal=4.166666666666667e-3 contacts=2 outcome=Complete { arrived: false, drive_impulses: [(1, 0.010108004020034983), (2, -0.002527000976952201), (4, -0.010108004020034983), (5, -0.002527000976952201), (7, -0.002527000976952201), (9, -0.002527000976952201)] }
EVENT elapsed=1.477256662503124e-3 trial=2.6894100041635425e-3 nominal=4.166666666666667e-3 contacts=3 outcome=Release(0.004457395820626964)
EVENT elapsed=1.477256662503124e-3 trial=1.198776491251092e-5 nominal=4.166666666666667e-3 contacts=3 outcome=Complete { arrived: false, drive_impulses: [(1, 0.14385317525723357), (2, -0.03596329341501858), (4, -0.14385317525723357), (5, -0.03596329341501858), (7, -0.03596329341501858), (9, 0.03596329341501858)] }
EVENT elapsed=1.4892444274156348e-3 trial=2.677422239251032e-3 nominal=4.166666666666667e-3 contacts=0 outcome=Refine(TerrainSweepHit { collider: 67, node: TerrainNodeId { coordinates: BrickCoord { x: -67108864, y: -67108864, z: -67108864 }, level: 27 }, triangle: 1, fraction: 1.5294001565351004e-8, separation: 2.7755575615628914e-16 })
EVENT elapsed=1.4892444274156348e-3 trial=4.094849991821087e-11 nominal=4.166666666666667e-3 contacts=0 outcome=Complete { arrived: false, drive_impulses: [(1, 4.913819864041179e-7), (2, -1.2284549523711224e-7), (4, -4.913819864041179e-7), (5, -1.2284549523711224e-7), (7, -1.2284549523711224e-7), (9, 1.2284549523711224e-7)] }
EVENT elapsed=1.4892444274156348e-3 trial=1.338711140099766e-3 nominal=4.166666666666667e-3 contacts=0 outcome=Refine(TerrainSweepHit { collider: 67, node: TerrainNodeId { coordinates: BrickCoord { x: -67108864, y: -67108864, z: -67108864 }, level: 27 }, triangle: 1, fraction: 6.079068074036434e-8, separation: 0.0 })
EVENT elapsed=1.4892444274156348e-3 trial=1.338711508636265e-4 nominal=4.166666666666667e-3 contacts=0 outcome=Refine(TerrainSweepHit { collider: 67, node: TerrainNodeId { coordinates: BrickCoord { x: -67108864, y: -67108864, z: -67108864 }, level: 27 }, triangle: 1, fraction: 5.17840917330329e-6, separation: 1.1102230246251565e-16 })
EVENT elapsed=1.4892444274156348e-3 trial=1.3387151940012578e-5 nominal=4.166666666666667e-3 contacts=0 outcome=Refine(TerrainSweepHit { collider: 67, node: TerrainNodeId { coordinates: BrickCoord { x: -67108864, y: -67108864, z: -67108864 }, level: 27 }, triangle: 1, fraction: 0.0003485844535937588, separation: 1.6653345369377348e-16 })
EVENT elapsed=1.4892444274156348e-3 trial=1.3387520476511843e-6 nominal=4.166666666666667e-3 contacts=0 outcome=Refine(TerrainSweepHit { collider: 67, node: TerrainNodeId { coordinates: BrickCoord { x: -67108864, y: -67108864, z: -67108864 }, level: 27 }, triangle: 1, fraction: 0.035091115302961384, separation: 2.220446049250313e-16 })
EVENT elapsed=1.4892444274156348e-3 trial=1.339120584150448e-7 nominal=4.166666666666667e-3 contacts=0 outcome=Complete { arrived: false, drive_impulses: [(1, 0.0016069446597281852), (2, -0.00040173616047168854), (4, -0.0016069446597281852), (5, -0.00040173616047168854), (7, -0.00040173616047168854), (9, 0.00040173616047168854)] }
EVENT elapsed=1.4892444274156348e-3 trial=7.363320530331145e-7 nominal=4.166666666666667e-3 contacts=0 outcome=Refine(TerrainSweepHit { collider: 67, node: TerrainNodeId { coordinates: BrickCoord { x: -67108864, y: -67108864, z: -67108864 }, level: 27 }, triangle: 1, fraction: 0.11671231259635206, separation: 7.771561172376096e-16 })
EVENT elapsed=1.4892444274156348e-3 trial=1.9415405787685176e-7 nominal=4.166666666666667e-3 contacts=0 outcome=Complete { arrived: false, drive_impulses: [(1, 0.0023298486347119868), (2, -0.0005824621522110917), (4, -0.0023298486347119868), (5, -0.0005824621522110917), (7, -0.0005824621522110917), (9, 0.0005824621522110917)] }
EVENT elapsed=1.4894385814735117e-3 trial=2.677228085193155e-3 nominal=4.166666666666667e-3 contacts=1 outcome=Refine(TerrainSweepHit { collider: 42, node: TerrainNodeId { coordinates: BrickCoord { x: -67108864, y: -67108864, z: -67108864 }, level: 27 }, triangle: 1, fraction: 6.7386551339623016e-6, separation: -2.7755575615628914e-16 })
EVENT elapsed=1.4894385814735117e-3 trial=1.8040916781074914e-8 nominal=4.166666666666667e-3 contacts=1 outcome=Complete { arrived: false, drive_impulses: [(1, 0.00021649099581529446), (2, -5.4122748352914754e-5), (4, -0.00021649099581529446), (5, -5.4122748352914754e-5), (7, -5.4122748352914754e-5), (9, 5.4122748352914754e-5)] }
EVENT elapsed=1.4894385814735117e-3 trial=1.338623063054968e-3 nominal=4.166666666666667e-3 contacts=1 outcome=Refine(TerrainSweepHit { collider: 42, node: TerrainNodeId { coordinates: BrickCoord { x: -67108864, y: -67108864, z: -67108864 }, level: 27 }, triangle: 1, fraction: 2.69812472469332e-5, separation: -5.551115123125783e-17 })
EVENT elapsed=1.4894385814735117e-3 trial=1.3387854313059977e-4 nominal=4.166666666666667e-3 contacts=1 outcome=Refine(TerrainSweepHit { collider: 42, node: TerrainNodeId { coordinates: BrickCoord { x: -67108864, y: -67108864, z: -67108864 }, level: 27 }, triangle: 1, fraction: 0.003569548047166127, separation: 1.0158540675320182e-14 })
EVENT elapsed=1.4894385814735117e-3 trial=1.3404091138162947e-5 nominal=4.166666666666667e-3 contacts=1 outcome=Complete { arrived: false, drive_impulses: [(1, 0.16084908952875074), (2, -0.040212271935722715), (4, -0.16084908952875074), (5, -0.040212271935722715), (7, -0.040212271935722715), (9, 0.040212271935722715)] }
EVENT elapsed=1.4894385814735117e-3 trial=7.364131713438136e-5 nominal=4.166666666666667e-3 contacts=1 outcome=Refine(TerrainSweepHit { collider: 42, node: TerrainNodeId { coordinates: BrickCoord { x: -67108864, y: -67108864, z: -67108864 }, level: 27 }, triangle: 1, fraction: 0.018292428932449565, separation: 8.526512829121202e-14 })
EVENT elapsed=1.4894385814735117e-3 trial=1.942781373778479e-5 nominal=4.166666666666667e-3 contacts=1 outcome=Complete { arrived: false, drive_impulses: [(1, 0.23313375886857168), (2, -0.058283439070039134), (4, -0.23313375886857168), (5, -0.058283439070039134), (7, -0.058283439070039134), (9, 0.058283439070039134)] }
EVENT elapsed=1.4894385814735117e-3 trial=4.653456543608307e-5 nominal=4.166666666666667e-3 contacts=1 outcome=Refine(TerrainSweepHit { collider: 42, node: TerrainNodeId { coordinates: BrickCoord { x: -67108864, y: -67108864, z: -67108864 }, level: 27 }, triangle: 1, fraction: 0.21210765847826268, separation: 8.881784197001252e-16 })
EVENT elapsed=1.4894385814735117e-3 trial=2.2138488907614616e-5 nominal=4.166666666666667e-3 contacts=1 outcome=Complete { arrived: false, drive_impulses: [(1, 0.2656618600714911), (2, -0.0664154642804815), (4, -0.2656618600714911), (5, -0.0664154642804815), (7, -0.0664154642804815), (9, 0.0664154642804815)] }
EVENT elapsed=1.4894385814735117e-3 trial=3.433652717184884e-5 nominal=4.166666666666667e-3 contacts=1 outcome=Complete { arrived: false, drive_impulses: [(1, 0.41203831548462844), (2, -0.10300957772747224), (4, -0.41203831548462844), (5, -0.10300957772747224), (7, -0.07890683548090818), (9, 0.10300957772747224)] }
EVENT elapsed=1.4894385814735117e-3 trial=4.043554630396596e-5 nominal=4.166666666666667e-3 contacts=1 outcome=Complete { arrived: false, drive_impulses: [(1, 0.4852265431911972), (2, -0.12130663445096761), (4, -0.4852265431911972), (5, -0.12130663445096761), (7, -0.07614808688400145), (9, 0.12130663445096761)] }
EVENT elapsed=1.4894385814735117e-3 trial=4.3485055870024517e-5 nominal=4.166666666666667e-3 contacts=1 outcome=Refine(TerrainSweepHit { collider: 42, node: TerrainNodeId { coordinates: BrickCoord { x: -67108864, y: -67108864, z: -67108864 }, level: 27 }, triangle: 1, fraction: 0.7950416506491662, separation: 1.6653345369377348e-16 })
EVENT elapsed=1.4894385814735117e-3 trial=4.0740497260571816e-5 nominal=4.166666666666667e-3 contacts=1 outcome=Complete { arrived: false, drive_impulses: [(1, 0.4888859545765256), (2, -0.12222148728714237), (4, -0.4888859545765256), (5, -0.12189028402947973), (7, -0.0760042956573488), (9, 0.12222148728714237)] }
EVENT elapsed=1.4894385814735117e-3 trial=4.211277656529817e-5 nominal=4.166666666666667e-3 contacts=1 outcome=Complete { arrived: false, drive_impulses: [(1, 0.5053533058105036), (2, -0.12633832504992884), (4, -0.5053533058105036), (5, -0.12257189137376706), (7, -0.07532287641718333), (9, 0.12633832504992884)] }
EVENT elapsed=1.4894385814735117e-3 trial=4.279891621766134e-5 nominal=4.166666666666667e-3 contacts=1 outcome=Complete { arrived: false, drive_impulses: [(1, 0.5135869814274926), (2, -0.12839674393132208), (4, -0.5135869814274926), (5, -0.1229126952164784), (7, -0.07498216612252388), (9, 0.12839674393132208)] }
EVENT elapsed=1.4894385814735117e-3 trial=4.314198604384293e-5 nominal=4.166666666666667e-3 contacts=1 outcome=Complete { arrived: false, drive_impulses: [(1, 0.5177038192359871), (2, -0.12942595337201868), (4, -0.5177038192359871), (5, -0.12308309717925071), (7, -0.0748118108078349), (9, 0.12942595337201868)] }
EVENT elapsed=1.4894385814735117e-3 trial=4.331352095693372e-5 nominal=4.166666666666667e-3 contacts=1 outcome=Refine(TerrainSweepHit { collider: 42, node: TerrainNodeId { coordinates: BrickCoord { x: -67108864, y: -67108864, z: -67108864 }, level: 27 }, triangle: 1, fraction: 0.9307317457626284, separation: 1.1657341758564144e-15 })
EVENT elapsed=1.4894385814735117e-3 trial=4.315913953515201e-5 nominal=4.166666666666667e-3 contacts=1 outcome=Complete { arrived: false, drive_impulses: [(1, 0.5179096611264118), (2, -0.1294774138440535), (4, -0.5179096611264118), (5, -0.12309161727810367), (7, -0.07480329303918361), (9, 0.1294774138440535)] }
EVENT elapsed=1.4894385814735117e-3 trial=4.3236330246042864e-5 nominal=4.166666666666667e-3 contacts=1 outcome=Complete { arrived: false, drive_impulses: [(1, 0.518835949633323), (2, -0.12970898596821023), (4, -0.518835949633323), (5, -0.12312995772377233), (7, -0.07476496307682022), (9, 0.12970898596821023)] }
EVENT elapsed=1.4894385814735117e-3 trial=4.32749256014883e-5 nominal=4.166666666666667e-3 contacts=1 outcome=Refine(TerrainSweepHit { collider: 42, node: TerrainNodeId { coordinates: BrickCoord { x: -67108864, y: -67108864, z: -67108864 }, level: 27 }, triangle: 1, fraction: 0.9678391601640808, separation: 1.609823385706477e-15 })
EVENT elapsed=1.4894385814735117e-3 trial=4.324018978158741e-5 nominal=4.166666666666667e-3 contacts=1 outcome=Complete { arrived: false, drive_impulses: [(1, 0.5188822640586686), (2, -0.1297205645744181), (4, -0.5188822640586686), (5, -0.12313187474609211), (7, -0.0747630465785547), (9, 0.1297205645744181)] }
EVENT elapsed=1.4894385814735117e-3 trial=4.325755769153786e-5 nominal=4.166666666666667e-3 contacts=1 outcome=Refine(TerrainSweepHit { collider: 42, node: TerrainNodeId { coordinates: BrickCoord { x: -67108864, y: -67108864, z: -67108864 }, level: 27 }, triangle: 1, fraction: 0.9855158397705729, separation: 2.1094237467877974e-15 })
EVENT elapsed=1.4894385814735117e-3 trial=4.3241926572582456e-5 nominal=4.166666666666667e-3 contacts=1 outcome=Complete { arrived: false, drive_impulses: [(1, 0.5189031055500741), (2, -0.1297257749472116), (4, -0.5189031055500741), (5, -0.1231327374061365), (7, -0.07476218415433063), (9, 0.1297257749472116)] }
EVENT elapsed=1.4894385814735117e-3 trial=4.3249742132060157e-5 nominal=4.166666666666667e-3 contacts=1 outcome=Refine(TerrainSweepHit { collider: 42, node: TerrainNodeId { coordinates: BrickCoord { x: -67108864, y: -67108864, z: -67108864 }, level: 27 }, triangle: 1, fraction: 0.9936834778395779, separation: 1.887379141862766e-15 })
EVENT elapsed=1.4894385814735117e-3 trial=4.324270812853022e-5 nominal=4.166666666666667e-3 contacts=1 outcome=Complete { arrived: false, drive_impulses: [(1, 0.5189124842212065), (2, -0.1297281196149687), (4, -0.5189124842212065), (5, -0.1231331256031568), (7, -0.07476179606342924), (9, 0.1297281196149687)] }
EVENT elapsed=1.532681289602042e-3 trial=2.6339853770646245e-3 nominal=4.166666666666667e-3 contacts=1 outcome=Refine(TerrainSweepHit { collider: 67, node: TerrainNodeId { coordinates: BrickCoord { x: -67108864, y: -67108864, z: -67108864 }, level: 27 }, triangle: 1, fraction: 2.12396219755058e-7, separation: -5.551115123125783e-17 })
EVENT elapsed=1.532681289602042e-3 trial=5.594485369786272e-10 nominal=4.166666666666667e-3 contacts=1 outcome=Complete { arrived: false, drive_impulses: [(1, 6.713382271402302e-6), (2, -1.6783455492164013e-6), (4, -6.713382271402302e-6), (5, -1.6783455492164013e-6), (7, -1.6783455492164013e-6), (9, 1.6783455492164013e-6)] }
EVENT elapsed=1.532681289602042e-3 trial=1.3169929682565807e-3 nominal=4.166666666666667e-3 contacts=1 outcome=Refine(TerrainSweepHit { collider: 67, node: TerrainNodeId { coordinates: BrickCoord { x: -67108864, y: -67108864, z: -67108864 }, level: 27 }, triangle: 1, fraction: 8.525496782345648e-7, separation: -3.3306690738754696e-16 })
EVENT elapsed=1.532681289602042e-3 trial=1.3169980032934136e-4 nominal=4.166666666666667e-3 contacts=1 outcome=Refine(TerrainSweepHit { collider: 67, node: TerrainNodeId { coordinates: BrickCoord { x: -67108864, y: -67108864, z: -67108864 }, level: 27 }, triangle: 1, fraction: 8.46147775361146e-5, separation: -1.6653345369377348e-16 })
EVENT elapsed=1.532681289602042e-3 trial=1.3170483536617417e-5 nominal=4.166666666666667e-3 contacts=1 outcome=Refine(TerrainSweepHit { collider: 67, node: TerrainNodeId { coordinates: BrickCoord { x: -67108864, y: -67108864, z: -67108864 }, level: 27 }, triangle: 1, fraction: 0.005270728011090853, separation: 0.0 })
EVENT elapsed=1.532681289602042e-3 trial=1.3175518573450224e-6 nominal=4.166666666666667e-3 contacts=1 outcome=Refine(TerrainSweepHit { collider: 67, node: TerrainNodeId { coordinates: BrickCoord { x: -67108864, y: -67108864, z: -67108864 }, level: 27 }, triangle: 1, fraction: 0.6164171910050769, separation: 2.353672812205332e-14 })
EVENT elapsed=1.532681289602042e-3 trial=8.121616149081405e-7 nominal=4.166666666666667e-3 contacts=1 outcome=Complete { arrived: false, drive_impulses: [(1, 0.009745939128706794), (2, -0.002436484755125129), (4, -0.009745939128706794), (5, -0.0007147313379113577), (7, -0.002436484755125129), (9, 0.002436484755125129)] }
EVENT elapsed=1.532681289602042e-3 trial=1.0648567361265814e-6 nominal=4.166666666666667e-3 contacts=1 outcome=Complete { arrived: false, drive_impulses: [(1, 0.012778280505483953), (2, -0.0031945700909026212), (4, -0.012778280505483953), (5, -0.0008539612231735332), (7, -0.0031945700909026212), (9, 0.0031945700909026212)] }
EVENT elapsed=1.5337461463381685e-3 trial=2.632920520328498e-3 nominal=4.166666666666667e-3 contacts=2 outcome=Release(1.4709818297543808e-5)
EVENT elapsed=1.5337461463381685e-3 trial=3.8729782445906704e-8 nominal=4.166666666666667e-3 contacts=2 outcome=Complete { arrived: false, drive_impulses: [(1, 0.0004647573774199562), (2, -0.00011618934306497311), (4, -0.0004647573774199562), (5, -3.219688104530026e-5), (7, -0.00011618934306497311), (9, 0.00011618934306497311)] }
EVENT elapsed=1.5337848761206145e-3 trial=2.6328817905460523e-3 nominal=4.166666666666667e-3 contacts=2 outcome=Release(1.270248158471578e-5)
EVENT elapsed=1.5337848761206145e-3 trial=3.344413245914474e-8 nominal=4.166666666666667e-3 contacts=2 outcome=Complete { arrived: false, drive_impulses: [(1, 0.0004013295792070863), (2, -0.00010033239368781068), (4, -0.0004013295792070863), (5, -1.867552959611318e-5), (7, -0.00010033239368781068), (9, 0.00010033239368781068)] }
EVENT elapsed=1.5338183202530736e-3 trial=2.6328483464135933e-3 nominal=4.166666666666667e-3 contacts=1 outcome=Refine(TerrainSweepHit { collider: 42, node: TerrainNodeId { coordinates: BrickCoord { x: -67108864, y: -67108864, z: -67108864 }, level: 27 }, triangle: 1, fraction: 8.534901284430416e-9, separation: 3.3306690738754696e-16 })
EVENT elapsed=1.5338183202530736e-3 trial=2.2471100733515875e-11 nominal=4.166666666666667e-3 contacts=1 outcome=Complete { arrived: false, drive_impulses: [(1, 2.6965320187984325e-7), (2, -6.74132997214909e-8), (4, -2.6965320187984325e-7), (5, -9.904334948845956e-9), (7, -6.74132997214909e-8), (9, 6.74132997214909e-8)] }
EVENT elapsed=1.5338183202530736e-3 trial=1.3164241844423469e-3 nominal=4.166666666666667e-3 contacts=1 outcome=Refine(TerrainSweepHit { collider: 42, node: TerrainNodeId { coordinates: BrickCoord { x: -67108864, y: -67108864, z: -67108864 }, level: 27 }, triangle: 1, fraction: 3.366255327205452e-8, separation: -5.551115123125783e-17 })
EVENT elapsed=1.5338183202530736e-3 trial=1.3164243866822537e-4 nominal=4.166666666666667e-3 contacts=1 outcome=Refine(TerrainSweepHit { collider: 42, node: TerrainNodeId { coordinates: BrickCoord { x: -67108864, y: -67108864, z: -67108864 }, level: 27 }, triangle: 1, fraction: 3.204874513718137e-6, separation: 0.0 })
EVENT elapsed=1.5338183202530736e-3 trial=1.3164264090813196e-5 nominal=4.166666666666667e-3 contacts=1 outcome=Refine(TerrainSweepHit { collider: 42, node: TerrainNodeId { coordinates: BrickCoord { x: -67108864, y: -67108864, z: -67108864 }, level: 27 }, triangle: 1, fraction: 0.0003392066500857993, separation: -5.551115123125783e-17 })
EVENT elapsed=1.5338183202530736e-3 trial=1.3164466330719799e-6 nominal=4.166666666666667e-3 contacts=1 outcome=Refine(TerrainSweepHit { collider: 42, node: TerrainNodeId { coordinates: BrickCoord { x: -67108864, y: -67108864, z: -67108864 }, level: 27 }, triangle: 1, fraction: 0.35995074277424877, separation: 1.049160758270773e-14 })
EVENT elapsed=1.5338183202530736e-3 trial=4.738559433969181e-7 nominal=4.166666666666667e-3 contacts=1 outcome=Complete { arrived: false, drive_impulses: [(1, 0.005686271174789066), (2, -0.0014215677779140198), (4, -0.005686271174789066), (5, -0.00026460805899902956), (7, -0.0014215677779140198), (9, 0.0014215677779140198)] }
EVENT elapsed=1.5342921761964704e-3 trial=2.6323744904701964e-3 nominal=4.166666666666667e-3 contacts=2 outcome=Release(4.401185701754896e-7)
EVENT elapsed=1.5342921761964704e-3 trial=1.1585568969121757e-9 nominal=4.166666666666667e-3 contacts=2 outcome=Release(0.5529927372062013)
EVENT elapsed=1.5342921761964704e-3 trial=5.792784484560879e-10 nominal=4.166666666666667e-3 contacts=2 outcome=Complete { arrived: false, drive_impulses: [(1, 6.951341203023115e-6), (2, -1.7378352814611075e-6), (4, -6.951341203023115e-6), (5, -1.1669832627969905e-6), (7, -1.7378352814611075e-6), (9, 1.7378352814611075e-6)] }
EVENT elapsed=1.534292755474919e-3 trial=2.6323739111917474e-3 nominal=4.166666666666667e-3 contacts=2 outcome=Refine(TerrainSweepHit { collider: 7, node: TerrainNodeId { coordinates: BrickCoord { x: -67108864, y: -67108864, z: -67108864 }, level: 27 }, triangle: 1, fraction: 6.731762094421721e-5, separation: 2.886579864025407e-15 })
EVENT elapsed=1.534292755474919e-3 trial=1.7720514913705254e-7 nominal=4.166666666666667e-3 contacts=2 outcome=Complete { arrived: false, drive_impulses: [(1, 0.002126461735055601), (2, -0.0005316154278615314), (4, -0.002126461735055601), (5, -9.952487745451472e-5), (7, -0.0005316154278615314), (9, 0.0005316154278615314)] }
EVENT elapsed=1.534292755474919e-3 trial=1.3162755581704424e-3 nominal=4.166666666666667e-3 contacts=2 outcome=Refine(TerrainSweepHit { collider: 7, node: TerrainNodeId { coordinates: BrickCoord { x: -67108864, y: -67108864, z: -67108864 }, level: 27 }, triangle: 1, fraction: 0.00038322145026782454, separation: 2.098321516541546e-14 })
EVENT elapsed=1.534292755474919e-3 trial=1.3178704045126757e-4 nominal=4.166666666666667e-3 contacts=2 outcome=Refine(TerrainSweepHit { collider: 7, node: TerrainNodeId { coordinates: BrickCoord { x: -67108864, y: -67108864, z: -67108864 }, level: 27 }, triangle: 1, fraction: 0.06561139432862814, separation: 3.3306690738754696e-16 })
EVENT elapsed=1.534292755474919e-3 trial=1.3338188679350106e-5 nominal=4.166666666666667e-3 contacts=2 outcome=Complete { arrived: false, drive_impulses: [(1, 0.16005826004329826), (2, -0.04001456456655469), (4, -0.16005826004329826), (5, -0.007119771341528029), (7, -0.0062881643042339876), (9, 0.04001456456655469)] }
EVENT elapsed=1.534292755474919e-3 trial=7.256261456530884e-5 nominal=4.166666666666667e-3 contacts=2 outcome=Refine(TerrainSweepHit { collider: 7, node: TerrainNodeId { coordinates: BrickCoord { x: -67108864, y: -67108864, z: -67108864 }, level: 27 }, triangle: 1, fraction: 0.1866102254848624, separation: 1.7763568394002505e-15 })
EVENT elapsed=1.534292755474919e-3 trial=1.926063126794598e-5 nominal=4.166666666666667e-3 contacts=2 outcome=Complete { arrived: false, drive_impulses: [(1, 0.23112756928200745), (2, -0.05778189167896661), (4, -0.23112756928200745), (5, -0.009996537416011194), (7, -0.00801295440229238), (9, 0.0437301032675298)] }
EVENT elapsed=1.534292755474919e-3 trial=4.5911622916627406e-5 nominal=4.166666666666667e-3 contacts=2 outcome=Refine(TerrainSweepHit { collider: 7, node: TerrainNodeId { coordinates: BrickCoord { x: -67108864, y: -67108864, z: -67108864 }, level: 27 }, triangle: 1, fraction: 0.3955864866484014, separation: 1.1379786002407855e-14 })
EVENT elapsed=1.534292755474919e-3 trial=2.1925730432814122e-5 nominal=4.166666666666667e-3 contacts=2 outcome=Complete { arrived: false, drive_impulses: [(1, 0.2631087584394266), (2, -0.06577718887955197), (4, -0.2631087584394266), (5, -0.011265469747124633), (7, -0.008813442441839516), (9, 0.04408972134468647)] }
EVENT elapsed=1.534292755474919e-3 trial=3.391867667472076e-5 nominal=4.166666666666667e-3 contacts=2 outcome=Refine(TerrainSweepHit { collider: 7, node: TerrainNodeId { coordinates: BrickCoord { x: -67108864, y: -67108864, z: -67108864 }, level: 27 }, triangle: 1, fraction: 0.6332001197467129, separation: 3.3084646133829665e-14 })
EVENT elapsed=1.534292755474919e-3 trial=2.3125025057004787e-5 nominal=4.166666666666667e-3 contacts=2 outcome=Complete { arrived: false, drive_impulses: [(1, 0.2775002935602652), (2, -0.06937507261981539), (4, -0.2775002935602652), (5, -0.011836297179348249), (7, -0.009173529274657586), (9, 0.04424692689415432)] }
EVENT elapsed=1.534292755474919e-3 trial=2.8521850865862773e-5 nominal=4.166666666666667e-3 contacts=2 outcome=Refine(TerrainSweepHit { collider: 7, node: TerrainNodeId { coordinates: BrickCoord { x: -67108864, y: -67108864, z: -67108864 }, level: 27 }, triangle: 1, fraction: 0.822737414084073, separation: 5.617728504603292e-14 })
EVENT elapsed=1.534292755474919e-3 trial=2.3664707637890585e-5 nominal=4.166666666666667e-3 contacts=2 outcome=Complete { arrived: false, drive_impulses: [(1, 0.28397648436464257), (2, -0.07099412030293392), (4, -0.28397648436464257), (5, -0.012093130551435913), (7, -0.009335539856737143), (9, 0.04431673431538305)] }
EVENT elapsed=1.534292755474919e-3 trial=2.6093279251876677e-5 nominal=4.166666666666667e-3 contacts=2 outcome=Refine(TerrainSweepHit { collider: 7, node: TerrainNodeId { coordinates: BrickCoord { x: -67108864, y: -67108864, z: -67108864 }, level: 27 }, triangle: 1, fraction: 0.9384264023875853, separation: 7.294165271787278e-14 })
EVENT elapsed=1.534292755474919e-3 trial=2.4486622174833256e-5 nominal=4.166666666666667e-3 contacts=2 outcome=Complete { arrived: false, drive_impulses: [(1, 0.2938394585547593), (2, -0.07345986382308667), (4, -0.2938394585547593), (5, -0.012484230750277154), (7, -0.009582241404342336), (9, 0.04442193131711654)] }
EVENT elapsed=1.534292755474919e-3 trial=2.5289950713354966e-5 nominal=4.166666666666667e-3 contacts=2 outcome=Refine(TerrainSweepHit { collider: 7, node: TerrainNodeId { coordinates: BrickCoord { x: -67108864, y: -67108864, z: -67108864 }, level: 27 }, triangle: 1, fraction: 0.9823709725498624, separation: 7.888134589961737e-14 })
EVENT elapsed=1.534292755474919e-3 trial=2.4844113478016603e-5 nominal=4.166666666666667e-3 contacts=2 outcome=Complete { arrived: false, drive_impulses: [(1, 0.29812935408283225), (2, -0.07453233769319756), (4, -0.29812935408283225), (5, -0.012654322028123968), (7, -0.009689531328187964), (9, 0.04446726546673961)] }
EVENT elapsed=1.534292755474919e-3 trial=2.5067032095685785e-5 nominal=4.166666666666667e-3 contacts=2 outcome=Refine(TerrainSweepHit { collider: 7, node: TerrainNodeId { coordinates: BrickCoord { x: -67108864, y: -67108864, z: -67108864 }, level: 27 }, triangle: 1, fraction: 0.9951387597242839, separation: 8.143485885625523e-14 })
EVENT elapsed=1.534292755474919e-3 trial=2.494517522966957e-5 nominal=4.166666666666667e-3 contacts=2 outcome=Complete { arrived: false, drive_impulses: [(1, 0.29934209507153525), (2, -0.07483552293700713), (4, -0.29934209507153525), (5, -0.012702404407115899), (7, -0.00971986047263039), (9, 0.04448003496275854)] }
EVENT elapsed=1.534292755474919e-3 trial=2.5006103662677676e-5 nominal=4.166666666666667e-3 contacts=2 outcome=Refine(TerrainSweepHit { collider: 7, node: TerrainNodeId { coordinates: BrickCoord { x: -67108864, y: -67108864, z: -67108864 }, level: 27 }, triangle: 1, fraction: 0.9986739093150996, separation: 8.182343691487404e-14 })
EVENT elapsed=0e0 trial=2.0833333333333333e-3 nominal=2.0833333333333333e-3 contacts=0 outcome=Refine(TerrainSweepHit { collider: 42, node: TerrainNodeId { coordinates: BrickCoord { x: -67108864, y: -67108864, z: -67108864 }, level: 27 }, triangle: 1, fraction: 0.0011596830665831356, separation: 1.7313928069029316e-13 })
EVENT elapsed=0e0 trial=2.416006388714866e-6 nominal=2.0833333333333333e-3 contacts=0 outcome=Complete { arrived: false, drive_impulses: [(1, 0.02187417170562704), (2, 0.00037063046533256), (4, -0.0033159593220378285), (5, -0.00037173383843459455), (7, 0.00037158878318179313), (9, -0.0003715883603291036)] }
EVENT elapsed=0e0 trial=1.0428746698610241e-3 nominal=2.0833333333333333e-3 contacts=0 outcome=Refine(TerrainSweepHit { collider: 42, node: TerrainNodeId { coordinates: BrickCoord { x: -67108864, y: -67108864, z: -67108864 }, level: 27 }, triangle: 1, fraction: 0.00460763883588289, separation: -1.6653345369377348e-16 })
EVENT elapsed=0e0 trial=1.0646187273594578e-4 nominal=2.0833333333333333e-3 contacts=0 outcome=Refine(TerrainSweepHit { collider: 42, node: TerrainNodeId { coordinates: BrickCoord { x: -67108864, y: -67108864, z: -67108864 }, level: 27 }, triangle: 1, fraction: 0.44068577240339746, separation: -4.440892098500626e-16 })
EVENT elapsed=0e0 trial=4.6916232618152465e-5 nominal=2.0833333333333333e-3 contacts=0 outcome=Complete { arrived: false, drive_impulses: [(1, 0.022564359519519427), (2, -0.0006641577689528822), (4, -0.004647602091249105), (5, 0.0006463542613526761), (7, -0.0006487068341618822), (9, 0.000648707141619451)] }
EVENT elapsed=0e0 trial=7.668905267704912e-5 nominal=2.0833333333333333e-3 contacts=0 outcome=Refine(TerrainSweepHit { collider: 42, node: TerrainNodeId { coordinates: BrickCoord { x: -67108864, y: -67108864, z: -67108864 }, level: 27 }, triangle: 1, fraction: 0.8494120876025636, separation: 1.1102230246251565e-15 })
EVENT elapsed=0e0 trial=6.514060833067527e-5 nominal=2.0833333333333333e-3 contacts=0 outcome=Complete { arrived: false, drive_impulses: [(1, 0.022845440822557028), (2, -0.001086186171552766), (4, -0.00519085306485681), (5, 0.0010615602307990622), (7, -0.0010648142993175975), (9, 0.0010648143786281396)] }
EVENT elapsed=0e0 trial=7.09148305038622e-5 nominal=2.0833333333333333e-3 contacts=0 outcome=Refine(TerrainSweepHit { collider: 42, node: TerrainNodeId { coordinates: BrickCoord { x: -67108864, y: -67108864, z: -67108864 }, level: 27 }, triangle: 1, fraction: 0.993425073808405, separation: 1.3322676295501878e-15 })
EVENT elapsed=0e0 trial=7.03374082865435e-5 nominal=2.0833333333333333e-3 contacts=0 outcome=Complete { arrived: false, drive_impulses: [(1, 0.02292542470291453), (2, -0.001206342968215507), (4, -0.005345539913743943), (5, 0.0011797733595337878), (7, -0.0011832842084686982), (9, 0.0011832841863886113)] }
EVENT elapsed=0e0 trial=7.062611939520286e-5 nominal=2.0833333333333333e-3 contacts=0 outcome=Complete { arrived: false, drive_impulses: [(1, 0.022929866059389088), (2, -0.0012130159049368878), (4, -0.005354130699888553), (5, 0.0011863383378539728), (7, -0.0011898634485526945), (9, 0.0011898634202914741)] }
EVENT elapsed=0e0 trial=7.077047494953253e-5 nominal=2.0833333333333333e-3 contacts=0 outcome=Refine(TerrainSweepHit { collider: 42, node: TerrainNodeId { coordinates: BrickCoord { x: -67108864, y: -67108864, z: -67108864 }, level: 27 }, triangle: 1, fraction: 0.9974834566864436, separation: 1.7763568394002505e-15 })
EVENT elapsed=0e0 trial=7.064055495063582e-5 nominal=2.0833333333333333e-3 contacts=0 outcome=Complete { arrived: false, drive_impulses: [(1, 0.02293008812114534), (2, -0.0012133495450260842), (4, -0.005354560231103658), (5, 0.0011866665800867617), (7, -0.0011901924038629323), (9, 0.0011901923752910763)] }
EVENT elapsed=0e0 trial=7.070551495008418e-5 nominal=2.0833333333333333e-3 contacts=0 outcome=Refine(TerrainSweepHit { collider: 42, node: TerrainNodeId { coordinates: BrickCoord { x: -67108864, y: -67108864, z: -67108864 }, level: 27 }, triangle: 1, fraction: 0.9993178558760946, separation: 1.3322676295501878e-15 })
EVENT elapsed=0e0 trial=7.065728359853327e-5 nominal=2.0833333333333333e-3 contacts=0 outcome=Complete { arrived: false, drive_impulses: [(1, 0.022930345456770227), (2, -0.0012137361831439247), (4, -0.005355057992520969), (5, 0.0011870469629042476), (7, -0.0011905736130299338), (9, 0.0011905735840976072)] }
EVENT elapsed=0e0 trial=7.068139927430872e-5 nominal=2.0833333333333333e-3 contacts=0 outcome=Complete { arrived: false, drive_impulses: [(1, 0.022930716425160484), (2, -0.0012142935512084161), (4, -0.005355775553350323), (5, 0.0011875953134710933), (7, -0.0011911231548418996), (9, 0.0011911231253899993)] }
EVENT elapsed=7.068139927430872e-5 trial=2.0126519340590244e-3 nominal=2.0833333333333333e-3 contacts=1 outcome=Refine(TerrainSweepHit { collider: 67, node: TerrainNodeId { coordinates: BrickCoord { x: -67108864, y: -67108864, z: -67108864 }, level: 27 }, triangle: 1, fraction: 0.009064201361437114, separation: 5.551115123125783e-17 })
EVENT elapsed=7.068139927430872e-5 trial=1.824308240079685e-5 nominal=2.0833333333333333e-3 contacts=1 outcome=Complete { arrived: false, drive_impulses: [(1, -0.015245560352086436), (2, 0.0022432049590569558), (4, 0.002619589601302031), (5, -0.0022535857549770043), (7, -0.054729245189777245), (9, -0.002252216423967408)] }
EVENT elapsed=7.068139927430872e-5 trial=1.0154475082299107e-3 nominal=2.0833333333333333e-3 contacts=1 outcome=Refine(TerrainSweepHit { collider: 67, node: TerrainNodeId { coordinates: BrickCoord { x: -67108864, y: -67108864, z: -67108864 }, level: 27 }, triangle: 1, fraction: 0.03334564592615201, separation: 2.7755575615628914e-16 })
EVENT elapsed=7.068139927430872e-5 trial=1.1796352498370822e-4 nominal=2.0833333333333333e-3 contacts=1 outcome=Complete { arrived: false, drive_impulses: [(1, -0.030092286333988756), (2, 0.003308208871641396), (4, 0.003601563385561989), (5, -0.0033590385552946895), (7, -0.1534564023840567), (9, -0.0033523273082522224)] }
EVENT elapsed=7.068139927430872e-5 trial=5.667055166068094e-4 nominal=2.0833333333333333e-3 contacts=1 outcome=Refine(TerrainSweepHit { collider: 67, node: TerrainNodeId { coordinates: BrickCoord { x: -67108864, y: -67108864, z: -67108864 }, level: 27 }, triangle: 1, fraction: 0.09779384914786436, separation: -1.6653345369377348e-16 })
EVENT elapsed=7.068139927430872e-5 trial=1.6283772414601836e-4 nominal=2.0833333333333333e-3 contacts=1 outcome=Refine(TerrainSweepHit { collider: 67, node: TerrainNodeId { coordinates: BrickCoord { x: -67108864, y: -67108864, z: -67108864 }, level: 27 }, triangle: 1, fraction: 0.8033482951831387, separation: 1.27675647831893e-15 })
EVENT elapsed=7.068139927430872e-5 trial=1.3081540808420608e-4 nominal=2.0833333333333333e-3 contacts=1 outcome=Complete { arrived: false, drive_impulses: [(1, -0.03207770244000585), (2, 0.003424094953001463), (4, 0.0037121113752053266), (5, -0.003480133307777197), (7, -0.16401683259477276), (9, -0.0034727341574032284)] }
EVENT elapsed=7.068139927430872e-5 trial=1.4682656611511222e-4 nominal=2.0833333333333333e-3 contacts=1 outcome=Refine(TerrainSweepHit { collider: 67, node: TerrainNodeId { coordinates: BrickCoord { x: -67108864, y: -67108864, z: -67108864 }, level: 27 }, triangle: 1, fraction: 0.9419002105019354, separation: 1.7763568394002505e-15 })
EVENT elapsed=7.068139927430872e-5 trial=1.3829597353110055e-4 nominal=2.0833333333333333e-3 contacts=1 outcome=Complete { arrived: false, drive_impulses: [(1, -0.03323307986601405), (2, 0.003491647074356153), (4, 0.003776896179905835), (5, -0.0035507137627951283), (7, -0.17016319042960584), (9, -0.0035429146286822264)] }
EVENT elapsed=7.068139927430872e-5 trial=1.4256126982310638e-4 nominal=2.0833333333333333e-3 contacts=1 outcome=Refine(TerrainSweepHit { collider: 67, node: TerrainNodeId { coordinates: BrickCoord { x: -67108864, y: -67108864, z: -67108864 }, level: 27 }, triangle: 1, fraction: 0.9850896631336328, separation: 1.6653345369377348e-15 })
EVENT elapsed=7.068139927430872e-5 trial=1.404356332659468e-4 nominal=2.0833333333333333e-3 contacts=1 outcome=Complete { arrived: false, drive_impulses: [(1, -0.03356352091472571), (2, 0.0035109831002249486), (4, 0.0037954867581814194), (5, -0.003570915531462605), (7, -0.17192118521643582), (9, -0.003563002058359177)] }
EVENT elapsed=7.068139927430872e-5 trial=1.414984515445266e-4 nominal=2.0833333333333333e-3 contacts=1 outcome=Refine(TerrainSweepHit { collider: 67, node: TerrainNodeId { coordinates: BrickCoord { x: -67108864, y: -67108864, z: -67108864 }, level: 27 }, triangle: 1, fraction: 0.9963300221551852, separation: 1.887379141862766e-15 })
EVENT elapsed=7.068139927430872e-5 trial=1.4097915536228256e-4 nominal=2.0833333333333333e-3 contacts=1 outcome=Complete { arrived: false, drive_impulses: [(1, -0.03364745809773821), (2, 0.003515895859892658), (4, 0.0038002134148003405), (5, -0.0035760481769884474), (7, -0.17236775192096565), (9, -0.003568105663473619)] }
EVENT elapsed=7.068139927430872e-5 trial=1.4123880345340458e-4 nominal=2.0833333333333333e-3 contacts=1 outcome=Refine(TerrainSweepHit { collider: 67, node: TerrainNodeId { coordinates: BrickCoord { x: -67108864, y: -67108864, z: -67108864 }, level: 27 }, triangle: 1, fraction: 0.9991063112707478, separation: 2.1094237467877974e-15 })
EVENT elapsed=7.068139927430872e-5 trial=1.411125799266252e-4 nominal=2.0833333333333333e-3 contacts=1 outcome=Complete { arrived: false, drive_impulses: [(1, -0.03366806297005859), (2, 0.0035171019111133487), (4, 0.00380137398291191), (5, -0.0035773082040876703), (7, -0.1724773755021999), (9, -0.0035693585619575876)] }
EVENT elapsed=7.068139927430872e-5 trial=1.411756916900149e-4 nominal=2.0833333333333333e-3 contacts=1 outcome=Refine(TerrainSweepHit { collider: 67, node: TerrainNodeId { coordinates: BrickCoord { x: -67108864, y: -67108864, z: -67108864 }, level: 27 }, triangle: 1, fraction: 0.9997829482019788, separation: 1.9984014443252818e-15 })
EVENT elapsed=7.068139927430872e-5 trial=1.4114504925229668e-4 nominal=2.0833333333333333e-3 contacts=1 outcome=Complete { arrived: false, drive_impulses: [(1, -0.03367307722781807), (2, 0.003517395411398515), (4, 0.003801656426758937), (5, -0.0035776148394690756), (7, -0.17250405276275155), (9, -0.0035696634625816117)] }
EVENT elapsed=7.068139927430872e-5 trial=1.411603704711558e-4 nominal=2.0833333333333333e-3 contacts=1 outcome=Refine(TerrainSweepHit { collider: 67, node: TerrainNodeId { coordinates: BrickCoord { x: -67108864, y: -67108864, z: -67108864 }, level: 27 }, triangle: 1, fraction: 0.9999473180177523, separation: 2.0539125955565396e-15 })
EVENT elapsed=7.068139927430872e-5 trial=1.4115293386302456e-4 nominal=2.0833333333333333e-3 contacts=1 outcome=Complete { arrived: false, drive_impulses: [(1, -0.033674294852560446), (2, 0.003517466683049685), (4, 0.0038017250142581152), (5, -0.003577689300741852), (7, -0.17251053087042129), (9, -0.0035697375025998514)] }
EVENT elapsed=7.068139927430872e-5 trial=1.4115665216709016e-4 nominal=2.0833333333333333e-3 contacts=1 outcome=Refine(TerrainSweepHit { collider: 67, node: TerrainNodeId { coordinates: BrickCoord { x: -67108864, y: -67108864, z: -67108864 }, level: 27 }, triangle: 1, fraction: 0.9999872156716324, separation: 2.1649348980190553e-15 })
EVENT elapsed=7.068139927430872e-5 trial=1.411548475740976e-4 nominal=2.0833333333333333e-3 contacts=1 outcome=Complete { arrived: false, drive_impulses: [(1, -0.03367459038797221), (2, 0.003517483981739785), (4, 0.003801741661504428), (5, -0.0035777073736003046), (7, -0.17251210320244964), (9, -0.0035697554732135803)] }
EVENT elapsed=7.068139927430872e-5 trial=1.4115574987059388e-4 nominal=2.0833333333333333e-3 contacts=1 outcome=Refine(TerrainSweepHit { collider: 67, node: TerrainNodeId { coordinates: BrickCoord { x: -67108864, y: -67108864, z: -67108864 }, level: 27 }, triangle: 1, fraction: 0.9999968972897078, separation: 2.1094237467877974e-15 })
EVENT elapsed=7.068139927430872e-5 trial=1.4115531190519594e-4 nominal=2.0833333333333333e-3 contacts=1 outcome=Complete { arrived: false, drive_impulses: [(1, -0.03367466209486701), (2, 0.0035174881789885957), (4, 0.0038017457006938255), (5, -0.003577711758688328), (7, -0.17251248470343017), (9, -0.003569759833493696)] }
EVENT elapsed=7.068139927430872e-5 trial=1.411555308878949e-4 nominal=2.0833333333333333e-3 contacts=1 outcome=Refine(TerrainSweepHit { collider: 67, node: TerrainNodeId { coordinates: BrickCoord { x: -67108864, y: -67108864, z: -67108864 }, level: 27 }, triangle: 1, fraction: 0.9999992469609305, separation: 2.0539125955565396e-15 })
EVENT elapsed=7.068139927430872e-5 trial=1.4115542459226528e-4 nominal=2.0833333333333333e-3 contacts=1 outcome=Complete { arrived: false, drive_impulses: [(1, -0.03367467949719106), (2, 0.0035174891976067955), (4, 0.0038017466809546), (5, -0.003577712822892357), (7, -0.172512577288715), (9, -0.003569760891676919)] }
EVENT elapsed=2.11836823866574e-4 trial=1.8714965094667594e-3 nominal=2.0833333333333333e-3 contacts=1 outcome=Refine(TerrainSweepHit { collider: 42, node: TerrainNodeId { coordinates: BrickCoord { x: -67108864, y: -67108864, z: -67108864 }, level: 27 }, triangle: 1, fraction: 3.4952447869567426e-8, separation: -1.6653345369377348e-16 })
EVENT elapsed=2.11836823866574e-4 trial=6.541338418521431e-11 nominal=2.0833333333333333e-3 contacts=1 outcome=Complete { arrived: false, drive_impulses: [(1, 7.849605900716159e-7), (2, -1.9624014533910767e-7), (4, 7.841517352431295e-7), (5, 1.9624014533910767e-7), (7, -1.9624014533910767e-7), (9, -1.9624014533910767e-7)] }
EVENT elapsed=2.11836823866574e-4 trial=9.357482874400719e-4 nominal=2.0833333333333333e-3 contacts=1 outcome=Refine(TerrainSweepHit { collider: 42, node: TerrainNodeId { coordinates: BrickCoord { x: -67108864, y: -67108864, z: -67108864 }, level: 27 }, triangle: 1, fraction: 1.386567878814636e-7, separation: -2.220446049250313e-16 })
EVENT elapsed=2.11836823866574e-4 trial=9.357488761605295e-5 nominal=2.0833333333333333e-3 contacts=1 outcome=Refine(TerrainSweepHit { collider: 42, node: TerrainNodeId { coordinates: BrickCoord { x: -67108864, y: -67108864, z: -67108864 }, level: 27 }, triangle: 1, fraction: 1.305649186230212e-5, separation: -3.3306690738754696e-16 })
EVENT elapsed=2.11836823866574e-4 trial=9.357547633651062e-6 nominal=2.0833333333333333e-3 contacts=1 outcome=Refine(TerrainSweepHit { collider: 42, node: TerrainNodeId { coordinates: BrickCoord { x: -67108864, y: -67108864, z: -67108864 }, level: 27 }, triangle: 1, fraction: 0.00084382843710884, separation: -3.3306690738754696e-16 })
EVENT elapsed=2.11836823866574e-4 trial=9.358136354108729e-7 nominal=2.0833333333333333e-3 contacts=1 outcome=Refine(TerrainSweepHit { collider: 42, node: TerrainNodeId { coordinates: BrickCoord { x: -67108864, y: -67108864, z: -67108864 }, level: 27 }, triangle: 1, fraction: 0.01814922956527809, separation: -3.3306690738754696e-16 })
EVENT elapsed=2.11836823866574e-4 trial=9.364023558685398e-8 nominal=2.0833333333333333e-3 contacts=1 outcome=Refine(TerrainSweepHit { collider: 42, node: TerrainNodeId { coordinates: BrickCoord { x: -67108864, y: -67108864, z: -67108864 }, level: 27 }, triangle: 1, fraction: 0.1956146311589393, separation: 0.0 })
EVENT elapsed=2.11836823866574e-4 trial=1.8317400145958623e-8 nominal=2.0833333333333333e-3 contacts=1 outcome=Complete { arrived: false, drive_impulses: [(1, 0.00021980879610872673), (2, -5.495219841706368e-5), (4, 0.0002195822963222087), (5, 5.495219841706368e-5), (7, -5.495219841706368e-5), (9, -5.495219841706368e-5)] }
EVENT elapsed=2.1185514126671994e-4 trial=1.8714781920666133e-3 nominal=2.0833333333333333e-3 contacts=2 outcome=Release(9.523028041392444e-6)
EVENT elapsed=2.1185514126671994e-4 trial=1.782213930190479e-8 nominal=2.0833333333333333e-3 contacts=2 outcome=Complete { arrived: false, drive_impulses: [(1, 0.00021386566613264862), (2, -5.3466415939540344e-5), (4, 0.00021364486936048372), (5, 5.3466415939540344e-5), (7, -5.3466415939540344e-5), (9, -5.3466415939540344e-5)] }
EVENT elapsed=2.1187296340602184e-4 trial=1.8714603699273116e-3 nominal=2.0833333333333333e-3 contacts=2 outcome=Release(7.37120924860974e-6)
EVENT elapsed=2.1187296340602184e-4 trial=1.3794925987214805e-8 nominal=2.0833333333333333e-3 contacts=2 outcome=Complete { arrived: false, drive_impulses: [(1, 0.0001655391075969742), (2, -4.138477643976062e-5), (4, 0.0001653675798151675), (5, 4.138477643976062e-5), (7, -4.138477643976062e-5), (9, -4.138477643976062e-5)] }
EVENT elapsed=2.1188675833200906e-4 trial=1.8714465750013242e-3 nominal=2.0833333333333333e-3 contacts=2 outcome=Release(5.705619275059325e-6)
EVENT elapsed=2.1188675833200906e-4 trial=1.0677761650571313e-8 nominal=2.0833333333333333e-3 contacts=2 outcome=Complete { arrived: false, drive_impulses: [(1, 0.00012813313651751203), (2, -3.203328377372193e-5), (4, 0.00012799999421824417), (5, 3.203328377372193e-5), (7, -3.203328377372193e-5), (9, -3.203328377372193e-5)] }
EVENT elapsed=2.1189743609365962e-4 trial=1.8714358972396737e-3 nominal=2.0833333333333333e-3 contacts=2 outcome=Release(4.416263649079003e-6)
EVENT elapsed=2.1189743609365962e-4 trial=8.26475432456112e-9 nominal=2.0833333333333333e-3 contacts=2 outcome=Complete { arrived: false, drive_impulses: [(1, 9.917704934873001e-5), (2, -2.4794262061899142e-5), (4, 9.907377122783662e-5), (5, 2.4794262061899142e-5), (7, -2.4794262061899142e-5), (9, -2.4794262061899142e-5)] }
EVENT elapsed=2.119057008479842e-4 trial=1.8714276324853492e-3 nominal=2.0833333333333333e-3 contacts=2 outcome=Release(3.4184051536771212e-6)
EVENT elapsed=2.119057008479842e-4 trial=6.397297863621691e-9 nominal=2.0833333333333333e-3 contacts=2 outcome=Complete { arrived: false, drive_impulses: [(1, 7.676757239273719e-5), (2, -1.919189288510239e-5), (4, 7.668749626107742e-5), (5, 1.919189288510239e-5), (7, -1.919189288510239e-5), (9, -1.919189288510239e-5)] }
EVENT elapsed=2.119120981458478e-4 trial=1.8714212351874854e-3 nominal=2.0833333333333333e-3 contacts=2 outcome=Release(2.6460187852981925e-6)
EVENT elapsed=2.119120981458478e-4 trial=4.951815743512033e-9 nominal=2.0833333333333333e-3 contacts=2 outcome=Complete { arrived: false, drive_impulses: [(1, 5.942178739671009e-5), (2, -1.485544668424189e-5), (4, 5.935972425456128e-5), (5, 1.485544668424189e-5), (7, -1.485544668424189e-5), (9, -1.485544668424189e-5)] }
EVENT elapsed=2.119170499615913e-4 trial=1.871416283371742e-3 nominal=2.0833333333333333e-3 contacts=2 outcome=Release(2.0481540675625545e-6)
EVENT elapsed=2.119170499615913e-4 trial=3.832948872890632e-9 nominal=2.0833333333333333e-3 contacts=2 outcome=Complete { arrived: false, drive_impulses: [(1, 4.599538529392642e-5), (2, -1.1498846195813316e-5), (4, 4.59472972158567e-5), (5, 1.1498846195813316e-5), (7, -1.1498846195813316e-5), (9, -1.1498846195813316e-5)] }
EVENT elapsed=2.119208829104642e-4 trial=1.8714124504228692e-3 nominal=2.0833333333333333e-3 contacts=2 outcome=Release(1.585377031659967e-6)
EVENT elapsed=2.119208829104642e-4 trial=2.9668943156629135e-9 nominal=2.0833333333333333e-3 contacts=2 outcome=Complete { arrived: false, drive_impulses: [(1, 3.5602730873986714e-5), (2, -8.900682619675032e-6), (4, 3.556547944237351e-5), (5, 8.900682619675032e-6), (7, -8.900682619675032e-6), (9, -8.900682619675032e-6)] }
EVENT elapsed=2.119238498047799e-4 trial=1.8714094835285534e-3 nominal=2.0833333333333333e-3 contacts=2 outcome=Release(1.2271642839876144e-6)
EVENT elapsed=2.119238498047799e-4 trial=2.2965268789019486e-9 nominal=2.0833333333333333e-3 contacts=2 outcome=Complete { arrived: false, drive_impulses: [(1, 2.755832183936554e-5), (2, -6.889580383348411e-6), (4, 2.7529470052784253e-5), (5, 6.889580383348411e-6), (7, -6.889580383348411e-6), (9, -6.889580383348411e-6)] }
EVENT elapsed=2.119261463316588e-4 trial=1.8714071870016744e-3 nominal=2.0833333333333333e-3 contacts=2 outcome=Release(9.498892483418805e-7)
EVENT elapsed=2.119261463316588e-4 trial=1.7776295662026135e-9 nominal=2.0833333333333333e-3 contacts=2 outcome=Complete { arrived: false, drive_impulses: [(1, 2.1331554246822712e-5), (2, -5.332888502496194e-6), (4, 2.1309211127170104e-5), (5, 5.332888502496194e-6), (7, -5.332888502496194e-6), (9, -5.332888502496194e-6)] }
EVENT elapsed=2.1192792396122499e-4 trial=1.8714054093721083e-3 nominal=2.0833333333333333e-3 contacts=2 outcome=Release(7.352640797184034e-7)
EVENT elapsed=2.1192792396122499e-4 trial=1.3759771761020252e-9 nominal=2.0833333333333333e-3 contacts=2 outcome=Complete { arrived: false, drive_impulses: [(1, 1.65117256893469e-5), (2, -4.127931376505524e-6), (4, 1.649442475406855e-5), (5, 4.127931376505524e-6), (7, -4.127931376505524e-6), (9, -4.127931376505524e-6)] }
EVENT elapsed=2.119292999384011e-4 trial=1.8714040333949321e-3 nominal=2.0833333333333333e-3 contacts=2 outcome=Release(5.691330759411937e-7)
EVENT elapsed=2.119292999384011e-4 trial=1.0650779338548142e-9 nominal=2.0833333333333333e-3 contacts=2 outcome=Complete { arrived: false, drive_impulses: [(1, 1.2780934878154604e-5), (2, -3.195233684062916e-6), (4, 1.2767539335820763e-5), (5, 3.195233684062916e-6), (7, -3.195233684062916e-6), (9, -3.195233684062916e-6)] }
EVENT elapsed=2.1193036501633496e-4 trial=1.8714029683169983e-3 nominal=2.0833333333333333e-3 contacts=2 outcome=Release(4.405390291940217e-7)
EVENT elapsed=2.1193036501633496e-4 trial=8.24426046893181e-10 nominal=2.0833333333333333e-3 contacts=2 outcome=Complete { arrived: false, drive_impulses: [(1, 9.893112308749155e-6), (2, -2.4732780497272138e-6), (4, 9.882741230348486e-6), (5, 2.4732780497272138e-6), (7, -2.4732780497272138e-6), (9, -2.4732780497272138e-6)] }
EVENT elapsed=2.1193118944238184e-4 trial=1.8714021438909515e-3 nominal=2.0833333333333333e-3 contacts=2 outcome=Release(3.410004720970077e-7)
EVENT elapsed=2.1193118944238184e-4 trial=6.381490145501667e-10 nominal=2.0833333333333333e-3 contacts=2 outcome=Complete { arrived: false, drive_impulses: [(1, 7.657787978016658e-6), (2, -1.9144469732486256e-6), (4, 7.649758884426087e-6), (5, 1.9144469732486256e-6), (7, -1.9144469732486256e-6), (9, -1.9144469732486256e-6)] }
EVENT elapsed=2.119318275913964e-4 trial=1.871401505741937e-3 nominal=2.0833333333333333e-3 contacts=2 outcome=Complete { arrived: false, drive_impulses: [(1, -0.14557286128488472), (2, 0.0024569610374037235), (4, 0.012906315470628003), (5, -0.002715063934515314), (7, -1.571036235286336), (9, -0.28868679237595046)] }
EVENT elapsed=0e0 trial=2.0833333333333333e-3 nominal=2.0833333333333333e-3 contacts=1 outcome=Refine(TerrainSweepHit { collider: 67, node: TerrainNodeId { coordinates: BrickCoord { x: -67108864, y: -67108864, z: -67108864 }, level: 27 }, triangle: 1, fraction: 0.00038340787050761, separation: 2.220446049250313e-14 })
EVENT elapsed=0e0 trial=7.987663968908541e-7 nominal=2.0833333333333333e-3 contacts=1 outcome=Complete { arrived: false, drive_impulses: [(1, 0.0043654646384474255), (2, 9.983574439272501e-5), (4, -0.0006447711356725534), (5, -0.00010019479190644668), (7, -0.0005971597999889168), (9, -0.00010014696662706532)] }
EVENT elapsed=0e0 trial=1.042066049865112e-3 nominal=2.0833333333333333e-3 contacts=1 outcome=Refine(TerrainSweepHit { collider: 67, node: TerrainNodeId { coordinates: BrickCoord { x: -67108864, y: -67108864, z: -67108864 }, level: 27 }, triangle: 1, fraction: 0.0015230870423887455, separation: 8.498757253505573e-14 })
EVENT elapsed=0e0 trial=1.0492549474371297e-4 nominal=2.0833333333333333e-3 contacts=1 outcome=Refine(TerrainSweepHit { collider: 67, node: TerrainNodeId { coordinates: BrickCoord { x: -67108864, y: -67108864, z: -67108864 }, level: 27 }, triangle: 1, fraction: 0.15159045971580484, separation: -1.6653345369377348e-16 })
EVENT elapsed=0e0 trial=1.5905703984107714e-5 nominal=2.0833333333333333e-3 contacts=1 outcome=Complete { arrived: false, drive_impulses: [(1, 0.001971794674208989), (2, 0.0002989584710312757), (4, -0.0004463933982765167), (5, -0.0003053239246949216), (7, -0.012897567095207296), (9, -0.00030448267474782203)] }
EVENT elapsed=0e0 trial=6.041559936391034e-5 nominal=2.0833333333333333e-3 contacts=1 outcome=Refine(TerrainSweepHit { collider: 67, node: TerrainNodeId { coordinates: BrickCoord { x: -67108864, y: -67108864, z: -67108864 }, level: 27 }, triangle: 1, fraction: 0.46295842722970787, separation: 5.551115123125783e-16 })
EVENT elapsed=0e0 trial=2.7969910861656072e-5 nominal=2.0833333333333333e-3 contacts=1 outcome=Complete { arrived: false, drive_impulses: [(1, 6.0787350179675275e-5), (2, 0.00045820025236762476), (4, -0.00028700042871566213), (5, -0.0004693557082206635), (7, -0.022719682057734506), (9, -0.00046788171646597565)] }
EVENT elapsed=0e0 trial=4.41927551127832e-5 nominal=2.0833333333333333e-3 contacts=1 outcome=Refine(TerrainSweepHit { collider: 67, node: TerrainNodeId { coordinates: BrickCoord { x: -67108864, y: -67108864, z: -67108864 }, level: 27 }, triangle: 1, fraction: 0.874918261424595, separation: 5.551115123125783e-16 })
EVENT elapsed=0e0 trial=3.8665048470839155e-5 nominal=2.0833333333333333e-3 contacts=1 outcome=Complete { arrived: false, drive_impulses: [(1, -0.001633015939085386), (2, 0.0005995172299814554), (4, -0.00014499680140508202), (5, -0.0006149103364727744), (7, -0.03142649673877522), (9, -0.0006128765673539306)] }
EVENT elapsed=0e0 trial=4.142890179181118e-5 nominal=2.0833333333333333e-3 contacts=1 outcome=Refine(TerrainSweepHit { collider: 67, node: TerrainNodeId { coordinates: BrickCoord { x: -67108864, y: -67108864, z: -67108864 }, level: 27 }, triangle: 1, fraction: 0.9983417052743963, separation: 9.43689570931383e-16 })
EVENT elapsed=0e0 trial=4.115251645971397e-5 nominal=2.0833333333333333e-3 contacts=1 outcome=Complete { arrived: false, drive_impulses: [(1, -0.0020268968993783954), (2, 0.0006324085900970527), (4, -0.0001118714062619498), (5, -0.0006487870511305992), (7, -0.03345143954752814), (9, -0.0006466231204858977)] }
EVENT elapsed=0e0 trial=4.129070912576258e-5 nominal=2.0833333333333333e-3 contacts=1 outcome=Complete { arrived: false, drive_impulses: [(1, -0.002048778580873798), (2, 0.0006342361292680146), (4, -0.00011003004241264573), (5, -0.0006506693241113918), (7, -0.03356393541435372), (9, -0.0006484981633432106)] }
EVENT elapsed=0e0 trial=4.1359805458786875e-5 nominal=2.0833333333333333e-3 contacts=1 outcome=Complete { arrived: false, drive_impulses: [(1, -0.002059719398163185), (2, 0.0006351499083792131), (4, -0.00010910931849026579), (5, -0.0006516104698077993), (7, -0.03362018331001004), (9, -0.0006494356940196255)] }
EVENT elapsed=0e0 trial=4.139435362529902e-5 nominal=2.0833333333333333e-3 contacts=1 outcome=Complete { arrived: false, drive_impulses: [(1, -0.0020651898009598105), (2, 0.0006356068003190784), (4, -0.00010864894602527775), (5, -0.0006520810449605105), (7, -0.03364830724840325), (9, -0.0006499044616729276)] }
EVENT elapsed=0e0 trial=4.14116277085551e-5 nominal=2.0833333333333333e-3 contacts=1 outcome=Refine(TerrainSweepHit { collider: 67, node: TerrainNodeId { coordinates: BrickCoord { x: -67108864, y: -67108864, z: -67108864 }, level: 27 }, triangle: 1, fraction: 0.9991934695566718, separation: 9.43689570931383e-16 })
EVENT elapsed=0e0 trial=4.139608103362463e-5 nominal=2.0833333333333333e-3 contacts=1 outcome=Refine(TerrainSweepHit { collider: 67, node: TerrainNodeId { coordinates: BrickCoord { x: -67108864, y: -67108864, z: -67108864 }, level: 27 }, triangle: 1, fraction: 0.9999610110627443, separation: 3.3306690738754696e-16 })
EVENT elapsed=0e0 trial=4.1394526366131587e-5 nominal=2.0833333333333333e-3 contacts=1 outcome=Complete { arrived: false, drive_impulses: [(1, -0.002065217152958375), (2, 0.000635609084782642), (4, -0.0001086466441453802), (5, -0.0006520833978394959), (7, -0.03364844786808288), (9, -0.0006499068055151406)] }
EVENT elapsed=0e0 trial=4.1395303699878105e-5 nominal=2.0833333333333333e-3 contacts=1 outcome=Refine(TerrainSweepHit { collider: 67, node: TerrainNodeId { coordinates: BrickCoord { x: -67108864, y: -67108864, z: -67108864 }, level: 27 }, triangle: 1, fraction: 0.999999409544461, separation: 6.106226635438361e-16 })
EVENT elapsed=0e0 trial=4.139522596650345e-5 nominal=2.0833333333333333e-3 contacts=1 outcome=Complete { arrived: false, drive_impulses: [(1, -0.002065327928575152), (2, 0.0006356183368607121), (4, -0.00010863732153036007), (5, -0.000652092927002219), (7, -0.033649017377768334), (9, -0.000649916298075579)] }
EVENT elapsed=4.139522596650345e-5 trial=2.04193810736683e-3 nominal=2.0833333333333333e-3 contacts=2 outcome=Complete { arrived: false, drive_impulses: [(1, -0.17935989925187928), (2, 0.011221646502384393), (4, 0.017156089639040608), (5, -0.011533966389615144), (7, -1.6954770338541907), (9, -0.3481307162291559)] }
EVENT elapsed=0e0 trial=2.0833333333333333e-3 nominal=2.0833333333333333e-3 contacts=1 outcome=Refine(TerrainSweepHit { collider: 67, node: TerrainNodeId { coordinates: BrickCoord { x: -67108864, y: -67108864, z: -67108864 }, level: 27 }, triangle: 1, fraction: 0.0004448012217444532, separation: 3.058664432842306e-14 })
EVENT elapsed=0e0 trial=9.266692119676108e-7 nominal=2.0833333333333333e-3 contacts=1 outcome=Complete { arrived: false, drive_impulses: [(1, 0.004624701969722656), (2, 0.00011250903512939098), (4, -0.0006947700661528374), (5, -0.00011290695543488249), (7, -0.0007088657830176742), (9, -0.00011285351675961287)] }
EVENT elapsed=0e0 trial=1.0421300012726504e-3 nominal=2.0833333333333333e-3 contacts=1 outcome=Refine(TerrainSweepHit { collider: 67, node: TerrainNodeId { coordinates: BrickCoord { x: -67108864, y: -67108864, z: -67108864 }, level: 27 }, triangle: 1, fraction: 0.0017668728519722775, separation: 1.163513729807164e-13 })
EVENT elapsed=0e0 trial=1.0504700241803589e-4 nominal=2.0833333333333333e-3 contacts=1 outcome=Refine(TerrainSweepHit { collider: 67, node: TerrainNodeId { coordinates: BrickCoord { x: -67108864, y: -67108864, z: -67108864 }, level: 27 }, triangle: 1, fraction: 0.17565135607184168, separation: -1.6653345369377348e-16 })
EVENT elapsed=0e0 trial=1.8451648426010036e-5 nominal=2.0833333333333333e-3 contacts=1 outcome=Complete { arrived: false, drive_impulses: [(1, 0.0017842153770402064), (2, 0.0004212667856756183), (4, -0.00036814281587987463), (5, -0.0004283551615217361), (7, -0.014839311408467079), (9, -0.0004274179670695145)] }
EVENT elapsed=0e0 trial=6.174932542202297e-5 nominal=2.0833333333333333e-3 contacts=1 outcome=Refine(TerrainSweepHit { collider: 67, node: TerrainNodeId { coordinates: BrickCoord { x: -67108864, y: -67108864, z: -67108864 }, level: 27 }, triangle: 1, fraction: 0.5148246474826094, separation: 3.885780586188048e-16 })
EVENT elapsed=0e0 trial=3.17900746926819e-5 nominal=2.0833333333333333e-3 contacts=1 outcome=Complete { arrived: false, drive_impulses: [(1, -0.00037698946632420065), (2, 0.0006565427313525406), (4, -0.00011832447032604702), (5, -0.0006687149891620612), (7, -0.025592971287754025), (9, -0.0006671062548926636)] }
EVENT elapsed=0e0 trial=4.676970005735243e-5 nominal=2.0833333333333333e-3 contacts=1 outcome=Refine(TerrainSweepHit { collider: 67, node: TerrainNodeId { coordinates: BrickCoord { x: -67108864, y: -67108864, z: -67108864 }, level: 27 }, triangle: 1, fraction: 0.9065729515459103, separation: 7.216449660063518e-16 })
EVENT elapsed=0e0 trial=4.2400145023910924e-5 nominal=2.0833333333333333e-3 contacts=1 outcome=Complete { arrived: false, drive_impulses: [(1, -0.002095778276188171), (2, 0.0008438366963038034), (4, 8.111622788083177e-5), (5, -0.0008600439090268707), (7, -0.034146207617595445), (9, -0.0008579021926313807)] }
EVENT elapsed=0e0 trial=4.4584922540631675e-5 nominal=2.0833333333333333e-3 contacts=1 outcome=Refine(TerrainSweepHit { collider: 67, node: TerrainNodeId { coordinates: BrickCoord { x: -67108864, y: -67108864, z: -67108864 }, level: 27 }, triangle: 1, fraction: 0.9996711609386425, separation: 7.216449660063518e-16 })
EVENT elapsed=0e0 trial=4.43664447889596e-5 nominal=2.0833333333333333e-3 contacts=1 outcome=Complete { arrived: false, drive_impulses: [(1, -0.00241425797170864), (2, 0.000878565408525877), (4, 0.00011815233358021986), (5, -0.0008955202648558807), (7, -0.03573125974562565), (9, -0.0008932797910493373)] }
EVENT elapsed=0e0 trial=4.447568366479564e-5 nominal=2.0833333333333333e-3 contacts=1 outcome=Complete { arrived: false, drive_impulses: [(1, -0.002431950902759646), (2, 0.0008804949291222026), (4, 0.00012021055903495154), (5, -0.0008974913161956201), (7, -0.03581931753808872), (9, -0.0008952453565288979)] }
EVENT elapsed=0e0 trial=4.453030310271366e-5 nominal=2.0833333333333333e-3 contacts=1 outcome=Complete { arrived: false, drive_impulses: [(1, -0.0024407973530764615), (2, 0.0008814596952507361), (4, 0.00012123969797664254), (5, -0.0008984768474981852), (7, -0.035863346408297185), (9, -0.0008962281449275661)] }
EVENT elapsed=0e0 trial=4.455761282167267e-5 nominal=2.0833333333333333e-3 contacts=1 outcome=Complete { arrived: false, drive_impulses: [(1, -0.002445220574433947), (2, 0.0008819420797735247), (4, 0.00012175427400006527), (5, -0.0008989696145582104), (7, -0.035885360836897), (9, -0.0008967195405414227)] }
EVENT elapsed=0e0 trial=4.457126768115217e-5 nominal=2.0833333333333333e-3 contacts=1 outcome=Complete { arrived: false, drive_impulses: [(1, -0.0024474321841617772), (2, 0.0008821832723976711), (4, 0.00012201156364827982), (5, -0.0008992159984393391), (7, -0.03589636804957026), (9, -0.0008969652387014254)] }
EVENT elapsed=0e0 trial=4.457809511089192e-5 nominal=2.0833333333333333e-3 contacts=1 outcome=Refine(TerrainSweepHit { collider: 67, node: TerrainNodeId { coordinates: BrickCoord { x: -67108864, y: -67108864, z: -67108864 }, level: 27 }, triangle: 1, fraction: 0.9999842177867299, separation: 5.551115123125783e-16 })
EVENT elapsed=0e0 trial=4.4577391569887704e-5 nominal=2.0833333333333333e-3 contacts=1 outcome=Complete { arrived: false, drive_impulses: [(1, -0.0024484240397760213), (2, 0.0008822914417943473), (4, 0.00012212695245977388), (5, -0.0008993264959907784), (7, -0.035901304529578626), (9, -0.000897075428723893)] }
EVENT elapsed=4.4577391569887704e-5 trial=2.0387559417634456e-3 nominal=2.0833333333333333e-3 contacts=2 outcome=Refine(TerrainSweepHit { collider: 7, node: TerrainNodeId { coordinates: BrickCoord { x: -67108864, y: -67108864, z: -67108864 }, level: 27 }, triangle: 1, fraction: 0.696401293334724, separation: 3.2751579226442118e-15 })
EVENT elapsed=4.4577391569887704e-5 trial=1.4197922746379168e-3 nominal=2.0833333333333333e-3 contacts=2 outcome=Complete { arrived: false, drive_impulses: [(1, -0.12906024235273028), (2, 0.011952639535263203), (4, 0.01142109799496283), (5, -0.012159254231121833), (7, -1.170303260911458), (9, -0.28373950276275445)] }
EVENT elapsed=4.4577391569887704e-5 trial=1.7292741082006813e-3 nominal=2.0833333333333333e-3 contacts=2 outcome=Refine(TerrainSweepHit { collider: 7, node: TerrainNodeId { coordinates: BrickCoord { x: -67108864, y: -67108864, z: -67108864 }, level: 27 }, triangle: 1, fraction: 0.8240424471815561, separation: 3.497202527569243e-15 })
EVENT elapsed=4.4577391569887704e-5 trial=1.4507404579941932e-3 nominal=2.0833333333333333e-3 contacts=2 outcome=Refine(TerrainSweepHit { collider: 7, node: TerrainNodeId { coordinates: BrickCoord { x: -67108864, y: -67108864, z: -67108864 }, level: 27 }, triangle: 1, fraction: 0.9855226816383786, separation: 3.497202527569243e-15 })
EVENT elapsed=4.4577391569887704e-5 trial=1.429737626523727e-3 nominal=2.0833333333333333e-3 contacts=2 outcome=Complete { arrived: false, drive_impulses: [(1, -0.12999827631425237), (2, 0.012050135543991824), (4, 0.011498999345725253), (5, -0.012258233455191838), (7, -1.17846631734509), (9, -0.28582366905887396)] }
EVENT elapsed=4.4577391569887704e-5 trial=1.44023904225896e-3 nominal=2.0833333333333333e-3 contacts=2 outcome=Refine(TerrainSweepHit { collider: 7, node: TerrainNodeId { coordinates: BrickCoord { x: -67108864, y: -67108864, z: -67108864 }, level: 27 }, triangle: 1, fraction: 0.9928334822848008, separation: 3.608224830031759e-15 })
EVENT elapsed=4.4577391569887704e-5 trial=1.4307877680972503e-3 nominal=2.0833333333333333e-3 contacts=2 outcome=Refine(TerrainSweepHit { collider: 7, node: TerrainNodeId { coordinates: BrickCoord { x: -67108864, y: -67108864, z: -67108864 }, level: 27 }, triangle: 1, fraction: 0.9995050075364038, separation: 3.885780586188048e-15 })
EVENT elapsed=4.4577391569887704e-5 trial=1.4300795389350365e-3 nominal=2.0833333333333333e-3 contacts=2 outcome=Complete { arrived: false, drive_impulses: [(1, -0.13003052802170295), (2, 0.012053490001654704), (4, 0.011501676126133785), (5, -0.012261638896287865), (7, -1.178746948995263), (9, -0.2858953574849587)] }
EVENT elapsed=4.4577391569887704e-5 trial=1.4304336535161434e-3 nominal=2.0833333333333333e-3 contacts=2 outcome=Refine(TerrainSweepHit { collider: 7, node: TerrainNodeId { coordinates: BrickCoord { x: -67108864, y: -67108864, z: -67108864 }, level: 27 }, triangle: 1, fraction: 0.999756686545796, separation: 3.774758283725532e-15 })
EVENT elapsed=4.4577391569887704e-5 trial=1.4301149503931471e-3 nominal=2.0833333333333333e-3 contacts=2 outcome=Refine(TerrainSweepHit { collider: 7, node: TerrainNodeId { coordinates: BrickCoord { x: -67108864, y: -67108864, z: -67108864 }, level: 27 }, triangle: 1, fraction: 0.9999833042749378, separation: 3.774758283725532e-15 })
EVENT elapsed=4.4577391569887704e-5 trial=1.430091073587128e-3 nominal=2.0833333333333333e-3 contacts=2 outcome=Complete { arrived: false, drive_impulses: [(1, -0.13003161605879657), (2, 0.012053603169657224), (4, 0.01150176642755067), (5, -0.012261753784242421), (7, -1.1787564162902886), (9, -0.28589777598614563)] }
EVENT elapsed=4.4577391569887704e-5 trial=1.4301030119901375e-3 nominal=2.0833333333333333e-3 contacts=2 outcome=Refine(TerrainSweepHit { collider: 7, node: TerrainNodeId { coordinates: BrickCoord { x: -67108864, y: -67108864, z: -67108864 }, level: 27 }, triangle: 1, fraction: 0.9999917951852032, separation: 3.885780586188048e-15 })
EVENT elapsed=4.4577391569887704e-5 trial=1.430092267427429e-3 nominal=2.0833333333333333e-3 contacts=2 outcome=Refine(TerrainSweepHit { collider: 7, node: TerrainNodeId { coordinates: BrickCoord { x: -67108864, y: -67108864, z: -67108864 }, level: 27 }, triangle: 1, fraction: 0.9999994371259584, separation: 3.6637359812630166e-15 })
EVENT elapsed=4.4577391569887704e-5 trial=1.4300914624656145e-3 nominal=2.0833333333333333e-3 contacts=2 outcome=Complete { arrived: false, drive_impulses: [(1, -0.1300316527408113), (2, 0.012053606984999743), (4, 0.011501769471965394), (5, -0.012261757657571098), (7, -1.1787567354700326), (9, -0.2858978575233839)] }
EVENT elapsed=4.4577391569887704e-5 trial=1.4300918649465216e-3 nominal=2.0833333333333333e-3 contacts=2 outcome=Refine(TerrainSweepHit { collider: 7, node: TerrainNodeId { coordinates: BrickCoord { x: -67108864, y: -67108864, z: -67108864 }, level: 27 }, triangle: 1, fraction: 0.9999997233875972, separation: 3.941291737419306e-15 })
EVENT elapsed=4.4577391569887704e-5 trial=1.4300915027137052e-3 nominal=2.0833333333333333e-3 contacts=2 outcome=Refine(TerrainSweepHit { collider: 7, node: TerrainNodeId { coordinates: BrickCoord { x: -67108864, y: -67108864, z: -67108864 }, level: 27 }, triangle: 1, fraction: 0.9999999810235409, separation: 3.7192471324942744e-15 })
EVENT elapsed=4.4577391569887704e-5 trial=1.4300914755756323e-3 nominal=2.0833333333333333e-3 contacts=2 outcome=Complete { arrived: false, drive_impulses: [(1, -0.13003165397744793), (2, 0.012053607113624343), (4, 0.011501769574600435), (5, -0.012261757788151247), (7, -1.1787567462303357), (9, -0.28589786027218883)] }
EVENT elapsed=1.47466886714552e-3 trial=6.086644661878133e-4 nominal=2.0833333333333333e-3 contacts=2 outcome=Refine(TerrainSweepHit { collider: 67, node: TerrainNodeId { coordinates: BrickCoord { x: -67108864, y: -67108864, z: -67108864 }, level: 27 }, triangle: 1, fraction: 0.0009526039371839214, separation: 1.2490009027033011e-14 })
EVENT elapsed=1.47466886714552e-3 trial=5.798161669144607e-7 nominal=2.0833333333333333e-3 contacts=2 outcome=Complete { arrived: false, drive_impulses: [(1, 0.006957793824357942), (2, -0.001739448436776904), (4, -0.006957793824357942), (5, -0.001739448436776904), (7, -0.001739448436776904), (9, -0.001739448436776904)] }
EVENT elapsed=1.47466886714552e-3 trial=3.0462214117736385e-4 nominal=2.0833333333333333e-3 contacts=2 outcome=Refine(TerrainSweepHit { collider: 67, node: TerrainNodeId { coordinates: BrickCoord { x: -67108864, y: -67108864, z: -67108864 }, level: 27 }, triangle: 1, fraction: 0.002348923994777149, separation: 1.8762769116165146e-14 })
EVENT elapsed=1.47466886714552e-3 trial=3.0984048667959406e-5 nominal=2.0833333333333333e-3 contacts=2 outcome=Refine(TerrainSweepHit { collider: 67, node: TerrainNodeId { coordinates: BrickCoord { x: -67108864, y: -67108864, z: -67108864 }, level: 27 }, triangle: 1, fraction: 0.028577955049659255, separation: 2.836619827917275e-14 })
EVENT elapsed=1.47466886714552e-3 trial=3.6202394170189556e-6 nominal=2.0833333333333333e-3 contacts=2 outcome=Refine(TerrainSweepHit { collider: 67, node: TerrainNodeId { coordinates: BrickCoord { x: -67108864, y: -67108864, z: -67108864 }, level: 27 }, triangle: 1, fraction: 0.2463667781883423, separation: 2.886579864025407e-14 })
EVENT elapsed=1.47466886714552e-3 trial=8.919067214414026e-7 nominal=2.0833333333333333e-3 contacts=2 outcome=Complete { arrived: false, drive_impulses: [(1, 0.01070288038254002), (2, -0.002675720065927276), (4, -0.01070288038254002), (5, -0.002675720065927276), (7, -0.002675720065927276), (9, -0.002675720065927276)] }
EVENT elapsed=1.47466886714552e-3 trial=2.2560730692301794e-6 nominal=2.0833333333333333e-3 contacts=2 outcome=Refine(TerrainSweepHit { collider: 67, node: TerrainNodeId { coordinates: BrickCoord { x: -67108864, y: -67108864, z: -67108864 }, level: 27 }, triangle: 1, fraction: 0.3954796283470223, separation: 2.858824288409778e-14 })
EVENT elapsed=1.47466886714552e-3 trial=1.0283233562202802e-6 nominal=2.0833333333333333e-3 contacts=2 outcome=Refine(TerrainSweepHit { collider: 67, node: TerrainNodeId { coordinates: BrickCoord { x: -67108864, y: -67108864, z: -67108864 }, level: 27 }, triangle: 1, fraction: 0.8679399959436473, separation: 2.886579864025407e-14 })
EVENT elapsed=1.47466886714552e-3 trial=9.055483849192904e-7 nominal=2.0833333333333333e-3 contacts=2 outcome=Refine(TerrainSweepHit { collider: 67, node: TerrainNodeId { coordinates: BrickCoord { x: -67108864, y: -67108864, z: -67108864 }, level: 27 }, triangle: 1, fraction: 0.9856482544802496, separation: 2.8754776337791554e-14 })
EVENT elapsed=1.47466886714552e-3 trial=8.932708877891914e-7 nominal=2.0833333333333333e-3 contacts=2 outcome=Refine(TerrainSweepHit { collider: 67, node: TerrainNodeId { coordinates: BrickCoord { x: -67108864, y: -67108864, z: -67108864 }, level: 27 }, triangle: 1, fraction: 0.999198696384596, separation: 2.9032332093947844e-14 })
EVENT elapsed=1.47466886714552e-3 trial=8.925551065972708e-7 nominal=2.0833333333333333e-3 contacts=2 outcome=Complete { arrived: false, drive_impulses: [(1, 0.010710661004210698), (2, -0.0026776652213233495), (4, -0.010710661004210698), (5, -0.0026776652213233495), (7, -0.0026776652213233495), (9, -0.0026776652213233495)] }
EVENT elapsed=1.4755614222521174e-3 trial=6.077719110812159e-4 nominal=2.0833333333333333e-3 contacts=3 outcome=Release(0.01975460237987304)
EVENT elapsed=1.4755614222521174e-3 trial=1.2006292441064972e-5 nominal=2.0833333333333333e-3 contacts=3 outcome=Complete { arrived: false, drive_impulses: [(1, 0.14407550559417467), (2, -0.03601887599863674), (4, -0.14407550559417467), (5, -0.03601887599863674), (7, -0.03601887599863674), (9, 0.03601887599863674)] }
EVENT elapsed=1.4875677146931824e-3 trial=5.957656186401509e-4 nominal=2.0833333333333333e-3 contacts=0 outcome=Refine(TerrainSweepHit { collider: 67, node: TerrainNodeId { coordinates: BrickCoord { x: -67108864, y: -67108864, z: -67108864 }, level: 27 }, triangle: 1, fraction: 3.075529077192777e-7, separation: -1.1102230246251565e-16 })
EVENT elapsed=1.4875677146931824e-3 trial=1.832294483319527e-10 nominal=2.0833333333333333e-3 contacts=0 outcome=Complete { arrived: false, drive_impulses: [(1, 2.1987533235385844e-6), (2, -5.496883247816192e-7), (4, -2.1987533235385844e-6), (5, -5.496883247816192e-7), (7, -5.496883247816192e-7), (9, 5.496883247816192e-7)] }
EVENT elapsed=1.4875677146931824e-3 trial=2.978829009347996e-4 nominal=2.0833333333333333e-3 contacts=0 outcome=Refine(TerrainSweepHit { collider: 67, node: TerrainNodeId { coordinates: BrickCoord { x: -67108864, y: -67108864, z: -67108864 }, level: 27 }, triangle: 1, fraction: 1.1857112065945118e-6, separation: -5.551115123125783e-17 })
EVENT elapsed=1.4875677146931824e-3 trial=2.978845499998346e-5 nominal=2.0833333333333333e-3 contacts=0 outcome=Refine(TerrainSweepHit { collider: 67, node: TerrainNodeId { coordinates: BrickCoord { x: -67108864, y: -67108864, z: -67108864 }, level: 27 }, triangle: 1, fraction: 7.088199275173679e-5, separation: -2.7755575615628914e-16 })
EVENT elapsed=1.4875677146931824e-3 trial=2.979010406501845e-6 nominal=2.0833333333333333e-3 contacts=0 outcome=Refine(TerrainSweepHit { collider: 67, node: TerrainNodeId { coordinates: BrickCoord { x: -67108864, y: -67108864, z: -67108864 }, level: 27 }, triangle: 1, fraction: 0.007107717827761206, separation: -1.6653345369377348e-16 })
EVENT elapsed=1.4875677146931824e-3 trial=2.9806594715368326e-7 nominal=2.0833333333333333e-3 contacts=0 outcome=Refine(TerrainSweepHit { collider: 67, node: TerrainNodeId { coordinates: BrickCoord { x: -67108864, y: -67108864, z: -67108864 }, level: 27 }, triangle: 1, fraction: 0.7316836765141943, separation: 1.6653345369377348e-15 })
EVENT elapsed=1.4875677146931824e-3 trial=2.180899880570925e-7 nominal=2.0833333333333333e-3 contacts=0 outcome=Complete { arrived: false, drive_impulses: [(1, 0.0026170797895012795), (2, -0.0006542699401111541), (4, -0.0026170797895012795), (5, -0.0006542699401111541), (7, -0.0006542699401111541), (9, 0.0006542699401111541)] }
EVENT elapsed=1.4877858046812395e-3 trial=5.955475286520938e-4 nominal=2.0833333333333333e-3 contacts=1 outcome=Refine(TerrainSweepHit { collider: 42, node: TerrainNodeId { coordinates: BrickCoord { x: -67108864, y: -67108864, z: -67108864 }, level: 27 }, triangle: 1, fraction: 0.0003791895032707351, separation: 2.4424906541753444e-15 })
EVENT elapsed=1.4877858046812395e-3 trial=2.258253715637013e-7 nominal=2.0833333333333333e-3 contacts=1 outcome=Complete { arrived: false, drive_impulses: [(1, 0.002709904389197657), (2, -0.0006774760897775977), (4, -0.002709904389197657), (5, -0.0006774760897775977), (7, -0.0006774760897775977), (9, 0.0006774760897775977)] }
EVENT elapsed=1.4877858046812395e-3 trial=2.9788667701182873e-4 nominal=2.0833333333333333e-3 contacts=1 outcome=Refine(TerrainSweepHit { collider: 42, node: TerrainNodeId { coordinates: BrickCoord { x: -67108864, y: -67108864, z: -67108864 }, level: 27 }, triangle: 1, fraction: 0.0016063511865823709, separation: 1.0602629885170245e-14 })
EVENT elapsed=1.4877858046812395e-3 trial=2.9991910535590206e-5 nominal=2.0833333333333333e-3 contacts=1 outcome=Complete { arrived: false, drive_impulses: [(1, 0.359902917187908), (2, -0.08997572829800311), (4, -0.359902917187908), (5, -0.08997572829800311), (7, -0.0808796257650016), (9, 0.08997572829800311)] }
EVENT elapsed=1.4877858046812395e-3 trial=1.6393929377370945e-4 nominal=2.0833333333333333e-3 contacts=1 outcome=Refine(TerrainSweepHit { collider: 42, node: TerrainNodeId { coordinates: BrickCoord { x: -67108864, y: -67108864, z: -67108864 }, level: 27 }, triangle: 1, fraction: 0.0060656656599954025, separation: 4.64628335805628e-14 })
EVENT elapsed=1.4877858046812395e-3 trial=4.338664885940213e-5 nominal=2.0833333333333333e-3 contacts=1 outcome=Complete { arrived: false, drive_impulses: [(1, 0.5206397729473277), (2, -0.1301599417917046), (4, -0.5206397729473277), (5, -0.12289632668142852), (7, -0.07469256920418413), (9, 0.1301599417917046)] }
EVENT elapsed=1.4877858046812395e-3 trial=1.0366297131655579e-4 nominal=2.0833333333333333e-3 contacts=1 outcome=Refine(TerrainSweepHit { collider: 42, node: TerrainNodeId { coordinates: BrickCoord { x: -67108864, y: -67108864, z: -67108864 }, level: 27 }, triangle: 1, fraction: 0.018653576627597153, separation: 1.7646994976416863e-13 })
EVENT elapsed=1.4877858046812395e-3 trial=4.9414281105117494e-5 nominal=2.0833333333333333e-3 contacts=1 outcome=Refine(TerrainSweepHit { collider: 42, node: TerrainNodeId { coordinates: BrickCoord { x: -67108864, y: -67108864, z: -67108864 }, level: 27 }, triangle: 1, fraction: 0.3285126489706267, separation: 1.1102230246251565e-15 })
EVENT elapsed=1.4877858046812395e-3 trial=4.398941208397366e-5 nominal=2.0833333333333333e-3 contacts=1 outcome=Complete { arrived: false, drive_impulses: [(1, 0.5278729314565015), (2, -0.13196823139892114), (4, -0.5278729314565015), (5, -0.12319571661725569), (7, -0.07439326090128241), (9, 0.13196823139892114)] }
EVENT elapsed=1.4877858046812395e-3 trial=4.670184659454558e-5 nominal=2.0833333333333333e-3 contacts=1 outcome=Refine(TerrainSweepHit { collider: 42, node: TerrainNodeId { coordinates: BrickCoord { x: -67108864, y: -67108864, z: -67108864 }, level: 27 }, triangle: 1, fraction: 0.5605156460877885, separation: 2.3314683517128287e-14 })
EVENT elapsed=1.4877858046812395e-3 trial=4.426065553503085e-5 nominal=2.0833333333333333e-3 contacts=1 outcome=Complete { arrived: false, drive_impulses: [(1, 0.5311278527856298), (2, -0.1327819617221686), (4, -0.5311278527856298), (5, -0.12333044211539892), (7, -0.07425857205347958), (9, 0.1327819617221686)] }
EVENT elapsed=1.4877858046812395e-3 trial=4.5481251064788216e-5 nominal=2.0833333333333333e-3 contacts=1 outcome=Refine(TerrainSweepHit { collider: 42, node: TerrainNodeId { coordinates: BrickCoord { x: -67108864, y: -67108864, z: -67108864 }, level: 27 }, triangle: 1, fraction: 0.7951515592183223, separation: 1.4988010832439613e-13 })
EVENT elapsed=1.4877858046812395e-3 trial=4.4382715088006586e-5 nominal=2.0833333333333333e-3 contacts=1 outcome=Complete { arrived: false, drive_impulses: [(1, 0.5325925673837374), (2, -0.13314814036762995), (4, -0.5325925673837374), (5, -0.12339106859494865), (7, -0.07419796204948004), (9, 0.13314814036762995)] }
EVENT elapsed=1.4877858046812395e-3 trial=4.49319830763974e-5 nominal=2.0833333333333333e-3 contacts=1 outcome=Refine(TerrainSweepHit { collider: 42, node: TerrainNodeId { coordinates: BrickCoord { x: -67108864, y: -67108864, z: -67108864 }, level: 27 }, triangle: 1, fraction: 0.9724240852936868, separation: 3.3306690738754696e-16 })
EVENT elapsed=1.4877858046812395e-3 trial=4.4437641886845666e-5 nominal=2.0833333333333333e-3 contacts=1 outcome=Complete { arrived: false, drive_impulses: [(1, 0.5332516889528859), (2, -0.13331292075808754), (4, -0.5332516889528859), (5, -0.12341835051183006), (7, -0.07417068754313305), (9, 0.13331292075808754)] }
EVENT elapsed=1.4877858046812395e-3 trial=4.4684812481621533e-5 nominal=2.0833333333333333e-3 contacts=1 outcome=Complete { arrived: false, drive_impulses: [(1, 0.5362177360140541), (2, -0.1340544325151468), (4, -0.5362177360140541), (5, -0.1235411191460548), (7, -0.07404795222971536), (9, 0.1340544325151468)] }
EVENT elapsed=1.4877858046812395e-3 trial=4.480839777900947e-5 nominal=2.0833333333333333e-3 contacts=1 outcome=Complete { arrived: false, drive_impulses: [(1, 0.5377007595446381), (2, -0.1344251883936764), (4, -0.5377007595446381), (5, -0.12360250346820124), (7, -0.07398658455165198), (9, 0.1344251883936764)] }
EVENT elapsed=1.4877858046812395e-3 trial=4.4870190427703434e-5 nominal=2.0833333333333333e-3 contacts=1 outcome=Refine(TerrainSweepHit { collider: 42, node: TerrainNodeId { coordinates: BrickCoord { x: -67108864, y: -67108864, z: -67108864 }, level: 27 }, triangle: 1, fraction: 0.9971322442600582, separation: 6.661338147750939e-16 })
EVENT elapsed=1.4877858046812395e-3 trial=4.481457704387886e-5 nominal=2.0833333333333333e-3 contacts=1 outcome=Complete { arrived: false, drive_impulses: [(1, 0.5377749107211673), (2, -0.1344437261876029), (4, -0.5377749107211673), (5, -0.1236055726843965), (7, -0.07398351616737577), (9, 0.1344437261876029)] }
EVENT elapsed=1.4877858046812395e-3 trial=4.484238373579115e-5 nominal=2.0833333333333333e-3 contacts=1 outcome=Complete { arrived: false, drive_impulses: [(1, 0.5381085910155488), (2, -0.13452714626027207), (4, -0.5381085910155488), (5, -0.12361938415737744), (7, -0.07396970843769189), (9, 0.13452714626027207)] }
EVENT elapsed=1.4877858046812395e-3 trial=4.4856287081747296e-5 nominal=2.0833333333333333e-3 contacts=1 outcome=Complete { arrived: false, drive_impulses: [(1, 0.5382754311627395), (2, -0.13456885629660667), (4, -0.5382754311627395), (5, -0.12362628989393096), (7, -0.07396280457258043), (9, 0.13456885629660667)] }
EVENT elapsed=1.4877858046812395e-3 trial=4.486323875472536e-5 nominal=2.0833333333333333e-3 contacts=1 outcome=Refine(TerrainSweepHit { collider: 42, node: TerrainNodeId { coordinates: BrickCoord { x: -67108864, y: -67108864, z: -67108864 }, level: 27 }, triangle: 1, fraction: 0.9999875433768883, separation: -1.6653345369377348e-16 })
EVENT elapsed=1.4877858046812395e-3 trial=4.486254358742756e-5 nominal=2.0833333333333333e-3 contacts=1 outcome=Complete { arrived: false, drive_impulses: [(1, 0.5383505092289753), (2, -0.13458762581295722), (4, -0.5383505092289753), (5, -0.12362939747539323), (7, -0.07395969783322227), (9, 0.13458762581295722)] }
EVENT elapsed=1.5326483482686671e-3 trial=5.506849850646662e-4 nominal=2.0833333333333333e-3 contacts=1 outcome=Refine(TerrainSweepHit { collider: 67, node: TerrainNodeId { coordinates: BrickCoord { x: -67108864, y: -67108864, z: -67108864 }, level: 27 }, triangle: 1, fraction: 5.2892625445677535e-6, separation: 2.220446049250313e-16 })
EVENT elapsed=1.5326483482686671e-3 trial=2.9127174653583917e-9 nominal=2.0833333333333333e-3 contacts=1 outcome=Complete { arrived: false, drive_impulses: [(1, 3.495260868702193e-5), (2, -8.738152074738365e-6), (4, -3.495260868702193e-5), (5, -8.738152074738365e-6), (7, -8.738152074738365e-6), (9, 8.738152074738365e-6)] }
EVENT elapsed=1.5326483482686671e-3 trial=2.7534394889106576e-4 nominal=2.0833333333333333e-3 contacts=1 outcome=Refine(TerrainSweepHit { collider: 67, node: TerrainNodeId { coordinates: BrickCoord { x: -67108864, y: -67108864, z: -67108864 }, level: 27 }, triangle: 1, fraction: 2.131051742502844e-5, separation: 0.0 })
EVENT elapsed=1.5326483482686671e-3 trial=2.7537016334825403e-5 nominal=2.0833333333333333e-3 contacts=1 outcome=Refine(TerrainSweepHit { collider: 67, node: TerrainNodeId { coordinates: BrickCoord { x: -67108864, y: -67108864, z: -67108864 }, level: 27 }, triangle: 1, fraction: 0.0017121115698758337, separation: -1.1102230246251565e-16 })
EVENT elapsed=1.5326483482686671e-3 trial=2.756323079201363e-6 nominal=2.0833333333333333e-3 contacts=1 outcome=Refine(TerrainSweepHit { collider: 67, node: TerrainNodeId { coordinates: BrickCoord { x: -67108864, y: -67108864, z: -67108864 }, level: 27 }, triangle: 1, fraction: 0.13111840944366904, separation: 5.10702591327572e-15 })
EVENT elapsed=1.5326483482686671e-3 trial=3.6140469805775895e-7 nominal=2.0833333333333333e-3 contacts=1 outcome=Complete { arrived: false, drive_impulses: [(1, 0.004336856265360386), (2, -0.0010842140543023883), (4, -0.004336856265360386), (5, -0.0005094123471320968), (7, -0.0010842140543023883), (9, 0.0010842140543023883)] }
EVENT elapsed=1.5326483482686671e-3 trial=1.558863888629561e-6 nominal=2.0833333333333333e-3 contacts=1 outcome=Refine(TerrainSweepHit { collider: 67, node: TerrainNodeId { coordinates: BrickCoord { x: -67108864, y: -67108864, z: -67108864 }, level: 27 }, triangle: 1, fraction: 0.4634071407405216, separation: 1.8540724511240114e-14 })
EVENT elapsed=1.5326483482686671e-3 trial=7.223886574334757e-7 nominal=2.0833333333333333e-3 contacts=1 outcome=Complete { arrived: false, drive_impulses: [(1, 0.008668663666665875), (2, -0.0021671658926050667), (4, -0.008668663666665875), (5, -0.0007083051131117057), (7, -0.0021671658926050667), (9, 0.0021671658926050667)] }
EVENT elapsed=1.5326483482686671e-3 trial=1.1406262730315184e-6 nominal=2.0833333333333333e-3 contacts=1 outcome=Refine(TerrainSweepHit { collider: 67, node: TerrainNodeId { coordinates: BrickCoord { x: -67108864, y: -67108864, z: -67108864 }, level: 27 }, triangle: 1, fraction: 0.9721406474068601, separation: 4.390932062392494e-14 })
EVENT elapsed=1.5326483482686671e-3 trial=1.0988025114717142e-6 nominal=2.0833333333333333e-3 contacts=1 outcome=Complete { arrived: false, drive_impulses: [(1, 0.01318562979916836), (2, -0.003296407413193054), (4, -0.01318562979916836), (5, -0.0009156985305971236), (7, -0.003296407413193054), (9, 0.003296407413193054)] }
EVENT elapsed=1.5326483482686671e-3 trial=1.1197143922516164e-6 nominal=2.0833333333333333e-3 contacts=1 outcome=Complete { arrived: false, drive_impulses: [(1, 0.013436572362085166), (2, -0.00335914305322572), (4, -0.013436572362085166), (5, -0.0009272203625982177), (7, -0.00335914305322572), (9, 0.00335914305322572)] }
EVENT elapsed=1.5337680626609188e-3 trial=5.495652706724145e-4 nominal=2.0833333333333333e-3 contacts=2 outcome=Release(7.003718232724704e-5)
EVENT elapsed=1.5337680626609188e-3 trial=3.8490003062806765e-8 nominal=2.0833333333333333e-3 contacts=2 outcome=Complete { arrived: false, drive_impulses: [(1, 0.0004618800248966222), (2, -0.00011547000494212625), (4, -0.0004618800248966222), (5, -3.2436475523342686e-5), (7, -0.00011547000494212625), (9, 0.00011547000494212625)] }
EVENT elapsed=1.5338065526639816e-3 trial=5.495267806693517e-4 nominal=2.0833333333333333e-3 contacts=2 outcome=Release(6.0860291194770076e-5)
EVENT elapsed=1.5338065526639816e-3 trial=3.3444359890861294e-8 nominal=2.0833333333333333e-3 contacts=2 outcome=Complete { arrived: false, drive_impulses: [(1, 0.00040133230838761494), (2, -0.00010033307598293527), (4, -0.00040133230838761494), (5, -1.867554643757535e-5), (7, -0.00010033307598293527), (9, 0.00010033307598293527)] }
EVENT elapsed=1.5338399970238725e-3 trial=5.494933363094608e-4 nominal=2.0833333333333333e-3 contacts=2 outcome=Release(5.288588841082991e-5)
EVENT elapsed=1.5338399970238725e-3 trial=2.9060443266556774e-8 nominal=2.0833333333333333e-3 contacts=2 outcome=Complete { arrived: false, drive_impulses: [(1, 0.0003487253102464505), (2, -8.718132659366415e-5), (4, -0.0003487253102464505), (5, -1.6227535355329036e-5), (7, -8.718132659366415e-5), (9, 8.718132659366415e-5)] }
EVENT elapsed=1.533869057467139e-3 trial=5.494642758661942e-4 nominal=2.0833333333333333e-3 contacts=2 outcome=Release(4.595672068675726e-5)
EVENT elapsed=1.533869057467139e-3 trial=2.5251576253334026e-8 nominal=2.0833333333333333e-3 contacts=2 outcome=Complete { arrived: false, drive_impulses: [(1, 0.0003030189072611202), (2, -7.575472597419772e-5), (4, -0.0003030189072611202), (5, -1.410063711502466e-5), (7, -7.575472597419772e-5), (9, 7.575472597419772e-5)] }
EVENT elapsed=1.5338943090433925e-3 trial=5.494390242899408e-4 nominal=2.0833333333333333e-3 contacts=2 outcome=Release(3.993567967788453e-5)
EVENT elapsed=1.5338943090433925e-3 trial=2.1942220876572493e-8 nominal=2.0833333333333333e-3 contacts=2 outcome=Complete { arrived: false, drive_impulses: [(1, 0.00026330664375944705), (2, -6.582666020900783e-5), (4, -0.00026330664375944705), (5, -1.2252670372811255e-5), (7, -6.582666020900783e-5), (9, 6.582666020900783e-5)] }
EVENT elapsed=1.5339162512642691e-3 trial=5.494170820690642e-4 nominal=2.0833333333333333e-3 contacts=2 outcome=Release(3.47036885722376e-5)
EVENT elapsed=1.5339162512642691e-3 trial=1.9066799312392312e-8 nominal=2.0833333333333333e-3 contacts=2 outcome=Complete { arrived: false, drive_impulses: [(1, 0.00022880158587507447), (2, -5.720039583368953e-5), (4, -0.00022880158587507447), (5, -1.0647015779413959e-5), (7, -5.720039583368953e-5), (9, 5.720039583368953e-5)] }
EVENT elapsed=1.5339353180635815e-3 trial=5.493980152697518e-4 nominal=2.0833333333333333e-3 contacts=2 outcome=Release(3.0157306716952068e-5)
EVENT elapsed=1.5339353180635815e-3 trial=1.656836445617462e-8 nominal=2.0833333333333333e-3 contacts=2 outcome=Complete { arrived: false, drive_impulses: [(1, 0.00019882036837011888), (2, -4.970509154066878e-5), (4, -0.00019882036837011888), (5, -9.251873471366498e-6), (7, -4.970509154066878e-5), (9, 4.970509154066878e-5)] }
EVENT elapsed=1.5339518864280377e-3 trial=5.493814469052956e-4 nominal=2.0833333333333333e-3 contacts=2 outcome=Release(2.6206646315997296e-5)
EVENT elapsed=1.5339518864280377e-3 trial=1.4397445271617929e-8 nominal=2.0833333333333333e-3 contacts=2 outcome=Complete { arrived: false, drive_impulses: [(1, 0.00017276933882420226), (2, -4.319233422649885e-5), (4, -0.00017276933882420226), (5, -8.039618346706463e-6), (7, -4.319233422649885e-5), (9, 4.319233422649885e-5)] }
EVENT elapsed=1.5339662838733093e-3 trial=5.49367049460024e-4 nominal=2.0833333333333333e-3 contacts=2 outcome=Release(2.277361115191437e-5)
EVENT elapsed=1.5339662838733093e-3 trial=1.2511071564077096e-8 nominal=2.0833333333333333e-3 contacts=2 outcome=Complete { arrived: false, drive_impulses: [(1, 0.00015013285491482015), (2, -3.753321331198487e-5), (4, -0.00015013285491482015), (5, -6.986255451218988e-6), (7, -3.753321331198487e-5), (9, 3.753321331198487e-5)] }
EVENT elapsed=1.5339787949448735e-3 trial=5.493545383884598e-4 nominal=2.0833333333333333e-3 contacts=2 outcome=Release(1.9790368852939178e-5)
EVENT elapsed=1.5339787949448735e-3 trial=1.0871928945743755e-8 nominal=2.0833333333333333e-3 contacts=2 outcome=Complete { arrived: false, drive_impulses: [(1, 0.00013046314399976704), (2, -3.2615785637818336e-5), (4, -0.00013046314399976704), (5, -6.070948115705281e-6), (7, -3.2615785637818336e-5), (9, 3.2615785637818336e-5)] }
EVENT elapsed=1.5339896668738191e-3 trial=5.493436664595142e-4 nominal=2.0833333333333333e-3 contacts=2 outcome=Release(1.719795932241316e-5)
EVENT elapsed=1.5339896668738191e-3 trial=9.447590029796026e-9 nominal=2.0833333333333333e-3 contacts=2 outcome=Complete { arrived: false, drive_impulses: [(1, 0.0001133710774471698), (2, -2.8342769047111065e-5), (4, -0.0001133710774471698), (5, -5.2755886210706214e-6), (7, -2.8342769047111065e-5), (9, 2.8342769047111065e-5)] }
EVENT elapsed=1.5339991144638489e-3 trial=5.493342188694844e-4 nominal=2.0833333333333333e-3 contacts=2 outcome=Release(1.494517758760871e-5)
EVENT elapsed=1.5339991144638489e-3 trial=8.209897455954757e-9 nominal=2.0833333333333333e-3 contacts=2 outcome=Complete { arrived: false, drive_impulses: [(1, 9.851876694235262e-5), (2, -2.462969146213198e-5), (4, -9.851876694235262e-5), (5, -4.584453666032825e-6), (7, -2.462969146213198e-5), (9, 2.462969146213198e-5)] }
EVENT elapsed=1.5340073243613047e-3 trial=5.493260089720286e-4 nominal=2.0833333333333333e-3 contacts=2 outcome=Release(1.2987520040251636e-5)
EVENT elapsed=1.5340073243613047e-3 trial=7.134382550155671e-9 nominal=2.0833333333333333e-3 contacts=2 outcome=Complete { arrived: false, drive_impulses: [(1, 8.561258840408193e-5), (2, -2.1403146863387674e-5), (4, -8.561258840408193e-5), (5, -3.983879771005309e-6), (7, -2.1403146863387674e-5), (9, 2.1403146863387674e-5)] }
EVENT elapsed=1.534014458743855e-3 trial=5.493188745894783e-4 nominal=2.0833333333333333e-3 contacts=2 outcome=Release(1.1286322902607845e-5)
EVENT elapsed=1.534014458743855e-3 trial=6.1997901951139965e-9 nominal=2.0833333333333333e-3 contacts=2 outcome=Complete { arrived: false, drive_impulses: [(1, 7.43974804314882e-5), (2, -1.8599369901368744e-5), (4, -7.43974804314882e-5), (5, -3.4619979207686703e-6), (7, -1.8599369901368744e-5), (9, 1.8599369901368744e-5)] }
EVENT elapsed=1.53402065853405e-3 trial=5.493126747992832e-4 nominal=2.0833333333333333e-3 contacts=2 outcome=Release(9.80797687675291e-6)
EVENT elapsed=1.53402065853405e-3 trial=5.387646012538661e-9 nominal=2.0833333333333333e-3 contacts=2 outcome=Complete { arrived: false, drive_impulses: [(1, 6.465175049076968e-5), (2, -1.616293744324011e-5), (4, -6.465175049076968e-5), (5, -3.008491881610353e-6), (7, -1.616293744324011e-5), (9, 1.616293744324011e-5)] }
EVENT elapsed=1.5340260461800626e-3 trial=5.493072871532707e-4 nominal=2.0833333333333333e-3 contacts=2 outcome=Release(8.523275159682163e-6)
EVENT elapsed=1.5340260461800626e-3 trial=4.68189715562587e-9 nominal=2.0833333333333333e-3 contacts=2 outcome=Complete { arrived: false, drive_impulses: [(1, 5.618276442522605e-5), (2, -1.404569095036136e-5), (4, -5.618276442522605e-5), (5, -2.6143976579037128e-6), (7, -1.404569095036136e-5), (9, 1.404569095036136e-5)] }
EVENT elapsed=1.5340307280772181e-3 trial=5.493026052561152e-4 nominal=2.0833333333333333e-3 contacts=2 outcome=Release(7.406870913873401e-6)
EVENT elapsed=1.5340307280772181e-3 trial=4.068613489786402e-9 nominal=2.0833333333333333e-3 contacts=2 outcome=Complete { arrived: false, drive_impulses: [(1, 4.882336062407787e-5), (2, -1.2205840020501637e-5), (4, -4.882336062407787e-5), (5, -2.271936536377544e-6), (7, -1.2205840020501637e-5), (9, 1.2205840020501637e-5)] }
EVENT elapsed=1.5340347966907079e-3 trial=5.492985366426254e-4 nominal=2.0833333333333333e-3 contacts=2 outcome=Release(6.4366987686998494e-6)
EVENT elapsed=1.5340347966907079e-3 trial=3.5356692144562164e-9 nominal=2.0833333333333333e-3 contacts=2 outcome=Complete { arrived: false, drive_impulses: [(1, 4.2428029484292084e-5), (2, -1.0607007253306554e-5), (4, -4.2428029484292084e-5), (5, -1.9743374090652355e-6), (7, -1.0607007253306554e-5), (9, 1.0607007253306554e-5)] }
EVENT elapsed=1.5340383323599223e-3 trial=5.49295000973411e-4 nominal=2.0833333333333333e-3 contacts=2 outcome=Release(5.593610160303846e-6)
EVENT elapsed=1.5340383323599223e-3 trial=3.0725420984489827e-9 nominal=2.0833333333333333e-3 contacts=2 outcome=Complete { arrived: false, drive_impulses: [(1, 3.6870504234874155e-5), (2, -9.217625956377965e-6), (4, -3.6870504234874155e-5), (5, -1.7157246140511992e-6), (7, -9.217625956377965e-6), (9, 9.217625956377965e-6)] }
EVENT elapsed=1.5340414049020206e-3 trial=5.492919284313127e-4 nominal=2.0833333333333333e-3 contacts=2 outcome=Release(4.860947098460224e-6)
EVENT elapsed=1.5340414049020206e-3 trial=2.6700790057158102e-9 nominal=2.0833333333333333e-3 contacts=2 outcome=Complete { arrived: false, drive_impulses: [(1, 3.204094724605707e-5), (2, -8.01023672257898e-6), (4, -3.204094724605707e-5), (5, -1.4909869441058722e-6), (7, -8.01023672257898e-6), (9, 8.01023672257898e-6)] }

thread 'joint_machine::tests::terrain_ticks::saved_car::saved_car_cold_drop_remains_bounded_through_settling' (11097743) panicked at crates/mechanic-physics/src/joint_machine/tests/terrain_ticks/saved_car.rs:279:9:
tick=6 result=Err(NotConverged) diagnostics=JointTickDiagnostics { published: false, attempts: 4, substeps: 8, factorizations: 775, dynamics_assemblies: 7193, response_preparation_solves: 7840, constraint_factor_solves: 3077, force_factor_solves: 6154, position_factor_solves: 0, force_iterations: 3077, constraint_iterations: 7870, constraint_rows_prepared: 7840, surface_points: 740, surface_manifolds: 740, terrain_contact_queries: 922, terrain_contact_query_failures: 0, terrain_path_queries: 604, terrain_correction_paths: 0, terrain_path_poses: 127934, terrain_envelopes: 43248, terrain_certified_intervals: 43248, terrain_chunk_candidates: 63790, terrain_triangle_candidates: 127580, terrain_path_rejections: 286, terrain_sweep_queries: 604, terrain_sweep_query_failures: 0, terrain_envelope_query_failures: 0, terrain_separation_evaluations: 82726, terrain_initial_contact_evaluations: 82144, terrain_linear_sweep_evaluations: 0, terrain_quadratic_sweep_evaluations: 3118, terrain_velocity_evaluations: 3118, terrain_impact_holds: 4, event_trials: 690, event_refinements: 286, event_localizations: 201, release_refinements: 86, joint_stop_refinements: 0, last_joint_stop_coordinate: None, released_surface_points: 184, accepted_intervals: 47, accepted_seconds: 0.005700710741647692, impact_attempts: 85, impact_events: 85, impact_rows_prepared: 530, impact_factor_solves: 615, impact_iterations: 217, newton_attempts: 7845, newton_accepts: 7845, newton_applications: 0, newton_local_factorizations: 0, newton_generalized_factorizations: 0, newton_reduced_storage: 0, newton_contact_factorizations: 7845, newton_contact_storage: 256, newton_line_searches: 8012, constraint_active_set_trials: 0, constraint_active_set_trial_rejections: 0, constraint_warm_start_restarts: 0, constraint_active_set_trial_matrix_storage: 0, residual: 9.82788108054294e-9, force_velocity_residual: 0.09959080051743457, constraint_velocity_residual: 9.994764557758993e-10, impact_velocity_residual: 7.594034301129322e-10, drive_impulses: [0.0, 0.2434203908492216, -0.1488573080416475, 0.0, -0.6713399786389075, -0.19423981324976286, 0.0, -4.806306737862146, 0.0, -0.7541557230208875] }
note: run with `RUST_BACKTRACE=1` environment variable to display a backtrace
test joint_machine::tests::terrain_ticks::saved_car::saved_car_cold_drop_remains_bounded_through_settling ... FAILED

failures:

failures:
    joint_machine::tests::terrain_ticks::saved_car::saved_car_cold_drop_remains_bounded_through_settling

test result: FAILED. 0 passed; 1 failed; 0 ignored; 0 measured; 103 filtered out; finished in 1.82s

error: test failed, to rerun pass `-p mechanic-physics --lib`
