   Compiling mechanic-physics v0.1.0 (/Users/jens/repos/mechanic/crates/mechanic-physics)
    Finished `test` profile [optimized + debuginfo] target(s) in 1.81s
     Running unittests src/lib.rs (target/debug/deps/mechanic_physics-ced37d44e4e3378f)

running 1 test
trial=0 elapsed=0e0 dt=1.6666666666666666e-2 nominal=1.6666666666666666e-2 outcome=Refine(TerrainSweepHit { collider: 31, node: TerrainNodeId { coordinates: BrickCoord { x: -67108864, y: -67108864, z: -67108864 }, level: 27 }, triangle: 1, fraction: 0.7349788693579988, separation: 2.220446049250313e-16 })
trial=1 elapsed=0e0 dt=1.2249647822633315e-2 nominal=1.6666666666666666e-2 outcome=complete false
trial=2 elapsed=0e0 dt=1.445815724464999e-2 nominal=1.6666666666666666e-2 outcome=Refine(TerrainSweepHit { collider: 31, node: TerrainNodeId { coordinates: BrickCoord { x: -67108864, y: -67108864, z: -67108864 }, level: 27 }, triangle: 1, fraction: 0.8495027417085231, separation: 1.6653345369377348e-16 })
trial=3 elapsed=0e0 dt=1.2470498764834982e-2 nominal=1.6666666666666666e-2 outcome=Refine(TerrainSweepHit { collider: 31, node: TerrainNodeId { coordinates: BrickCoord { x: -67108864, y: -67108864, z: -67108864 }, level: 27 }, triangle: 1, fraction: 0.9872684235642222, separation: 2.7755575615628914e-16 })
trial=4 elapsed=0e0 dt=1.2311729656618212e-2 nominal=1.6666666666666666e-2 outcome=complete false
trial=5 elapsed=0e0 dt=1.2391114210726598e-2 nominal=1.6666666666666666e-2 outcome=Refine(TerrainSweepHit { collider: 31, node: TerrainNodeId { coordinates: BrickCoord { x: -67108864, y: -67108864, z: -67108864 }, level: 27 }, triangle: 1, fraction: 0.9936887029162875, separation: 1.6653345369377348e-16 })
trial=6 elapsed=0e0 dt=1.231966811202905e-2 nominal=1.6666666666666666e-2 outcome=Refine(TerrainSweepHit { collider: 31, node: TerrainNodeId { coordinates: BrickCoord { x: -67108864, y: -67108864, z: -67108864 }, level: 27 }, triangle: 1, fraction: 0.9995377136276247, separation: 1.1102230246251565e-16 })
trial=7 elapsed=0e0 dt=1.2313972897348672e-2 nominal=1.6666666666666666e-2 outcome=complete false
trial=8 elapsed=0e0 dt=1.2316820504688861e-2 nominal=1.6666666666666666e-2 outcome=Refine(TerrainSweepHit { collider: 31, node: TerrainNodeId { coordinates: BrickCoord { x: -67108864, y: -67108864, z: -67108864 }, level: 27 }, triangle: 1, fraction: 0.9997722425025954, separation: 3.3306690738754696e-16 })
trial=9 elapsed=0e0 dt=1.2314257658082691e-2 nominal=1.6666666666666666e-2 outcome=Refine(TerrainSweepHit { collider: 31, node: TerrainNodeId { coordinates: BrickCoord { x: -67108864, y: -67108864, z: -67108864 }, level: 27 }, triangle: 1, fraction: 0.9999834112497106, separation: 2.220446049250313e-16 })
trial=10 elapsed=0e0 dt=1.2314053379937401e-2 nominal=1.6666666666666666e-2 outcome=complete false
trial=11 elapsed=0e0 dt=1.2314155519010047e-2 nominal=1.6666666666666666e-2 outcome=Refine(TerrainSweepHit { collider: 31, node: TerrainNodeId { coordinates: BrickCoord { x: -67108864, y: -67108864, z: -67108864 }, level: 27 }, triangle: 1, fraction: 0.9999918289399321, separation: 2.220446049250313e-16 })
trial=12 elapsed=0e0 dt=1.2314063593844666e-2 nominal=1.6666666666666666e-2 outcome=Refine(TerrainSweepHit { collider: 31, node: TerrainNodeId { coordinates: BrickCoord { x: -67108864, y: -67108864, z: -67108864 }, level: 27 }, triangle: 1, fraction: 0.9999994049805483, separation: 2.220446049250313e-16 })
trial=13 elapsed=0e0 dt=1.2314056266737297e-2 nominal=1.6666666666666666e-2 outcome=complete false
trial=14 elapsed=0e0 dt=1.2314059930290982e-2 nominal=1.6666666666666666e-2 outcome=Refine(TerrainSweepHit { collider: 31, node: TerrainNodeId { coordinates: BrickCoord { x: -67108864, y: -67108864, z: -67108864 }, level: 27 }, triangle: 1, fraction: 0.9999997069157887, separation: 4.440892098500626e-16 })
trial=15 elapsed=0e0 dt=1.2314056633092665e-2 nominal=1.6666666666666666e-2 outcome=Refine(TerrainSweepHit { collider: 31, node: TerrainNodeId { coordinates: BrickCoord { x: -67108864, y: -67108864, z: -67108864 }, level: 27 }, triangle: 1, fraction: 0.9999999786576623, separation: 2.220446049250313e-16 })
trial=16 elapsed=0e0 dt=1.2314056370281911e-2 nominal=1.6666666666666666e-2 outcome=complete false
trial=17 elapsed=0e0 dt=1.231405650168729e-2 nominal=1.6666666666666666e-2 outcome=Refine(TerrainSweepHit { collider: 31, node: TerrainNodeId { coordinates: BrickCoord { x: -67108864, y: -67108864, z: -67108864 }, level: 27 }, triangle: 1, fraction: 0.99999998948757, separation: 2.220446049250313e-16 })
trial=18 elapsed=0e0 dt=1.2314056383422449e-2 nominal=1.6666666666666666e-2 outcome=Refine(TerrainSweepHit { collider: 31, node: TerrainNodeId { coordinates: BrickCoord { x: -67108864, y: -67108864, z: -67108864 }, level: 27 }, triangle: 1, fraction: 0.9999999992344861, separation: 2.220446049250313e-16 })
trial=19 elapsed=0e0 dt=1.2314056373995868e-2 nominal=1.6666666666666666e-2 outcome=complete false
trial=20 elapsed=0e0 dt=1.2314056378709158e-2 nominal=1.6666666666666666e-2 outcome=Refine(TerrainSweepHit { collider: 31, node: TerrainNodeId { coordinates: BrickCoord { x: -67108864, y: -67108864, z: -67108864 }, level: 27 }, triangle: 1, fraction: 0.9999999996229363, separation: 2.220446049250313e-16 })
trial=21 elapsed=0e0 dt=1.2314056374467197e-2 nominal=1.6666666666666666e-2 outcome=Refine(TerrainSweepHit { collider: 31, node: TerrainNodeId { coordinates: BrickCoord { x: -67108864, y: -67108864, z: -67108864 }, level: 27 }, triangle: 1, fraction: 0.9999999999725411, separation: 4.440892098500626e-16 })
trial=22 elapsed=0e0 dt=1.2314056374129067e-2 nominal=1.6666666666666666e-2 outcome=complete false
trial=23 elapsed=1.2314056374129067e-2 dt=4.3526102925376e-3 nominal=1.6666666666666666e-2 outcome=Refine(TerrainSweepHit { collider: 5, node: TerrainNodeId { coordinates: BrickCoord { x: -67108864, y: -67108864, z: -67108864 }, level: 27 }, triangle: 1, fraction: 1.3906957363474248e-7, separation: 1.1102230246251565e-16 })
trial=24 elapsed=1.2314056374129067e-2 dt=6.053156575813958e-10 nominal=1.6666666666666666e-2 outcome=complete false
trial=25 elapsed=1.2314056374129067e-2 dt=2.1763054489266284e-3 nominal=1.6666666666666666e-2 outcome=Refine(TerrainSweepHit { collider: 5, node: TerrainNodeId { coordinates: BrickCoord { x: -67108864, y: -67108864, z: -67108864 }, level: 27 }, triangle: 1, fraction: 2.789851798468135e-7, separation: 1.1102230246251565e-16 })
trial=26 elapsed=1.2314056374129067e-2 dt=2.176310896767547e-4 nominal=1.6666666666666666e-2 outcome=Refine(TerrainSweepHit { collider: 5, node: TerrainNodeId { coordinates: BrickCoord { x: -67108864, y: -67108864, z: -67108864 }, level: 27 }, triangle: 1, fraction: 2.7926250574239475e-6, separation: 5.551115123125783e-17 })
trial=27 elapsed=1.2314056374129067e-2 dt=2.1763653751767292e-5 nominal=1.6666666666666666e-2 outcome=Refine(TerrainSweepHit { collider: 5, node: TerrainNodeId { coordinates: BrickCoord { x: -67108864, y: -67108864, z: -67108864 }, level: 27 }, triangle: 1, fraction: 2.7920745246490242e-5, separation: 0.0 })
trial=28 elapsed=1.2314056374129067e-2 dt=2.1769101592685526e-6 nominal=1.6666666666666666e-2 outcome=Refine(TerrainSweepHit { collider: 5, node: TerrainNodeId { coordinates: BrickCoord { x: -67108864, y: -67108864, z: -67108864 }, level: 27 }, triangle: 1, fraction: 0.0002791327761784146, separation: 1.1102230246251565e-16 })
trial=29 elapsed=1.2314056374129067e-2 dt=2.1823580001867854e-7 nominal=1.6666666666666666e-2 outcome=Refine(TerrainSweepHit { collider: 5, node: TerrainNodeId { coordinates: BrickCoord { x: -67108864, y: -67108864, z: -67108864 }, level: 27 }, triangle: 1, fraction: 0.0027843549538921764, separation: -1.6653345369377348e-16 })
trial=30 elapsed=1.2314056374129067e-2 dt=2.236836409369111e-8 nominal=1.6666666666666666e-2 outcome=Refine(TerrainSweepHit { collider: 5, node: TerrainNodeId { coordinates: BrickCoord { x: -67108864, y: -67108864, z: -67108864 }, level: 27 }, triangle: 1, fraction: 0.0271654119997784, separation: 5.551115123125783e-17 })
trial=31 elapsed=1.2314056374129067e-2 dt=2.7816205011923675e-9 nominal=1.6666666666666666e-2 outcome=Refine(TerrainSweepHit { collider: 5, node: TerrainNodeId { coordinates: BrickCoord { x: -67108864, y: -67108864, z: -67108864 }, level: 27 }, triangle: 1, fraction: 0.21845029386734538, separation: 1.6653345369377348e-16 })
trial=32 elapsed=1.2314056374129067e-2 dt=8.22946141942493e-10 nominal=1.6666666666666666e-2 outcome=Refine(TerrainSweepHit { collider: 5, node: TerrainNodeId { coordinates: BrickCoord { x: -67108864, y: -67108864, z: -67108864 }, level: 27 }, triangle: 1, fraction: 0.7383785935654181, separation: 1.1102230246251565e-16 })
trial=33 elapsed=1.2314056374129067e-2 dt=6.270787060175056e-10 nominal=1.6666666666666666e-2 outcome=Refine(TerrainSweepHit { collider: 5, node: TerrainNodeId { coordinates: BrickCoord { x: -67108864, y: -67108864, z: -67108864 }, level: 27 }, triangle: 1, fraction: 0.9690104430783997, separation: 1.1102230246251565e-16 })
trial=34 elapsed=1.2314056374129067e-2 dt=6.076458147630526e-10 nominal=1.6666666666666666e-2 outcome=complete true
trial=35 elapsed=1.2314056981774882e-2 dt=4.352609684891784e-3 nominal=1.6666666666666666e-2 outcome=Refine(TerrainSweepHit { collider: 40, node: TerrainNodeId { coordinates: BrickCoord { x: -67108864, y: -67108864, z: -67108864 }, level: 27 }, triangle: 1, fraction: 9.040348913913476e-9, separation: 1.1102230246251565e-16 })
trial=36 elapsed=1.2314056981774882e-2 dt=3.934911023750072e-11 nominal=1.6666666666666666e-2 outcome=complete false
trial=37 elapsed=1.2314056981774882e-2 dt=2.1763048621204475e-3 nominal=1.6666666666666666e-2 outcome=Refine(TerrainSweepHit { collider: 40, node: TerrainNodeId { coordinates: BrickCoord { x: -67108864, y: -67108864, z: -67108864 }, level: 27 }, triangle: 1, fraction: 1.815172723240721e-8, separation: 0.0 })
trial=38 elapsed=1.2314056981774882e-2 dt=2.1763052162624395e-4 nominal=1.6666666666666666e-2 outcome=Refine(TerrainSweepHit { collider: 40, node: TerrainNodeId { coordinates: BrickCoord { x: -67108864, y: -67108864, z: -67108864 }, level: 27 }, triangle: 1, fraction: 1.82122640524085e-7, separation: -1.6653345369377348e-16 })
trial=39 elapsed=1.2314056981774882e-2 dt=2.176308757682361e-5 nominal=1.6666666666666666e-2 outcome=Refine(TerrainSweepHit { collider: 40, node: TerrainNodeId { coordinates: BrickCoord { x: -67108864, y: -67108864, z: -67108864 }, level: 27 }, triangle: 1, fraction: 1.8210540915220008e-6, separation: -5.551115123125783e-17 })
trial=40 elapsed=1.2314056981774882e-2 dt=2.1763441718815746e-6 nominal=1.6666666666666666e-2 outcome=Refine(TerrainSweepHit { collider: 40, node: TerrainNodeId { coordinates: BrickCoord { x: -67108864, y: -67108864, z: -67108864 }, level: 27 }, triangle: 1, fraction: 1.821007962732324e-5, separation: -1.1102230246251565e-16 })
trial=41 elapsed=1.2314056981774882e-2 dt=2.1766983138737123e-7 nominal=1.6666666666666666e-2 outcome=Refine(TerrainSweepHit { collider: 40, node: TerrainNodeId { coordinates: BrickCoord { x: -67108864, y: -67108864, z: -67108864 }, level: 27 }, triangle: 1, fraction: 0.00018207100408673682, separation: 1.6653345369377348e-16 })
trial=42 elapsed=1.2314056981774882e-2 dt=2.1802397337950873e-8 nominal=1.6666666666666666e-2 outcome=Refine(TerrainSweepHit { collider: 40, node: TerrainNodeId { coordinates: BrickCoord { x: -67108864, y: -67108864, z: -67108864 }, level: 27 }, triangle: 1, fraction: 0.0018177524496394426, separation: -1.1102230246251565e-16 })
trial=43 elapsed=1.2314056981774882e-2 dt=2.2156539330088383e-9 nominal=1.6666666666666666e-2 outcome=Refine(TerrainSweepHit { collider: 40, node: TerrainNodeId { coordinates: BrickCoord { x: -67108864, y: -67108864, z: -67108864 }, level: 27 }, triangle: 1, fraction: 0.017886981454804385, separation: -1.1102230246251565e-16 })
trial=44 elapsed=1.2314056981774882e-2 dt=2.569795925146345e-10 nominal=1.6666666666666666e-2 outcome=Refine(TerrainSweepHit { collider: 40, node: TerrainNodeId { coordinates: BrickCoord { x: -67108864, y: -67108864, z: -67108864 }, level: 27 }, triangle: 1, fraction: 0.15421987554059768, separation: -1.1102230246251565e-16 })
trial=45 elapsed=1.2314056981774882e-2 dt=6.111215846521411e-11 nominal=1.6666666666666666e-2 outcome=Refine(TerrainSweepHit { collider: 40, node: TerrainNodeId { coordinates: BrickCoord { x: -67108864, y: -67108864, z: -67108864 }, level: 27 }, triangle: 1, fraction: 0.6485020618777213, separation: -1.1102230246251565e-16 })
trial=46 elapsed=1.2314056981774882e-2 dt=4.152541506027206e-11 nominal=1.6666666666666666e-2 outcome=Refine(TerrainSweepHit { collider: 40, node: TerrainNodeId { coordinates: BrickCoord { x: -67108864, y: -67108864, z: -67108864 }, level: 27 }, triangle: 1, fraction: 0.9543880708382417, separation: -1.1102230246251565e-16 })
trial=47 elapsed=1.2314056981774882e-2 dt=3.963136077013032e-11 nominal=1.6666666666666666e-2 outcome=complete true
trial=48 elapsed=1.2314057021406243e-2 dt=4.3526096452604236e-3 nominal=1.6666666666666666e-2 outcome=complete false
trial=0 elapsed=0e0 dt=1.6666666666666666e-2 nominal=1.6666666666666666e-2 outcome=JointStop(StopHit { coordinate: 6, fraction: 0.3569166206560856 })
trial=1 elapsed=0e0 dt=5.948610344268093e-3 nominal=1.6666666666666666e-2 outcome=JointStop(StopHit { coordinate: 6, fraction: 0.7064485462766011 })
trial=2 elapsed=0e0 dt=4.202387130074146e-3 nominal=1.6666666666666666e-2 outcome=JointStop(StopHit { coordinate: 0, fraction: 0.9850815793395751 })
trial=3 elapsed=0e0 dt=4.139694151089744e-3 nominal=1.6666666666666666e-2 outcome=JointStop(StopHit { coordinate: 0, fraction: 0.9994303021384975 })
trial=4 elapsed=0e0 dt=4.137335776184594e-3 nominal=1.6666666666666666e-2 outcome=JointStop(StopHit { coordinate: 0, fraction: 0.9999785816859832 })
trial=5 elapsed=0e0 dt=4.137247161427746e-3 nominal=1.6666666666666666e-2 outcome=JointStop(StopHit { coordinate: 0, fraction: 0.999999195235254 })
trial=6 elapsed=0e0 dt=4.137243831917085e-3 nominal=1.6666666666666666e-2 outcome=JointStop(StopHit { coordinate: 0, fraction: 0.9999999697627046 })
trial=7 elapsed=0e0 dt=4.137243706818021e-3 nominal=1.6666666666666666e-2 outcome=complete true
trial=8 elapsed=4.137243706818021e-3 dt=1.2529422959848645e-2 nominal=1.6666666666666666e-2 outcome=JointStop(StopHit { coordinate: 6, fraction: 0.0003859237939796264 })
trial=9 elapsed=4.137243706818021e-3 dt=4.83540244504023e-6 nominal=1.6666666666666666e-2 outcome=JointStop(StopHit { coordinate: 6, fraction: 0.777717616640245 })
trial=10 elapsed=4.137243706818021e-3 dt=3.7605776650531003e-6 nominal=1.6666666666666666e-2 outcome=JointStop(StopHit { coordinate: 6, fraction: 0.9999831823816782 })
trial=11 elapsed=4.137243706818021e-3 dt=3.76051442109326e-6 nominal=1.6666666666666666e-2 outcome=complete true
trial=12 elapsed=4.141004221239115e-3 dt=1.2525662445427552e-2 nominal=1.6666666666666666e-2 outcome=JointStop(StopHit { coordinate: 8, fraction: 0.03636853917907784 })
trial=13 elapsed=4.141004221239115e-3 dt=4.555400453904359e-4 nominal=1.6666666666666666e-2 outcome=JointStop(StopHit { coordinate: 8, fraction: 0.708784272350198 })
trial=14 elapsed=4.141004221239115e-3 dt=3.228796195984363e-4 nominal=1.6666666666666666e-2 outcome=JointStop(StopHit { coordinate: 8, fraction: 0.9981388494897738 })
trial=15 elapsed=4.141004221239115e-3 dt=3.22278692029679e-4 nominal=1.6666666666666666e-2 outcome=JointStop(StopHit { coordinate: 8, fraction: 0.999991791011118 })
trial=16 elapsed=4.141004221239115e-3 dt=3.2227604644747925e-4 nominal=1.6666666666666666e-2 outcome=JointStop(StopHit { coordinate: 8, fraction: 0.9999999638642556 })
trial=17 elapsed=4.141004221239115e-3 dt=3.222760348017944e-4 nominal=1.6666666666666666e-2 outcome=complete true
trial=18 elapsed=4.463280256040909e-3 dt=1.2203386410625757e-2 nominal=1.6666666666666666e-2 outcome=JointStop(StopHit { coordinate: 6, fraction: 0.00026465023496980973 })
trial=19 elapsed=4.463280256040909e-3 dt=3.2296290809994896e-6 nominal=1.6666666666666666e-2 outcome=JointStop(StopHit { coordinate: 6, fraction: 0.6302112161161215 })
trial=20 elapsed=4.463280256040909e-3 dt=2.0353484707406804e-6 nominal=1.6666666666666666e-2 outcome=complete true
trial=21 elapsed=4.46531560451165e-3 dt=1.2201351062155016e-2 nominal=1.6666666666666666e-2 outcome=JointStop(StopHit { coordinate: 0, fraction: 0.044857659834594374 })
trial=22 elapsed=4.46531560451165e-3 dt=5.473240554686164e-4 nominal=1.6666666666666666e-2 outcome=JointStop(StopHit { coordinate: 0, fraction: 0.5046460795175742 })
trial=23 elapsed=4.46531560451165e-3 dt=2.7620493881789663e-4 nominal=1.6666666666666666e-2 outcome=JointStop(StopHit { coordinate: 0, fraction: 0.9887473782691841 })
trial=24 elapsed=4.46531560451165e-3 dt=2.730969091211957e-4 nominal=1.6666666666666666e-2 outcome=JointStop(StopHit { coordinate: 0, fraction: 0.9998729056035853 })
trial=25 elapsed=4.46531560451165e-3 dt=2.730622000343682e-4 nominal=1.6666666666666666e-2 outcome=JointStop(StopHit { coordinate: 0, fraction: 0.9999985809086456 })
trial=26 elapsed=4.46531560451165e-3 dt=2.7306181253416095e-4 nominal=1.6666666666666666e-2 outcome=complete true
trial=27 elapsed=4.738377417045811e-3 dt=1.1928289249620855e-2 nominal=1.6666666666666666e-2 outcome=release 0.8445328879704906
trial=28 elapsed=4.738377417045811e-3 dt=5.964144624810428e-3 nominal=1.6666666666666666e-2 outcome=JointStop(StopHit { coordinate: 8, fraction: 0.0009848832691074006 })
trial=29 elapsed=4.738377417045811e-3 dt=5.873986255512625e-6 nominal=1.6666666666666666e-2 outcome=JointStop(StopHit { coordinate: 8, fraction: 0.30545026585200036 })
trial=30 elapsed=4.738377417045811e-3 dt=1.7942106633573274e-6 nominal=1.6666666666666666e-2 outcome=JointStop(StopHit { coordinate: 8, fraction: 0.999831806269012 })
trial=31 elapsed=4.738377417045811e-3 dt=1.7939088883716788e-6 nominal=1.6666666666666666e-2 outcome=complete true
trial=32 elapsed=4.740171325934183e-3 dt=1.1926495340732483e-2 nominal=1.6666666666666666e-2 outcome=JointStop(StopHit { coordinate: 3, fraction: 0.013794575492376298 })
trial=33 elapsed=4.740171325934183e-3 dt=1.645209403372084e-4 nominal=1.6666666666666666e-2 outcome=JointStop(StopHit { coordinate: 0, fraction: 4.4098451302112125e-6 })
trial=34 elapsed=4.740171325934183e-3 dt=7.25511867563808e-10 nominal=1.6666666666666666e-2 outcome=complete true
trial=35 elapsed=4.7401720514460505e-3 dt=1.1926494615220617e-2 nominal=1.6666666666666666e-2 outcome=JointStop(StopHit { coordinate: 3, fraction: 0.013861976669165419 })
trial=36 elapsed=4.7401720514460505e-3 dt=1.6532479010111518e-4 nominal=1.6666666666666666e-2 outcome=JointStop(StopHit { coordinate: 3, fraction: 0.6673563195531732 })
trial=37 elapsed=4.7401720514460505e-3 dt=1.103305434527811e-4 nominal=1.6666666666666666e-2 outcome=JointStop(StopHit { coordinate: 3, fraction: 0.9989634180672885 })
trial=38 elapsed=4.7401720514460505e-3 dt=1.1021617680481171e-4 nominal=1.6666666666666666e-2 outcome=JointStop(StopHit { coordinate: 3, fraction: 0.9999978594745934 })
trial=39 elapsed=4.7401720514460505e-3 dt=1.1021594088428504e-4 nominal=1.6666666666666666e-2 outcome=complete true
trial=40 elapsed=4.850387992330335e-3 dt=1.1816278674336331e-2 nominal=1.6666666666666666e-2 outcome=JointStop(StopHit { coordinate: 6, fraction: 0.006612803832891009 })
trial=41 elapsed=4.850387992330335e-3 dt=7.813873290815958e-5 nominal=1.6666666666666666e-2 outcome=JointStop(StopHit { coordinate: 0, fraction: 0.020524908357757138 })
trial=42 elapsed=4.850387992330335e-3 dt=1.6037903321312372e-6 nominal=1.6666666666666666e-2 outcome=JointStop(StopHit { coordinate: 0, fraction: 0.9960302133547546 })
trial=43 elapsed=4.850387992330335e-3 dt=1.597423626688969e-6 nominal=1.6666666666666666e-2 outcome=complete true
trial=44 elapsed=4.8519854159570245e-3 dt=1.1814681250709641e-2 nominal=1.6666666666666666e-2 outcome=JointStop(StopHit { coordinate: 6, fraction: 0.006815285065233212 })
trial=45 elapsed=4.8519854159570245e-3 dt=8.052042067845226e-5 nominal=1.6666666666666666e-2 outcome=JointStop(StopHit { coordinate: 6, fraction: 0.48802674196253437 })
trial=46 elapsed=4.8519854159570245e-3 dt=3.929611856515774e-5 nominal=1.6666666666666666e-2 outcome=JointStop(StopHit { coordinate: 6, fraction: 0.9981392093186056 })
trial=47 elapsed=4.8519854159570245e-3 dt=3.922299671391672e-5 nominal=1.6666666666666666e-2 outcome=JointStop(StopHit { coordinate: 6, fraction: 0.9999967047826456 })
trial=48 elapsed=4.8519854159570245e-3 dt=3.922286746561726e-5 nominal=1.6666666666666666e-2 outcome=complete true
trial=49 elapsed=4.8912082834226414e-3 dt=1.1775458383244026e-2 nominal=1.6666666666666666e-2 outcome=Refine(TerrainSweepHit { collider: 67, node: TerrainNodeId { coordinates: BrickCoord { x: -67108864, y: -67108864, z: -67108864 }, level: 27 }, triangle: 1, fraction: 0.9040641590245934, separation: -2.7755575615628914e-16 })
trial=50 elapsed=4.8912082834226414e-3 dt=1.0645769880376608e-2 nominal=1.6666666666666666e-2 outcome=complete false
trial=51 elapsed=4.8912082834226414e-3 dt=1.1210614131810317e-2 nominal=1.6666666666666666e-2 outcome=Refine(TerrainSweepHit { collider: 67, node: TerrainNodeId { coordinates: BrickCoord { x: -67108864, y: -67108864, z: -67108864 }, level: 27 }, triangle: 1, fraction: 0.9507212560491359, separation: -1.1102230246251565e-16 })
trial=52 elapsed=4.8912082834226414e-3 dt=1.0702254305519979e-2 nominal=1.6666666666666666e-2 outcome=Refine(TerrainSweepHit { collider: 67, node: TerrainNodeId { coordinates: BrickCoord { x: -67108864, y: -67108864, z: -67108864 }, level: 27 }, triangle: 1, fraction: 0.9969550100500767, separation: 2.7755575615628914e-16 })
trial=53 elapsed=4.8912082834226414e-3 dt=1.0669666048718147e-2 nominal=1.6666666666666666e-2 outcome=complete false
trial=54 elapsed=4.8912082834226414e-3 dt=1.0685960177119064e-2 nominal=1.6666666666666666e-2 outcome=Refine(TerrainSweepHit { collider: 67, node: TerrainNodeId { coordinates: BrickCoord { x: -67108864, y: -67108864, z: -67108864 }, level: 27 }, triangle: 1, fraction: 0.9985101668370012, separation: -5.551115123125783e-17 })
trial=55 elapsed=4.8912082834226414e-3 dt=1.0671295461558239e-2 nominal=1.6666666666666666e-2 outcome=Refine(TerrainSweepHit { collider: 67, node: TerrainNodeId { coordinates: BrickCoord { x: -67108864, y: -67108864, z: -67108864 }, level: 27 }, triangle: 1, fraction: 0.9999138950911609, separation: 5.551115123125783e-17 })
trial=56 elapsed=4.8912082834226414e-3 dt=1.0670376610635326e-2 nominal=1.6666666666666666e-2 outcome=complete false
trial=57 elapsed=4.8912082834226414e-3 dt=1.0670836036096781e-2 nominal=1.6666666666666666e-2 outcome=Refine(TerrainSweepHit { collider: 67, node: TerrainNodeId { coordinates: BrickCoord { x: -67108864, y: -67108864, z: -67108864 }, level: 27 }, triangle: 1, fraction: 0.9999579347127333, separation: -1.6653345369377348e-16 })
trial=58 elapsed=4.8912082834226414e-3 dt=1.0670422553181472e-2 nominal=1.6666666666666666e-2 outcome=Refine(TerrainSweepHit { collider: 67, node: TerrainNodeId { coordinates: BrickCoord { x: -67108864, y: -67108864, z: -67108864 }, level: 27 }, triangle: 1, fraction: 0.9999975736357304, separation: 2.7755575615628914e-16 })
trial=59 elapsed=4.8912082834226414e-3 dt=1.0670396662849448e-2 nominal=1.6666666666666666e-2 outcome=complete false
trial=60 elapsed=4.8912082834226414e-3 dt=1.067040960801546e-2 nominal=1.6666666666666666e-2 outcome=Refine(TerrainSweepHit { collider: 67, node: TerrainNodeId { coordinates: BrickCoord { x: -67108864, y: -67108864, z: -67108864 }, level: 27 }, triangle: 1, fraction: 0.9999988146859968, separation: 1.6653345369377348e-16 })
trial=61 elapsed=4.8912082834226414e-3 dt=1.067039795736605e-2 nominal=1.6666666666666666e-2 outcome=Refine(TerrainSweepHit { collider: 67, node: TerrainNodeId { coordinates: BrickCoord { x: -67108864, y: -67108864, z: -67108864 }, level: 27 }, triangle: 1, fraction: 0.9999999316338204, separation: -1.1102230246251565e-16 })
trial=62 elapsed=4.8912082834226414e-3 dt=1.0670397227871706e-2 nominal=1.6666666666666666e-2 outcome=complete false
trial=63 elapsed=4.8912082834226414e-3 dt=1.0670397592618877e-2 nominal=1.6666666666666666e-2 outcome=Refine(TerrainSweepHit { collider: 67, node: TerrainNodeId { coordinates: BrickCoord { x: -67108864, y: -67108864, z: -67108864 }, level: 27 }, triangle: 1, fraction: 0.9999999666021736, separation: -5.551115123125783e-17 })
trial=64 elapsed=4.8912082834226414e-3 dt=1.0670397264346423e-2 nominal=1.6666666666666666e-2 outcome=Refine(TerrainSweepHit { collider: 67, node: TerrainNodeId { coordinates: BrickCoord { x: -67108864, y: -67108864, z: -67108864 }, level: 27 }, triangle: 1, fraction: 0.9999999980736861, separation: -1.6653345369377348e-16 })
trial=65 elapsed=4.8912082834226414e-3 dt=1.067039724379189e-2 nominal=1.6666666666666666e-2 outcome=complete false
trial=66 elapsed=4.8912082834226414e-3 dt=1.0670397254069156e-2 nominal=1.6666666666666666e-2 outcome=Refine(TerrainSweepHit { collider: 67, node: TerrainNodeId { coordinates: BrickCoord { x: -67108864, y: -67108864, z: -67108864 }, level: 27 }, triangle: 1, fraction: 0.9999999990589735, separation: 5.551115123125783e-17 })
trial=67 elapsed=4.8912082834226414e-3 dt=1.0670397244819616e-2 nominal=1.6666666666666666e-2 outcome=Refine(TerrainSweepHit { collider: 67, node: TerrainNodeId { coordinates: BrickCoord { x: -67108864, y: -67108864, z: -67108864 }, level: 27 }, triangle: 1, fraction: 0.9999999999457357, separation: 5.551115123125783e-17 })
trial=68 elapsed=4.8912082834226414e-3 dt=1.0670397244240595e-2 nominal=1.6666666666666666e-2 outcome=complete false
trial=69 elapsed=1.5561605527663235e-2 dt=1.1050611390034312e-3 nominal=1.6666666666666666e-2 outcome=complete false
trial=0 elapsed=0e0 dt=1.6666666666666666e-2 nominal=1.6666666666666666e-2 outcome=JointStop(StopHit { coordinate: 8, fraction: 0.5874927906092072 })
trial=1 elapsed=0e0 dt=9.791546510153454e-3 nominal=1.6666666666666666e-2 outcome=JointStop(StopHit { coordinate: 8, fraction: 0.8179702639638597 })
trial=2 elapsed=0e0 dt=8.00919388352463e-3 nominal=1.6666666666666666e-2 outcome=JointStop(StopHit { coordinate: 8, fraction: 0.9698333173858458 })
trial=3 elapsed=0e0 dt=7.767583073645117e-3 nominal=1.6666666666666666e-2 outcome=JointStop(StopHit { coordinate: 8, fraction: 0.9959132515386814 })
trial=4 elapsed=0e0 dt=7.735838915470733e-3 nominal=1.6666666666666666e-2 outcome=JointStop(StopHit { coordinate: 8, fraction: 0.9994631430100307 })
trial=5 elapsed=0e0 dt=7.731685876275686e-3 nominal=1.6666666666666666e-2 outcome=JointStop(StopHit { coordinate: 8, fraction: 0.9999297653247724 })
trial=6 elapsed=0e0 dt=7.731142843829204e-3 nominal=1.6666666666666666e-2 outcome=JointStop(StopHit { coordinate: 8, fraction: 0.9999908164602743 })
trial=7 elapsed=0e0 dt=7.731071844571773e-3 nominal=1.6666666666666666e-2 outcome=JointStop(StopHit { coordinate: 8, fraction: 0.9999987992904186 })
trial=8 elapsed=0e0 dt=7.731062561799734e-3 nominal=1.6666666666666666e-2 outcome=JointStop(StopHit { coordinate: 8, fraction: 0.9999998430136711 })
trial=9 elapsed=0e0 dt=7.731061348128603e-3 nominal=1.6666666666666666e-2 outcome=JointStop(StopHit { coordinate: 8, fraction: 0.9999999794749053 })
trial=10 elapsed=0e0 dt=7.731061189447837e-3 nominal=1.6666666666666666e-2 outcome=Refine(TerrainSweepHit { collider: 40, node: TerrainNodeId { coordinates: BrickCoord { x: -67108864, y: -67108864, z: -67108864 }, level: 27 }, triangle: 1, fraction: 0.4729771150423131, separation: 2.7755575615628914e-16 })
trial=11 elapsed=0e0 dt=3.6566150176006312e-3 nominal=1.6666666666666666e-2 outcome=complete false
trial=12 elapsed=0e0 dt=5.693838103524234e-3 nominal=1.6666666666666666e-2 outcome=Refine(TerrainSweepHit { collider: 40, node: TerrainNodeId { coordinates: BrickCoord { x: -67108864, y: -67108864, z: -67108864 }, level: 27 }, triangle: 1, fraction: 0.6510892083768013, separation: 2.7755575615628914e-16 })
trial=13 elapsed=0e0 dt=3.8603373261929916e-3 nominal=1.6666666666666666e-2 outcome=Refine(TerrainSweepHit { collider: 40, node: TerrainNodeId { coordinates: BrickCoord { x: -67108864, y: -67108864, z: -67108864 }, level: 27 }, triangle: 1, fraction: 0.9720415614632564, separation: 1.6653345369377348e-16 })
trial=14 elapsed=0e0 dt=3.7524083223275276e-3 nominal=1.6666666666666666e-2 outcome=complete false
trial=15 elapsed=0e0 dt=3.8063728242602596e-3 nominal=1.6666666666666666e-2 outcome=Refine(TerrainSweepHit { collider: 40, node: TerrainNodeId { coordinates: BrickCoord { x: -67108864, y: -67108864, z: -67108864 }, level: 27 }, triangle: 1, fraction: 0.9862043413988653, separation: 1.6653345369377348e-16 })
trial=16 elapsed=0e0 dt=3.757804772520801e-3 nominal=1.6666666666666666e-2 outcome=Refine(TerrainSweepHit { collider: 40, node: TerrainNodeId { coordinates: BrickCoord { x: -67108864, y: -67108864, z: -67108864 }, level: 27 }, triangle: 1, fraction: 0.9993002784040214, separation: 2.220446049250313e-16 })
trial=17 elapsed=0e0 dt=3.7551753553679962e-3 nominal=1.6666666666666666e-2 outcome=complete false
trial=18 elapsed=0e0 dt=3.7564900639443987e-3 nominal=1.6666666666666666e-2 outcome=Refine(TerrainSweepHit { collider: 40, node: TerrainNodeId { coordinates: BrickCoord { x: -67108864, y: -67108864, z: -67108864 }, level: 27 }, triangle: 1, fraction: 0.9996595068319992, separation: 2.7755575615628914e-16 })
trial=19 elapsed=0e0 dt=3.7553068262256364e-3 nominal=1.6666666666666666e-2 outcome=Refine(TerrainSweepHit { collider: 40, node: TerrainNodeId { coordinates: BrickCoord { x: -67108864, y: -67108864, z: -67108864 }, level: 27 }, triangle: 1, fraction: 0.9999830284516502, separation: 1.6653345369377348e-16 })
trial=20 elapsed=0e0 dt=3.755243092854267e-3 nominal=1.6666666666666666e-2 outcome=complete false
trial=21 elapsed=0e0 dt=3.7552749595399517e-3 nominal=1.6666666666666666e-2 outcome=Refine(TerrainSweepHit { collider: 40, node: TerrainNodeId { coordinates: BrickCoord { x: -67108864, y: -67108864, z: -67108864 }, level: 27 }, triangle: 1, fraction: 0.9999917442935351, separation: -2.220446049250313e-16 })
trial=22 elapsed=0e0 dt=3.7552462795228353e-3 nominal=1.6666666666666666e-2 outcome=Refine(TerrainSweepHit { collider: 40, node: TerrainNodeId { coordinates: BrickCoord { x: -67108864, y: -67108864, z: -67108864 }, level: 27 }, triangle: 1, fraction: 0.9999995886782587, separation: 0.0 })
trial=23 elapsed=0e0 dt=3.7552447349083963e-3 nominal=1.6666666666666666e-2 outcome=complete false
trial=24 elapsed=0e0 dt=3.755245507215616e-3 nominal=1.6666666666666666e-2 outcome=Refine(TerrainSweepHit { collider: 40, node: TerrainNodeId { coordinates: BrickCoord { x: -67108864, y: -67108864, z: -67108864 }, level: 27 }, triangle: 1, fraction: 0.9999997999166843, separation: 1.1102230246251565e-16 })
trial=25 elapsed=0e0 dt=3.755244812139118e-3 nominal=1.6666666666666666e-2 outcome=Refine(TerrainSweepHit { collider: 40, node: TerrainNodeId { coordinates: BrickCoord { x: -67108864, y: -67108864, z: -67108864 }, level: 27 }, triangle: 1, fraction: 0.9999999900313292, separation: 1.1102230246251565e-16 })
trial=26 elapsed=0e0 dt=3.755244774704319e-3 nominal=1.6666666666666666e-2 outcome=complete false
trial=27 elapsed=0e0 dt=3.7552447934217185e-3 nominal=1.6666666666666666e-2 outcome=Refine(TerrainSweepHit { collider: 40, node: TerrainNodeId { coordinates: BrickCoord { x: -67108864, y: -67108864, z: -67108864 }, level: 27 }, triangle: 1, fraction: 0.999999995150914, separation: 2.7755575615628914e-16 })
trial=28 elapsed=0e0 dt=3.755244776576059e-3 nominal=1.6666666666666666e-2 outcome=Refine(TerrainSweepHit { collider: 40, node: TerrainNodeId { coordinates: BrickCoord { x: -67108864, y: -67108864, z: -67108864 }, level: 27 }, triangle: 1, fraction: 0.9999999997584301, separation: -2.220446049250313e-16 })
trial=29 elapsed=0e0 dt=3.755244775668905e-3 nominal=1.6666666666666666e-2 outcome=complete false
trial=30 elapsed=3.755244775668905e-3 dt=1.2911421890997761e-2 nominal=1.6666666666666666e-2 outcome=JointStop(StopHit { coordinate: 6, fraction: 0.31113124015831223 })
trial=31 elapsed=3.755244775668905e-3 dt=4.017146705153314e-3 nominal=1.6666666666666666e-2 outcome=JointStop(StopHit { coordinate: 6, fraction: 0.7045962379320426 })
trial=32 elapsed=3.755244775668905e-3 dt=2.8304664556721257e-3 nominal=1.6666666666666666e-2 outcome=JointStop(StopHit { coordinate: 6, fraction: 0.9725557770362524 })
trial=33 elapsed=3.755244775668905e-3 dt=2.7527865031712513e-3 nominal=1.6666666666666666e-2 outcome=JointStop(StopHit { coordinate: 6, fraction: 0.9983398599027747 })
trial=34 elapsed=3.755244775668905e-3 dt=2.748216491918236e-3 nominal=1.6666666666666666e-2 outcome=JointStop(StopHit { coordinate: 6, fraction: 0.9999028502113723 })
trial=35 elapsed=3.755244775668905e-3 dt=2.747949503266943e-3 nominal=1.6666666666666666e-2 outcome=JointStop(StopHit { coordinate: 6, fraction: 0.9999943261067129 })
trial=36 elapsed=3.755244775668905e-3 dt=2.747933911694703e-3 nominal=1.6666666666666666e-2 outcome=JointStop(StopHit { coordinate: 6, fraction: 0.9999996686627116 })
trial=37 elapsed=3.755244775668905e-3 dt=2.747933001201732e-3 nominal=1.6666666666666666e-2 outcome=Refine(TerrainSweepHit { collider: 5, node: TerrainNodeId { coordinates: BrickCoord { x: -67108864, y: -67108864, z: -67108864 }, level: 27 }, triangle: 1, fraction: 0.12727049540920155, separation: 1.1102230246251565e-15 })
trial=38 elapsed=3.755244775668905e-3 dt=3.4973079441423847e-4 nominal=1.6666666666666666e-2 outcome=complete false
trial=39 elapsed=3.755244775668905e-3 dt=1.5488318978079854e-3 nominal=1.6666666666666666e-2 outcome=Refine(TerrainSweepHit { collider: 5, node: TerrainNodeId { coordinates: BrickCoord { x: -67108864, y: -67108864, z: -67108864 }, level: 27 }, triangle: 1, fraction: 0.22681895154751652, separation: 8.881784197001252e-16 })
trial=40 elapsed=3.755244775668905e-3 dt=4.696409047536132e-4 nominal=1.6666666666666666e-2 outcome=Refine(TerrainSweepHit { collider: 5, node: TerrainNodeId { coordinates: BrickCoord { x: -67108864, y: -67108864, z: -67108864 }, level: 27 }, triangle: 1, fraction: 0.7512804378733754, separation: 5.551115123125783e-16 })
trial=41 elapsed=3.755244775668905e-3 dt=3.6172180544817594e-4 nominal=1.6666666666666666e-2 outcome=Refine(TerrainSweepHit { collider: 5, node: TerrainNodeId { coordinates: BrickCoord { x: -67108864, y: -67108864, z: -67108864 }, level: 27 }, triangle: 1, fraction: 0.9758660199381253, separation: 4.440892098500626e-16 })
trial=42 elapsed=3.755244775668905e-3 dt=3.529920186075443e-4 nominal=1.6666666666666666e-2 outcome=complete false
trial=43 elapsed=3.755244775668905e-3 dt=3.573569120278601e-4 nominal=1.6666666666666666e-2 outcome=Refine(TerrainSweepHit { collider: 5, node: TerrainNodeId { coordinates: BrickCoord { x: -67108864, y: -67108864, z: -67108864 }, level: 27 }, triangle: 1, fraction: 0.9878038052081899, separation: 7.216449660063518e-16 })
trial=44 elapsed=3.755244775668905e-3 dt=3.534285079495759e-4 nominal=1.6666666666666666e-2 outcome=Refine(TerrainSweepHit { collider: 5, node: TerrainNodeId { coordinates: BrickCoord { x: -67108864, y: -67108864, z: -67108864 }, level: 27 }, triangle: 1, fraction: 0.9987999282664605, separation: 8.326672684688674e-16 })
trial=45 elapsed=3.755244775668905e-3 dt=3.530356675417475e-4 nominal=1.6666666666666666e-2 outcome=Refine(TerrainSweepHit { collider: 5, node: TerrainNodeId { coordinates: BrickCoord { x: -67108864, y: -67108864, z: -67108864 }, level: 27 }, triangle: 1, fraction: 0.9999130003731638, separation: 1.1657341758564144e-15 })
trial=46 elapsed=3.755244775668905e-3 dt=3.5300495357041146e-4 nominal=1.6666666666666666e-2 outcome=complete false
trial=47 elapsed=3.755244775668905e-3 dt=3.5302031055607945e-4 nominal=1.6666666666666666e-2 outcome=Refine(TerrainSweepHit { collider: 5, node: TerrainNodeId { coordinates: BrickCoord { x: -67108864, y: -67108864, z: -67108864 }, level: 27 }, triangle: 1, fraction: 0.9999565630968271, separation: 8.326672684688674e-16 })
trial=48 elapsed=3.755244775668905e-3 dt=3.5300648926897825e-4 nominal=1.6666666666666666e-2 outcome=Refine(TerrainSweepHit { collider: 5, node: TerrainNodeId { coordinates: BrickCoord { x: -67108864, y: -67108864, z: -67108864 }, level: 27 }, triangle: 1, fraction: 0.999995772788357, separation: 9.992007221626409e-16 })
trial=49 elapsed=3.755244775668905e-3 dt=3.5300510714026816e-4 nominal=1.6666666666666666e-2 outcome=Refine(TerrainSweepHit { collider: 5, node: TerrainNodeId { coordinates: BrickCoord { x: -67108864, y: -67108864, z: -67108864 }, level: 27 }, triangle: 1, fraction: 0.9999996939260718, separation: 9.43689570931383e-16 })
trial=50 elapsed=3.755244775668905e-3 dt=3.5300499909460834e-4 nominal=1.6666666666666666e-2 outcome=complete false
trial=51 elapsed=4.108249774763513e-3 dt=1.2558416891903153e-2 nominal=1.6666666666666666e-2 outcome=JointStop(StopHit { coordinate: 8, fraction: 0.31480497020990994 })
trial=52 elapsed=4.108249774763513e-3 dt=3.953452055539202e-3 nominal=1.6666666666666666e-2 outcome=JointStop(StopHit { coordinate: 8, fraction: 0.724061884457877 })
trial=53 elapsed=4.108249774763513e-3 dt=2.862543945447582e-3 nominal=1.6666666666666666e-2 outcome=JointStop(StopHit { coordinate: 8, fraction: 0.9770074925688483 })
trial=54 elapsed=4.108249774763513e-3 dt=2.7967268825098805e-3 nominal=1.6666666666666666e-2 outcome=JointStop(StopHit { coordinate: 8, fraction: 0.9987194699088899 })
trial=55 elapsed=4.108249774763513e-3 dt=2.79314558958021e-3 nominal=1.6666666666666666e-2 outcome=JointStop(StopHit { coordinate: 8, fraction: 0.9999306653504956 })
trial=56 elapsed=4.108249774763513e-3 dt=2.792951927809742e-3 nominal=1.6666666666666666e-2 outcome=JointStop(StopHit { coordinate: 8, fraction: 0.999996251670803 })
trial=57 elapsed=4.108249774763513e-3 dt=2.792941458906485e-3 nominal=1.6666666666666666e-2 outcome=JointStop(StopHit { coordinate: 8, fraction: 0.9999997973770166 })
trial=58 elapsed=4.108249774763513e-3 dt=2.7929408929923544e-3 nominal=1.6666666666666666e-2 outcome=complete true
trial=59 elapsed=6.901190667755868e-3 dt=9.765475998910799e-3 nominal=1.6666666666666666e-2 outcome=JointStop(StopHit { coordinate: 6, fraction: 0.032271511260007366 })
trial=60 elapsed=6.901190667755868e-3 dt=3.1514666865818154e-4 nominal=1.6666666666666666e-2 outcome=JointStop(StopHit { coordinate: 6, fraction: 0.5761372102010495 })
trial=61 elapsed=6.901190667755868e-3 dt=1.8156772248487923e-4 nominal=1.6666666666666666e-2 outcome=JointStop(StopHit { coordinate: 6, fraction: 0.9967479905956326 })
trial=62 elapsed=6.901190667755868e-3 dt=1.8097726254382883e-4 nominal=1.6666666666666666e-2 outcome=JointStop(StopHit { coordinate: 6, fraction: 0.999987448592082 })
trial=63 elapsed=6.901190667755868e-3 dt=1.8097499102438276e-4 nominal=1.6666666666666666e-2 outcome=complete true
trial=64 elapsed=7.0821656587802505e-3 dt=9.584501007886416e-3 nominal=1.6666666666666666e-2 outcome=complete false
trial=0 elapsed=0e0 dt=1.6666666666666666e-2 nominal=1.6666666666666666e-2 outcome=JointStop(StopHit { coordinate: 0, fraction: 0.7221368568241685 })
trial=1 elapsed=0e0 dt=1.2035614280402809e-2 nominal=1.6666666666666666e-2 outcome=JointStop(StopHit { coordinate: 0, fraction: 0.5405527053881477 })
trial=2 elapsed=0e0 dt=6.505883860279962e-3 nominal=1.6666666666666666e-2 outcome=JointStop(StopHit { coordinate: 0, fraction: 0.5881362349139841 })
trial=3 elapsed=0e0 dt=3.826346038372714e-3 nominal=1.6666666666666666e-2 outcome=JointStop(StopHit { coordinate: 0, fraction: 0.8293525060567646 })
trial=4 elapsed=0e0 dt=3.1733896759647833e-3 nominal=1.6666666666666666e-2 outcome=JointStop(StopHit { coordinate: 0, fraction: 0.9606880880906754 })
trial=5 elapsed=0e0 dt=3.0486376605692958e-3 nominal=1.6666666666666666e-2 outcome=JointStop(StopHit { coordinate: 0, fraction: 0.9926187046843945 })
trial=6 elapsed=0e0 dt=3.026134765686357e-3 nominal=1.6666666666666666e-2 outcome=JointStop(StopHit { coordinate: 0, fraction: 0.9986732088387712 })
trial=7 elapsed=0e0 dt=3.022119716826557e-3 nominal=1.6666666666666666e-2 outcome=JointStop(StopHit { coordinate: 0, fraction: 0.9997634200062089 })
trial=8 elapsed=0e0 dt=3.0214047437627143e-3 nominal=1.6666666666666666e-2 outcome=JointStop(StopHit { coordinate: 0, fraction: 0.9999578762183275 })
trial=9 elapsed=0e0 dt=3.021277470768944e-3 nominal=1.6666666666666666e-2 outcome=JointStop(StopHit { coordinate: 0, fraction: 0.99999250166026 })
trial=10 elapsed=0e0 dt=3.0212548162040194e-3 nominal=1.6666666666666666e-2 outcome=JointStop(StopHit { coordinate: 0, fraction: 0.9999986653019988 })
trial=11 elapsed=0e0 dt=3.021250783741255e-3 nominal=1.6666666666666666e-2 outcome=JointStop(StopHit { coordinate: 0, fraction: 0.9999997624268423 })
trial=12 elapsed=0e0 dt=3.0212500659731662e-3 nominal=1.6666666666666666e-2 outcome=complete true
trial=13 elapsed=3.0212500659731662e-3 dt=1.36454166006935e-2 nominal=1.6666666666666666e-2 outcome=Refine(TerrainSweepHit { collider: 33, node: TerrainNodeId { coordinates: BrickCoord { x: -67108864, y: -67108864, z: -67108864 }, level: 27 }, triangle: 1, fraction: 0.2615206451064535, separation: 5.551115123125783e-17 })
trial=14 elapsed=3.0212500659731662e-3 dt=3.568558152159674e-3 nominal=1.6666666666666666e-2 outcome=complete false
trial=15 elapsed=3.0212500659731662e-3 dt=8.606987376426588e-3 nominal=1.6666666666666666e-2 outcome=Refine(TerrainSweepHit { collider: 33, node: TerrainNodeId { coordinates: BrickCoord { x: -67108864, y: -67108864, z: -67108864 }, level: 27 }, triangle: 1, fraction: 0.429699496230978, separation: -1.1102230246251565e-16 })
trial=16 elapsed=3.0212500659731662e-3 dt=4.0724010745863655e-3 nominal=1.6666666666666666e-2 outcome=Refine(TerrainSweepHit { collider: 33, node: TerrainNodeId { coordinates: BrickCoord { x: -67108864, y: -67108864, z: -67108864 }, level: 27 }, triangle: 1, fraction: 0.9420871688820274, separation: -1.6653345369377348e-16 })
trial=17 elapsed=3.0212500659731662e-3 dt=3.836556798909195e-3 nominal=1.6666666666666666e-2 outcome=complete false
trial=18 elapsed=3.0212500659731662e-3 dt=3.95447893674778e-3 nominal=1.6666666666666666e-2 outcome=Refine(TerrainSweepHit { collider: 33, node: TerrainNodeId { coordinates: BrickCoord { x: -67108864, y: -67108864, z: -67108864 }, level: 27 }, triangle: 1, fraction: 0.9711697928312388, separation: 2.220446049250313e-16 })
trial=19 elapsed=3.0212500659731662e-3 dt=3.8483490126930532e-3 nominal=1.6666666666666666e-2 outcome=Refine(TerrainSweepHit { collider: 33, node: TerrainNodeId { coordinates: BrickCoord { x: -67108864, y: -67108864, z: -67108864 }, level: 27 }, triangle: 1, fraction: 0.9988719958957749, separation: -1.1102230246251565e-16 })
trial=20 elapsed=3.0212500659731662e-3 dt=3.844008059212245e-3 nominal=1.6666666666666666e-2 outcome=complete false
trial=21 elapsed=3.0212500659731662e-3 dt=3.846178535952649e-3 nominal=1.6666666666666666e-2 outcome=Refine(TerrainSweepHit { collider: 33, node: TerrainNodeId { coordinates: BrickCoord { x: -67108864, y: -67108864, z: -67108864 }, level: 27 }, triangle: 1, fraction: 0.9994545292099799, separation: -1.6653345369377348e-16 })
trial=22 elapsed=3.0212500659731662e-3 dt=3.844225106886285e-3 nominal=1.6666666666666666e-2 outcome=Refine(TerrainSweepHit { collider: 33, node: TerrainNodeId { coordinates: BrickCoord { x: -67108864, y: -67108864, z: -67108864 }, level: 27 }, triangle: 1, fraction: 0.999979372968699, separation: -4.440892098500626e-16 })
trial=23 elapsed=3.0212500659731662e-3 dt=3.8441458119346772e-3 nominal=1.6666666666666666e-2 outcome=complete false
trial=24 elapsed=3.0212500659731662e-3 dt=3.844185459410481e-3 nominal=1.6666666666666666e-2 outcome=Refine(TerrainSweepHit { collider: 33, node: TerrainNodeId { coordinates: BrickCoord { x: -67108864, y: -67108864, z: -67108864 }, level: 27 }, triangle: 1, fraction: 0.999990030916234, separation: 5.551115123125783e-17 })
trial=25 elapsed=3.0212500659731662e-3 dt=3.8441497766822574e-3 nominal=1.6666666666666666e-2 outcome=Refine(TerrainSweepHit { collider: 33, node: TerrainNodeId { coordinates: BrickCoord { x: -67108864, y: -67108864, z: -67108864 }, level: 27 }, triangle: 1, fraction: 0.9999996232575294, separation: 2.220446049250313e-16 })
trial=26 elapsed=3.0212500659731662e-3 dt=3.844148328427773e-3 nominal=1.6666666666666666e-2 outcome=complete false
trial=27 elapsed=3.0212500659731662e-3 dt=3.8441490525550153e-3 nominal=1.6666666666666666e-2 outcome=Refine(TerrainSweepHit { collider: 33, node: TerrainNodeId { coordinates: BrickCoord { x: -67108864, y: -67108864, z: -67108864 }, level: 27 }, triangle: 1, fraction: 0.9999998179215865, separation: -1.6653345369377348e-16 })
trial=28 elapsed=3.0212500659731662e-3 dt=3.8441484008404974e-3 nominal=1.6666666666666666e-2 outcome=Refine(TerrainSweepHit { collider: 33, node: TerrainNodeId { coordinates: BrickCoord { x: -67108864, y: -67108864, z: -67108864 }, level: 27 }, triangle: 1, fraction: 0.9999999931191683, separation: 5.551115123125783e-17 })
trial=29 elapsed=3.0212500659731662e-3 dt=3.844148374389559e-3 nominal=1.6666666666666666e-2 outcome=complete false
trial=30 elapsed=3.0212500659731662e-3 dt=3.844148387615028e-3 nominal=1.6666666666666666e-2 outcome=Refine(TerrainSweepHit { collider: 33, node: TerrainNodeId { coordinates: BrickCoord { x: -67108864, y: -67108864, z: -67108864 }, level: 27 }, triangle: 1, fraction: 0.9999999966745559, separation: -1.1102230246251565e-16 })
trial=31 elapsed=3.0212500659731662e-3 dt=3.844148375712106e-3 nominal=1.6666666666666666e-2 outcome=complete true
trial=32 elapsed=6.865398441685272e-3 dt=9.801268224981395e-3 nominal=1.6666666666666666e-2 outcome=Refine(TerrainSweepHit { collider: 42, node: TerrainNodeId { coordinates: BrickCoord { x: -67108864, y: -67108864, z: -67108864 }, level: 27 }, triangle: 1, fraction: 0.5186672126940548, separation: -3.3306690738754696e-16 })
trial=33 elapsed=6.865398441685272e-3 dt=5.083596471117906e-3 nominal=1.6666666666666666e-2 outcome=complete false
trial=34 elapsed=6.865398441685272e-3 dt=7.44243234804965e-3 nominal=1.6666666666666666e-2 outcome=Refine(TerrainSweepHit { collider: 42, node: TerrainNodeId { coordinates: BrickCoord { x: -67108864, y: -67108864, z: -67108864 }, level: 27 }, triangle: 1, fraction: 0.711057763626109, separation: -2.7755575615628914e-16 })
trial=35 elapsed=6.865398441685272e-3 dt=5.319480058811081e-3 nominal=1.6666666666666666e-2 outcome=complete false
trial=36 elapsed=6.865398441685272e-3 dt=6.3809562034303656e-3 nominal=1.6666666666666666e-2 outcome=Refine(TerrainSweepHit { collider: 42, node: TerrainNodeId { coordinates: BrickCoord { x: -67108864, y: -67108864, z: -67108864 }, level: 27 }, triangle: 1, fraction: 0.8453714375081892, separation: -2.7755575615628914e-16 })
trial=37 elapsed=6.865398441685272e-3 dt=5.425627673273009e-3 nominal=1.6666666666666666e-2 outcome=complete false
trial=38 elapsed=6.865398441685272e-3 dt=5.903291938351688e-3 nominal=1.6666666666666666e-2 outcome=Refine(TerrainSweepHit { collider: 42, node: TerrainNodeId { coordinates: BrickCoord { x: -67108864, y: -67108864, z: -67108864 }, level: 27 }, triangle: 1, fraction: 0.9219018979606357, separation: 0.0 })
trial=39 elapsed=6.865398441685272e-3 dt=5.473394099780877e-3 nominal=1.6666666666666666e-2 outcome=complete false
trial=40 elapsed=6.865398441685272e-3 dt=5.688343019066282e-3 nominal=1.6666666666666666e-2 outcome=Refine(TerrainSweepHit { collider: 42, node: TerrainNodeId { coordinates: BrickCoord { x: -67108864, y: -67108864, z: -67108864 }, level: 27 }, triangle: 1, fraction: 0.9606076175309219, separation: 3.3306690738754696e-16 })
trial=41 elapsed=6.865398441685272e-3 dt=5.494888991709418e-3 nominal=1.6666666666666666e-2 outcome=Refine(TerrainSweepHit { collider: 42, node: TerrainNodeId { coordinates: BrickCoord { x: -67108864, y: -67108864, z: -67108864 }, level: 27 }, triangle: 1, fraction: 0.998073628834695, separation: 1.1102230246251565e-16 })
trial=42 elapsed=6.865398441685272e-3 dt=5.484303795999236e-3 nominal=1.6666666666666666e-2 outcome=complete false
trial=43 elapsed=6.865398441685272e-3 dt=5.489596393854327e-3 nominal=1.6666666666666666e-2 outcome=Refine(TerrainSweepHit { collider: 42, node: TerrainNodeId { coordinates: BrickCoord { x: -67108864, y: -67108864, z: -67108864 }, level: 27 }, triangle: 1, fraction: 0.9991363145801816, separation: -1.1102230246251565e-16 })
trial=44 elapsed=6.865398441685272e-3 dt=5.484855109488268e-3 nominal=1.6666666666666666e-2 outcome=complete false
trial=45 elapsed=6.865398441685272e-3 dt=5.487225751671297e-3 nominal=1.6666666666666666e-2 outcome=Refine(TerrainSweepHit { collider: 42, node: TerrainNodeId { coordinates: BrickCoord { x: -67108864, y: -67108864, z: -67108864 }, level: 27 }, triangle: 1, fraction: 0.999612983696809, separation: -2.220446049250313e-16 })
trial=46 elapsed=6.865398441685272e-3 dt=5.485102105846111e-3 nominal=1.6666666666666666e-2 outcome=complete false
trial=47 elapsed=6.865398441685272e-3 dt=5.486163928758704e-3 nominal=1.6666666666666666e-2 outcome=Refine(TerrainSweepHit { collider: 42, node: TerrainNodeId { coordinates: BrickCoord { x: -67108864, y: -67108864, z: -67108864 }, level: 27 }, triangle: 1, fraction: 0.9998266218152216, separation: -2.7755575615628914e-16 })
trial=48 elapsed=6.865398441685272e-3 dt=5.485212747615339e-3 nominal=1.6666666666666666e-2 outcome=complete false
trial=49 elapsed=6.865398441685272e-3 dt=5.485688338187022e-3 nominal=1.6666666666666666e-2 outcome=Refine(TerrainSweepHit { collider: 42, node: TerrainNodeId { coordinates: BrickCoord { x: -67108864, y: -67108864, z: -67108864 }, level: 27 }, triangle: 1, fraction: 0.999922337559657, separation: 0.0 })
trial=50 elapsed=6.865398441685272e-3 dt=5.4852623062437164e-3 nominal=1.6666666666666666e-2 outcome=complete false
trial=51 elapsed=6.865398441685272e-3 dt=5.485475322215369e-3 nominal=1.6666666666666666e-2 outcome=Refine(TerrainSweepHit { collider: 42, node: TerrainNodeId { coordinates: BrickCoord { x: -67108864, y: -67108864, z: -67108864 }, level: 27 }, triangle: 1, fraction: 0.9999652138922787, separation: 2.7755575615628914e-16 })
trial=52 elapsed=6.865398441685272e-3 dt=5.485284503879907e-3 nominal=1.6666666666666666e-2 outcome=complete false
trial=53 elapsed=6.865398441685272e-3 dt=5.485379913047638e-3 nominal=1.6666666666666666e-2 outcome=Refine(TerrainSweepHit { collider: 42, node: TerrainNodeId { coordinates: BrickCoord { x: -67108864, y: -67108864, z: -67108864 }, level: 27 }, triangle: 1, fraction: 0.9999844191593088, separation: 3.3306690738754696e-16 })
trial=54 elapsed=6.865398441685272e-3 dt=5.485294446217082e-3 nominal=1.6666666666666666e-2 outcome=complete false
trial=55 elapsed=6.865398441685272e-3 dt=5.48533717963236e-3 nominal=1.6666666666666666e-2 outcome=Refine(TerrainSweepHit { collider: 42, node: TerrainNodeId { coordinates: BrickCoord { x: -67108864, y: -67108864, z: -67108864 }, level: 27 }, triangle: 1, fraction: 0.999993021347717, separation: -1.1102230246251565e-16 })
trial=56 elapsed=6.865398441685272e-3 dt=5.485298899371528e-3 nominal=1.6666666666666666e-2 outcome=complete false
trial=57 elapsed=6.865398441685272e-3 dt=5.4853180395019446e-3 nominal=1.6666666666666666e-2 outcome=Refine(TerrainSweepHit { collider: 42, node: TerrainNodeId { coordinates: BrickCoord { x: -67108864, y: -67108864, z: -67108864 }, level: 27 }, triangle: 1, fraction: 0.9999968742785144, separation: -2.7755575615628914e-16 })
trial=58 elapsed=6.865398441685272e-3 dt=5.485300893925493e-3 nominal=1.6666666666666666e-2 outcome=complete false
trial=59 elapsed=6.865398441685272e-3 dt=5.485309466713719e-3 nominal=1.6666666666666666e-2 outcome=Refine(TerrainSweepHit { collider: 42, node: TerrainNodeId { coordinates: BrickCoord { x: -67108864, y: -67108864, z: -67108864 }, level: 27 }, triangle: 1, fraction: 0.9999985999996954, separation: 5.551115123125783e-17 })
trial=60 elapsed=6.865398441685272e-3 dt=5.485301787278795e-3 nominal=1.6666666666666666e-2 outcome=complete false
trial=61 elapsed=6.865398441685272e-3 dt=5.485305626996256e-3 nominal=1.6666666666666666e-2 outcome=Refine(TerrainSweepHit { collider: 42, node: TerrainNodeId { coordinates: BrickCoord { x: -67108864, y: -67108864, z: -67108864 }, level: 27 }, triangle: 1, fraction: 0.9999993729449606, separation: 3.3306690738754696e-16 })
trial=62 elapsed=6.865398441685272e-3 dt=5.48530218740772e-3 nominal=1.6666666666666666e-2 outcome=complete false
trial=63 elapsed=6.865398441685272e-3 dt=5.4853039072019875e-3 nominal=1.6666666666666666e-2 outcome=Refine(TerrainSweepHit { collider: 42, node: TerrainNodeId { coordinates: BrickCoord { x: -67108864, y: -67108864, z: -67108864 }, level: 27 }, triangle: 1, fraction: 0.9999997191446349, separation: 1.6653345369377348e-16 })
trial=64 elapsed=6.865398441685272e-3 dt=5.485302366624956e-3 nominal=1.6666666666666666e-2 outcome=complete false
trial=65 elapsed=6.865398441685272e-3 dt=5.485303136913472e-3 nominal=1.6666666666666666e-2 outcome=Refine(TerrainSweepHit { collider: 42, node: TerrainNodeId { coordinates: BrickCoord { x: -67108864, y: -67108864, z: -67108864 }, level: 27 }, triangle: 1, fraction: 0.9999998742059456, separation: -1.1102230246251565e-16 })
trial=66 elapsed=6.865398441685272e-3 dt=5.485302446894951e-3 nominal=1.6666666666666666e-2 outcome=complete false
trial=67 elapsed=6.865398441685272e-3 dt=5.4853027919042115e-3 nominal=1.6666666666666666e-2 outcome=Refine(TerrainSweepHit { collider: 42, node: TerrainNodeId { coordinates: BrickCoord { x: -67108864, y: -67108864, z: -67108864 }, level: 27 }, triangle: 1, fraction: 0.9999999436574267, separation: -2.7755575615628914e-16 })
trial=68 elapsed=6.865398441685272e-3 dt=5.485302482848137e-3 nominal=1.6666666666666666e-2 outcome=complete false
trial=69 elapsed=6.865398441685272e-3 dt=5.4853026373761745e-3 nominal=1.6666666666666666e-2 outcome=Refine(TerrainSweepHit { collider: 42, node: TerrainNodeId { coordinates: BrickCoord { x: -67108864, y: -67108864, z: -67108864 }, level: 27 }, triangle: 1, fraction: 0.999999974764261, separation: -1.1102230246251565e-16 })
trial=70 elapsed=6.865398441685272e-3 dt=5.485302498950509e-3 nominal=1.6666666666666666e-2 outcome=complete false
trial=71 elapsed=6.865398441685272e-3 dt=5.485302568163342e-3 nominal=1.6666666666666666e-2 outcome=Refine(TerrainSweepHit { collider: 42, node: TerrainNodeId { coordinates: BrickCoord { x: -67108864, y: -67108864, z: -67108864 }, level: 27 }, triangle: 1, fraction: 0.9999999886969909, separation: 2.7755575615628914e-16 })
trial=72 elapsed=6.865398441685272e-3 dt=5.485302506162917e-3 nominal=1.6666666666666666e-2 outcome=complete false
trial=73 elapsed=6.865398441685272e-3 dt=5.485302537163129e-3 nominal=1.6666666666666666e-2 outcome=Refine(TerrainSweepHit { collider: 42, node: TerrainNodeId { coordinates: BrickCoord { x: -67108864, y: -67108864, z: -67108864 }, level: 27 }, triangle: 1, fraction: 0.9999999949374918, separation: -5.551115123125783e-17 })
trial=74 elapsed=6.865398441685272e-3 dt=5.48530250939374e-3 nominal=1.6666666666666666e-2 outcome=complete false
trial=75 elapsed=6.865398441685272e-3 dt=5.4853025232784345e-3 nominal=1.6666666666666666e-2 outcome=Refine(TerrainSweepHit { collider: 42, node: TerrainNodeId { coordinates: BrickCoord { x: -67108864, y: -67108864, z: -67108864 }, level: 27 }, triangle: 1, fraction: 0.9999999977324603, separation: 1.6653345369377348e-16 })
trial=76 elapsed=6.865398441685272e-3 dt=5.485302510840293e-3 nominal=1.6666666666666666e-2 outcome=complete false
trial=77 elapsed=1.2350700952525565e-2 dt=4.315965714141102e-3 nominal=1.6666666666666666e-2 outcome=complete false
trial=0 elapsed=0e0 dt=1.6666666666666666e-2 nominal=1.6666666666666666e-2 outcome=Refine(TerrainSweepHit { collider: 42, node: TerrainNodeId { coordinates: BrickCoord { x: -67108864, y: -67108864, z: -67108864 }, level: 27 }, triangle: 1, fraction: 0.00017655383018360025, separation: 2.220446049250313e-16 })
trial=1 elapsed=0e0 dt=2.9425638363933376e-6 nominal=1.6666666666666666e-2 outcome=complete false
trial=2 elapsed=0e0 dt=8.33480461525153e-3 nominal=1.6666666666666666e-2 outcome=Refine(TerrainSweepHit { collider: 42, node: TerrainNodeId { coordinates: BrickCoord { x: -67108864, y: -67108864, z: -67108864 }, level: 27 }, triangle: 1, fraction: 0.0006744546650541523, separation: 0.0 })
trial=3 elapsed=0e0 dt=8.36128768977907e-4 nominal=1.6666666666666666e-2 outcome=Refine(TerrainSweepHit { collider: 42, node: TerrainNodeId { coordinates: BrickCoord { x: -67108864, y: -67108864, z: -67108864 }, level: 27 }, triangle: 1, fraction: 0.06503779248626493, separation: 0.0 })
trial=4 elapsed=0e0 dt=8.626118435054471e-5 nominal=1.6666666666666666e-2 outcome=complete false
trial=5 elapsed=0e0 dt=4.6119497666422584e-4 nominal=1.6666666666666666e-2 outcome=Refine(TerrainSweepHit { collider: 42, node: TerrainNodeId { coordinates: BrickCoord { x: -67108864, y: -67108864, z: -67108864 }, level: 27 }, triangle: 1, fraction: 0.2160038870493518, separation: 5.2735593669694936e-15 })
trial=6 elapsed=0e0 dt=1.237545635819128e-4 nominal=1.6666666666666666e-2 outcome=complete false
trial=7 elapsed=0e0 dt=2.924747701230693e-4 nominal=1.6666666666666666e-2 outcome=Refine(TerrainSweepHit { collider: 42, node: TerrainNodeId { coordinates: BrickCoord { x: -67108864, y: -67108864, z: -67108864 }, level: 27 }, triangle: 1, fraction: 0.5457391870067144, separation: 8.876233081878127e-14 })
trial=8 elapsed=0e0 dt=1.5961494326693953e-4 nominal=1.6666666666666666e-2 outcome=complete false
trial=9 elapsed=0e0 dt=2.260448566950044e-4 nominal=1.6666666666666666e-2 outcome=Refine(TerrainSweepHit { collider: 42, node: TerrainNodeId { coordinates: BrickCoord { x: -67108864, y: -67108864, z: -67108864 }, level: 27 }, triangle: 1, fraction: 0.926201653129606, separation: 0.0 })
trial=10 elapsed=0e0 dt=2.0936311995235798e-4 nominal=1.6666666666666666e-2 outcome=complete false
trial=11 elapsed=0e0 dt=2.177039883236812e-4 nominal=1.6666666666666666e-2 outcome=complete false
trial=12 elapsed=0e0 dt=2.218744225093428e-4 nominal=1.6666666666666666e-2 outcome=Refine(TerrainSweepHit { collider: 42, node: TerrainNodeId { coordinates: BrickCoord { x: -67108864, y: -67108864, z: -67108864 }, level: 27 }, triangle: 1, fraction: 0.9624580305596604, separation: 5.551115123125783e-17 })
trial=13 elapsed=0e0 dt=2.1812103174224736e-4 nominal=1.6666666666666666e-2 outcome=Refine(TerrainSweepHit { collider: 42, node: TerrainNodeId { coordinates: BrickCoord { x: -67108864, y: -67108864, z: -67108864 }, level: 27 }, triangle: 1, fraction: 0.9969427880959418, separation: -3.3306690738754696e-16 })
trial=14 elapsed=0e0 dt=2.177456926655378e-4 nominal=1.6666666666666666e-2 outcome=complete false
trial=15 elapsed=0e0 dt=2.179333622038926e-4 nominal=1.6666666666666666e-2 outcome=Refine(TerrainSweepHit { collider: 42, node: TerrainNodeId { coordinates: BrickCoord { x: -67108864, y: -67108864, z: -67108864 }, level: 27 }, triangle: 1, fraction: 0.998715508906972, separation: 2.7755575615628914e-16 })
trial=16 elapsed=0e0 dt=2.1776445961937328e-4 nominal=1.6666666666666666e-2 outcome=complete false
trial=17 elapsed=0e0 dt=2.1784891091163294e-4 nominal=1.6666666666666666e-2 outcome=Refine(TerrainSweepHit { collider: 42, node: TerrainNodeId { coordinates: BrickCoord { x: -67108864, y: -67108864, z: -67108864 }, level: 27 }, triangle: 1, fraction: 0.9995147787120982, separation: 0.0 })
trial=18 elapsed=0e0 dt=2.1777290474859926e-4 nominal=1.6666666666666666e-2 outcome=complete false
trial=19 elapsed=0e0 dt=2.178109078301161e-4 nominal=1.6666666666666666e-2 outcome=Refine(TerrainSweepHit { collider: 42, node: TerrainNodeId { coordinates: BrickCoord { x: -67108864, y: -67108864, z: -67108864 }, level: 27 }, triangle: 1, fraction: 0.9998747645302225, separation: -3.885780586188048e-16 })
trial=20 elapsed=0e0 dt=2.1778363017875134e-4 nominal=1.6666666666666666e-2 outcome=complete false
trial=21 elapsed=0e0 dt=2.1779726900443373e-4 nominal=1.6666666666666666e-2 outcome=complete false
trial=22 elapsed=0e0 dt=2.178040884172749e-4 nominal=1.6666666666666666e-2 outcome=Refine(TerrainSweepHit { collider: 42, node: TerrainNodeId { coordinates: BrickCoord { x: -67108864, y: -67108864, z: -67108864 }, level: 27 }, triangle: 1, fraction: 0.999939381907215, separation: 0.0 })
trial=23 elapsed=0e0 dt=2.1779795094571786e-4 nominal=1.6666666666666666e-2 outcome=Refine(TerrainSweepHit { collider: 42, node: TerrainNodeId { coordinates: BrickCoord { x: -67108864, y: -67108864, z: -67108864 }, level: 27 }, triangle: 1, fraction: 0.9999975430086452, separation: -3.3306690738754696e-16 })
trial=24 elapsed=0e0 dt=2.177974158180353e-4 nominal=1.6666666666666666e-2 outcome=complete false
trial=25 elapsed=0e0 dt=2.1779768338187657e-4 nominal=1.6666666666666666e-2 outcome=complete false
trial=26 elapsed=2.1779768338187657e-4 dt=1.644886898328479e-2 nominal=1.6666666666666666e-2 outcome=Refine(TerrainSweepHit { collider: 67, node: TerrainNodeId { coordinates: BrickCoord { x: -67108864, y: -67108864, z: -67108864 }, level: 27 }, triangle: 1, fraction: 0.3976660929998781, separation: 1.6653345369377348e-16 })
trial=27 elapsed=2.1779768338187657e-4 dt=6.541157462849739e-3 nominal=1.6666666666666666e-2 outcome=complete false
trial=28 elapsed=2.1779768338187657e-4 dt=1.1495013223067264e-2 nominal=1.6666666666666666e-2 outcome=Refine(TerrainSweepHit { collider: 67, node: TerrainNodeId { coordinates: BrickCoord { x: -67108864, y: -67108864, z: -67108864 }, level: 27 }, triangle: 1, fraction: 0.5955727914125195, separation: -5.551115123125783e-17 })
trial=29 elapsed=2.1779768338187657e-4 dt=7.036543038871492e-3 nominal=1.6666666666666666e-2 outcome=complete false
trial=30 elapsed=2.1779768338187657e-4 dt=9.265778130969378e-3 nominal=1.6666666666666666e-2 outcome=Refine(TerrainSweepHit { collider: 67, node: TerrainNodeId { coordinates: BrickCoord { x: -67108864, y: -67108864, z: -67108864 }, level: 27 }, triangle: 1, fraction: 0.7561544648038983, separation: -5.551115123125783e-17 })
trial=31 elapsed=2.1779768338187657e-4 dt=7.259466548081281e-3 nominal=1.6666666666666666e-2 outcome=Refine(TerrainSweepHit { collider: 67, node: TerrainNodeId { coordinates: BrickCoord { x: -67108864, y: -67108864, z: -67108864 }, level: 27 }, triangle: 1, fraction: 0.9869882764284938, separation: -1.1102230246251565e-16 })
trial=32 elapsed=2.1779768338187657e-4 dt=7.165008376081051e-3 nominal=1.6666666666666666e-2 outcome=complete false
trial=33 elapsed=2.1779768338187657e-4 dt=7.2122374620811665e-3 nominal=1.6666666666666666e-2 outcome=Refine(TerrainSweepHit { collider: 67, node: TerrainNodeId { coordinates: BrickCoord { x: -67108864, y: -67108864, z: -67108864 }, level: 27 }, triangle: 1, fraction: 0.9939941038803105, separation: 0.0 })
trial=34 elapsed=2.1779768338187657e-4 dt=7.169731284681063e-3 nominal=1.6666666666666666e-2 outcome=complete false
trial=35 elapsed=2.1779768338187657e-4 dt=7.190984373381115e-3 nominal=1.6666666666666666e-2 outcome=Refine(TerrainSweepHit { collider: 67, node: TerrainNodeId { coordinates: BrickCoord { x: -67108864, y: -67108864, z: -67108864 }, level: 27 }, triangle: 1, fraction: 0.9971771373122974, separation: -2.7755575615628914e-16 })
trial=36 elapsed=2.1779768338187657e-4 dt=7.171856593551068e-3 nominal=1.6666666666666666e-2 outcome=complete false
trial=37 elapsed=2.1779768338187657e-4 dt=7.181420483466092e-3 nominal=1.6666666666666666e-2 outcome=Refine(TerrainSweepHit { collider: 67, node: TerrainNodeId { coordinates: BrickCoord { x: -67108864, y: -67108864, z: -67108864 }, level: 27 }, triangle: 1, fraction: 0.9986157276458018, separation: 5.551115123125783e-16 })
trial=38 elapsed=2.1779768338187657e-4 dt=7.1728129825425705e-3 nominal=1.6666666666666666e-2 outcome=Refine(TerrainSweepHit { collider: 67, node: TerrainNodeId { coordinates: BrickCoord { x: -67108864, y: -67108864, z: -67108864 }, level: 27 }, triangle: 1, fraction: 0.9999137808330454, separation: -3.885780586188048e-16 })
trial=39 elapsed=2.1779768338187657e-4 dt=7.172194548582494e-3 nominal=1.6666666666666666e-2 outcome=complete false
trial=40 elapsed=2.1779768338187657e-4 dt=7.172503765562532e-3 nominal=1.6666666666666666e-2 outcome=Refine(TerrainSweepHit { collider: 67, node: TerrainNodeId { coordinates: BrickCoord { x: -67108864, y: -67108864, z: -67108864 }, level: 27 }, triangle: 1, fraction: 0.9999604709735045, separation: 1.6653345369377348e-16 })
trial=41 elapsed=2.1779768338187657e-4 dt=7.172225470280498e-3 nominal=1.6666666666666666e-2 outcome=complete false
trial=42 elapsed=2.1779768338187657e-4 dt=7.172364617921515e-3 nominal=1.6666666666666666e-2 outcome=Refine(TerrainSweepHit { collider: 67, node: TerrainNodeId { coordinates: BrickCoord { x: -67108864, y: -67108864, z: -67108864 }, level: 27 }, triangle: 1, fraction: 0.999981482866909, separation: -1.6653345369377348e-16 })
trial=43 elapsed=2.1779768338187657e-4 dt=7.172239385044599e-3 nominal=1.6666666666666666e-2 outcome=complete false
trial=44 elapsed=2.1779768338187657e-4 dt=7.172302001483057e-3 nominal=1.6666666666666666e-2 outcome=Refine(TerrainSweepHit { collider: 67, node: TerrainNodeId { coordinates: BrickCoord { x: -67108864, y: -67108864, z: -67108864 }, level: 27 }, triangle: 1, fraction: 0.9999909384882328, separation: 1.6653345369377348e-16 })
trial=45 elapsed=2.1779768338187657e-4 dt=7.172245646688445e-3 nominal=1.6666666666666666e-2 outcome=Refine(TerrainSweepHit { collider: 67, node: TerrainNodeId { coordinates: BrickCoord { x: -67108864, y: -67108864, z: -67108864 }, level: 27 }, triangle: 1, fraction: 0.9999994486904745, separation: -1.6653345369377348e-16 })
trial=46 elapsed=2.1779768338187657e-4 dt=7.172241692561101e-3 nominal=1.6666666666666666e-2 outcome=complete false
trial=47 elapsed=2.1779768338187657e-4 dt=7.172243669624772e-3 nominal=1.6666666666666666e-2 outcome=Refine(TerrainSweepHit { collider: 67, node: TerrainNodeId { coordinates: BrickCoord { x: -67108864, y: -67108864, z: -67108864 }, level: 27 }, triangle: 1, fraction: 0.9999997472515165, separation: 2.220446049250313e-16 })
trial=48 elapsed=2.1779768338187657e-4 dt=7.172241890267468e-3 nominal=1.6666666666666666e-2 outcome=complete false
trial=49 elapsed=2.1779768338187657e-4 dt=7.17224277994612e-3 nominal=1.6666666666666666e-2 outcome=Refine(TerrainSweepHit { collider: 67, node: TerrainNodeId { coordinates: BrickCoord { x: -67108864, y: -67108864, z: -67108864 }, level: 27 }, triangle: 1, fraction: 0.9999998816040978, separation: 1.1102230246251565e-16 })
trial=50 elapsed=2.1779768338187657e-4 dt=7.172241979235333e-3 nominal=1.6666666666666666e-2 outcome=complete false
trial=51 elapsed=2.1779768338187657e-4 dt=7.172242379590727e-3 nominal=1.6666666666666666e-2 outcome=Refine(TerrainSweepHit { collider: 67, node: TerrainNodeId { coordinates: BrickCoord { x: -67108864, y: -67108864, z: -67108864 }, level: 27 }, triangle: 1, fraction: 0.999999942062774, separation: -1.6653345369377348e-16 })
trial=52 elapsed=2.1779768338187657e-4 dt=7.172242019270872e-3 nominal=1.6666666666666666e-2 outcome=Refine(TerrainSweepHit { collider: 67, node: TerrainNodeId { coordinates: BrickCoord { x: -67108864, y: -67108864, z: -67108864 }, level: 27 }, triangle: 1, fraction: 0.9999999964755836, separation: -5.551115123125783e-17 })
trial=53 elapsed=2.1779768338187657e-4 dt=7.172241993992905e-3 nominal=1.6666666666666666e-2 outcome=complete false
trial=54 elapsed=2.1779768338187657e-4 dt=7.172242006631888e-3 nominal=1.6666666666666666e-2 outcome=Refine(TerrainSweepHit { collider: 67, node: TerrainNodeId { coordinates: BrickCoord { x: -67108864, y: -67108864, z: -67108864 }, level: 27 }, triangle: 1, fraction: 0.9999999983841855, separation: 2.7755575615628914e-16 })
trial=55 elapsed=2.1779768338187657e-4 dt=7.172241995256803e-3 nominal=1.6666666666666666e-2 outcome=complete false
trial=56 elapsed=7.39003967863868e-3 dt=9.276626988027985e-3 nominal=1.6666666666666666e-2 outcome=Refine(TerrainSweepHit { collider: 42, node: TerrainNodeId { coordinates: BrickCoord { x: -67108864, y: -67108864, z: -67108864 }, level: 27 }, triangle: 1, fraction: 0.0005473657588894464, separation: 2.220446049250313e-16 })
trial=57 elapsed=7.39003967863868e-3 dt=5.077707971236258e-6 nominal=1.6666666666666666e-2 outcome=complete false
trial=58 elapsed=7.39003967863868e-3 dt=4.640852347999611e-3 nominal=1.6666666666666666e-2 outcome=Refine(TerrainSweepHit { collider: 42, node: TerrainNodeId { coordinates: BrickCoord { x: -67108864, y: -67108864, z: -67108864 }, level: 27 }, triangle: 1, fraction: 0.0022333740153914375, separation: -1.1102230246251565e-16 })
trial=59 elapsed=7.39003967863868e-3 dt=4.686551719740737e-4 nominal=1.6666666666666666e-2 outcome=complete false
trial=60 elapsed=7.39003967863868e-3 dt=2.554753759986842e-3 nominal=1.6666666666666666e-2 outcome=Refine(TerrainSweepHit { collider: 42, node: TerrainNodeId { coordinates: BrickCoord { x: -67108864, y: -67108864, z: -67108864 }, level: 27 }, triangle: 1, fraction: 0.007989623589504027, separation: 1.6653345369377348e-16 })
trial=61 elapsed=7.39003967863868e-3 dt=6.772650307753506e-4 nominal=1.6666666666666666e-2 outcome=Refine(TerrainSweepHit { collider: 42, node: TerrainNodeId { coordinates: BrickCoord { x: -67108864, y: -67108864, z: -67108864 }, level: 27 }, triangle: 1, fraction: 0.2637304330894717, separation: 5.9396931817445875e-15 })
trial=62 elapsed=7.39003967863868e-3 dt=4.895161578542015e-4 nominal=1.6666666666666666e-2 outcome=complete false
trial=63 elapsed=7.39003967863868e-3 dt=5.83390594314776e-4 nominal=1.6666666666666666e-2 outcome=Refine(TerrainSweepHit { collider: 42, node: TerrainNodeId { coordinates: BrickCoord { x: -67108864, y: -67108864, z: -67108864 }, level: 27 }, triangle: 1, fraction: 0.5026372718559361, separation: 1.1229905894083458e-13 })
trial=64 elapsed=7.39003967863868e-3 dt=4.989036015002589e-4 nominal=1.6666666666666666e-2 outcome=complete false
trial=65 elapsed=7.39003967863868e-3 dt=5.411470979075174e-4 nominal=1.6666666666666666e-2 outcome=Refine(TerrainSweepHit { collider: 42, node: TerrainNodeId { coordinates: BrickCoord { x: -67108864, y: -67108864, z: -67108864 }, level: 27 }, triangle: 1, fraction: 0.76613825549735, separation: 5.551115123125783e-16 })
trial=66 elapsed=7.39003967863868e-3 dt=5.031279511409847e-4 nominal=1.6666666666666666e-2 outcome=complete false
trial=67 elapsed=7.39003967863868e-3 dt=5.221375245242511e-4 nominal=1.6666666666666666e-2 outcome=Refine(TerrainSweepHit { collider: 42, node: TerrainNodeId { coordinates: BrickCoord { x: -67108864, y: -67108864, z: -67108864 }, level: 27 }, triangle: 1, fraction: 0.9759020744307724, separation: 1.6653345369377348e-16 })
trial=68 elapsed=7.39003967863868e-3 dt=5.095550933213649e-4 nominal=1.6666666666666666e-2 outcome=complete false
trial=69 elapsed=7.39003967863868e-3 dt=5.15846308922808e-4 nominal=1.6666666666666666e-2 outcome=complete false
trial=70 elapsed=7.39003967863868e-3 dt=5.189919167235296e-4 nominal=1.6666666666666666e-2 outcome=complete false
trial=71 elapsed=7.39003967863868e-3 dt=5.205647206238903e-4 nominal=1.6666666666666666e-2 outcome=Refine(TerrainSweepHit { collider: 42, node: TerrainNodeId { coordinates: BrickCoord { x: -67108864, y: -67108864, z: -67108864 }, level: 27 }, triangle: 1, fraction: 0.9977644738962608, separation: 2.220446049250313e-16 })
trial=72 elapsed=7.39003967863868e-3 dt=5.194009846022498e-4 nominal=1.6666666666666666e-2 outcome=complete false
trial=73 elapsed=7.39003967863868e-3 dt=5.1998285261307e-4 nominal=1.6666666666666666e-2 outcome=complete false
trial=74 elapsed=7.39003967863868e-3 dt=5.202737866184801e-4 nominal=1.6666666666666666e-2 outcome=complete false
trial=75 elapsed=7.39003967863868e-3 dt=5.204192536211852e-4 nominal=1.6666666666666666e-2 outcome=Refine(TerrainSweepHit { collider: 42, node: TerrainNodeId { coordinates: BrickCoord { x: -67108864, y: -67108864, z: -67108864 }, level: 27 }, triangle: 1, fraction: 0.9998302338341494, separation: 1.6653345369377348e-16 })
trial=76 elapsed=7.39003967863868e-3 dt=5.203309040398631e-4 nominal=1.6666666666666666e-2 outcome=complete false
trial=77 elapsed=7.39003967863868e-3 dt=5.203750788305241e-4 nominal=1.6666666666666666e-2 outcome=complete false
trial=78 elapsed=7.39003967863868e-3 dt=5.203971662258546e-4 nominal=1.6666666666666666e-2 outcome=complete false
trial=79 elapsed=7.39003967863868e-3 dt=5.2040820992352e-4 nominal=1.6666666666666666e-2 outcome=Refine(TerrainSweepHit { collider: 42, node: TerrainNodeId { coordinates: BrickCoord { x: -67108864, y: -67108864, z: -67108864 }, level: 27 }, triangle: 1, fraction: 0.9999873727353984, separation: 5.551115123125783e-16 })
trial=80 elapsed=7.39003967863868e-3 dt=5.204016385913524e-4 nominal=1.6666666666666666e-2 outcome=complete false
trial=81 elapsed=7.39003967863868e-3 dt=5.204049242574361e-4 nominal=1.6666666666666666e-2 outcome=complete false
trial=82 elapsed=7.39003967863868e-3 dt=5.20406567090478e-4 nominal=1.6666666666666666e-2 outcome=complete false
trial=83 elapsed=7.39003967863868e-3 dt=5.20407388506999e-4 nominal=1.6666666666666666e-2 outcome=Refine(TerrainSweepHit { collider: 42, node: TerrainNodeId { coordinates: BrickCoord { x: -67108864, y: -67108864, z: -67108864 }, level: 27 }, triangle: 1, fraction: 0.9999990626078398, separation: 4.440892098500626e-16 })
trial=84 elapsed=7.39003967863868e-3 dt=5.204069006811929e-4 nominal=1.6666666666666666e-2 outcome=complete false
trial=85 elapsed=7.39003967863868e-3 dt=5.204071445940959e-4 nominal=1.6666666666666666e-2 outcome=complete false
trial=86 elapsed=7.39003967863868e-3 dt=5.204072665505474e-4 nominal=1.6666666666666666e-2 outcome=complete false
trial=87 elapsed=7.910446945189227e-3 dt=8.75621972147744e-3 nominal=1.6666666666666666e-2 outcome=Refine(TerrainSweepHit { collider: 67, node: TerrainNodeId { coordinates: BrickCoord { x: -67108864, y: -67108864, z: -67108864 }, level: 27 }, triangle: 1, fraction: 2.5445695516253546e-6, separation: 2.7755575615628914e-16 })
trial=88 elapsed=7.910446945189227e-3 dt=2.2280810090612936e-8 nominal=1.6666666666666666e-2 outcome=complete false
trial=89 elapsed=7.910446945189227e-3 dt=4.378121001143765e-3 nominal=1.6666666666666666e-2 outcome=Refine(TerrainSweepHit { collider: 67, node: TerrainNodeId { coordinates: BrickCoord { x: -67108864, y: -67108864, z: -67108864 }, level: 27 }, triangle: 1, fraction: 9.654934422563048e-6, separation: 4.440892098500626e-16 })
trial=90 elapsed=7.910446945189227e-3 dt=4.3783215284345803e-4 nominal=1.6666666666666666e-2 outcome=Refine(TerrainSweepHit { collider: 67, node: TerrainNodeId { coordinates: BrickCoord { x: -67108864, y: -67108864, z: -67108864 }, level: 27 }, triangle: 1, fraction: 0.0006573902387780463, separation: 2.886579864025407e-15 })
trial=91 elapsed=7.910446945189227e-3 dt=4.380326801342736e-5 nominal=1.6666666666666666e-2 outcome=Refine(TerrainSweepHit { collider: 67, node: TerrainNodeId { coordinates: BrickCoord { x: -67108864, y: -67108864, z: -67108864 }, level: 27 }, triangle: 1, fraction: 0.060085620719284805, separation: 2.487454686672663e-13 })
trial=92 elapsed=7.910446945189227e-3 dt=4.4003795304242884e-6 nominal=1.6666666666666666e-2 outcome=complete false
trial=93 elapsed=7.910446945189227e-3 dt=2.4101823771925824e-5 nominal=1.6666666666666666e-2 outcome=Refine(TerrainSweepHit { collider: 67, node: TerrainNodeId { coordinates: BrickCoord { x: -67108864, y: -67108864, z: -67108864 }, level: 27 }, triangle: 1, fraction: 0.20714349293006423, separation: -5.551115123125783e-17 })
trial=94 elapsed=7.910446945189227e-3 dt=6.370523954574442e-6 nominal=1.6666666666666666e-2 outcome=complete false
trial=95 elapsed=7.910446945189227e-3 dt=1.5236173863250133e-5 nominal=1.6666666666666666e-2 outcome=Refine(TerrainSweepHit { collider: 67, node: TerrainNodeId { coordinates: BrickCoord { x: -67108864, y: -67108864, z: -67108864 }, level: 27 }, triangle: 1, fraction: 0.5494228714626626, separation: -1.1102230246251565e-16 })
trial=96 elapsed=7.910446945189227e-3 dt=8.371102394051256e-6 nominal=1.6666666666666666e-2 outcome=complete false
trial=97 elapsed=7.910446945189227e-3 dt=1.1803638128650695e-5 nominal=1.6666666666666666e-2 outcome=Refine(TerrainSweepHit { collider: 67, node: TerrainNodeId { coordinates: BrickCoord { x: -67108864, y: -67108864, z: -67108864 }, level: 27 }, triangle: 1, fraction: 0.9610687828875066, separation: 1.1102230246251565e-16 })
trial=98 elapsed=7.910446945189227e-3 dt=1.134410812994689e-5 nominal=1.6666666666666666e-2 outcome=complete false
trial=99 elapsed=7.910446945189227e-3 dt=1.1573873129298792e-5 nominal=1.6666666666666666e-2 outcome=complete false
trial=100 elapsed=7.910446945189227e-3 dt=1.1688755628974743e-5 nominal=1.6666666666666666e-2 outcome=Refine(TerrainSweepHit { collider: 67, node: TerrainNodeId { coordinates: BrickCoord { x: -67108864, y: -67108864, z: -67108864 }, level: 27 }, triangle: 1, fraction: 0.9821910573434214, separation: 1.1102230246251565e-16 })
trial=101 elapsed=7.910446945189227e-3 dt=1.1585361379266387e-5 nominal=1.6666666666666666e-2 outcome=complete false
trial=102 elapsed=7.910446945189227e-3 dt=1.1637058504120565e-5 nominal=1.6666666666666666e-2 outcome=Refine(TerrainSweepHit { collider: 67, node: TerrainNodeId { coordinates: BrickCoord { x: -67108864, y: -67108864, z: -67108864 }, level: 27 }, triangle: 1, fraction: 0.9919248065743164, separation: -2.7755575615628914e-16 })
trial=103 elapsed=7.910446945189227e-3 dt=1.1590531091751805e-5 nominal=1.6666666666666666e-2 outcome=complete false
trial=104 elapsed=7.910446945189227e-3 dt=1.1613794797936184e-5 nominal=1.6666666666666666e-2 outcome=Refine(TerrainSweepHit { collider: 67, node: TerrainNodeId { coordinates: BrickCoord { x: -67108864, y: -67108864, z: -67108864 }, level: 27 }, triangle: 1, fraction: 0.9963525132680409, separation: -1.1102230246251565e-16 })
trial=105 elapsed=7.910446945189227e-3 dt=1.1592857462370242e-5 nominal=1.6666666666666666e-2 outcome=complete false
trial=106 elapsed=7.910446945189227e-3 dt=1.1603326130153213e-5 nominal=1.6666666666666666e-2 outcome=Refine(TerrainSweepHit { collider: 67, node: TerrainNodeId { coordinates: BrickCoord { x: -67108864, y: -67108864, z: -67108864 }, level: 27 }, triangle: 1, fraction: 0.9983545070537961, separation: 0.0 })
trial=107 elapsed=7.910446945189227e-3 dt=1.1593904329148538e-5 nominal=1.6666666666666666e-2 outcome=complete false
trial=108 elapsed=7.922040849518376e-3 dt=8.74462581714829e-3 nominal=1.6666666666666666e-2 outcome=Refine(TerrainSweepHit { collider: 42, node: TerrainNodeId { coordinates: BrickCoord { x: -67108864, y: -67108864, z: -67108864 }, level: 27 }, triangle: 1, fraction: 7.298978326365317e-10, separation: 3.3306690738754696e-16 })
trial=109 elapsed=7.922040849518376e-3 dt=6.382683431153997e-12 nominal=1.6666666666666666e-2 outcome=complete false
trial=110 elapsed=7.922040849518376e-3 dt=4.3723129117654875e-3 nominal=1.6666666666666666e-2 outcome=Refine(TerrainSweepHit { collider: 42, node: TerrainNodeId { coordinates: BrickCoord { x: -67108864, y: -67108864, z: -67108864 }, level: 27 }, triangle: 1, fraction: 2.8667235184937097e-9, separation: 0.0 })
trial=111 elapsed=7.922040849518376e-3 dt=4.372312969209639e-4 nominal=1.6666666666666666e-2 outcome=Refine(TerrainSweepHit { collider: 42, node: TerrainNodeId { coordinates: BrickCoord { x: -67108864, y: -67108864, z: -67108864 }, level: 27 }, triangle: 1, fraction: 3.24960900538433e-7, separation: 3.885780586188048e-16 })
trial=112 elapsed=7.922040849518376e-3 dt=4.372313543651148e-5 nominal=1.6666666666666666e-2 outcome=Refine(TerrainSweepHit { collider: 42, node: TerrainNodeId { coordinates: BrickCoord { x: -67108864, y: -67108864, z: -67108864 }, level: 27 }, triangle: 1, fraction: 0.0001093894269104112, separation: 0.0 })
trial=113 elapsed=7.922040849518376e-3 dt=4.372319288066236e-6 nominal=1.6666666666666666e-2 outcome=Refine(TerrainSweepHit { collider: 42, node: TerrainNodeId { coordinates: BrickCoord { x: -67108864, y: -67108864, z: -67108864 }, level: 27 }, triangle: 1, fraction: 0.007607722781216353, separation: 2.220446049250313e-16 })
trial=114 elapsed=7.922040849518376e-3 dt=4.3723767322171166e-7 nominal=1.6666666666666666e-2 outcome=Refine(TerrainSweepHit { collider: 42, node: TerrainNodeId { coordinates: BrickCoord { x: -67108864, y: -67108864, z: -67108864 }, level: 27 }, triangle: 1, fraction: 0.2052681592204344, separation: 7.216449660063518e-16 })
trial=115 elapsed=7.922040849518376e-3 dt=8.975097232404657e-8 nominal=1.6666666666666666e-2 outcome=complete false
trial=116 elapsed=7.9221306004907e-3 dt=8.744536066175966e-3 nominal=1.6666666666666666e-2 outcome=release 0.00000017224565695846287
trial=117 elapsed=7.9221306004907e-3 dt=1.506208359515452e-9 nominal=1.6666666666666666e-2 outcome=release 0.5621077114797827
trial=118 elapsed=7.9221306004907e-3 dt=8.466513339789484e-10 nominal=1.6666666666666666e-2 outcome=complete false
trial=119 elapsed=7.922131447142034e-3 dt=8.744535219524632e-3 nominal=1.6666666666666666e-2 outcome=complete false
trial=0 elapsed=0e0 dt=1.6666666666666666e-2 nominal=1.6666666666666666e-2 outcome=Refine(TerrainSweepHit { collider: 42, node: TerrainNodeId { coordinates: BrickCoord { x: -67108864, y: -67108864, z: -67108864 }, level: 27 }, triangle: 1, fraction: 1.935697269498684e-5, separation: 3.608224830031759e-15 })
trial=1 elapsed=0e0 dt=3.2261621158311403e-7 nominal=1.6666666666666666e-2 outcome=complete false
trial=2 elapsed=0e0 dt=8.333494641439124e-3 nominal=1.6666666666666666e-2 outcome=Refine(TerrainSweepHit { collider: 42, node: TerrainNodeId { coordinates: BrickCoord { x: -67108864, y: -67108864, z: -67108864 }, level: 27 }, triangle: 1, fraction: 7.450095035002743e-5, separation: 1.176836406102666e-14 })
trial=3 elapsed=0e0 dt=8.336398187343374e-4 nominal=1.6666666666666666e-2 outcome=Refine(TerrainSweepHit { collider: 42, node: TerrainNodeId { coordinates: BrickCoord { x: -67108864, y: -67108864, z: -67108864 }, level: 27 }, triangle: 1, fraction: 0.007204546926500432, separation: -3.885780586188048e-16 })
trial=4 elapsed=0e0 dt=8.365433646385855e-5 nominal=1.6666666666666666e-2 outcome=Refine(TerrainSweepHit { collider: 42, node: TerrainNodeId { coordinates: BrickCoord { x: -67108864, y: -67108864, z: -67108864 }, level: 27 }, triangle: 1, fraction: 0.7138134362381221, separation: 6.661338147750939e-16 })
trial=5 elapsed=0e0 dt=5.9713589367486905e-5 nominal=1.6666666666666666e-2 outcome=complete false
trial=6 elapsed=0e0 dt=7.168396291567272e-5 nominal=1.6666666666666666e-2 outcome=Refine(TerrainSweepHit { collider: 42, node: TerrainNodeId { coordinates: BrickCoord { x: -67108864, y: -67108864, z: -67108864 }, level: 27 }, triangle: 1, fraction: 0.9722125469057127, separation: 1.3877787807814457e-15 })
trial=7 elapsed=0e0 dt=6.969204815854083e-5 nominal=1.6666666666666666e-2 outcome=complete false
trial=8 elapsed=0e0 dt=7.068800553710678e-5 nominal=1.6666666666666666e-2 outcome=Refine(TerrainSweepHit { collider: 42, node: TerrainNodeId { coordinates: BrickCoord { x: -67108864, y: -67108864, z: -67108864 }, level: 27 }, triangle: 1, fraction: 0.9998119954242676, separation: 8.881784197001252e-16 })
trial=9 elapsed=0e0 dt=7.058840979925018e-5 nominal=1.6666666666666666e-2 outcome=complete false
trial=10 elapsed=0e0 dt=7.063820766817848e-5 nominal=1.6666666666666666e-2 outcome=complete false
trial=11 elapsed=0e0 dt=7.066310660264263e-5 nominal=1.6666666666666666e-2 outcome=complete false
trial=12 elapsed=0e0 dt=7.067555606987471e-5 nominal=1.6666666666666666e-2 outcome=complete false
trial=13 elapsed=0e0 dt=7.068178080349075e-5 nominal=1.6666666666666666e-2 outcome=Refine(TerrainSweepHit { collider: 42, node: TerrainNodeId { coordinates: BrickCoord { x: -67108864, y: -67108864, z: -67108864 }, level: 27 }, triangle: 1, fraction: 0.9999881646358783, separation: 1.3877787807814457e-15 })
trial=14 elapsed=0e0 dt=7.068094425887817e-5 nominal=1.6666666666666666e-2 outcome=complete false
trial=15 elapsed=0e0 dt=7.068136253118446e-5 nominal=1.6666666666666666e-2 outcome=complete false
trial=16 elapsed=7.068136253118446e-5 dt=1.659598530413548e-2 nominal=1.6666666666666666e-2 outcome=Refine(TerrainSweepHit { collider: 67, node: TerrainNodeId { coordinates: BrickCoord { x: -67108864, y: -67108864, z: -67108864 }, level: 27 }, triangle: 1, fraction: 0.0001563000430540325, separation: 1.6653345369377348e-16 })
trial=17 elapsed=7.068136253118446e-5 dt=2.5939532175604665e-6 nominal=1.6666666666666666e-2 outcome=complete false
trial=18 elapsed=7.068136253118446e-5 dt=8.299289628676522e-3 nominal=1.6666666666666666e-2 outcome=Refine(TerrainSweepHit { collider: 67, node: TerrainNodeId { coordinates: BrickCoord { x: -67108864, y: -67108864, z: -67108864 }, level: 27 }, triangle: 1, fraction: 0.0005841064619654782, separation: -5.551115123125783e-17 })
trial=19 elapsed=7.068136253118446e-5 dt=8.322635207634566e-4 nominal=1.6666666666666666e-2 outcome=Refine(TerrainSweepHit { collider: 67, node: TerrainNodeId { coordinates: BrickCoord { x: -67108864, y: -67108864, z: -67108864 }, level: 27 }, triangle: 1, fraction: 0.04834769674482756, separation: 3.3306690738754696e-16 })
trial=20 elapsed=7.068136253118446e-5 dt=8.556090997215008e-5 nominal=1.6666666666666666e-2 outcome=complete false
trial=21 elapsed=7.068136253118446e-5 dt=4.5891221536780336e-4 nominal=1.6666666666666666e-2 outcome=Refine(TerrainSweepHit { collider: 67, node: TerrainNodeId { coordinates: BrickCoord { x: -67108864, y: -67108864, z: -67108864 }, level: 27 }, triangle: 1, fraction: 0.1426611102097737, separation: -2.220446049250313e-16 })
trial=22 elapsed=7.068136253118446e-5 dt=1.228960405117154e-4 nominal=1.6666666666666666e-2 outcome=complete false
trial=23 elapsed=7.068136253118446e-5 dt=2.909041279397594e-4 nominal=1.6666666666666666e-2 outcome=Refine(TerrainSweepHit { collider: 67, node: TerrainNodeId { coordinates: BrickCoord { x: -67108864, y: -67108864, z: -67108864 }, level: 27 }, triangle: 1, fraction: 0.31396935096177836, separation: 3.3306690738754696e-16 })
trial=24 elapsed=7.068136253118446e-5 dt=1.396968492545198e-4 nominal=1.6666666666666666e-2 outcome=complete false
trial=25 elapsed=7.068136253118446e-5 dt=2.153004885971396e-4 nominal=1.6666666666666666e-2 outcome=Refine(TerrainSweepHit { collider: 67, node: TerrainNodeId { coordinates: BrickCoord { x: -67108864, y: -67108864, z: -67108864 }, level: 27 }, triangle: 1, fraction: 0.516138351757959, separation: 1.1102230246251565e-16 })
trial=26 elapsed=7.068136253118446e-5 dt=1.4725721318878176e-4 nominal=1.6666666666666666e-2 outcome=Refine(TerrainSweepHit { collider: 67, node: TerrainNodeId { coordinates: BrickCoord { x: -67108864, y: -67108864, z: -67108864 }, level: 27 }, triangle: 1, fraction: 0.9376676412426351, separation: 1.609823385706477e-15 })
trial=27 elapsed=7.068136253118446e-5 dt=1.40452885647946e-4 nominal=1.6666666666666666e-2 outcome=complete false
trial=28 elapsed=7.068136253118446e-5 dt=1.4385504941836388e-4 nominal=1.6666666666666666e-2 outcome=Refine(TerrainSweepHit { collider: 67, node: TerrainNodeId { coordinates: BrickCoord { x: -67108864, y: -67108864, z: -67108864 }, level: 27 }, triangle: 1, fraction: 0.971633125778216, separation: 1.942890293094024e-15 })
trial=29 elapsed=7.068136253118446e-5 dt=1.4079310202498777e-4 nominal=1.6666666666666666e-2 outcome=complete false
trial=30 elapsed=7.068136253118446e-5 dt=1.4232407572167582e-4 nominal=1.6666666666666666e-2 outcome=Refine(TerrainSweepHit { collider: 67, node: TerrainNodeId { coordinates: BrickCoord { x: -67108864, y: -67108864, z: -67108864 }, level: 27 }, triangle: 1, fraction: 0.9875436133346168, separation: 2.1094237467877974e-15 })
trial=31 elapsed=7.068136253118446e-5 dt=1.4094619939465658e-4 nominal=1.6666666666666666e-2 outcome=complete false
trial=32 elapsed=7.068136253118446e-5 dt=1.416351375581662e-4 nominal=1.6666666666666666e-2 outcome=Refine(TerrainSweepHit { collider: 67, node: TerrainNodeId { coordinates: BrickCoord { x: -67108864, y: -67108864, z: -67108864 }, level: 27 }, triangle: 1, fraction: 0.9948355352041928, separation: 1.609823385706477e-15 })
trial=33 elapsed=7.068136253118446e-5 dt=1.4101509321100755e-4 nominal=1.6666666666666666e-2 outcome=complete false
trial=34 elapsed=7.068136253118446e-5 dt=1.4132511538458687e-4 nominal=1.6666666666666666e-2 outcome=Refine(TerrainSweepHit { collider: 67, node: TerrainNodeId { coordinates: BrickCoord { x: -67108864, y: -67108864, z: -67108864 }, level: 27 }, triangle: 1, fraction: 0.998144187722594, separation: 1.887379141862766e-15 })
trial=35 elapsed=7.068136253118446e-5 dt=1.4106284250035034e-4 nominal=1.6666666666666666e-2 outcome=complete false
trial=36 elapsed=7.068136253118446e-5 dt=1.411939789424686e-4 nominal=1.6666666666666666e-2 outcome=Refine(TerrainSweepHit { collider: 67, node: TerrainNodeId { coordinates: BrickCoord { x: -67108864, y: -67108864, z: -67108864 }, level: 27 }, triangle: 1, fraction: 0.9995488576731881, separation: 2.220446049250313e-15 })
trial=37 elapsed=7.068136253118446e-5 dt=1.411302803622767e-4 nominal=1.6666666666666666e-2 outcome=complete false
trial=38 elapsed=7.068136253118446e-5 dt=1.4116212965237265e-4 nominal=1.6666666666666666e-2 outcome=Refine(TerrainSweepHit { collider: 67, node: TerrainNodeId { coordinates: BrickCoord { x: -67108864, y: -67108864, z: -67108864 }, level: 27 }, triangle: 1, fraction: 0.9998904747583742, separation: 1.7208456881689926e-15 })
trial=39 elapsed=7.068136253118446e-5 dt=1.4114666883601406e-4 nominal=1.6666666666666666e-2 outcome=complete false
trial=40 elapsed=7.068136253118446e-5 dt=1.4115439924419337e-4 nominal=1.6666666666666666e-2 outcome=Refine(TerrainSweepHit { collider: 67, node: TerrainNodeId { coordinates: BrickCoord { x: -67108864, y: -67108864, z: -67108864 }, level: 27 }, triangle: 1, fraction: 0.9999734194107708, separation: 1.609823385706477e-15 })
trial=41 elapsed=7.068136253118446e-5 dt=1.4115064727708915e-4 nominal=1.6666666666666666e-2 outcome=complete false
trial=42 elapsed=7.068136253118446e-5 dt=1.4115252326064127e-4 nominal=1.6666666666666666e-2 outcome=Refine(TerrainSweepHit { collider: 67, node: TerrainNodeId { coordinates: BrickCoord { x: -67108864, y: -67108864, z: -67108864 }, level: 27 }, triangle: 1, fraction: 0.999993549268605, separation: 1.9984014443252818e-15 })
trial=43 elapsed=7.068136253118446e-5 dt=1.4115161272362797e-4 nominal=1.6666666666666666e-2 outcome=complete false
trial=44 elapsed=7.068136253118446e-5 dt=1.4115206799213462e-4 nominal=1.6666666666666666e-2 outcome=Refine(TerrainSweepHit { collider: 67, node: TerrainNodeId { coordinates: BrickCoord { x: -67108864, y: -67108864, z: -67108864 }, level: 27 }, triangle: 1, fraction: 0.9999984345890839, separation: 1.8318679906315083e-15 })
trial=45 elapsed=7.068136253118446e-5 dt=1.4115184703114656e-4 nominal=1.6666666666666666e-2 outcome=complete false
trial=46 elapsed=2.11833209562331e-4 dt=1.6454833457104336e-2 nominal=1.6666666666666666e-2 outcome=Refine(TerrainSweepHit { collider: 42, node: TerrainNodeId { coordinates: BrickCoord { x: -67108864, y: -67108864, z: -67108864 }, level: 27 }, triangle: 1, fraction: 4.893206100359449e-10, separation: 1.6653345369377348e-16 })
trial=47 elapsed=2.11833209562331e-4 dt=8.05168914527017e-12 nominal=1.6666666666666666e-2 outcome=complete false
trial=48 elapsed=2.11833209562331e-4 dt=8.227416732578013e-3 nominal=1.6666666666666666e-2 outcome=Refine(TerrainSweepHit { collider: 42, node: TerrainNodeId { coordinates: BrickCoord { x: -67108864, y: -67108864, z: -67108864 }, level: 27 }, triangle: 1, fraction: 1.867454680625802e-9, separation: -5.551115123125783e-17 })
trial=49 elapsed=2.11833209562331e-4 dt=8.227416805043216e-4 nominal=1.6666666666666666e-2 outcome=Refine(TerrainSweepHit { collider: 42, node: TerrainNodeId { coordinates: BrickCoord { x: -67108864, y: -67108864, z: -67108864 }, level: 27 }, triangle: 1, fraction: 1.780721435067848e-7, separation: -5.551115123125783e-17 })
trial=50 elapsed=2.11833209562331e-4 dt=8.227417529695239e-5 nominal=1.6666666666666666e-2 outcome=Refine(TerrainSweepHit { collider: 42, node: TerrainNodeId { coordinates: BrickCoord { x: -67108864, y: -67108864, z: -67108864 }, level: 27 }, triangle: 1, fraction: 1.6654561401657377e-5, separation: 2.220446049250313e-16 })
trial=51 elapsed=2.11833209562331e-4 dt=8.227424776215471e-6 nominal=1.6666666666666666e-2 outcome=Refine(TerrainSweepHit { collider: 42, node: TerrainNodeId { coordinates: BrickCoord { x: -67108864, y: -67108864, z: -67108864 }, level: 27 }, triangle: 1, fraction: 0.0010283429460287152, separation: 1.1102230246251565e-16 })
trial=52 elapsed=2.11833209562331e-4 dt=8.227497241417778e-7 nominal=1.6666666666666666e-2 outcome=Refine(TerrainSweepHit { collider: 42, node: TerrainNodeId { coordinates: BrickCoord { x: -67108864, y: -67108864, z: -67108864 }, level: 27 }, triangle: 1, fraction: 0.020861115869532654, separation: -2.220446049250313e-16 })
trial=53 elapsed=2.11833209562331e-4 dt=8.228221893440853e-8 nominal=1.6666666666666666e-2 outcome=Refine(TerrainSweepHit { collider: 42, node: TerrainNodeId { coordinates: BrickCoord { x: -67108864, y: -67108864, z: -67108864 }, level: 27 }, triangle: 1, fraction: 0.22142439665161362, separation: -1.6653345369377348e-16 })
trial=54 elapsed=2.11833209562331e-4 dt=1.8219290682707387e-8 nominal=1.6666666666666666e-2 outcome=complete false
trial=55 elapsed=2.1185142885301372e-4 dt=1.6454815237813652e-2 nominal=1.6666666666666666e-2 outcome=release 0.000001199092286109206
trial=56 elapsed=2.1185142885301372e-4 dt=1.973084202101457e-8 nominal=1.6666666666666666e-2 outcome=complete false
trial=57 elapsed=2.1185142885301372e-4 dt=8.227417484327836e-3 nominal=1.6666666666666666e-2 outcome=release 0.0000022606451408022383
trial=58 elapsed=2.1185142885301372e-4 dt=8.227595061906025e-4 nominal=1.6666666666666666e-2 outcome=release 0.000021552150639016
trial=59 elapsed=2.1185142885301372e-4 dt=8.229370837687917e-5 nominal=1.6666666666666666e-2 outcome=release 0.00022146142414640517
trial=60 elapsed=2.1185142885301372e-4 dt=8.24712859550683e-6 nominal=1.6666666666666666e-2 outcome=release 0.0032847797937127954
trial=61 elapsed=2.1185142885301372e-4 dt=8.424706173695962e-7 nominal=1.6666666666666666e-2 outcome=release 0.09005410994084244
trial=62 elapsed=2.1185142885301372e-4 dt=1.0200481955587274e-7 nominal=1.6666666666666666e-2 outcome=release 0.7715644317236472
trial=63 elapsed=2.1185142885301372e-4 dt=7.870329063370012e-8 nominal=1.6666666666666666e-2 outcome=complete false
trial=64 elapsed=2.119301321436474e-4 dt=1.645473653452302e-2 nominal=1.6666666666666666e-2 outcome=Refine(TerrainSweepHit { collider: 7, node: TerrainNodeId { coordinates: BrickCoord { x: -67108864, y: -67108864, z: -67108864 }, level: 27 }, triangle: 1, fraction: 0.29343409236216483, separation: 2.220446049250313e-16 })
trial=65 elapsed=2.119301321436474e-4 dt=4.828380680066316e-3 nominal=1.6666666666666666e-2 outcome=complete false
trial=66 elapsed=2.119301321436474e-4 dt=1.0641558607294668e-2 nominal=1.6666666666666666e-2 outcome=Refine(TerrainSweepHit { collider: 7, node: TerrainNodeId { coordinates: BrickCoord { x: -67108864, y: -67108864, z: -67108864 }, level: 27 }, triangle: 1, fraction: 0.48059670786005887, separation: -1.6653345369377348e-16 })
trial=67 elapsed=2.119301321436474e-4 dt=5.409698472789151e-3 nominal=1.6666666666666666e-2 outcome=complete false
trial=68 elapsed=2.119301321436474e-4 dt=8.02562854004191e-3 nominal=1.6666666666666666e-2 outcome=Refine(TerrainSweepHit { collider: 7, node: TerrainNodeId { coordinates: BrickCoord { x: -67108864, y: -67108864, z: -67108864 }, level: 27 }, triangle: 1, fraction: 0.656204902175782, separation: 3.3306690738754696e-16 })
trial=69 elapsed=2.119301321436474e-4 dt=5.671291479514427e-3 nominal=1.6666666666666666e-2 outcome=Refine(TerrainSweepHit { collider: 7, node: TerrainNodeId { coordinates: BrickCoord { x: -67108864, y: -67108864, z: -67108864 }, level: 27 }, triangle: 1, fraction: 0.9554497568623594, separation: 1.1102230246251565e-16 })
trial=70 elapsed=2.119301321436474e-4 dt=5.435857773461678e-3 nominal=1.6666666666666666e-2 outcome=Refine(TerrainSweepHit { collider: 7, node: TerrainNodeId { coordinates: BrickCoord { x: -67108864, y: -67108864, z: -67108864 }, level: 27 }, triangle: 1, fraction: 0.9997924403161941, separation: 5.551115123125783e-17 })
trial=71 elapsed=2.119301321436474e-4 dt=5.433241843394426e-3 nominal=1.6666666666666666e-2 outcome=complete false
trial=72 elapsed=2.119301321436474e-4 dt=5.434549808428052e-3 nominal=1.6666666666666666e-2 outcome=complete false
trial=73 elapsed=2.119301321436474e-4 dt=5.435203790944865e-3 nominal=1.6666666666666666e-2 outcome=Refine(TerrainSweepHit { collider: 7, node: TerrainNodeId { coordinates: BrickCoord { x: -67108864, y: -67108864, z: -67108864 }, level: 27 }, triangle: 1, fraction: 0.9999210077491179, separation: -2.7755575615628914e-16 })
trial=74 elapsed=2.119301321436474e-4 dt=5.4347744519634145e-3 nominal=1.6666666666666666e-2 outcome=complete false
trial=75 elapsed=2.119301321436474e-4 dt=5.43498912145414e-3 nominal=1.6666666666666666e-2 outcome=Refine(TerrainSweepHit { collider: 7, node: TerrainNodeId { coordinates: BrickCoord { x: -67108864, y: -67108864, z: -67108864 }, level: 27 }, triangle: 1, fraction: 0.9999632167530595, separation: -1.1102230246251565e-16 })
trial=76 elapsed=2.119301321436474e-4 dt=5.434795918912487e-3 nominal=1.6666666666666666e-2 outcome=complete false
trial=77 elapsed=2.119301321436474e-4 dt=5.434892520183313e-3 nominal=1.6666666666666666e-2 outcome=Refine(TerrainSweepHit { collider: 7, node: TerrainNodeId { coordinates: BrickCoord { x: -67108864, y: -67108864, z: -67108864 }, level: 27 }, triangle: 1, fraction: 0.9999822119010765, separation: 0.0 })
trial=78 elapsed=2.119301321436474e-4 dt=5.43480557903957e-3 nominal=1.6666666666666666e-2 outcome=Refine(TerrainSweepHit { collider: 7, node: TerrainNodeId { coordinates: BrickCoord { x: -67108864, y: -67108864, z: -67108864 }, level: 27 }, triangle: 1, fraction: 0.9999993081161119, separation: 0.0 })
trial=79 elapsed=2.119301321436474e-4 dt=5.434801818785155e-3 nominal=1.6666666666666666e-2 outcome=complete false
trial=80 elapsed=2.119301321436474e-4 dt=5.434803698912362e-3 nominal=1.6666666666666666e-2 outcome=Refine(TerrainSweepHit { collider: 7, node: TerrainNodeId { coordinates: BrickCoord { x: -67108864, y: -67108864, z: -67108864 }, level: 27 }, triangle: 1, fraction: 0.9999996778326816, separation: 2.7755575615628914e-16 })
trial=81 elapsed=2.119301321436474e-4 dt=5.4348020067978755e-3 nominal=1.6666666666666666e-2 outcome=complete false
trial=82 elapsed=2.119301321436474e-4 dt=5.434802852855119e-3 nominal=1.6666666666666666e-2 outcome=Refine(TerrainSweepHit { collider: 7, node: TerrainNodeId { coordinates: BrickCoord { x: -67108864, y: -67108864, z: -67108864 }, level: 27 }, triangle: 1, fraction: 0.9999998442053286, separation: 0.0 })
trial=83 elapsed=2.119301321436474e-4 dt=5.4348020914036e-3 nominal=1.6666666666666666e-2 outcome=Refine(TerrainSweepHit { collider: 7, node: TerrainNodeId { coordinates: BrickCoord { x: -67108864, y: -67108864, z: -67108864 }, level: 27 }, triangle: 1, fraction: 0.9999999939407237, separation: 0.0 })
trial=84 elapsed=2.119301321436474e-4 dt=5.434802058472632e-3 nominal=1.6666666666666666e-2 outcome=complete false
trial=85 elapsed=2.119301321436474e-4 dt=5.4348020749381155e-3 nominal=1.6666666666666666e-2 outcome=Refine(TerrainSweepHit { collider: 7, node: TerrainNodeId { coordinates: BrickCoord { x: -67108864, y: -67108864, z: -67108864 }, level: 27 }, triangle: 1, fraction: 0.9999999971785299, separation: 1.1102230246251565e-16 })
trial=86 elapsed=2.119301321436474e-4 dt=5.43480206011918e-3 nominal=1.6666666666666666e-2 outcome=complete false
trial=87 elapsed=5.646732192262828e-3 dt=1.1019934474403838e-2 nominal=1.6666666666666666e-2 outcome=Refine(TerrainSweepHit { collider: 67, node: TerrainNodeId { coordinates: BrickCoord { x: -67108864, y: -67108864, z: -67108864 }, level: 27 }, triangle: 1, fraction: 0.00010658958157064224, separation: 6.500355809180292e-14 })
trial=88 elapsed=5.646732192262828e-3 dt=1.1746102045626002e-6 nominal=1.6666666666666666e-2 outcome=complete false
trial=89 elapsed=5.646732192262828e-3 dt=5.510554542304201e-3 nominal=1.6666666666666666e-2 outcome=Refine(TerrainSweepHit { collider: 67, node: TerrainNodeId { coordinates: BrickCoord { x: -67108864, y: -67108864, z: -67108864 }, level: 27 }, triangle: 1, fraction: 0.0003833754507693437, separation: 1.819100425848319e-13 })
trial=90 elapsed=5.646732192262828e-3 dt=5.521126034145265e-4 nominal=1.6666666666666666e-2 outcome=Refine(TerrainSweepHit { collider: 67, node: TerrainNodeId { coordinates: BrickCoord { x: -67108864, y: -67108864, z: -67108864 }, level: 27 }, triangle: 1, fraction: 0.0163116253324994, separation: 1.6653345369377348e-16 })
trial=91 elapsed=5.646732192262828e-3 dt=5.626840952555899e-5 nominal=1.6666666666666666e-2 outcome=Refine(TerrainSweepHit { collider: 67, node: TerrainNodeId { coordinates: BrickCoord { x: -67108864, y: -67108864, z: -67108864 }, level: 27 }, triangle: 1, fraction: 0.2336433379911468, separation: -2.7755575615628914e-16 })
trial=92 elapsed=5.646732192262828e-3 dt=1.3146739025004444e-5 nominal=1.6666666666666666e-2 outcome=complete false
trial=93 elapsed=5.646732192262828e-3 dt=3.470757427528171e-5 nominal=1.6666666666666666e-2 outcome=Refine(TerrainSweepHit { collider: 67, node: TerrainNodeId { coordinates: BrickCoord { x: -67108864, y: -67108864, z: -67108864 }, level: 27 }, triangle: 1, fraction: 0.3822329944793924, separation: 5.551115123125783e-17 })
trial=94 elapsed=5.646732192262828e-3 dt=1.530282255003217e-5 nominal=1.6666666666666666e-2 outcome=Refine(TerrainSweepHit { collider: 67, node: TerrainNodeId { coordinates: BrickCoord { x: -67108864, y: -67108864, z: -67108864 }, level: 27 }, triangle: 1, fraction: 0.871410517609691, separation: -2.7755575615628914e-16 })
trial=95 elapsed=5.646732192262828e-3 dt=1.3362347377507217e-5 nominal=1.6666666666666666e-2 outcome=Refine(TerrainSweepHit { collider: 67, node: TerrainNodeId { coordinates: BrickCoord { x: -67108864, y: -67108864, z: -67108864 }, level: 27 }, triangle: 1, fraction: 0.9984736706001348, separation: 0.0 })
trial=96 elapsed=5.646732192262828e-3 dt=1.334078654225694e-5 nominal=1.6666666666666666e-2 outcome=complete false
trial=97 elapsed=5.646732192262828e-3 dt=1.335156695988208e-5 nominal=1.6666666666666666e-2 outcome=Refine(TerrainSweepHit { collider: 67, node: TerrainNodeId { coordinates: BrickCoord { x: -67108864, y: -67108864, z: -67108864 }, level: 27 }, triangle: 1, fraction: 0.9992827448167599, separation: -2.220446049250313e-16 })
trial=98 elapsed=5.646732192262828e-3 dt=1.3341990479275727e-5 nominal=1.6666666666666666e-2 outcome=complete false
trial=99 elapsed=5.660074182742104e-3 dt=1.1006592483924563e-2 nominal=1.6666666666666666e-2 outcome=release 0.001139797501785947
trial=100 elapsed=5.660074182742104e-3 dt=1.2545286616353197e-5 nominal=1.6666666666666666e-2 outcome=complete false
trial=101 elapsed=5.660074182742104e-3 dt=5.509568885270458e-3 nominal=1.6666666666666666e-2 outcome=release 0.002217858607304261
trial=102 elapsed=5.660074182742104e-3 dt=5.622476464817637e-4 nominal=1.6666666666666666e-2 outcome=release 0.021268039477609583
trial=103 elapsed=5.660074182742104e-3 dt=6.751552260289425e-5 nominal=1.6666666666666666e-2 outcome=release 0.24905665402662197
trial=104 elapsed=5.660074182742104e-3 dt=1.8042310215007302e-5 nominal=1.6666666666666666e-2 outcome=complete false
trial=105 elapsed=5.660074182742104e-3 dt=4.2778916408950775e-5 nominal=1.6666666666666666e-2 outcome=release 0.5882015627870132
trial=106 elapsed=5.660074182742104e-3 dt=2.516262548607985e-5 nominal=1.6666666666666666e-2 outcome=complete false
trial=107 elapsed=5.660074182742104e-3 dt=3.3970770947515315e-5 nominal=1.6666666666666666e-2 outcome=complete false
trial=108 elapsed=5.660074182742104e-3 dt=3.8374843678233045e-5 nominal=1.6666666666666666e-2 outcome=release 0.7756422773649108
trial=109 elapsed=5.660074182742104e-3 dt=3.4411178220587085e-5 nominal=1.6666666666666666e-2 outcome=complete false
trial=110 elapsed=5.660074182742104e-3 dt=3.639301094941007e-5 nominal=1.6666666666666666e-2 outcome=release 0.9043462896715616
trial=111 elapsed=5.660074182742104e-3 dt=3.460936149346938e-5 nominal=1.6666666666666666e-2 outcome=complete false
trial=112 elapsed=5.660074182742104e-3 dt=3.550118622143973e-5 nominal=1.6666666666666666e-2 outcome=release 0.9773238546398937
trial=113 elapsed=5.660074182742104e-3 dt=3.469854396626642e-5 nominal=1.6666666666666666e-2 outcome=complete false
trial=114 elapsed=5.660074182742104e-3 dt=3.509986509385308e-5 nominal=1.6666666666666666e-2 outcome=complete false
trial=115 elapsed=5.660074182742104e-3 dt=3.53005256576464e-5 nominal=1.6666666666666666e-2 outcome=release 0.9953971123479797
trial=116 elapsed=5.660074182742104e-3 dt=3.513804130398699e-5 nominal=1.6666666666666666e-2 outcome=complete false
trial=117 elapsed=5.660074182742104e-3 dt=3.52192834808167e-5 nominal=1.6666666666666666e-2 outcome=complete false
trial=118 elapsed=5.660074182742104e-3 dt=3.5259904569231554e-5 nominal=1.6666666666666666e-2 outcome=release 0.999137472020643
trial=119 elapsed=5.660074182742104e-3 dt=3.522949191499113e-5 nominal=1.6666666666666666e-2 outcome=complete false
trial=120 elapsed=5.660074182742104e-3 dt=3.524469824211134e-5 nominal=1.6666666666666666e-2 outcome=complete false
trial=121 elapsed=5.660074182742104e-3 dt=3.525230140567145e-5 nominal=1.6666666666666666e-2 outcome=release 0.9998406911953234
trial=122 elapsed=5.660074182742104e-3 dt=3.524668540367241e-5 nominal=1.6666666666666666e-2 outcome=complete false
trial=123 elapsed=5.660074182742104e-3 dt=3.524949340467193e-5 nominal=1.6666666666666666e-2 outcome=complete false
trial=124 elapsed=5.660074182742104e-3 dt=3.525089740517169e-5 nominal=1.6666666666666666e-2 outcome=complete false
trial=125 elapsed=5.695325080147275e-3 dt=1.0971341586519391e-2 nominal=1.6666666666666666e-2 outcome=release 0.00000101722773579963
trial=126 elapsed=5.695325080147275e-3 dt=1.116035296073944e-8 nominal=1.6666666666666666e-2 outcome=release 0.8328257638861442
trial=127 elapsed=5.695325080147275e-3 dt=9.294629479766814e-9 nominal=1.6666666666666666e-2 outcome=complete false
trial=0 elapsed=0e0 dt=8.333333333333333e-3 nominal=8.333333333333333e-3 outcome=Refine(TerrainSweepHit { collider: 42, node: TerrainNodeId { coordinates: BrickCoord { x: -67108864, y: -67108864, z: -67108864 }, level: 27 }, triangle: 1, fraction: 7.450378034373535e-5, separation: 1.1879386363489175e-14 })
trial=1 elapsed=0e0 dt=6.208648361977946e-7 nominal=8.333333333333333e-3 outcome=complete false
trial=2 elapsed=0e0 dt=4.166977099084766e-3 nominal=8.333333333333333e-3 outcome=Refine(TerrainSweepHit { collider: 42, node: TerrainNodeId { coordinates: BrickCoord { x: -67108864, y: -67108864, z: -67108864 }, level: 27 }, triangle: 1, fraction: 0.000292502715202282, separation: 4.446443213623752e-14 })
trial=3 elapsed=0e0 dt=4.172564882610546e-4 nominal=8.333333333333333e-3 outcome=Refine(TerrainSweepHit { collider: 42, node: TerrainNodeId { coordinates: BrickCoord { x: -67108864, y: -67108864, z: -67108864 }, level: 27 }, triangle: 1, fraction: 0.02870967564222505, separation: -1.6653345369377348e-16 })
trial=4 elapsed=0e0 dt=4.228442717868348e-5 nominal=8.333333333333333e-3 outcome=complete false
trial=5 elapsed=0e0 dt=2.2977045771986902e-4 nominal=8.333333333333333e-3 outcome=Refine(TerrainSweepHit { collider: 42, node: TerrainNodeId { coordinates: BrickCoord { x: -67108864, y: -67108864, z: -67108864 }, level: 27 }, triangle: 1, fraction: 0.09461543518049763, separation: -1.6653345369377348e-16 })
trial=6 elapsed=0e0 dt=6.103303023280204e-5 nominal=8.333333333333333e-3 outcome=complete false
trial=7 elapsed=0e0 dt=1.4540174397633553e-4 nominal=8.333333333333333e-3 outcome=Refine(TerrainSweepHit { collider: 42, node: TerrainNodeId { coordinates: BrickCoord { x: -67108864, y: -67108864, z: -67108864 }, level: 27 }, triangle: 1, fraction: 0.23624232125447192, separation: 0.0 })
trial=8 elapsed=0e0 dt=6.946990160715538e-5 nominal=8.333333333333333e-3 outcome=complete false
trial=9 elapsed=0e0 dt=1.0743582279174545e-4 nominal=8.333333333333333e-3 outcome=Refine(TerrainSweepHit { collider: 42, node: TerrainNodeId { coordinates: BrickCoord { x: -67108864, y: -67108864, z: -67108864 }, level: 27 }, triangle: 1, fraction: 0.4327303095184728, separation: 1.1102230246251565e-16 })
trial=10 elapsed=0e0 dt=7.326649372561439e-5 nominal=8.333333333333333e-3 outcome=Refine(TerrainSweepHit { collider: 42, node: TerrainNodeId { coordinates: BrickCoord { x: -67108864, y: -67108864, z: -67108864 }, level: 27 }, triangle: 1, fraction: 0.9306523997002328, separation: 1.27675647831893e-15 })
trial=11 elapsed=0e0 dt=6.984956081900128e-5 nominal=8.333333333333333e-3 outcome=complete false
trial=12 elapsed=0e0 dt=7.155802727230783e-5 nominal=8.333333333333333e-3 outcome=Refine(TerrainSweepHit { collider: 42, node: TerrainNodeId { coordinates: BrickCoord { x: -67108864, y: -67108864, z: -67108864 }, level: 27 }, triangle: 1, fraction: 0.975638836708989, separation: 1.4988010832439613e-15 })
trial=13 elapsed=0e0 dt=7.002040746433194e-5 nominal=8.333333333333333e-3 outcome=complete false
trial=14 elapsed=0e0 dt=7.078921736831988e-5 nominal=8.333333333333333e-3 outcome=Refine(TerrainSweepHit { collider: 42, node: TerrainNodeId { coordinates: BrickCoord { x: -67108864, y: -67108864, z: -67108864 }, level: 27 }, triangle: 1, fraction: 0.9969539604511841, separation: 1.6653345369377348e-15 })
trial=15 elapsed=0e0 dt=7.057359061258625e-5 nominal=8.333333333333333e-3 outcome=complete false
trial=16 elapsed=0e0 dt=7.068140399045307e-5 nominal=8.333333333333333e-3 outcome=Refine(TerrainSweepHit { collider: 42, node: TerrainNodeId { coordinates: BrickCoord { x: -67108864, y: -67108864, z: -67108864 }, level: 27 }, triangle: 1, fraction: 0.9999988378558543, separation: 1.0547118733938987e-15 })
trial=17 elapsed=0e0 dt=7.067062265266638e-5 nominal=8.333333333333333e-3 outcome=complete false
trial=18 elapsed=0e0 dt=7.067601332155972e-5 nominal=8.333333333333333e-3 outcome=complete false
trial=19 elapsed=0e0 dt=7.06787086560064e-5 nominal=8.333333333333333e-3 outcome=complete false
trial=20 elapsed=0e0 dt=7.068005632322974e-5 nominal=8.333333333333333e-3 outcome=complete false
trial=21 elapsed=0e0 dt=7.06807301568414e-5 nominal=8.333333333333333e-3 outcome=complete false
trial=22 elapsed=0e0 dt=7.068106707364724e-5 nominal=8.333333333333333e-3 outcome=complete false
trial=23 elapsed=7.068106707364724e-5 dt=8.262652266259687e-3 nominal=8.333333333333333e-3 outcome=Refine(TerrainSweepHit { collider: 67, node: TerrainNodeId { coordinates: BrickCoord { x: -67108864, y: -67108864, z: -67108864 }, level: 27 }, triangle: 1, fraction: 0.0005891046630826574, separation: -3.3306690738754696e-16 })
trial=24 elapsed=7.068106707364724e-5 dt=4.867566979484068e-6 nominal=8.333333333333333e-3 outcome=complete false
trial=25 elapsed=7.068106707364724e-5 dt=4.133759916619585e-3 nominal=8.333333333333333e-3 outcome=Refine(TerrainSweepHit { collider: 67, node: TerrainNodeId { coordinates: BrickCoord { x: -67108864, y: -67108864, z: -67108864 }, level: 27 }, triangle: 1, fraction: 0.002251281512366591, separation: -5.551115123125783e-17 })
trial=26 elapsed=7.068106707364724e-5 dt=4.1775680194349417e-4 nominal=8.333333333333333e-3 outcome=Refine(TerrainSweepHit { collider: 67, node: TerrainNodeId { coordinates: BrickCoord { x: -67108864, y: -67108864, z: -67108864 }, level: 27 }, triangle: 1, fraction: 0.16838719138025524, separation: 1.1102230246251565e-16 })
trial=27 elapsed=7.068106707364724e-5 dt=7.034489455926254e-5 nominal=8.333333333333333e-3 outcome=complete false
trial=28 elapsed=7.068106707364724e-5 dt=2.4405084825137834e-4 nominal=8.333333333333333e-3 outcome=Refine(TerrainSweepHit { collider: 67, node: TerrainNodeId { coordinates: BrickCoord { x: -67108864, y: -67108864, z: -67108864 }, level: 27 }, triangle: 1, fraction: 0.4206636470469702, separation: 8.326672684688674e-16 })
trial=29 elapsed=7.068106707364724e-5 dt=1.026633198903315e-4 nominal=8.333333333333333e-3 outcome=complete false
trial=30 elapsed=7.068106707364724e-5 dt=1.7335708407085492e-4 nominal=8.333333333333333e-3 outcome=Refine(TerrainSweepHit { collider: 67, node: TerrainNodeId { coordinates: BrickCoord { x: -67108864, y: -67108864, z: -67108864 }, level: 27 }, triangle: 1, fraction: 0.7286836199542471, separation: 7.216449660063518e-16 })
trial=31 elapsed=7.068106707364724e-5 dt=1.2632246756546332e-4 nominal=8.333333333333333e-3 outcome=complete false
trial=32 elapsed=7.068106707364724e-5 dt=1.4983977581815912e-4 nominal=8.333333333333333e-3 outcome=Refine(TerrainSweepHit { collider: 67, node: TerrainNodeId { coordinates: BrickCoord { x: -67108864, y: -67108864, z: -67108864 }, level: 27 }, triangle: 1, fraction: 0.91309937893358, separation: 1.1657341758564144e-15 })
trial=33 elapsed=7.068106707364724e-5 dt=1.3681860623910794e-4 nominal=8.333333333333333e-3 outcome=complete false
trial=34 elapsed=7.068106707364724e-5 dt=1.4332919102863354e-4 nominal=8.333333333333333e-3 outcome=Refine(TerrainSweepHit { collider: 67, node: TerrainNodeId { coordinates: BrickCoord { x: -67108864, y: -67108864, z: -67108864 }, level: 27 }, triangle: 1, fraction: 0.9770560476647855, separation: 1.6653345369377348e-15 })
trial=35 elapsed=7.068106707364724e-5 dt=1.4004065290142771e-4 nominal=8.333333333333333e-3 outcome=complete false
trial=36 elapsed=7.068106707364724e-5 dt=1.4168492196503063e-4 nominal=8.333333333333333e-3 outcome=Refine(TerrainSweepHit { collider: 67, node: TerrainNodeId { coordinates: BrickCoord { x: -67108864, y: -67108864, z: -67108864 }, level: 27 }, triangle: 1, fraction: 0.9943089734951198, separation: 1.7208456881689926e-15 })
trial=37 elapsed=7.068106707364724e-5 dt=1.4087858931878576e-4 nominal=8.333333333333333e-3 outcome=complete false
trial=38 elapsed=7.068106707364724e-5 dt=1.412817556419082e-4 nominal=8.333333333333333e-3 outcome=Refine(TerrainSweepHit { collider: 67, node: TerrainNodeId { coordinates: BrickCoord { x: -67108864, y: -67108864, z: -67108864 }, level: 27 }, triangle: 1, fraction: 0.9986114801964641, separation: 2.0539125955565396e-15 })
trial=39 elapsed=7.068106707364724e-5 dt=1.4108558312632107e-4 nominal=8.333333333333333e-3 outcome=complete false
trial=40 elapsed=7.068106707364724e-5 dt=1.4118366938411462e-4 nominal=8.333333333333333e-3 outcome=Refine(TerrainSweepHit { collider: 67, node: TerrainNodeId { coordinates: BrickCoord { x: -67108864, y: -67108864, z: -67108864 }, level: 27 }, triangle: 1, fraction: 0.9996626059602682, separation: 2.1094237467877974e-15 })
trial=41 elapsed=7.068106707364724e-5 dt=1.4113603485555696e-4 nominal=8.333333333333333e-3 outcome=complete false
trial=42 elapsed=7.068106707364724e-5 dt=1.411598521198358e-4 nominal=8.333333333333333e-3 outcome=Refine(TerrainSweepHit { collider: 67, node: TerrainNodeId { coordinates: BrickCoord { x: -67108864, y: -67108864, z: -67108864 }, level: 27 }, triangle: 1, fraction: 0.9999180982601635, separation: 2.1649348980190553e-15 })
trial=43 elapsed=7.068106707364724e-5 dt=1.4114829088235212e-4 nominal=8.333333333333333e-3 outcome=complete false
trial=44 elapsed=7.068106707364724e-5 dt=1.4115407150109394e-4 nominal=8.333333333333333e-3 outcome=Refine(TerrainSweepHit { collider: 67, node: TerrainNodeId { coordinates: BrickCoord { x: -67108864, y: -67108864, z: -67108864 }, level: 27 }, triangle: 1, fraction: 0.9999801245375514, separation: 1.942890293094024e-15 })
trial=45 elapsed=7.068106707364724e-5 dt=1.4115126599864635e-4 nominal=8.333333333333333e-3 outcome=complete false
trial=46 elapsed=7.068106707364724e-5 dt=1.4115266874987014e-4 nominal=8.333333333333333e-3 outcome=Refine(TerrainSweepHit { collider: 67, node: TerrainNodeId { coordinates: BrickCoord { x: -67108864, y: -67108864, z: -67108864 }, level: 27 }, triangle: 1, fraction: 0.9999951764248022, separation: 1.887379141862766e-15 })
trial=47 elapsed=7.068106707364724e-5 dt=1.4115198788935805e-4 nominal=8.333333333333333e-3 outcome=complete false
trial=48 elapsed=7.068106707364724e-5 dt=1.4115232831961408e-4 nominal=8.333333333333333e-3 outcome=Refine(TerrainSweepHit { collider: 67, node: TerrainNodeId { coordinates: BrickCoord { x: -67108864, y: -67108864, z: -67108864 }, level: 27 }, triangle: 1, fraction: 0.9999988291452475, separation: 2.220446049250313e-15 })
trial=49 elapsed=7.068106707364724e-5 dt=1.4115216305073965e-4 nominal=8.333333333333333e-3 outcome=complete false
trial=50 elapsed=2.118332301243869e-4 dt=8.121500103208947e-3 nominal=8.333333333333333e-3 outcome=Refine(TerrainSweepHit { collider: 42, node: TerrainNodeId { coordinates: BrickCoord { x: -67108864, y: -67108864, z: -67108864 }, level: 27 }, triangle: 1, fraction: 2.5681716402583724e-9, separation: -1.6653345369377348e-16 })
trial=51 elapsed=2.118332301243869e-4 dt=2.0857406241416663e-11 nominal=8.333333333333333e-3 outcome=complete false
trial=52 elapsed=2.118332301243869e-4 dt=4.0607500620331765e-3 nominal=8.333333333333333e-3 outcome=Refine(TerrainSweepHit { collider: 42, node: TerrainNodeId { coordinates: BrickCoord { x: -67108864, y: -67108864, z: -67108864 }, level: 27 }, triangle: 1, fraction: 1.0034918861330017e-8, separation: 2.220446049250313e-16 })
trial=53 elapsed=2.118332301243869e-4 dt=4.060750249749833e-4 nominal=8.333333333333333e-3 outcome=Refine(TerrainSweepHit { collider: 42, node: TerrainNodeId { coordinates: BrickCoord { x: -67108864, y: -67108864, z: -67108864 }, level: 27 }, triangle: 1, fraction: 9.70752635829568e-7, separation: 1.6653345369377348e-16 })
trial=54 elapsed=2.118332301243869e-4 dt=4.060752126916395e-5 nominal=8.333333333333333e-3 outcome=Refine(TerrainSweepHit { collider: 42, node: TerrainNodeId { coordinates: BrickCoord { x: -67108864, y: -67108864, z: -67108864 }, level: 27 }, triangle: 1, fraction: 8.602768703980246e-5, separation: 1.1102230246251565e-16 })
trial=55 elapsed=2.118332301243869e-4 dt=4.060770898582013e-6 nominal=8.333333333333333e-3 outcome=Refine(TerrainSweepHit { collider: 42, node: TerrainNodeId { coordinates: BrickCoord { x: -67108864, y: -67108864, z: -67108864 }, level: 27 }, triangle: 1, fraction: 0.003909415187617782, separation: 3.885780586188048e-16 })
trial=56 elapsed=2.118332301243869e-4 dt=4.060958615238185e-7 nominal=8.333333333333333e-3 outcome=Refine(TerrainSweepHit { collider: 42, node: TerrainNodeId { coordinates: BrickCoord { x: -67108864, y: -67108864, z: -67108864 }, level: 27 }, triangle: 1, fraction: 0.059559615646893604, separation: 1.6653345369377348e-16 })
trial=57 elapsed=2.118332301243869e-4 dt=4.062835781799913e-8 nominal=8.333333333333333e-3 outcome=Refine(TerrainSweepHit { collider: 42, node: TerrainNodeId { coordinates: BrickCoord { x: -67108864, y: -67108864, z: -67108864 }, level: 27 }, triangle: 1, fraction: 0.6020553142804559, separation: 3.3306690738754696e-16 })
trial=58 elapsed=2.118332301243869e-4 dt=2.4460518734814282e-8 nominal=8.333333333333333e-3 outcome=complete false
trial=59 elapsed=2.1185769064312171e-4 dt=8.121475642690211e-3 nominal=8.333333333333333e-3 outcome=release 0.0000022897387199252245
trial=60 elapsed=2.1185769064312171e-4 dt=1.8596057241997374e-8 nominal=8.333333333333333e-3 outcome=complete false
trial=61 elapsed=2.1185769064312171e-4 dt=4.060747119373726e-3 nominal=8.333333333333333e-3 outcome=release 0.000004453287020679032
trial=62 elapsed=2.1185769064312171e-4 dt=4.0609144838889044e-4 nominal=8.333333333333333e-3 outcome=release 0.00004372804164697527
trial=63 elapsed=2.1185769064312171e-4 dt=4.062588129040684e-5 nominal=8.333333333333333e-3 outcome=release 0.00046612316398704143
trial=64 elapsed=2.1185769064312171e-4 dt=4.079324580558482e-6 nominal=8.333333333333333e-3 outcome=release 0.014811281024850681
trial=65 elapsed=2.1185769064312171e-4 dt=4.246689095736459e-7 nominal=8.333333333333333e-3 outcome=release 0.1802649731906051
trial=66 elapsed=2.1185769064312171e-4 dt=7.655292959917678e-8 nominal=8.333333333333333e-3 outcome=complete false
trial=67 elapsed=2.1193424357272088e-4 dt=8.121399089760612e-3 nominal=8.333333333333333e-3 outcome=release 0.00000006854824401115164
trial=68 elapsed=2.1193424357272088e-4 dt=5.567076465168553e-10 nominal=8.333333333333333e-3 outcome=complete false
trial=69 elapsed=2.1193480028036739e-4 dt=8.121398533052967e-3 nominal=8.333333333333333e-3 outcome=Refine(TerrainSweepHit { collider: 7, node: TerrainNodeId { coordinates: BrickCoord { x: -67108864, y: -67108864, z: -67108864 }, level: 27 }, triangle: 1, fraction: 0.6477434070463329, separation: 1.6653345369377348e-16 })
trial=70 elapsed=2.1193480028036739e-4 dt=5.260582355780819e-3 nominal=8.333333333333333e-3 outcome=complete false
trial=71 elapsed=2.1193480028036739e-4 dt=6.690990444416893e-3 nominal=8.333333333333333e-3 outcome=Refine(TerrainSweepHit { collider: 7, node: TerrainNodeId { coordinates: BrickCoord { x: -67108864, y: -67108864, z: -67108864 }, level: 27 }, triangle: 1, fraction: 0.7997035016133275, separation: -1.6653345369377348e-16 })
trial=72 elapsed=2.1193480028036739e-4 dt=5.403623164644426e-3 nominal=8.333333333333333e-3 outcome=complete false
trial=73 elapsed=2.1193480028036739e-4 dt=6.04730680453066e-3 nominal=8.333333333333333e-3 outcome=Refine(TerrainSweepHit { collider: 7, node: TerrainNodeId { coordinates: BrickCoord { x: -67108864, y: -67108864, z: -67108864 }, level: 27 }, triangle: 1, fraction: 0.8918461213803016, separation: 2.7755575615628914e-16 })
trial=74 elapsed=2.1193480028036739e-4 dt=5.46799152863305e-3 nominal=8.333333333333333e-3 outcome=Refine(TerrainSweepHit { collider: 7, node: TerrainNodeId { coordinates: BrickCoord { x: -67108864, y: -67108864, z: -67108864 }, level: 27 }, triangle: 1, fraction: 0.9935125301900823, separation: 2.7755575615628914e-16 })
trial=75 elapsed=2.1193480028036739e-4 dt=5.432518098670157e-3 nominal=8.333333333333333e-3 outcome=complete false
trial=76 elapsed=2.1193480028036739e-4 dt=5.450254813651603e-3 nominal=8.333333333333333e-3 outcome=Refine(TerrainSweepHit { collider: 7, node: TerrainNodeId { coordinates: BrickCoord { x: -67108864, y: -67108864, z: -67108864 }, level: 27 }, triangle: 1, fraction: 0.9969691188603345, separation: -3.3306690738754696e-16 })
trial=77 elapsed=2.1193480028036739e-4 dt=5.4342917701683015e-3 nominal=8.333333333333333e-3 outcome=complete false
trial=78 elapsed=2.1193480028036739e-4 dt=5.442273291909952e-3 nominal=8.333333333333333e-3 outcome=Refine(TerrainSweepHit { collider: 7, node: TerrainNodeId { coordinates: BrickCoord { x: -67108864, y: -67108864, z: -67108864 }, level: 27 }, triangle: 1, fraction: 0.9985319916703217, separation: -5.551115123125783e-17 })
trial=79 elapsed=2.1193480028036739e-4 dt=5.435089922342467e-3 nominal=8.333333333333333e-3 outcome=Refine(TerrainSweepHit { collider: 7, node: TerrainNodeId { coordinates: BrickCoord { x: -67108864, y: -67108864, z: -67108864 }, level: 27 }, triangle: 1, fraction: 0.9999425323180136, separation: 5.551115123125783e-17 })
trial=80 elapsed=2.1193480028036739e-4 dt=5.434777580323242e-3 nominal=8.333333333333333e-3 outcome=complete false
trial=81 elapsed=2.1193480028036739e-4 dt=5.434933751332855e-3 nominal=8.333333333333333e-3 outcome=Refine(TerrainSweepHit { collider: 7, node: TerrainNodeId { coordinates: BrickCoord { x: -67108864, y: -67108864, z: -67108864 }, level: 27 }, triangle: 1, fraction: 0.9999732400996306, separation: -1.1102230246251565e-16 })
trial=82 elapsed=2.1193480028036739e-4 dt=5.434793197424203e-3 nominal=8.333333333333333e-3 outcome=complete false
trial=83 elapsed=2.1193480028036739e-4 dt=5.434863474378529e-3 nominal=8.333333333333333e-3 outcome=Refine(TerrainSweepHit { collider: 7, node: TerrainNodeId { coordinates: BrickCoord { x: -67108864, y: -67108864, z: -67108864 }, level: 27 }, triangle: 1, fraction: 0.9999870591815802, separation: 5.551115123125783e-17 })
trial=84 elapsed=2.1193480028036739e-4 dt=5.434800225119636e-3 nominal=8.333333333333333e-3 outcome=Refine(TerrainSweepHit { collider: 7, node: TerrainNodeId { coordinates: BrickCoord { x: -67108864, y: -67108864, z: -67108864 }, level: 27 }, triangle: 1, fraction: 0.9999994966634004, separation: -3.3306690738754696e-16 })
trial=85 elapsed=2.1193480028036739e-4 dt=5.434797489585771e-3 nominal=8.333333333333333e-3 outcome=complete false
trial=86 elapsed=2.1193480028036739e-4 dt=5.434798857352704e-3 nominal=8.333333333333333e-3 outcome=Refine(TerrainSweepHit { collider: 7, node: TerrainNodeId { coordinates: BrickCoord { x: -67108864, y: -67108864, z: -67108864 }, level: 27 }, triangle: 1, fraction: 0.9999997656273877, separation: -2.7755575615628914e-16 })
trial=87 elapsed=2.1193480028036739e-4 dt=5.434797626362464e-3 nominal=8.333333333333333e-3 outcome=complete false
trial=88 elapsed=2.1193480028036739e-4 dt=5.434798241857584e-3 nominal=8.333333333333333e-3 outcome=Refine(TerrainSweepHit { collider: 7, node: TerrainNodeId { coordinates: BrickCoord { x: -67108864, y: -67108864, z: -67108864 }, level: 27 }, triangle: 1, fraction: 0.9999998866612873, separation: 1.1102230246251565e-16 })
trial=89 elapsed=2.1193480028036739e-4 dt=5.434797687911976e-3 nominal=8.333333333333333e-3 outcome=Refine(TerrainSweepHit { collider: 7, node: TerrainNodeId { coordinates: BrickCoord { x: -67108864, y: -67108864, z: -67108864 }, level: 27 }, triangle: 1, fraction: 0.9999999955918466, separation: 0.0 })
trial=90 elapsed=2.1193480028036739e-4 dt=5.434797663954554e-3 nominal=8.333333333333333e-3 outcome=complete false
trial=91 elapsed=2.1193480028036739e-4 dt=5.434797675933266e-3 nominal=8.333333333333333e-3 outcome=Refine(TerrainSweepHit { collider: 7, node: TerrainNodeId { coordinates: BrickCoord { x: -67108864, y: -67108864, z: -67108864 }, level: 27 }, triangle: 1, fraction: 0.9999999979473403, separation: 1.6653345369377348e-16 })
trial=92 elapsed=2.1193480028036739e-4 dt=5.434797665152425e-3 nominal=8.333333333333333e-3 outcome=complete false
trial=93 elapsed=5.646732465432793e-3 dt=2.6866008679005404e-3 nominal=8.333333333333333e-3 outcome=Refine(TerrainSweepHit { collider: 67, node: TerrainNodeId { coordinates: BrickCoord { x: -67108864, y: -67108864, z: -67108864 }, level: 27 }, triangle: 1, fraction: 0.001383730184994717, separation: -5.551115123125783e-17 })
trial=94 elapsed=5.646732465432793e-3 dt=3.7175307159469817e-6 nominal=8.333333333333333e-3 outcome=complete false
trial=95 elapsed=5.646732465432793e-3 dt=1.3451591993082436e-3 nominal=8.333333333333333e-3 outcome=Refine(TerrainSweepHit { collider: 67, node: TerrainNodeId { coordinates: BrickCoord { x: -67108864, y: -67108864, z: -67108864 }, level: 27 }, triangle: 1, fraction: 0.0043758333354493245, separation: 5.551115123125783e-17 })
trial=96 elapsed=5.646732465432793e-3 dt=1.3786169757517663e-4 nominal=8.333333333333333e-3 outcome=Refine(TerrainSweepHit { collider: 67, node: TerrainNodeId { coordinates: BrickCoord { x: -67108864, y: -67108864, z: -67108864 }, level: 27 }, triangle: 1, fraction: 0.08884503219428554, separation: 0.0 })
trial=97 elapsed=5.646732465432793e-3 dt=1.7131947401869947e-5 nominal=8.333333333333333e-3 outcome=Refine(TerrainSweepHit { collider: 67, node: TerrainNodeId { coordinates: BrickCoord { x: -67108864, y: -67108864, z: -67108864 }, level: 27 }, triangle: 1, fraction: 0.7781081339237473, separation: 0.0 })
trial=98 elapsed=5.646732465432793e-3 dt=1.3330507623348815e-5 nominal=8.333333333333333e-3 outcome=complete false
trial=99 elapsed=5.646732465432793e-3 dt=1.523122751260938e-5 nominal=8.333333333333333e-3 outcome=Refine(TerrainSweepHit { collider: 67, node: TerrainNodeId { coordinates: BrickCoord { x: -67108864, y: -67108864, z: -67108864 }, level: 27 }, triangle: 1, fraction: 0.8756530463948561, separation: 0.0 })
trial=100 elapsed=5.646732465432793e-3 dt=1.3520579612274872e-5 nominal=8.333333333333333e-3 outcome=Refine(TerrainSweepHit { collider: 67, node: TerrainNodeId { coordinates: BrickCoord { x: -67108864, y: -67108864, z: -67108864 }, level: 27 }, triangle: 1, fraction: 0.9868929323756309, separation: -2.220446049250313e-16 })
trial=101 elapsed=5.646732465432793e-3 dt=1.3349514822241421e-5 nominal=8.333333333333333e-3 outcome=Refine(TerrainSweepHit { collider: 67, node: TerrainNodeId { coordinates: BrickCoord { x: -67108864, y: -67108864, z: -67108864 }, level: 27 }, triangle: 1, fraction: 0.999584956925032, separation: -5.551115123125783e-17 })
trial=102 elapsed=5.646732465432793e-3 dt=1.3343974198560268e-5 nominal=8.333333333333333e-3 outcome=complete false
trial=103 elapsed=5.660076439631353e-3 dt=2.67325689370198e-3 nominal=8.333333333333333e-3 outcome=release 0.004528027362389565
trial=104 elapsed=5.660076439631353e-3 dt=1.2104580361379098e-5 nominal=8.333333333333333e-3 outcome=complete false
trial=105 elapsed=5.660076439631353e-3 dt=1.3426807370316798e-3 nominal=8.333333333333333e-3 outcome=release 0.008957629696944452
trial=106 elapsed=5.660076439631353e-3 dt=1.4516219602840917e-4 nominal=8.333333333333333e-3 outcome=release 0.09149491030280958
trial=107 elapsed=5.660076439631353e-3 dt=2.5410341928082103e-5 nominal=8.333333333333333e-3 outcome=complete false
trial=108 elapsed=5.660076439631353e-3 dt=8.528626897824564e-5 nominal=8.333333333333333e-3 outcome=release 0.17694516534890722
trial=109 elapsed=5.660076439631353e-3 dt=3.139793463309846e-5 nominal=8.333333333333333e-3 outcome=complete false
trial=110 elapsed=5.660076439631353e-3 dt=5.834210180567205e-5 nominal=8.333333333333333e-3 outcome=release 0.31676959671119176
trial=111 elapsed=5.660076439631353e-3 dt=3.409235135035582e-5 nominal=8.333333333333333e-3 outcome=complete false
trial=112 elapsed=5.660076439631353e-3 dt=4.6217226578013934e-5 nominal=8.333333333333333e-3 outcome=release 0.4945407098111948
trial=113 elapsed=5.660076439631353e-3 dt=3.530483887312163e-5 nominal=8.333333333333333e-3 outcome=release 0.9948579542215594
trial=114 elapsed=5.660076439631353e-3 dt=3.512329977543557e-5 nominal=8.333333333333333e-3 outcome=complete false
trial=115 elapsed=5.660076439631353e-3 dt=3.5214069324278596e-5 nominal=8.333333333333333e-3 outcome=complete false
trial=116 elapsed=5.660076439631353e-3 dt=3.525945409870011e-5 nominal=8.333333333333333e-3 outcome=release 0.9990342423361184
trial=117 elapsed=5.660076439631353e-3 dt=3.522540201068001e-5 nominal=8.333333333333333e-3 outcome=complete false
trial=118 elapsed=5.660076439631353e-3 dt=3.524242805469006e-5 nominal=8.333333333333333e-3 outcome=complete false
trial=119 elapsed=5.660076439631353e-3 dt=3.525094107669509e-5 nominal=8.333333333333333e-3 outcome=release 0.9998215157286936
trial=120 elapsed=5.660076439631353e-3 dt=3.5244649338164154e-5 nominal=8.333333333333333e-3 outcome=complete false
trial=121 elapsed=5.660076439631353e-3 dt=3.524779520742962e-5 nominal=8.333333333333333e-3 outcome=complete false
trial=122 elapsed=5.660076439631353e-3 dt=3.5249368142062354e-5 nominal=8.333333333333333e-3 outcome=complete false
trial=123 elapsed=5.695325807773415e-3 dt=2.638007525559918e-3 nominal=8.333333333333333e-3 outcome=release 0.0000039812859139278724
trial=124 elapsed=5.695325807773415e-3 dt=1.0502662202347424e-8 nominal=8.333333333333333e-3 outcome=release 0.8814211506022447
trial=125 elapsed=5.695325807773415e-3 dt=9.257268602779771e-9 nominal=8.333333333333333e-3 outcome=complete false
trial=126 elapsed=5.695335065042018e-3 dt=2.6379982682913153e-3 nominal=8.333333333333333e-3 outcome=Refine(TerrainSweepHit { collider: 67, node: TerrainNodeId { coordinates: BrickCoord { x: -67108864, y: -67108864, z: -67108864 }, level: 27 }, triangle: 1, fraction: 1.3995768469282282e-7, separation: 2.7755575615628914e-16 })
trial=127 elapsed=5.695335065042018e-3 dt=3.692081298537285e-10 nominal=8.333333333333333e-3 outcome=complete false
trial=0 elapsed=0e0 dt=4.166666666666667e-3 nominal=4.166666666666667e-3 outcome=Refine(TerrainSweepHit { collider: 42, node: TerrainNodeId { coordinates: BrickCoord { x: -67108864, y: -67108864, z: -67108864 }, level: 27 }, triangle: 1, fraction: 0.00029254590505693647, separation: 4.451994328746878e-14 })
trial=1 elapsed=0e0 dt=1.2189412710705686e-6 nominal=4.166666666666667e-3 outcome=complete false
trial=2 elapsed=0e0 dt=2.0839428039688686e-3 nominal=4.166666666666667e-3 outcome=Refine(TerrainSweepHit { collider: 42, node: TerrainNodeId { coordinates: BrickCoord { x: -67108864, y: -67108864, z: -67108864 }, level: 27 }, triangle: 1, fraction: 0.0011590065104578554, separation: 1.7302825838783065e-13 })
trial=3 elapsed=0e0 dt=2.094913275408504e-4 nominal=4.166666666666667e-3 outcome=Refine(TerrainSweepHit { collider: 42, node: TerrainNodeId { coordinates: BrickCoord { x: -67108864, y: -67108864, z: -67108864 }, level: 27 }, triangle: 1, fraction: 0.11381370086382196, separation: -2.7755575615628914e-16 })
trial=4 elapsed=0e0 dt=2.3842983286299293e-5 nominal=4.166666666666667e-3 outcome=complete false
trial=5 elapsed=0e0 dt=1.1666715541357484e-4 nominal=4.166666666666667e-3 outcome=Refine(TerrainSweepHit { collider: 42, node: TerrainNodeId { coordinates: BrickCoord { x: -67108864, y: -67108864, z: -67108864 }, level: 27 }, triangle: 1, fraction: 0.3669520742416292, separation: 1.6653345369377348e-16 })
trial=6 elapsed=0e0 dt=4.2811254674881804e-5 nominal=4.166666666666667e-3 outcome=complete false
trial=7 elapsed=0e0 dt=7.973920504422832e-5 nominal=4.166666666666667e-3 outcome=Refine(TerrainSweepHit { collider: 42, node: TerrainNodeId { coordinates: BrickCoord { x: -67108864, y: -67108864, z: -67108864 }, level: 27 }, triangle: 1, fraction: 0.7856517248460227, separation: 2.220446049250313e-16 })
trial=8 elapsed=0e0 dt=6.264724398084865e-5 nominal=4.166666666666667e-3 outcome=complete false
trial=9 elapsed=0e0 dt=7.119322451253849e-5 nominal=4.166666666666667e-3 outcome=Refine(TerrainSweepHit { collider: 42, node: TerrainNodeId { coordinates: BrickCoord { x: -67108864, y: -67108864, z: -67108864 }, level: 27 }, triangle: 1, fraction: 0.9856668186124676, separation: 9.43689570931383e-16 })
trial=10 elapsed=0e0 dt=7.017279911203696e-5 nominal=4.166666666666667e-3 outcome=complete false
trial=11 elapsed=0e0 dt=7.068301181228773e-5 nominal=4.166666666666667e-3 outcome=Refine(TerrainSweepHit { collider: 42, node: TerrainNodeId { coordinates: BrickCoord { x: -67108864, y: -67108864, z: -67108864 }, level: 27 }, triangle: 1, fraction: 0.9999533227355409, separation: 1.2212453270876722e-15 })
trial=12 elapsed=0e0 dt=7.063199054226266e-5 nominal=4.166666666666667e-3 outcome=complete false
trial=13 elapsed=0e0 dt=7.06575011772752e-5 nominal=4.166666666666667e-3 outcome=complete false
trial=14 elapsed=0e0 dt=7.067025649478147e-5 nominal=4.166666666666667e-3 outcome=complete false
trial=15 elapsed=0e0 dt=7.06766341535346e-5 nominal=4.166666666666667e-3 outcome=complete false
trial=16 elapsed=0e0 dt=7.067982298291117e-5 nominal=4.166666666666667e-3 outcome=complete false
trial=17 elapsed=0e0 dt=7.068141739759946e-5 nominal=4.166666666666667e-3 outcome=Refine(TerrainSweepHit { collider: 42, node: TerrainNodeId { coordinates: BrickCoord { x: -67108864, y: -67108864, z: -67108864 }, level: 27 }, triangle: 1, fraction: 0.9999984463853007, separation: 1.5543122344752192e-15 })
trial=18 elapsed=0e0 dt=7.068125795613063e-5 nominal=4.166666666666667e-3 outcome=complete false
trial=19 elapsed=7.068125795613063e-5 dt=4.095985408710536e-3 nominal=4.166666666666667e-3 outcome=Refine(TerrainSweepHit { collider: 67, node: TerrainNodeId { coordinates: BrickCoord { x: -67108864, y: -67108864, z: -67108864 }, level: 27 }, triangle: 1, fraction: 0.0022917437375001254, separation: 1.6653345369377348e-16 })
trial=20 elapsed=7.068125795613063e-5 dt=9.386948909304261e-6 nominal=4.166666666666667e-3 outcome=complete false
trial=21 elapsed=7.068125795613063e-5 dt=2.0526861788099197e-3 nominal=4.166666666666667e-3 outcome=Refine(TerrainSweepHit { collider: 67, node: TerrainNodeId { coordinates: BrickCoord { x: -67108864, y: -67108864, z: -67108864 }, level: 27 }, triangle: 1, fraction: 0.008726632750958483, separation: -5.551115123125783e-16 })
trial=22 elapsed=7.068125795613063e-5 dt=2.1371687189936583e-4 nominal=4.166666666666667e-3 outcome=Refine(TerrainSweepHit { collider: 67, node: TerrainNodeId { coordinates: BrickCoord { x: -67108864, y: -67108864, z: -67108864 }, level: 27 }, triangle: 1, fraction: 0.5223352806103301, separation: 6.106226635438361e-16 })
trial=23 elapsed=7.068125795613063e-5 dt=1.1163186225471721e-4 nominal=4.166666666666667e-3 outcome=complete false
trial=24 elapsed=7.068125795613063e-5 dt=1.6267436707704153e-4 nominal=4.166666666666667e-3 outcome=Refine(TerrainSweepHit { collider: 67, node: TerrainNodeId { coordinates: BrickCoord { x: -67108864, y: -67108864, z: -67108864 }, level: 27 }, triangle: 1, fraction: 0.8045692968912347, separation: 1.3877787807814457e-15 })
trial=25 elapsed=7.068125795613063e-5 dt=1.3088280114140191e-4 nominal=4.166666666666667e-3 outcome=complete false
trial=26 elapsed=7.068125795613063e-5 dt=1.4677858410922173e-4 nominal=4.166666666666667e-3 outcome=Refine(TerrainSweepHit { collider: 67, node: TerrainNodeId { coordinates: BrickCoord { x: -67108864, y: -67108864, z: -67108864 }, level: 27 }, triangle: 1, fraction: 0.9423348911473685, separation: 1.6653345369377348e-15 })
trial=27 elapsed=7.068125795613063e-5 dt=1.3831458107932832e-4 nominal=4.166666666666667e-3 outcome=complete false
trial=28 elapsed=7.068125795613063e-5 dt=1.4254658259427503e-4 nominal=4.166666666666667e-3 outcome=Refine(TerrainSweepHit { collider: 67, node: TerrainNodeId { coordinates: BrickCoord { x: -67108864, y: -67108864, z: -67108864 }, level: 27 }, triangle: 1, fraction: 0.985207347965503, separation: 2.1649348980190553e-15 })
trial=29 elapsed=7.068125795613063e-5 dt=1.4043794059925122e-4 nominal=4.166666666666667e-3 outcome=complete false
trial=30 elapsed=7.068125795613063e-5 dt=1.4149226159676314e-4 nominal=4.166666666666667e-3 outcome=Refine(TerrainSweepHit { collider: 67, node: TerrainNodeId { coordinates: BrickCoord { x: -67108864, y: -67108864, z: -67108864 }, level: 27 }, triangle: 1, fraction: 0.9963593582963414, separation: 1.4988010832439613e-15 })
trial=31 elapsed=7.068125795613063e-5 dt=1.4097713896844897e-4 nominal=4.166666666666667e-3 outcome=complete false
trial=32 elapsed=7.068125795613063e-5 dt=1.4123470028260606e-4 nominal=4.166666666666667e-3 outcome=Refine(TerrainSweepHit { collider: 67, node: TerrainNodeId { coordinates: BrickCoord { x: -67108864, y: -67108864, z: -67108864 }, level: 27 }, triangle: 1, fraction: 0.9991134689447824, separation: 2.1649348980190553e-15 })
trial=33 elapsed=7.068125795613063e-5 dt=1.4110949133473117e-4 nominal=4.166666666666667e-3 outcome=complete false
trial=34 elapsed=7.068125795613063e-5 dt=1.4117209580866863e-4 nominal=4.166666666666667e-3 outcome=Refine(TerrainSweepHit { collider: 67, node: TerrainNodeId { coordinates: BrickCoord { x: -67108864, y: -67108864, z: -67108864 }, level: 27 }, triangle: 1, fraction: 0.9997846864373944, separation: 1.942890293094024e-15 })
trial=35 elapsed=7.068125795613063e-5 dt=1.4114169954177955e-4 nominal=4.166666666666667e-3 outcome=complete false
trial=36 elapsed=7.068125795613063e-5 dt=1.4115689767522409e-4 nominal=4.166666666666667e-3 outcome=Refine(TerrainSweepHit { collider: 67, node: TerrainNodeId { coordinates: BrickCoord { x: -67108864, y: -67108864, z: -67108864 }, level: 27 }, triangle: 1, fraction: 0.9999477386214675, separation: 1.8318679906315083e-15 })
trial=37 elapsed=7.068125795613063e-5 dt=1.411495206211622e-4 nominal=4.166666666666667e-3 outcome=complete false
trial=38 elapsed=7.068125795613063e-5 dt=1.4115320914819316e-4 nominal=4.166666666666667e-3 outcome=Refine(TerrainSweepHit { collider: 67, node: TerrainNodeId { coordinates: BrickCoord { x: -67108864, y: -67108864, z: -67108864 }, level: 27 }, triangle: 1, fraction: 0.9999873168130364, separation: 1.9984014443252818e-15 })
trial=39 elapsed=7.068125795613063e-5 dt=1.4115141887565102e-4 nominal=4.166666666666667e-3 outcome=complete false
trial=40 elapsed=7.068125795613063e-5 dt=1.411523140119221e-4 nominal=4.166666666666667e-3 outcome=Refine(TerrainSweepHit { collider: 67, node: TerrainNodeId { coordinates: BrickCoord { x: -67108864, y: -67108864, z: -67108864 }, level: 27 }, triangle: 1, fraction: 0.9999969229070558, separation: 1.8318679906315083e-15 })
trial=41 elapsed=7.068125795613063e-5 dt=1.4115187967313257e-4 nominal=4.166666666666667e-3 outcome=complete false
trial=42 elapsed=7.068125795613063e-5 dt=1.4115209684252734e-4 nominal=4.166666666666667e-3 outcome=Refine(TerrainSweepHit { collider: 67, node: TerrainNodeId { coordinates: BrickCoord { x: -67108864, y: -67108864, z: -67108864 }, level: 27 }, triangle: 1, fraction: 0.9999992529006235, separation: 2.220446049250313e-15 })
trial=43 elapsed=7.068125795613063e-5 dt=1.411519913878838e-4 nominal=4.166666666666667e-3 outcome=complete false
trial=44 elapsed=2.1183324934401443e-4 dt=3.954833417322652e-3 nominal=4.166666666666667e-3 outcome=Refine(TerrainSweepHit { collider: 42, node: TerrainNodeId { coordinates: BrickCoord { x: -67108864, y: -67108864, z: -67108864 }, level: 27 }, triangle: 1, fraction: 8.83511548532401e-9, separation: 2.7755575615628914e-16 })
trial=45 elapsed=2.1183324934401443e-4 dt=3.4941409967264234e-11 nominal=4.166666666666667e-3 outcome=complete false
trial=46 elapsed=2.1183324934401443e-4 dt=1.977416726132031e-3 nominal=4.166666666666667e-3 outcome=Refine(TerrainSweepHit { collider: 42, node: TerrainNodeId { coordinates: BrickCoord { x: -67108864, y: -67108864, z: -67108864 }, level: 27 }, triangle: 1, fraction: 3.490521509003189e-8, separation: 2.7755575615628914e-16 })
trial=47 elapsed=2.1183324934401443e-4 dt=1.9774170406047206e-4 nominal=4.166666666666667e-3 outcome=Refine(TerrainSweepHit { collider: 42, node: TerrainNodeId { coordinates: BrickCoord { x: -67108864, y: -67108864, z: -67108864 }, level: 27 }, triangle: 1, fraction: 3.3655830966249897e-6, separation: 4.996003610813204e-16 })
trial=48 elapsed=2.1183324934401443e-4 dt=1.977420185331618e-5 nominal=4.166666666666667e-3 outcome=Refine(TerrainSweepHit { collider: 42, node: TerrainNodeId { coordinates: BrickCoord { x: -67108864, y: -67108864, z: -67108864 }, level: 27 }, triangle: 1, fraction: 0.0002667874726292041, separation: 4.996003610813204e-16 })
trial=49 elapsed=2.1183324934401443e-4 dt=1.9774516326005887e-6 nominal=4.166666666666667e-3 outcome=Refine(TerrainSweepHit { collider: 42, node: TerrainNodeId { coordinates: BrickCoord { x: -67108864, y: -67108864, z: -67108864 }, level: 27 }, triangle: 1, fraction: 0.008366393871579447, separation: 3.885780586188048e-16 })
trial=50 elapsed=2.1183324934401443e-4 dt=1.977766105290294e-7 nominal=4.166666666666667e-3 outcome=Refine(TerrainSweepHit { collider: 42, node: TerrainNodeId { coordinates: BrickCoord { x: -67108864, y: -67108864, z: -67108864 }, level: 27 }, triangle: 1, fraction: 0.10285314048676497, separation: 1.6653345369377348e-16 })
trial=51 elapsed=2.1183324934401443e-4 dt=2.0341945507738462e-8 nominal=4.166666666666667e-3 outcome=complete false
trial=52 elapsed=2.1185359128952217e-4 dt=3.954813075377144e-3 nominal=4.166666666666667e-3 outcome=release 0.000004567621382053926
trial=53 elapsed=2.1185359128952217e-4 dt=1.806408876511909e-8 nominal=4.166666666666667e-3 outcome=complete false
trial=54 elapsed=2.1185359128952217e-4 dt=1.977415569732955e-3 nominal=4.166666666666667e-3 outcome=release 0.000009020016830606163
trial=55 elapsed=2.1185359128952217e-4 dt=1.9775781465318411e-4 nominal=4.166666666666667e-3 outcome=release 0.00009032106187343059
trial=56 elapsed=2.1185359128952217e-4 dt=1.979203914520702e-5 nominal=4.166666666666667e-3 outcome=release 0.0010404042034381444
trial=57 elapsed=2.1185359128952217e-4 dt=1.995461594409309e-6 nominal=4.166666666666667e-3 outcome=release 0.037154330289235746
trial=58 elapsed=2.1185359128952217e-4 dt=2.1580383932953813e-7 nominal=4.166666666666667e-3 outcome=release 0.3610447664081625
trial=59 elapsed=2.1185359128952217e-4 dt=7.791484676071773e-8 nominal=4.166666666666667e-3 outcome=complete false
trial=60 elapsed=2.119315061362829e-4 dt=3.954735160530383e-3 nominal=4.166666666666667e-3 outcome=complete false
trial=0 elapsed=0e0 dt=4.166666666666667e-3 nominal=4.166666666666667e-3 outcome=Refine(TerrainSweepHit { collider: 67, node: TerrainNodeId { coordinates: BrickCoord { x: -67108864, y: -67108864, z: -67108864 }, level: 27 }, triangle: 1, fraction: 0.00043130826364295755, separation: 1.2168044349891716e-13 })
trial=1 elapsed=0e0 dt=1.7971177651789898e-6 nominal=4.166666666666667e-3 outcome=complete false
trial=2 elapsed=0e0 dt=2.084231892215923e-3 nominal=4.166666666666667e-3 outcome=Refine(TerrainSweepHit { collider: 67, node: TerrainNodeId { coordinates: BrickCoord { x: -67108864, y: -67108864, z: -67108864 }, level: 27 }, triangle: 1, fraction: 0.0017010672354969157, separation: 4.440892098500626e-16 })
trial=3 elapsed=0e0 dt=2.1004059521025336e-4 nominal=4.166666666666667e-3 outcome=Refine(TerrainSweepHit { collider: 67, node: TerrainNodeId { coordinates: BrickCoord { x: -67108864, y: -67108864, z: -67108864 }, level: 27 }, triangle: 1, fraction: 0.16805557929315054, separation: -1.6653345369377348e-16 })
trial=4 elapsed=0e0 dt=3.529849390313727e-5 nominal=4.166666666666667e-3 outcome=complete false
trial=5 elapsed=0e0 dt=1.226695445566953e-4 nominal=4.166666666666667e-3 outcome=Refine(TerrainSweepHit { collider: 67, node: TerrainNodeId { coordinates: BrickCoord { x: -67108864, y: -67108864, z: -67108864 }, level: 27 }, triangle: 1, fraction: 0.49876052165676243, separation: 4.440892098500626e-16 })
trial=6 elapsed=0e0 dt=6.118272603449481e-5 nominal=4.166666666666667e-3 outcome=complete false
trial=7 elapsed=0e0 dt=9.192613529559505e-5 nominal=4.166666666666667e-3 outcome=Refine(TerrainSweepHit { collider: 67, node: TerrainNodeId { coordinates: BrickCoord { x: -67108864, y: -67108864, z: -67108864 }, level: 27 }, triangle: 1, fraction: 0.8973172792417791, separation: 2.55351295663786e-15 })
trial=8 elapsed=0e0 dt=8.248690961465502e-5 nominal=4.166666666666667e-3 outcome=complete false
trial=9 elapsed=0e0 dt=8.720652245512504e-5 nominal=4.166666666666667e-3 outcome=Refine(TerrainSweepHit { collider: 67, node: TerrainNodeId { coordinates: BrickCoord { x: -67108864, y: -67108864, z: -67108864 }, level: 27 }, triangle: 1, fraction: 0.9993184522543949, separation: 3.164135620181696e-15 })
trial=10 elapsed=0e0 dt=8.673456117107804e-5 nominal=4.166666666666667e-3 outcome=complete false
trial=11 elapsed=0e0 dt=8.697054181310153e-5 nominal=4.166666666666667e-3 outcome=complete false
trial=12 elapsed=0e0 dt=8.708853213411328e-5 nominal=4.166666666666667e-3 outcome=complete false
trial=13 elapsed=0e0 dt=8.714752729461917e-5 nominal=4.166666666666667e-3 outcome=complete false
trial=14 elapsed=0e0 dt=8.71770248748721e-5 nominal=4.166666666666667e-3 outcome=complete false
trial=15 elapsed=0e0 dt=8.719177366499857e-5 nominal=4.166666666666667e-3 outcome=Refine(TerrainSweepHit { collider: 67, node: TerrainNodeId { coordinates: BrickCoord { x: -67108864, y: -67108864, z: -67108864 }, level: 27 }, triangle: 1, fraction: 0.9996639915151312, separation: 3.1086244689504383e-15 })
trial=16 elapsed=0e0 dt=8.717849975388474e-5 nominal=4.166666666666667e-3 outcome=Refine(TerrainSweepHit { collider: 67, node: TerrainNodeId { coordinates: BrickCoord { x: -67108864, y: -67108864, z: -67108864 }, level: 27 }, triangle: 1, fraction: 0.9999751294648109, separation: 3.497202527569243e-15 })
trial=17 elapsed=0e0 dt=8.717717236277336e-5 nominal=4.166666666666667e-3 outcome=complete false
trial=18 elapsed=8.717717236277336e-5 dt=4.079489494303893e-3 nominal=4.166666666666667e-3 outcome=Refine(TerrainSweepHit { collider: 7, node: TerrainNodeId { coordinates: BrickCoord { x: -67108864, y: -67108864, z: -67108864 }, level: 27 }, triangle: 1, fraction: 0.3301737288151678, separation: 2.831068712794149e-15 })
trial=19 elapsed=8.717717236277336e-5 dt=1.3469402579966198e-3 nominal=4.166666666666667e-3 outcome=complete false
trial=20 elapsed=8.717717236277336e-5 dt=2.7132148761502568e-3 nominal=4.166666666666667e-3 outcome=Refine(TerrainSweepHit { collider: 7, node: TerrainNodeId { coordinates: BrickCoord { x: -67108864, y: -67108864, z: -67108864 }, level: 27 }, triangle: 1, fraction: 0.5041317086730852, separation: 2.886579864025407e-15 })
trial=21 elapsed=8.717717236277336e-5 dt=1.4835677198119835e-3 nominal=4.166666666666667e-3 outcome=Refine(TerrainSweepHit { collider: 7, node: TerrainNodeId { coordinates: BrickCoord { x: -67108864, y: -67108864, z: -67108864 }, level: 27 }, triangle: 1, fraction: 0.935360392906703, separation: 2.942091015256665e-15 })
trial=22 elapsed=8.717717236277336e-5 dt=1.3876704853070384e-3 nominal=4.166666666666667e-3 outcome=complete false
trial=23 elapsed=8.717717236277336e-5 dt=1.435619102559511e-3 nominal=4.166666666666667e-3 outcome=Refine(TerrainSweepHit { collider: 7, node: TerrainNodeId { coordinates: BrickCoord { x: -67108864, y: -67108864, z: -67108864 }, level: 27 }, triangle: 1, fraction: 0.9671549055508258, separation: 3.1086244689504383e-15 })
trial=24 elapsed=8.717717236277336e-5 dt=1.3924653470322856e-3 nominal=4.166666666666667e-3 outcome=Refine(TerrainSweepHit { collider: 7, node: TerrainNodeId { coordinates: BrickCoord { x: -67108864, y: -67108864, z: -67108864 }, level: 27 }, triangle: 1, fraction: 0.9976431266285668, separation: 3.1086244689504383e-15 })
trial=25 elapsed=8.717717236277336e-5 dt=1.3891834825352216e-3 nominal=4.166666666666667e-3 outcome=complete false
trial=26 elapsed=8.717717236277336e-5 dt=1.3908244147837535e-3 nominal=4.166666666666667e-3 outcome=Refine(TerrainSweepHit { collider: 7, node: TerrainNodeId { coordinates: BrickCoord { x: -67108864, y: -67108864, z: -67108864 }, level: 27 }, triangle: 1, fraction: 0.998839806405827, separation: 2.6645352591003757e-15 })
trial=27 elapsed=8.717717236277336e-5 dt=1.3893475757600748e-3 nominal=4.166666666666667e-3 outcome=Refine(TerrainSweepHit { collider: 7, node: TerrainNodeId { coordinates: BrickCoord { x: -67108864, y: -67108864, z: -67108864 }, level: 27 }, triangle: 1, fraction: 0.9999192362686132, separation: 3.4416913763379853e-15 })
trial=28 elapsed=8.717717236277336e-5 dt=1.3892353668656632e-3 nominal=4.166666666666667e-3 outcome=complete false
trial=29 elapsed=8.717717236277336e-5 dt=1.389291471312869e-3 nominal=4.166666666666667e-3 outcome=Refine(TerrainSweepHit { collider: 7, node: TerrainNodeId { coordinates: BrickCoord { x: -67108864, y: -67108864, z: -67108864 }, level: 27 }, triangle: 1, fraction: 0.9999602885911445, separation: 3.2751579226442118e-15 })
trial=30 elapsed=8.717717236277336e-5 dt=1.3892409773103838e-3 nominal=4.166666666666667e-3 outcome=Refine(TerrainSweepHit { collider: 7, node: TerrainNodeId { coordinates: BrickCoord { x: -67108864, y: -67108864, z: -67108864 }, level: 27 }, triangle: 1, fraction: 0.9999972385177969, separation: 3.1086244689504383e-15 })
trial=31 elapsed=8.717717236277336e-5 dt=1.389237140946149e-3 nominal=4.166666666666667e-3 outcome=complete false
trial=32 elapsed=8.717717236277336e-5 dt=1.3892390591282665e-3 nominal=4.166666666666667e-3 outcome=Refine(TerrainSweepHit { collider: 7, node: TerrainNodeId { coordinates: BrickCoord { x: -67108864, y: -67108864, z: -67108864 }, level: 27 }, triangle: 1, fraction: 0.9999986422364038, separation: 2.9976021664879227e-15 })
trial=33 elapsed=8.717717236277336e-5 dt=1.3892373327643608e-3 nominal=4.166666666666667e-3 outcome=Refine(TerrainSweepHit { collider: 7, node: TerrainNodeId { coordinates: BrickCoord { x: -67108864, y: -67108864, z: -67108864 }, level: 27 }, triangle: 1, fraction: 0.9999999055860872, separation: 2.831068712794149e-15 })
trial=34 elapsed=8.717717236277336e-5 dt=1.3892372016010284e-3 nominal=4.166666666666667e-3 outcome=complete false
trial=35 elapsed=8.717717236277336e-5 dt=1.3892372671826946e-3 nominal=4.166666666666667e-3 outcome=Refine(TerrainSweepHit { collider: 7, node: TerrainNodeId { coordinates: BrickCoord { x: -67108864, y: -67108864, z: -67108864 }, level: 27 }, triangle: 1, fraction: 0.9999999535787103, separation: 2.886579864025407e-15 })
trial=36 elapsed=8.717717236277336e-5 dt=1.389237208159195e-3 nominal=4.166666666666667e-3 outcome=Refine(TerrainSweepHit { collider: 7, node: TerrainNodeId { coordinates: BrickCoord { x: -67108864, y: -67108864, z: -67108864 }, level: 27 }, triangle: 1, fraction: 0.999999996771842, separation: 3.608224830031759e-15 })
trial=37 elapsed=8.717717236277336e-5 dt=1.3892372036745178e-3 nominal=4.166666666666667e-3 outcome=complete false
trial=38 elapsed=1.476414376037291e-3 dt=2.6902522906293753e-3 nominal=4.166666666666667e-3 outcome=Refine(TerrainSweepHit { collider: 67, node: TerrainNodeId { coordinates: BrickCoord { x: -67108864, y: -67108864, z: -67108864 }, level: 27 }, triangle: 1, fraction: 8.71884523989231e-5, separation: 1.887379141862766e-15 })
trial=39 elapsed=1.476414376037291e-3 dt=2.345589337826331e-7 nominal=4.166666666666667e-3 outcome=complete false
trial=40 elapsed=1.476414376037291e-3 dt=1.3452434247815791e-3 nominal=4.166666666666667e-3 outcome=Refine(TerrainSweepHit { collider: 67, node: TerrainNodeId { coordinates: BrickCoord { x: -67108864, y: -67108864, z: -67108864 }, level: 27 }, triangle: 1, fraction: 0.0002760971925340394, separation: 5.051514762044462e-15 })
trial=41 elapsed=1.476414376037291e-3 dt=1.3473544551856229e-4 nominal=4.166666666666667e-3 outcome=Refine(TerrainSweepHit { collider: 67, node: TerrainNodeId { coordinates: BrickCoord { x: -67108864, y: -67108864, z: -67108864 }, level: 27 }, triangle: 1, fraction: 0.00573698279433102, separation: 2.2093438190040615e-14 })
trial=42 elapsed=1.476414376037291e-3 dt=1.3684647592260598e-5 nominal=4.166666666666667e-3 outcome=Refine(TerrainSweepHit { collider: 67, node: TerrainNodeId { coordinates: BrickCoord { x: -67108864, y: -67108864, z: -67108864 }, level: 27 }, triangle: 1, fraction: 0.06134326106485987, separation: 2.5646151868841116e-14 })
trial=43 elapsed=1.476414376037291e-3 dt=1.5795677996304297e-6 nominal=4.166666666666667e-3 outcome=Refine(TerrainSweepHit { collider: 67, node: TerrainNodeId { coordinates: BrickCoord { x: -67108864, y: -67108864, z: -67108864 }, level: 27 }, triangle: 1, fraction: 0.5331650212320049, separation: 2.581268532253489e-14 })
trial=44 elapsed=1.476414376037291e-3 dt=8.421702994273494e-7 nominal=4.166666666666667e-3 outcome=complete false
trial=45 elapsed=1.476414376037291e-3 dt=1.2108690495288895e-6 nominal=4.166666666666667e-3 outcome=Refine(TerrainSweepHit { collider: 67, node: TerrainNodeId { coordinates: BrickCoord { x: -67108864, y: -67108864, z: -67108864 }, level: 27 }, triangle: 1, fraction: 0.6955773979963986, separation: 2.5868196473766147e-14 })
trial=46 elapsed=1.476414376037291e-3 dt=8.790401744375034e-7 nominal=4.166666666666667e-3 outcome=Refine(TerrainSweepHit { collider: 67, node: TerrainNodeId { coordinates: BrickCoord { x: -67108864, y: -67108864, z: -67108864 }, level: 27 }, triangle: 1, fraction: 0.9582357468226697, separation: 2.5757174171303632e-14 })
trial=47 elapsed=1.476414376037291e-3 dt=8.458572869283648e-7 nominal=4.166666666666667e-3 outcome=Refine(TerrainSweepHit { collider: 67, node: TerrainNodeId { coordinates: BrickCoord { x: -67108864, y: -67108864, z: -67108864 }, level: 27 }, triangle: 1, fraction: 0.9958360463729079, separation: 2.5757174171303632e-14 })
trial=48 elapsed=1.476414376037291e-3 dt=8.42538998177451e-7 nominal=4.166666666666667e-3 outcome=Refine(TerrainSweepHit { collider: 67, node: TerrainNodeId { coordinates: BrickCoord { x: -67108864, y: -67108864, z: -67108864 }, level: 27 }, triangle: 1, fraction: 0.9997589714875552, separation: 2.581268532253489e-14 })
trial=49 elapsed=1.476414376037291e-3 dt=8.423359222560435e-7 nominal=4.166666666666667e-3 outcome=complete false
trial=50 elapsed=1.477256711959547e-3 dt=2.6894099547071196e-3 nominal=4.166666666666667e-3 outcome=release 0.0044573958198222165
trial=51 elapsed=1.477256711959547e-3 dt=1.1987764689899771e-5 nominal=4.166666666666667e-3 outcome=complete false
trial=52 elapsed=1.477256711959547e-3 dt=1.3506988596985096e-3 nominal=4.166666666666667e-3 outcome=release 0.008850957066004621
trial=53 elapsed=1.477256711959547e-3 dt=1.4585887419076075e-4 nominal=4.166666666666667e-3 outcome=release 0.09766788188093482
trial=54 elapsed=1.477256711959547e-3 dt=2.5374875639985872e-5 nominal=4.166666666666667e-3 outcome=complete false
trial=55 elapsed=1.477256711959547e-3 dt=8.56168749153733e-5 nominal=4.166666666666667e-3 outcome=release 0.20756383648533516
trial=56 elapsed=1.477256711959547e-3 dt=3.139907556752462e-5 nominal=4.166666666666667e-3 outcome=complete false
trial=57 elapsed=1.477256711959547e-3 dt=5.850797524144896e-5 nominal=4.166666666666667e-3 outcome=release 0.44520546123612137
trial=58 elapsed=1.477256711959547e-3 dt=3.4109965534917056e-5 nominal=4.166666666666667e-3 outcome=complete false
trial=59 elapsed=1.477256711959547e-3 dt=4.630897038818301e-5 nominal=4.166666666666667e-3 outcome=release 0.8750619989585362
trial=60 elapsed=1.477256711959547e-3 dt=4.052322019759508e-5 nominal=4.166666666666667e-3 outcome=complete false
trial=61 elapsed=1.477256711959547e-3 dt=4.3416095292889044e-5 nominal=4.166666666666667e-3 outcome=release 0.9334738475204182
trial=62 elapsed=1.477256711959547e-3 dt=4.081250770712448e-5 nominal=4.166666666666667e-3 outcome=release 0.9931269659555184
trial=63 elapsed=1.477256711959547e-3 dt=4.055214894854802e-5 nominal=4.166666666666667e-3 outcome=release 0.9995137167752454
trial=64 elapsed=1.477256711959547e-3 dt=4.053242911878659e-5 nominal=4.166666666666667e-3 outcome=complete false
trial=65 elapsed=1.5177891410783336e-3 dt=2.6488775255883333e-3 nominal=4.166666666666667e-3 outcome=Refine(TerrainSweepHit { collider: 67, node: TerrainNodeId { coordinates: BrickCoord { x: -67108864, y: -67108864, z: -67108864 }, level: 27 }, triangle: 1, fraction: 1.7504486086556686e-7, separation: 1.1102230246251565e-16 })
trial=66 elapsed=1.5177891410783336e-3 dt=4.636723979165368e-10 nominal=4.166666666666667e-3 outcome=complete false
trial=67 elapsed=1.5177891410783336e-3 dt=1.3244389946303657e-3 nominal=4.166666666666667e-3 outcome=Refine(TerrainSweepHit { collider: 67, node: TerrainNodeId { coordinates: BrickCoord { x: -67108864, y: -67108864, z: -67108864 }, level: 27 }, triangle: 1, fraction: 6.993667342903127e-7, separation: 1.6653345369377348e-16 })
trial=68 elapsed=1.5177891410783336e-3 dt=1.324443167681947e-4 nominal=4.166666666666667e-3 outcome=Refine(TerrainSweepHit { collider: 67, node: TerrainNodeId { coordinates: BrickCoord { x: -67108864, y: -67108864, z: -67108864 }, level: 27 }, triangle: 1, fraction: 6.535427124186389e-5, separation: 1.1102230246251565e-16 })
trial=69 elapsed=1.5177891410783336e-3 dt=1.3244848981977593e-5 nominal=4.166666666666667e-3 outcome=Refine(TerrainSweepHit { collider: 67, node: TerrainNodeId { coordinates: BrickCoord { x: -67108864, y: -67108864, z: -67108864 }, level: 27 }, triangle: 1, fraction: 0.003976782826086378, separation: 3.885780586188048e-16 })
trial=70 elapsed=1.5177891410783336e-3 dt=1.3249022033558843e-6 nominal=4.166666666666667e-3 outcome=Refine(TerrainSweepHit { collider: 67, node: TerrainNodeId { coordinates: BrickCoord { x: -67108864, y: -67108864, z: -67108864 }, level: 27 }, triangle: 1, fraction: 0.40659500175824803, separation: 1.0047518372857667e-14 })
trial=71 elapsed=1.5177891410783336e-3 dt=5.386986137029925e-7 nominal=4.166666666666667e-3 outcome=complete false
trial=72 elapsed=1.5177891410783336e-3 dt=9.318004085294385e-7 nominal=4.166666666666667e-3 outcome=Refine(TerrainSweepHit { collider: 67, node: TerrainNodeId { coordinates: BrickCoord { x: -67108864, y: -67108864, z: -67108864 }, level: 27 }, triangle: 1, fraction: 0.8307214178936526, separation: 2.1260770921571748e-14 })
trial=73 elapsed=1.5177891410783336e-3 dt=7.740665565674599e-7 nominal=4.166666666666667e-3 outcome=complete false
trial=74 elapsed=1.5177891410783336e-3 dt=8.529334825484492e-7 nominal=4.166666666666667e-3 outcome=Refine(TerrainSweepHit { collider: 67, node: TerrainNodeId { coordinates: BrickCoord { x: -67108864, y: -67108864, z: -67108864 }, level: 27 }, triangle: 1, fraction: 0.9946786680630453, separation: 2.5979218776228663e-14 })
trial=75 elapsed=1.5177891410783336e-3 dt=8.450467899503503e-7 nominal=4.166666666666667e-3 outcome=complete false
trial=76 elapsed=1.518634187868284e-3 dt=2.6480324787983827e-3 nominal=4.166666666666667e-3 outcome=Refine(TerrainSweepHit { collider: 42, node: TerrainNodeId { coordinates: BrickCoord { x: -67108864, y: -67108864, z: -67108864 }, level: 27 }, triangle: 1, fraction: 6.909754065618042e-5, separation: 1.8318679906315083e-15 })
trial=77 elapsed=1.518634187868284e-3 dt=1.8297253186265748e-7 nominal=4.166666666666667e-3 outcome=complete false
trial=78 elapsed=1.518634187868284e-3 dt=1.3241077256651225e-3 nominal=4.166666666666667e-3 outcome=Refine(TerrainSweepHit { collider: 42, node: TerrainNodeId { coordinates: BrickCoord { x: -67108864, y: -67108864, z: -67108864 }, level: 27 }, triangle: 1, fraction: 0.00027304082748711995, separation: 6.106226635438361e-15 })
trial=79 elapsed=1.518634187868284e-3 dt=1.3257544784518865e-4 nominal=4.166666666666667e-3 outcome=Refine(TerrainSweepHit { collider: 42, node: TerrainNodeId { coordinates: BrickCoord { x: -67108864, y: -67108864, z: -67108864 }, level: 27 }, triangle: 1, fraction: 0.02704111660951712, separation: -5.551115123125783e-17 })
trial=80 elapsed=1.518634187868284e-3 dt=1.3422220063195258e-5 nominal=4.166666666666667e-3 outcome=complete false
trial=81 elapsed=1.518634187868284e-3 dt=7.299883395419195e-5 nominal=4.166666666666667e-3 outcome=Refine(TerrainSweepHit { collider: 42, node: TerrainNodeId { coordinates: BrickCoord { x: -67108864, y: -67108864, z: -67108864 }, level: 27 }, triangle: 1, fraction: 0.09225507626115324, separation: 3.885780586188048e-16 })
trial=82 elapsed=1.518634187868284e-3 dt=1.9379881452294928e-5 nominal=4.166666666666667e-3 outcome=complete false
trial=83 elapsed=1.518634187868284e-3 dt=4.618935770324344e-5 nominal=4.166666666666667e-3 outcome=Refine(TerrainSweepHit { collider: 42, node: TerrainNodeId { coordinates: BrickCoord { x: -67108864, y: -67108864, z: -67108864 }, level: 27 }, triangle: 1, fraction: 0.2431085537917791, separation: -5.551115123125783e-17 })
trial=84 elapsed=1.518634187868284e-3 dt=2.206082907738978e-5 nominal=4.166666666666667e-3 outcome=complete false
trial=85 elapsed=1.518634187868284e-3 dt=3.412509339031661e-5 nominal=4.166666666666667e-3 outcome=Refine(TerrainSweepHit { collider: 42, node: TerrainNodeId { coordinates: BrickCoord { x: -67108864, y: -67108864, z: -67108864 }, level: 27 }, triangle: 1, fraction: 0.48058281654481205, separation: 3.3306690738754696e-16 })
trial=86 elapsed=1.518634187868284e-3 dt=2.3267255508682462e-5 nominal=4.166666666666667e-3 outcome=complete false
trial=87 elapsed=1.518634187868284e-3 dt=2.8696174449499535e-5 nominal=4.166666666666667e-3 outcome=Refine(TerrainSweepHit { collider: 42, node: TerrainNodeId { coordinates: BrickCoord { x: -67108864, y: -67108864, z: -67108864 }, level: 27 }, triangle: 1, fraction: 0.7209594403738333, separation: 4.440892098500626e-16 })
trial=88 elapsed=1.518634187868284e-3 dt=2.381014740276417e-5 nominal=4.166666666666667e-3 outcome=complete false
trial=89 elapsed=1.518634187868284e-3 dt=2.625316092613185e-5 nominal=4.166666666666667e-3 outcome=Refine(TerrainSweepHit { collider: 42, node: TerrainNodeId { coordinates: BrickCoord { x: -67108864, y: -67108864, z: -67108864 }, level: 27 }, triangle: 1, fraction: 0.8931343990081926, separation: 1.1102230246251565e-15 })
trial=90 elapsed=1.518634187868284e-3 dt=2.4054448755100937e-5 nominal=4.166666666666667e-3 outcome=complete false
trial=91 elapsed=1.518634187868284e-3 dt=2.5153804840616395e-5 nominal=4.166666666666667e-3 outcome=Refine(TerrainSweepHit { collider: 42, node: TerrainNodeId { coordinates: BrickCoord { x: -67108864, y: -67108864, z: -67108864 }, level: 27 }, triangle: 1, fraction: 0.9916851664026464, separation: 1.1657341758564144e-15 })
trial=92 elapsed=1.518634187868284e-3 dt=2.4944655139026362e-5 nominal=4.166666666666667e-3 outcome=complete false
trial=93 elapsed=1.518634187868284e-3 dt=2.504922998982138e-5 nominal=4.166666666666667e-3 outcome=complete false
trial=94 elapsed=1.518634187868284e-3 dt=2.5101517415218888e-5 nominal=4.166666666666667e-3 outcome=Refine(TerrainSweepHit { collider: 42, node: TerrainNodeId { coordinates: BrickCoord { x: -67108864, y: -67108864, z: -67108864 }, level: 27 }, triangle: 1, fraction: 0.996777847514967, separation: 1.7763568394002505e-15 })
trial=95 elapsed=1.518634187868284e-3 dt=2.5054458732361133e-5 nominal=4.166666666666667e-3 outcome=complete false
trial=96 elapsed=1.518634187868284e-3 dt=2.507798807379001e-5 nominal=4.166666666666667e-3 outcome=Refine(TerrainSweepHit { collider: 42, node: TerrainNodeId { coordinates: BrickCoord { x: -67108864, y: -67108864, z: -67108864 }, level: 27 }, triangle: 1, fraction: 0.9990826949929237, separation: 9.43689570931383e-16 })
trial=97 elapsed=1.518634187868284e-3 dt=2.505681166650402e-5 nominal=4.166666666666667e-3 outcome=complete false
trial=98 elapsed=1.518634187868284e-3 dt=2.5067399870147013e-5 nominal=4.166666666666667e-3 outcome=complete false
trial=99 elapsed=1.518634187868284e-3 dt=2.5072693971968513e-5 nominal=4.166666666666667e-3 outcome=Refine(TerrainSweepHit { collider: 42, node: TerrainNodeId { coordinates: BrickCoord { x: -67108864, y: -67108864, z: -67108864 }, level: 27 }, triangle: 1, fraction: 0.9996023110555551, separation: 9.992007221626409e-16 })
trial=100 elapsed=1.518634187868284e-3 dt=2.5067929280329163e-5 nominal=4.166666666666667e-3 outcome=complete false
trial=101 elapsed=1.5437021171486132e-3 dt=2.6229645495180537e-3 nominal=4.166666666666667e-3 outcome=Refine(TerrainSweepHit { collider: 67, node: TerrainNodeId { coordinates: BrickCoord { x: -67108864, y: -67108864, z: -67108864 }, level: 27 }, triangle: 1, fraction: 7.229624305078887e-8, separation: 2.7755575615628914e-16 })
trial=102 elapsed=1.5437021171486132e-3 dt=1.8963048258556015e-10 nominal=4.166666666666667e-3 outcome=complete false
trial=103 elapsed=1.5437021171486132e-3 dt=1.311482369574268e-3 nominal=4.166666666666667e-3 outcome=Refine(TerrainSweepHit { collider: 67, node: TerrainNodeId { coordinates: BrickCoord { x: -67108864, y: -67108864, z: -67108864 }, level: 27 }, triangle: 1, fraction: 2.908725783587466e-7, separation: 2.7755575615628914e-16 })
trial=104 elapsed=1.5437021171486132e-3 dt=1.3114840762486115e-4 nominal=4.166666666666667e-3 outcome=Refine(TerrainSweepHit { collider: 67, node: TerrainNodeId { coordinates: BrickCoord { x: -67108864, y: -67108864, z: -67108864 }, level: 27 }, triangle: 1, fraction: 3.028434289520171e-5, separation: 5.551115123125783e-17 })
trial=105 elapsed=1.5437021171486132e-3 dt=1.3115011429920443e-5 nominal=4.166666666666667e-3 outcome=Refine(TerrainSweepHit { collider: 67, node: TerrainNodeId { coordinates: BrickCoord { x: -67108864, y: -67108864, z: -67108864 }, level: 27 }, triangle: 1, fraction: 0.002715193581824593, separation: 2.220446049250313e-16 })
trial=106 elapsed=1.5437021171486132e-3 dt=1.3116718104263713e-6 nominal=4.166666666666667e-3 outcome=Refine(TerrainSweepHit { collider: 67, node: TerrainNodeId { coordinates: BrickCoord { x: -67108864, y: -67108864, z: -67108864 }, level: 27 }, triangle: 1, fraction: 0.29717784816649484, separation: 5.384581669432009e-15 })
trial=107 elapsed=1.5437021171486132e-3 dt=3.897998061231596e-7 nominal=4.166666666666667e-3 outcome=complete false
trial=108 elapsed=1.5437021171486132e-3 dt=8.507358082747655e-7 nominal=4.166666666666667e-3 outcome=complete false
trial=109 elapsed=1.5437021171486132e-3 dt=1.0812038093505684e-6 nominal=4.166666666666667e-3 outcome=Refine(TerrainSweepHit { collider: 67, node: TerrainNodeId { coordinates: BrickCoord { x: -67108864, y: -67108864, z: -67108864 }, level: 27 }, triangle: 1, fraction: 0.5355910206949375, separation: 1.199040866595169e-14 })
trial=110 elapsed=1.5437021171486132e-3 dt=8.737826083823457e-7 nominal=4.166666666666667e-3 outcome=complete false
trial=111 elapsed=1.5437021171486132e-3 dt=9.77493208866457e-7 nominal=4.166666666666667e-3 outcome=Refine(TerrainSweepHit { collider: 67, node: TerrainNodeId { coordinates: BrickCoord { x: -67108864, y: -67108864, z: -67108864 }, level: 27 }, triangle: 1, fraction: 0.7578182026106468, separation: 1.9539925233402755e-14 })
trial=112 elapsed=1.5437021171486132e-3 dt=8.841536684307568e-7 nominal=4.166666666666667e-3 outcome=complete false
trial=113 elapsed=1.5437021171486132e-3 dt=9.30823438648607e-7 nominal=4.166666666666667e-3 outcome=Refine(TerrainSweepHit { collider: 67, node: TerrainNodeId { coordinates: BrickCoord { x: -67108864, y: -67108864, z: -67108864 }, level: 27 }, triangle: 1, fraction: 0.9100171787264877, separation: 2.5368596112684827e-14 })
trial=114 elapsed=1.5437021171486132e-3 dt=8.888206454525419e-7 nominal=4.166666666666667e-3 outcome=complete false
trial=115 elapsed=1.5445909377940657e-3 dt=2.622075728872601e-3 nominal=4.166666666666667e-3 outcome=release 0.000009563518262034377
trial=116 elapsed=1.5445909377940657e-3 dt=2.507626911751022e-8 nominal=4.166666666666667e-3 outcome=complete false
trial=117 elapsed=1.5445909377940657e-3 dt=1.3110504025708593e-3 nominal=4.166666666666667e-3 outcome=release 0.000018890071884040333
trial=118 elapsed=1.5445909377940657e-3 dt=1.3112760889929167e-4 nominal=4.166666666666667e-3 outcome=release 0.00018413093366687836
trial=119 elapsed=1.5445909377940657e-3 dt=1.313532953213493e-5 nominal=4.166666666666667e-3 outcome=release 0.0024508405060531175
trial=120 elapsed=1.5445909377940657e-3 dt=1.336101595419252e-6 nominal=4.166666666666667e-3 outcome=release 0.13686470729404038
trial=121 elapsed=1.5445909377940657e-3 dt=1.8286515377215628e-7 nominal=4.166666666666667e-3 outcome=complete false
trial=122 elapsed=1.544773802947838e-3 dt=2.621892863718829e-3 nominal=4.166666666666667e-3 outcome=Refine(TerrainSweepHit { collider: 7, node: TerrainNodeId { coordinates: BrickCoord { x: -67108864, y: -67108864, z: -67108864 }, level: 27 }, triangle: 1, fraction: 4.575075193594056e-5, separation: 1.1657341758564144e-15 })
trial=123 elapsed=1.544773802947838e-3 dt=1.1995357001061297e-7 nominal=4.166666666666667e-3 outcome=complete false
trial=124 elapsed=1.544773802947838e-3 dt=1.3110064086444197e-3 nominal=4.166666666666667e-3 outcome=Refine(TerrainSweepHit { collider: 7, node: TerrainNodeId { coordinates: BrickCoord { x: -67108864, y: -67108864, z: -67108864 }, level: 27 }, triangle: 1, fraction: 0.00025797762850620417, separation: 9.43689570931383e-15 })
trial=125 elapsed=1.544773802947838e-3 dt=1.3120859907745153e-4 nominal=4.166666666666667e-3 outcome=Refine(TerrainSweepHit { collider: 7, node: TerrainNodeId { coordinates: BrickCoord { x: -67108864, y: -67108864, z: -67108864 }, level: 27 }, triangle: 1, fraction: 0.03982802438225987, separation: -2.7755575615628914e-16 })
trial=126 elapsed=1.544773802947838e-3 dt=1.3228818120754706e-5 nominal=4.166666666666667e-3 outcome=complete false
trial=127 elapsed=1.544773802947838e-3 dt=7.221870859910312e-5 nominal=4.166666666666667e-3 outcome=Refine(TerrainSweepHit { collider: 7, node: TerrainNodeId { coordinates: BrickCoord { x: -67108864, y: -67108864, z: -67108864 }, level: 27 }, triangle: 1, fraction: 0.10658366108823047, separation: -5.551115123125783e-17 })
trial=0 elapsed=0e0 dt=2.0833333333333333e-3 nominal=2.0833333333333333e-3 outcome=Refine(TerrainSweepHit { collider: 42, node: TerrainNodeId { coordinates: BrickCoord { x: -67108864, y: -67108864, z: -67108864 }, level: 27 }, triangle: 1, fraction: 0.0011596817096009991, separation: 1.733613252952182e-13 })
trial=1 elapsed=0e0 dt=2.416003561668748e-6 nominal=2.0833333333333333e-3 outcome=complete false
trial=2 elapsed=0e0 dt=1.0428746684475012e-3 nominal=2.0833333333333333e-3 outcome=Refine(TerrainSweepHit { collider: 42, node: TerrainNodeId { coordinates: BrickCoord { x: -67108864, y: -67108864, z: -67108864 }, level: 27 }, triangle: 1, fraction: 0.0046076334062960175, separation: 0.0 })
trial=3 elapsed=0e0 dt=1.0646187005025199e-4 nominal=2.0833333333333333e-3 outcome=Refine(TerrainSweepHit { collider: 42, node: TerrainNodeId { coordinates: BrickCoord { x: -67108864, y: -67108864, z: -67108864 }, level: 27 }, triangle: 1, fraction: 0.4406852726834433, separation: 4.440892098500626e-16 })
trial=4 elapsed=0e0 dt=4.69161782334846e-5 nominal=2.0833333333333333e-3 outcome=complete false
trial=5 elapsed=0e0 dt=7.66890241418683e-5 nominal=2.0833333333333333e-3 outcome=Refine(TerrainSweepHit { collider: 42, node: TerrainNodeId { coordinates: BrickCoord { x: -67108864, y: -67108864, z: -67108864 }, level: 27 }, triangle: 1, fraction: 0.8494117285916949, separation: 5.551115123125783e-16 })
trial=6 elapsed=0e0 dt=6.514055656035457e-5 nominal=2.0833333333333333e-3 outcome=complete false
trial=7 elapsed=0e0 dt=7.091479035111143e-5 nominal=2.0833333333333333e-3 outcome=Refine(TerrainSweepHit { collider: 42, node: TerrainNodeId { coordinates: BrickCoord { x: -67108864, y: -67108864, z: -67108864 }, level: 27 }, triangle: 1, fraction: 0.9934250209966682, separation: 1.7208456881689926e-15 })
trial=8 elapsed=0e0 dt=7.033736697203574e-5 nominal=2.0833333333333333e-3 outcome=complete false
trial=9 elapsed=0e0 dt=7.062607866157358e-5 nominal=2.0833333333333333e-3 outcome=complete false
trial=10 elapsed=0e0 dt=7.07704345063425e-5 nominal=2.0833333333333333e-3 outcome=Refine(TerrainSweepHit { collider: 42, node: TerrainNodeId { coordinates: BrickCoord { x: -67108864, y: -67108864, z: -67108864 }, level: 27 }, triangle: 1, fraction: 0.9974834248631196, separation: 1.5543122344752192e-15 })
trial=11 elapsed=0e0 dt=7.064051424605047e-5 nominal=2.0833333333333333e-3 outcome=complete false
trial=12 elapsed=0e0 dt=7.070547437619648e-5 nominal=2.0833333333333333e-3 outcome=Refine(TerrainSweepHit { collider: 42, node: TerrainNodeId { coordinates: BrickCoord { x: -67108864, y: -67108864, z: -67108864 }, level: 27 }, triangle: 1, fraction: 0.9993178203590108, separation: 1.8318679906315083e-15 })
trial=13 elapsed=0e0 dt=7.065724054107055e-5 nominal=2.0833333333333333e-3 outcome=complete false
trial=14 elapsed=0e0 dt=7.068135745863352e-5 nominal=2.0833333333333333e-3 outcome=complete false
trial=15 elapsed=7.068135745863352e-5 dt=2.0126519758747e-3 nominal=2.0833333333333333e-3 outcome=Refine(TerrainSweepHit { collider: 67, node: TerrainNodeId { coordinates: BrickCoord { x: -67108864, y: -67108864, z: -67108864 }, level: 27 }, triangle: 1, fraction: 0.009063854970139928, separation: -1.1102230246251565e-16 })
trial=16 elapsed=7.068135745863352e-5 dt=1.8242385614693845e-5 nominal=2.0833333333333333e-3 outcome=complete false
trial=17 elapsed=7.068135745863352e-5 dt=1.015447180744697e-3 nominal=2.0833333333333333e-3 outcome=Refine(TerrainSweepHit { collider: 67, node: TerrainNodeId { coordinates: BrickCoord { x: -67108864, y: -67108864, z: -67108864 }, level: 27 }, triangle: 1, fraction: 0.03334439428780677, separation: 5.551115123125783e-17 })
trial=18 elapsed=7.068135745863352e-5 dt=1.1796286512769415e-4 nominal=2.0833333333333333e-3 outcome=complete false
trial=19 elapsed=7.068135745863352e-5 dt=5.667050229361956e-4 nominal=2.0833333333333333e-3 outcome=Refine(TerrainSweepHit { collider: 67, node: TerrainNodeId { coordinates: BrickCoord { x: -67108864, y: -67108864, z: -67108864 }, level: 27 }, triangle: 1, fraction: 0.09779027750099042, separation: 2.220446049250313e-16 })
trial=20 elapsed=7.068135745863352e-5 dt=1.628370809085443e-4 nominal=2.0833333333333333e-3 outcome=Refine(TerrainSweepHit { collider: 67, node: TerrainNodeId { coordinates: BrickCoord { x: -67108864, y: -67108864, z: -67108864 }, level: 27 }, triangle: 1, fraction: 0.8033227366031107, separation: 1.3322676295501878e-15 })
trial=21 elapsed=7.068135745863352e-5 dt=1.3081072945591397e-4 nominal=2.0833333333333333e-3 outcome=complete false
trial=22 elapsed=7.068135745863352e-5 dt=1.4682390518222914e-4 nominal=2.0833333333333333e-3 outcome=Refine(TerrainSweepHit { collider: 67, node: TerrainNodeId { coordinates: BrickCoord { x: -67108864, y: -67108864, z: -67108864 }, level: 27 }, triangle: 1, fraction: 0.941890514036815, separation: 1.7763568394002505e-15 })
trial=23 elapsed=7.068135745863352e-5 dt=1.382920435249824e-4 nominal=2.0833333333333333e-3 outcome=complete false
trial=24 elapsed=7.068135745863352e-5 dt=1.4255797435360577e-4 nominal=2.0833333333333333e-3 outcome=Refine(TerrainSweepHit { collider: 67, node: TerrainNodeId { coordinates: BrickCoord { x: -67108864, y: -67108864, z: -67108864 }, level: 27 }, triangle: 1, fraction: 0.9850868567705117, separation: 1.887379141862766e-15 })
trial=25 elapsed=7.068135745863352e-5 dt=1.4043198686356471e-4 nominal=2.0833333333333333e-3 outcome=complete false
trial=26 elapsed=7.068135745863352e-5 dt=1.4149498060858526e-4 nominal=2.0833333333333333e-3 outcome=Refine(TerrainSweepHit { collider: 67, node: TerrainNodeId { coordinates: BrickCoord { x: -67108864, y: -67108864, z: -67108864 }, level: 27 }, triangle: 1, fraction: 0.9963292761188219, separation: 2.3869795029440866e-15 })
trial=27 elapsed=7.068135745863352e-5 dt=1.409755916041985e-4 nominal=2.0833333333333333e-3 outcome=complete false
trial=28 elapsed=7.068135745863352e-5 dt=1.4123528610639186e-4 nominal=2.0833333333333333e-3 outcome=Refine(TerrainSweepHit { collider: 67, node: TerrainNodeId { coordinates: BrickCoord { x: -67108864, y: -67108864, z: -67108864 }, level: 27 }, triangle: 1, fraction: 0.9991061182333807, separation: 2.275957200481571e-15 })
trial=29 elapsed=7.068135745863352e-5 dt=1.4110903845933808e-4 nominal=2.0833333333333333e-3 outcome=complete false
trial=30 elapsed=7.068135745863352e-5 dt=1.4117216228286497e-4 nominal=2.0833333333333333e-3 outcome=Refine(TerrainSweepHit { collider: 67, node: TerrainNodeId { coordinates: BrickCoord { x: -67108864, y: -67108864, z: -67108864 }, level: 27 }, triangle: 1, fraction: 0.9997828994600176, separation: 1.7763568394002505e-15 })
trial=31 elapsed=7.068135745863352e-5 dt=1.411415137302029e-4 nominal=2.0833333333333333e-3 outcome=complete false
trial=32 elapsed=7.068135745863352e-5 dt=1.4115683800653393e-4 nominal=2.0833333333333333e-3 outcome=Refine(TerrainSweepHit { collider: 67, node: TerrainNodeId { coordinates: BrickCoord { x: -67108864, y: -67108864, z: -67108864 }, level: 27 }, triangle: 1, fraction: 0.9999473057850105, separation: 1.7208456881689926e-15 })
trial=33 elapsed=7.068135745863352e-5 dt=1.4114939985776476e-4 nominal=2.0833333333333333e-3 outcome=complete false
trial=34 elapsed=7.068135745863352e-5 dt=1.4115311893214935e-4 nominal=2.0833333333333333e-3 outcome=Refine(TerrainSweepHit { collider: 67, node: TerrainNodeId { coordinates: BrickCoord { x: -67108864, y: -67108864, z: -67108864 }, level: 27 }, triangle: 1, fraction: 0.9999872119529258, separation: 2.0539125955565396e-15 })
trial=35 elapsed=7.068135745863352e-5 dt=1.4115131385941977e-4 nominal=2.0833333333333333e-3 outcome=complete false
trial=36 elapsed=7.068135745863352e-5 dt=1.4115221639578456e-4 nominal=2.0833333333333333e-3 outcome=Refine(TerrainSweepHit { collider: 67, node: TerrainNodeId { coordinates: BrickCoord { x: -67108864, y: -67108864, z: -67108864 }, level: 27 }, triangle: 1, fraction: 0.9999968964913024, separation: 1.942890293094024e-15 })
trial=37 elapsed=7.068135745863352e-5 dt=1.411517783286533e-4 nominal=2.0833333333333333e-3 outcome=complete false
trial=38 elapsed=7.068135745863352e-5 dt=1.411519973622189e-4 nominal=2.0833333333333333e-3 outcome=Refine(TerrainSweepHit { collider: 67, node: TerrainNodeId { coordinates: BrickCoord { x: -67108864, y: -67108864, z: -67108864 }, level: 27 }, triangle: 1, fraction: 0.9999992466117384, separation: 2.4424906541753444e-15 })
trial=39 elapsed=7.068135745863352e-5 dt=1.41151891019961e-4 nominal=2.0833333333333333e-3 outcome=complete false
trial=40 elapsed=2.118332484785945e-4 dt=1.8715000848547388e-3 nominal=2.0833333333333333e-3 outcome=Refine(TerrainSweepHit { collider: 42, node: TerrainNodeId { coordinates: BrickCoord { x: -67108864, y: -67108864, z: -67108864 }, level: 27 }, triangle: 1, fraction: 3.496248204653584e-8, separation: -2.7755575615628914e-16 })
trial=41 elapsed=2.118332484785945e-4 dt=6.54322881168241e-11 nominal=2.0833333333333333e-3 outcome=complete false
trial=42 elapsed=2.118332484785945e-4 dt=9.357500751435135e-4 nominal=2.0833333333333333e-3 outcome=Refine(TerrainSweepHit { collider: 42, node: TerrainNodeId { coordinates: BrickCoord { x: -67108864, y: -67108864, z: -67108864 }, level: 27 }, triangle: 1, fraction: 1.3869660138761895e-7, separation: 0.0 })
trial=43 elapsed=2.118332484785945e-4 dt=9.357506640341065e-5 nominal=2.0833333333333333e-3 outcome=Refine(TerrainSweepHit { collider: 42, node: TerrainNodeId { coordinates: BrickCoord { x: -67108864, y: -67108864, z: -67108864 }, level: 27 }, triangle: 1, fraction: 1.3060255479736749e-5, separation: -1.6653345369377348e-16 })
trial=44 elapsed=2.118332484785945e-4 dt=9.357565529400372e-6 nominal=2.0833333333333333e-3 outcome=Refine(TerrainSweepHit { collider: 42, node: TerrainNodeId { coordinates: BrickCoord { x: -67108864, y: -67108864, z: -67108864 }, level: 27 }, triangle: 1, fraction: 0.0008440775862936789, separation: -2.7755575615628914e-16 })
trial=45 elapsed=2.118332484785945e-4 dt=9.358154419993423e-7 nominal=2.0833333333333333e-3 outcome=Refine(TerrainSweepHit { collider: 42, node: TerrainNodeId { coordinates: BrickCoord { x: -67108864, y: -67108864, z: -67108864 }, level: 27 }, triangle: 1, fraction: 0.018154758921212988, separation: -1.1102230246251565e-16 })
trial=46 elapsed=2.118332484785945e-4 dt=9.364043325923938e-8 nominal=2.0833333333333333e-3 outcome=Refine(TerrainSweepHit { collider: 42, node: TerrainNodeId { coordinates: BrickCoord { x: -67108864, y: -67108864, z: -67108864 }, level: 27 }, triangle: 1, fraction: 0.19567468594900106, separation: -1.6653345369377348e-16 })
trial=47 elapsed=2.118332484785945e-4 dt=1.832306237013006e-8 nominal=2.0833333333333333e-3 outcome=complete false
trial=48 elapsed=2.1185157154096464e-4 dt=1.8714817617923687e-3 nominal=2.0833333333333333e-3 outcome=release 0.000009522840649754031
trial=49 elapsed=2.1185157154096464e-4 dt=1.7821822596469658e-8 nominal=2.0833333333333333e-3 outcome=complete false
trial=50 elapsed=2.1185157154096464e-4 dt=9.357497918074826e-4 nominal=2.0833333333333333e-3 outcome=release 0.00001895610331712696
trial=51 elapsed=2.1185157154096464e-4 dt=9.359101882108509e-5 nominal=2.0833333333333333e-3 outcome=release 0.00019389130587500376
trial=52 elapsed=2.1185157154096464e-4 dt=9.37514152244533e-6 nominal=2.0833333333333333e-3 outcome=release 0.0027128498018781657
trial=53 elapsed=2.1185157154096464e-4 dt=9.535537925813558e-7 nominal=2.0833333333333333e-3 outcome=release 0.0794785380293378
trial=54 elapsed=2.1185157154096464e-4 dt=1.1139501959495829e-7 nominal=2.0833333333333333e-3 outcome=release 0.7065313828114428
trial=55 elapsed=2.1185157154096464e-4 dt=7.870407723273365e-8 nominal=2.0833333333333333e-3 outcome=complete false
trial=56 elapsed=2.1193027561819736e-4 dt=1.8714030577151358e-3 nominal=2.0833333333333333e-3 outcome=complete false
trial=0 elapsed=0e0 dt=2.0833333333333333e-3 nominal=2.0833333333333333e-3 outcome=Refine(TerrainSweepHit { collider: 67, node: TerrainNodeId { coordinates: BrickCoord { x: -67108864, y: -67108864, z: -67108864 }, level: 27 }, triangle: 1, fraction: 0.0003832098835014649, separation: 2.2426505097428162e-14 })
trial=1 elapsed=0e0 dt=7.983539239613851e-7 nominal=2.0833333333333333e-3 outcome=complete false
trial=2 elapsed=0e0 dt=1.0420658436286472e-3 nominal=2.0833333333333333e-3 outcome=Refine(TerrainSweepHit { collider: 67, node: TerrainNodeId { coordinates: BrickCoord { x: -67108864, y: -67108864, z: -67108864 }, level: 27 }, triangle: 1, fraction: 0.0015223011441657195, separation: 8.498757253505573e-14 })
trial=3 elapsed=0e0 dt=1.0492510289442999e-4 nominal=2.0833333333333333e-3 outcome=Refine(TerrainSweepHit { collider: 67, node: TerrainNodeId { coordinates: BrickCoord { x: -67108864, y: -67108864, z: -67108864 }, level: 27 }, triangle: 1, fraction: 0.1515133207604452, separation: -5.551115123125783e-17 })
trial=4 elapsed=0e0 dt=1.5897550770666488e-5 nominal=2.0833333333333333e-3 outcome=complete false
trial=5 elapsed=0e0 dt=6.0411326832548237e-5 nominal=2.0833333333333333e-3 outcome=Refine(TerrainSweepHit { collider: 67, node: TerrainNodeId { coordinates: BrickCoord { x: -67108864, y: -67108864, z: -67108864 }, level: 27 }, triangle: 1, fraction: 0.4627857716277357, separation: 1.1102230246251565e-16 })
trial=6 elapsed=0e0 dt=2.7957502503256172e-5 nominal=2.0833333333333333e-3 outcome=complete false
trial=7 elapsed=0e0 dt=4.4184414667902204e-5 nominal=2.0833333333333333e-3 outcome=Refine(TerrainSweepHit { collider: 67, node: TerrainNodeId { coordinates: BrickCoord { x: -67108864, y: -67108864, z: -67108864 }, level: 27 }, triangle: 1, fraction: 0.874803421495601, separation: 8.881784197001252e-16 })
trial=8 elapsed=0e0 dt=3.8652677128261267e-5 nominal=2.0833333333333333e-3 outcome=complete false
trial=9 elapsed=0e0 dt=4.141854589808173e-5 nominal=2.0833333333333333e-3 outcome=Refine(TerrainSweepHit { collider: 67, node: TerrainNodeId { coordinates: BrickCoord { x: -67108864, y: -67108864, z: -67108864 }, level: 27 }, triangle: 1, fraction: 0.9983362513674741, separation: 7.216449660063518e-16 })
trial=10 elapsed=0e0 dt=4.114195902109969e-5 nominal=2.0833333333333333e-3 outcome=complete false
trial=11 elapsed=0e0 dt=4.1280252459590706e-5 nominal=2.0833333333333333e-3 outcome=complete false
trial=12 elapsed=0e0 dt=4.134939917883622e-5 nominal=2.0833333333333333e-3 outcome=complete false
trial=13 elapsed=0e0 dt=4.138397253845898e-5 nominal=2.0833333333333333e-3 outcome=complete false
trial=14 elapsed=0e0 dt=4.1401259218270356e-5 nominal=2.0833333333333333e-3 outcome=Refine(TerrainSweepHit { collider: 67, node: TerrainNodeId { coordinates: BrickCoord { x: -67108864, y: -67108864, z: -67108864 }, level: 27 }, triangle: 1, fraction: 0.9991888665106411, separation: 1.6653345369377348e-16 })
trial=15 elapsed=0e0 dt=4.138570120644012e-5 nominal=2.0833333333333333e-3 outcome=Refine(TerrainSweepHit { collider: 67, node: TerrainNodeId { coordinates: BrickCoord { x: -67108864, y: -67108864, z: -67108864 }, level: 27 }, triangle: 1, fraction: 0.9999571288490119, separation: 7.771561172376096e-16 })
trial=16 elapsed=0e0 dt=4.138414540525709e-5 nominal=2.0833333333333333e-3 outcome=complete false
trial=17 elapsed=0e0 dt=4.13849233058486e-5 nominal=2.0833333333333333e-3 outcome=Refine(TerrainSweepHit { collider: 67, node: TerrainNodeId { coordinates: BrickCoord { x: -67108864, y: -67108864, z: -67108864 }, level: 27 }, triangle: 1, fraction: 0.9999955753777434, separation: 5.551115123125783e-16 })
trial=18 elapsed=0e0 dt=4.1384740193195855e-5 nominal=2.0833333333333333e-3 outcome=complete false
trial=19 elapsed=4.1384740193195855e-5 dt=2.0419485931401373e-3 nominal=2.0833333333333333e-3 outcome=complete false
trial=0 elapsed=0e0 dt=2.0833333333333333e-3 nominal=2.0833333333333333e-3 outcome=Refine(TerrainSweepHit { collider: 67, node: TerrainNodeId { coordinates: BrickCoord { x: -67108864, y: -67108864, z: -67108864 }, level: 27 }, triangle: 1, fraction: 0.0004448064036293794, separation: 3.047562202596055e-14 })
trial=1 elapsed=0e0 dt=9.26680007561207e-7 nominal=2.0833333333333333e-3 outcome=complete false
trial=2 elapsed=0e0 dt=1.0421300066704472e-3 nominal=2.0833333333333333e-3 outcome=Refine(TerrainSweepHit { collider: 67, node: TerrainNodeId { coordinates: BrickCoord { x: -67108864, y: -67108864, z: -67108864 }, level: 27 }, triangle: 1, fraction: 0.0017668934257394787, separation: 1.1590728377086634e-13 })
trial=3 elapsed=0e0 dt=1.0504701267384982e-4 nominal=2.0833333333333333e-3 outcome=Refine(TerrainSweepHit { collider: 67, node: TerrainNodeId { coordinates: BrickCoord { x: -67108864, y: -67108864, z: -67108864 }, level: 27 }, triangle: 1, fraction: 0.17565338060130337, separation: -5.551115123125783e-17 })
trial=4 elapsed=0e0 dt=1.845186289822968e-5 nominal=2.0833333333333333e-3 outcome=complete false
trial=5 elapsed=0e0 dt=6.174943778603975e-5 nominal=2.0833333333333333e-3 outcome=Refine(TerrainSweepHit { collider: 67, node: TerrainNodeId { coordinates: BrickCoord { x: -67108864, y: -67108864, z: -67108864 }, level: 27 }, triangle: 1, fraction: 0.5148288293054254, separation: -1.6653345369377348e-16 })
trial=6 elapsed=0e0 dt=3.179039076565505e-5 nominal=2.0833333333333333e-3 outcome=complete false
trial=7 elapsed=0e0 dt=4.67699142758474e-5 nominal=2.0833333333333333e-3 outcome=Refine(TerrainSweepHit { collider: 67, node: TerrainNodeId { coordinates: BrickCoord { x: -67108864, y: -67108864, z: -67108864 }, level: 27 }, triangle: 1, fraction: 0.906575234063182, separation: 2.220446049250313e-16 })
trial=8 elapsed=0e0 dt=4.240044598174131e-5 nominal=2.0833333333333333e-3 outcome=complete false
trial=9 elapsed=0e0 dt=4.4585180128794355e-5 nominal=2.0833333333333333e-3 outcome=Refine(TerrainSweepHit { collider: 67, node: TerrainNodeId { coordinates: BrickCoord { x: -67108864, y: -67108864, z: -67108864 }, level: 27 }, triangle: 1, fraction: 0.9996711941074681, separation: 9.43689570931383e-16 })
trial=10 elapsed=0e0 dt=4.436670671408905e-5 nominal=2.0833333333333333e-3 outcome=complete false
trial=11 elapsed=0e0 dt=4.44759434214417e-5 nominal=2.0833333333333333e-3 outcome=complete false
trial=12 elapsed=0e0 dt=4.4530561775118024e-5 nominal=2.0833333333333333e-3 outcome=complete false
trial=13 elapsed=0e0 dt=4.4557870951956186e-5 nominal=2.0833333333333333e-3 outcome=complete false
trial=14 elapsed=0e0 dt=4.4571525540375274e-5 nominal=2.0833333333333333e-3 outcome=complete false
trial=15 elapsed=0e0 dt=4.457835283458481e-5 nominal=2.0833333333333333e-3 outcome=Refine(TerrainSweepHit { collider: 67, node: TerrainNodeId { coordinates: BrickCoord { x: -67108864, y: -67108864, z: -67108864 }, level: 27 }, triangle: 1, fraction: 0.9999842641012036, separation: 7.216449660063518e-16 })
trial=16 elapsed=0e0 dt=4.457765135413609e-5 nominal=2.0833333333333333e-3 outcome=complete false
trial=17 elapsed=4.457765135413609e-5 dt=2.0387556819791972e-3 nominal=2.0833333333333333e-3 outcome=Refine(TerrainSweepHit { collider: 7, node: TerrainNodeId { coordinates: BrickCoord { x: -67108864, y: -67108864, z: -67108864 }, level: 27 }, triangle: 1, fraction: 0.6964012761299199, separation: 3.2751579226442118e-15 })
trial=18 elapsed=4.457765135413609e-5 dt=1.419792058647438e-3 nominal=2.0833333333333333e-3 outcome=complete false
trial=19 elapsed=4.457765135413609e-5 dt=1.7292738703133176e-3 nominal=2.0833333333333333e-3 outcome=Refine(TerrainSweepHit { collider: 7, node: TerrainNodeId { coordinates: BrickCoord { x: -67108864, y: -67108864, z: -67108864 }, level: 27 }, triangle: 1, fraction: 0.8240424349559323, separation: 3.941291737419306e-15 })
trial=20 elapsed=4.457765135413609e-5 dt=1.4507402398140261e-3 nominal=2.0833333333333333e-3 outcome=Refine(TerrainSweepHit { collider: 7, node: TerrainNodeId { coordinates: BrickCoord { x: -67108864, y: -67108864, z: -67108864 }, level: 27 }, triangle: 1, fraction: 0.9855226794129115, separation: 3.7192471324942744e-15 })
trial=21 elapsed=4.457765135413609e-5 dt=1.4297374082736488e-3 nominal=2.0833333333333333e-3 outcome=complete false
trial=22 elapsed=4.457765135413609e-5 dt=1.4402388240438374e-3 nominal=2.0833333333333333e-3 outcome=Refine(TerrainSweepHit { collider: 7, node: TerrainNodeId { coordinates: BrickCoord { x: -67108864, y: -67108864, z: -67108864 }, level: 27 }, triangle: 1, fraction: 0.9928334811557361, separation: 3.497202527569243e-15 })
trial=23 elapsed=4.457765135413609e-5 dt=1.4307875498506676e-3 nominal=2.0833333333333333e-3 outcome=Refine(TerrainSweepHit { collider: 7, node: TerrainNodeId { coordinates: BrickCoord { x: -67108864, y: -67108864, z: -67108864 }, level: 27 }, triangle: 1, fraction: 0.9995050074220007, separation: 3.552713678800501e-15 })
trial=24 elapsed=4.457765135413609e-5 dt=1.4300793206327976e-3 nominal=2.0833333333333333e-3 outcome=complete false
trial=25 elapsed=4.457765135413609e-5 dt=1.4304334352417325e-3 nominal=2.0833333333333333e-3 outcome=Refine(TerrainSweepHit { collider: 7, node: TerrainNodeId { coordinates: BrickCoord { x: -67108864, y: -67108864, z: -67108864 }, level: 27 }, triangle: 1, fraction: 0.9997566864888209, separation: 3.83026943495679e-15 })
trial=26 elapsed=4.457765135413609e-5 dt=1.4301147320936911e-3 nominal=2.0833333333333333e-3 outcome=Refine(TerrainSweepHit { collider: 7, node: TerrainNodeId { coordinates: BrickCoord { x: -67108864, y: -67108864, z: -67108864 }, level: 27 }, triangle: 1, fraction: 0.9999833042701229, separation: 3.4416913763379853e-15 })
trial=27 elapsed=4.457765135413609e-5 dt=1.430090855284431e-3 nominal=2.0833333333333333e-3 outcome=complete false
trial=28 elapsed=4.457765135413609e-5 dt=1.430102793689061e-3 nominal=2.0833333333333333e-3 outcome=Refine(TerrainSweepHit { collider: 7, node: TerrainNodeId { coordinates: BrickCoord { x: -67108864, y: -67108864, z: -67108864 }, level: 27 }, triangle: 1, fraction: 0.9999917951825664, separation: 3.552713678800501e-15 })
trial=29 elapsed=4.457765135413609e-5 dt=1.4300920491248938e-3 nominal=2.0833333333333333e-3 outcome=Refine(TerrainSweepHit { collider: 7, node: TerrainNodeId { coordinates: BrickCoord { x: -67108864, y: -67108864, z: -67108864 }, level: 27 }, triangle: 1, fraction: 0.9999994371253167, separation: 3.497202527569243e-15 })
trial=30 elapsed=4.457765135413609e-5 dt=1.4300912441622847e-3 nominal=2.0833333333333333e-3 outcome=complete false
trial=31 elapsed=4.457765135413609e-5 dt=1.4300916466435892e-3 nominal=2.0833333333333333e-3 outcome=Refine(TerrainSweepHit { collider: 7, node: TerrainNodeId { coordinates: BrickCoord { x: -67108864, y: -67108864, z: -67108864 }, level: 27 }, triangle: 1, fraction: 0.9999997233875275, separation: 3.774758283725532e-15 })
trial=32 elapsed=4.457765135413609e-5 dt=1.430091284410415e-3 nominal=2.0833333333333333e-3 outcome=Refine(TerrainSweepHit { collider: 7, node: TerrainNodeId { coordinates: BrickCoord { x: -67108864, y: -67108864, z: -67108864 }, level: 27 }, triangle: 1, fraction: 0.9999999810238904, separation: 3.552713678800501e-15 })
trial=33 elapsed=4.457765135413609e-5 dt=1.4300912572728461e-3 nominal=2.0833333333333333e-3 outcome=complete false
trial=34 elapsed=1.4746689086269822e-3 dt=6.086644247063511e-4 nominal=2.0833333333333333e-3 outcome=Refine(TerrainSweepHit { collider: 67, node: TerrainNodeId { coordinates: BrickCoord { x: -67108864, y: -67108864, z: -67108864 }, level: 27 }, triangle: 1, fraction: 0.0009526036059854773, separation: 1.2601031329495527e-14 })
trial=35 elapsed=1.4746689086269822e-3 dt=5.798159258103462e-7 nominal=2.0833333333333333e-3 outcome=complete false
trial=36 elapsed=1.4746689086269822e-3 dt=3.046221203160807e-4 nominal=2.0833333333333333e-3 outcome=Refine(TerrainSweepHit { collider: 67, node: TerrainNodeId { coordinates: BrickCoord { x: -67108864, y: -67108864, z: -67108864 }, level: 27 }, triangle: 1, fraction: 0.0023489231548914124, separation: 1.915134717478395e-14 })
trial=37 elapsed=1.4746689086269822e-3 dt=3.0984046364837385e-5 nominal=2.0833333333333333e-3 outcome=Refine(TerrainSweepHit { collider: 67, node: TerrainNodeId { coordinates: BrickCoord { x: -67108864, y: -67108864, z: -67108864 }, level: 27 }, triangle: 1, fraction: 0.028577944604368355, separation: 2.8310687127941492e-14 })
trial=38 elapsed=1.4746689086269822e-3 dt=3.62023896971305e-6 nominal=2.0833333333333333e-3 outcome=Refine(TerrainSweepHit { collider: 67, node: TerrainNodeId { coordinates: BrickCoord { x: -67108864, y: -67108864, z: -67108864 }, level: 27 }, triangle: 1, fraction: 0.24636670015075168, separation: 2.9032332093947844e-14 })
trial=39 elapsed=1.4746689086269822e-3 dt=8.919063287253612e-7 nominal=2.0833333333333333e-3 outcome=complete false
trial=40 elapsed=1.4746689086269822e-3 dt=2.2560726492192054e-6 nominal=2.0833333333333333e-3 outcome=Refine(TerrainSweepHit { collider: 67, node: TerrainNodeId { coordinates: BrickCoord { x: -67108864, y: -67108864, z: -67108864 }, level: 27 }, triangle: 1, fraction: 0.39547952783656015, separation: 2.8754776337791554e-14 })
trial=41 elapsed=1.4746689086269822e-3 dt=1.0283229607747457e-6 nominal=2.0833333333333333e-3 outcome=Refine(TerrainSweepHit { collider: 67, node: TerrainNodeId { coordinates: BrickCoord { x: -67108864, y: -67108864, z: -67108864 }, level: 27 }, triangle: 1, fraction: 0.8679399475390142, separation: 2.881028748902281e-14 })
trial=42 elapsed=1.4746689086269822e-3 dt=9.055479919302996e-7 nominal=2.0833333333333333e-3 outcome=Refine(TerrainSweepHit { collider: 67, node: TerrainNodeId { coordinates: BrickCoord { x: -67108864, y: -67108864, z: -67108864 }, level: 27 }, triangle: 1, fraction: 0.9856482482264894, separation: 2.886579864025407e-14 })
trial=43 elapsed=1.4746689086269822e-3 dt=8.93270495045855e-7 nominal=2.0833333333333333e-3 outcome=Refine(TerrainSweepHit { collider: 67, node: TerrainNodeId { coordinates: BrickCoord { x: -67108864, y: -67108864, z: -67108864 }, level: 27 }, triangle: 1, fraction: 0.999198695730037, separation: 2.8699265186560297e-14 })
trial=44 elapsed=1.4746689086269822e-3 dt=8.925547135839427e-7 nominal=2.0833333333333333e-3 outcome=complete false
trial=45 elapsed=1.4755614633405662e-3 dt=6.077718699927671e-4 nominal=2.0833333333333333e-3 outcome=release 0.019754603564024795
trial=46 elapsed=1.4755614633405662e-3 dt=1.200629234907313e-5 nominal=2.0833333333333333e-3 outcome=complete false
trial=47 elapsed=1.4755614633405662e-3 dt=3.0988908117092007e-4 nominal=2.0833333333333333e-3 outcome=release 0.0402402488065669
trial=48 elapsed=1.4755614633405662e-3 dt=4.1794571231257825e-5 nominal=2.0833333333333333e-3 outcome=release 0.9704878434321343
trial=49 elapsed=1.4755614633405662e-3 dt=3.881574334303936e-5 nominal=2.0833333333333333e-3 outcome=complete false
trial=50 elapsed=1.4755614633405662e-3 dt=4.030515728714859e-5 nominal=2.0833333333333333e-3 outcome=complete false
trial=51 elapsed=1.4755614633405662e-3 dt=4.1049864259203205e-5 nominal=2.0833333333333333e-3 outcome=release 0.9881235469100251
trial=52 elapsed=1.4755614633405662e-3 dt=4.056233747197894e-5 nominal=2.0833333333333333e-3 outcome=complete false
trial=53 elapsed=1.5161238008125453e-3 dt=5.67209532520788e-4 nominal=2.0833333333333333e-3 outcome=Refine(TerrainSweepHit { collider: 67, node: TerrainNodeId { coordinates: BrickCoord { x: -67108864, y: -67108864, z: -67108864 }, level: 27 }, triangle: 1, fraction: 3.852936381135015e-6, separation: 3.3306690738754696e-16 })
trial=54 elapsed=1.5161238008125453e-3 dt=2.185422243575929e-9 nominal=2.0833333333333333e-3 outcome=complete false
trial=55 elapsed=1.5161238008125453e-3 dt=2.836058589715158e-4 nominal=2.0833333333333333e-3 outcome=Refine(TerrainSweepHit { collider: 67, node: TerrainNodeId { coordinates: BrickCoord { x: -67108864, y: -67108864, z: -67108864 }, level: 27 }, triangle: 1, fraction: 1.5225539534336205e-5, separation: 2.220446049250313e-16 })
trial=56 elapsed=1.5161238008125453e-3 dt=2.8362552777170802e-5 nominal=2.0833333333333333e-3 outcome=Refine(TerrainSweepHit { collider: 67, node: TerrainNodeId { coordinates: BrickCoord { x: -67108864, y: -67108864, z: -67108864 }, level: 27 }, triangle: 1, fraction: 0.0009804615386662958, separation: 2.7755575615628914e-16 })
trial=57 elapsed=1.5161238008125453e-3 dt=2.8382221577362986e-6 nominal=2.0833333333333333e-3 outcome=Refine(TerrainSweepHit { collider: 67, node: TerrainNodeId { coordinates: BrickCoord { x: -67108864, y: -67108864, z: -67108864 }, level: 27 }, triangle: 1, fraction: 0.08757527959716427, separation: 2.4424906541753444e-15 })
trial=58 elapsed=1.5161238008125453e-3 dt=2.857890957928482e-7 nominal=2.0833333333333333e-3 outcome=complete false
trial=59 elapsed=1.5161238008125453e-3 dt=1.5620056267645736e-6 nominal=2.0833333333333333e-3 outcome=Refine(TerrainSweepHit { collider: 67, node: TerrainNodeId { coordinates: BrickCoord { x: -67108864, y: -67108864, z: -67108864 }, level: 27 }, triangle: 1, fraction: 0.2919515811880835, separation: 7.716050021144838e-15 })
trial=60 elapsed=1.5161238008125453e-3 dt=4.560300125586007e-7 nominal=2.0833333333333333e-3 outcome=complete false
trial=61 elapsed=1.5161238008125453e-3 dt=1.009017819661587e-6 nominal=2.0833333333333333e-3 outcome=Refine(TerrainSweepHit { collider: 67, node: TerrainNodeId { coordinates: BrickCoord { x: -67108864, y: -67108864, z: -67108864 }, level: 27 }, triangle: 1, fraction: 0.7078470881718886, separation: 1.8707257964933888e-14 })
trial=62 elapsed=1.5161238008125453e-3 dt=7.142303255610022e-7 nominal=2.0833333333333333e-3 outcome=complete false
trial=63 elapsed=1.5161238008125453e-3 dt=8.616240726112946e-7 nominal=2.0833333333333333e-3 outcome=Refine(TerrainSweepHit { collider: 67, node: TerrainNodeId { coordinates: BrickCoord { x: -67108864, y: -67108864, z: -67108864 }, level: 27 }, triangle: 1, fraction: 0.9761586483960301, separation: 2.5590640717609858e-14 })
trial=64 elapsed=1.5161238008125453e-3 dt=8.410817901457242e-7 nominal=2.0833333333333333e-3 outcome=complete false
trial=65 elapsed=1.516964882602691e-3 dt=5.663684507306423e-4 nominal=2.0833333333333333e-3 outcome=Refine(TerrainSweepHit { collider: 42, node: TerrainNodeId { coordinates: BrickCoord { x: -67108864, y: -67108864, z: -67108864 }, level: 27 }, triangle: 1, fraction: 0.0017143519353556777, separation: 4.424238753131249e-14 })
trial=66 elapsed=1.516964882602691e-3 dt=9.709548496344733e-7 nominal=2.0833333333333333e-3 outcome=complete false
trial=67 elapsed=1.516964882602691e-3 dt=2.836697027901384e-4 nominal=2.0833333333333333e-3 outcome=Refine(TerrainSweepHit { collider: 42, node: TerrainNodeId { coordinates: BrickCoord { x: -67108864, y: -67108864, z: -67108864 }, level: 27 }, triangle: 1, fraction: 0.00678819571929066, separation: 1.7497114868092467e-13 })
trial=68 elapsed=1.516964882602691e-3 dt=2.9240829643684866e-5 nominal=2.0833333333333333e-3 outcome=Refine(TerrainSweepHit { collider: 42, node: TerrainNodeId { coordinates: BrickCoord { x: -67108864, y: -67108864, z: -67108864 }, level: 27 }, triangle: 1, fraction: 0.810530739360557, separation: 1.1102230246251565e-15 })
trial=69 elapsed=1.516964882602691e-3 dt=2.3700591270611987e-5 nominal=2.0833333333333333e-3 outcome=complete false
trial=70 elapsed=1.516964882602691e-3 dt=2.6470710457148426e-5 nominal=2.0833333333333333e-3 outcome=complete false
trial=71 elapsed=1.516964882602691e-3 dt=2.7855770050416644e-5 nominal=2.0833333333333333e-3 outcome=Refine(TerrainSweepHit { collider: 42, node: TerrainNodeId { coordinates: BrickCoord { x: -67108864, y: -67108864, z: -67108864 }, level: 27 }, triangle: 1, fraction: 0.9101166738017574, separation: 9.43689570931383e-16 })
trial=72 elapsed=1.516964882602691e-3 dt=2.6609216416475248e-5 nominal=2.0833333333333333e-3 outcome=complete false
trial=73 elapsed=1.516964882602691e-3 dt=2.7232493233445948e-5 nominal=2.0833333333333333e-3 outcome=Refine(TerrainSweepHit { collider: 42, node: TerrainNodeId { coordinates: BrickCoord { x: -67108864, y: -67108864, z: -67108864 }, level: 27 }, triangle: 1, fraction: 0.9610837293495397, separation: 1.27675647831893e-15 })
trial=74 elapsed=1.516964882602691e-3 dt=2.667154409817232e-5 nominal=2.0833333333333333e-3 outcome=complete false
trial=75 elapsed=1.516964882602691e-3 dt=2.6952018665809135e-5 nominal=2.0833333333333333e-3 outcome=Refine(TerrainSweepHit { collider: 42, node: TerrainNodeId { coordinates: BrickCoord { x: -67108864, y: -67108864, z: -67108864 }, level: 27 }, triangle: 1, fraction: 0.985441163663889, separation: 1.3322676295501878e-15 })
trial=76 elapsed=1.516964882602691e-3 dt=2.6699591554936e-5 nominal=2.0833333333333333e-3 outcome=complete false
trial=77 elapsed=1.516964882602691e-3 dt=2.6825805110372567e-5 nominal=2.0833333333333333e-3 outcome=Refine(TerrainSweepHit { collider: 42, node: TerrainNodeId { coordinates: BrickCoord { x: -67108864, y: -67108864, z: -67108864 }, level: 27 }, triangle: 1, fraction: 0.996708400357678, separation: 1.3322676295501878e-15 })
trial=78 elapsed=1.516964882602691e-3 dt=2.6737505299866268e-5 nominal=2.0833333333333333e-3 outcome=complete false
trial=79 elapsed=1.516964882602691e-3 dt=2.6781655205119418e-5 nominal=2.0833333333333333e-3 outcome=complete false
trial=80 elapsed=1.516964882602691e-3 dt=2.6803730157745993e-5 nominal=2.0833333333333333e-3 outcome=Refine(TerrainSweepHit { collider: 42, node: TerrainNodeId { coordinates: BrickCoord { x: -67108864, y: -67108864, z: -67108864 }, level: 27 }, triangle: 1, fraction: 0.9986990758271538, separation: 1.7208456881689926e-15 })
trial=81 elapsed=1.516964882602691e-3 dt=2.6783862700382076e-5 nominal=2.0833333333333333e-3 outcome=complete false
trial=82 elapsed=1.516964882602691e-3 dt=2.6793796429064035e-5 nominal=2.0833333333333333e-3 outcome=Refine(TerrainSweepHit { collider: 42, node: TerrainNodeId { coordinates: BrickCoord { x: -67108864, y: -67108864, z: -67108864 }, level: 27 }, triangle: 1, fraction: 0.9995968658276966, separation: 1.609823385706477e-15 })
trial=83 elapsed=1.516964882602691e-3 dt=2.6784856073250272e-5 nominal=2.0833333333333333e-3 outcome=complete false
trial=84 elapsed=1.516964882602691e-3 dt=2.6789326251157153e-5 nominal=2.0833333333333333e-3 outcome=complete false
trial=85 elapsed=1.543754208853848e-3 dt=5.395791244794852e-4 nominal=2.0833333333333333e-3 outcome=Refine(TerrainSweepHit { collider: 67, node: TerrainNodeId { coordinates: BrickCoord { x: -67108864, y: -67108864, z: -67108864 }, level: 27 }, triangle: 1, fraction: 2.0601166379039803e-6, separation: 5.551115123125783e-17 })
trial=86 elapsed=1.543754208853848e-3 dt=1.1115959318058503e-9 nominal=2.0833333333333333e-3 outcome=complete false
trial=87 elapsed=1.543754208853848e-3 dt=2.6979011803770846e-4 nominal=2.0833333333333333e-3 outcome=Refine(TerrainSweepHit { collider: 67, node: TerrainNodeId { coordinates: BrickCoord { x: -67108864, y: -67108864, z: -67108864 }, level: 27 }, triangle: 1, fraction: 8.41418361684727e-6, separation: 1.1102230246251565e-16 })
trial=88 elapsed=1.543754208853848e-3 dt=2.6980012240109475e-5 nominal=2.0833333333333333e-3 outcome=Refine(TerrainSweepHit { collider: 67, node: TerrainNodeId { coordinates: BrickCoord { x: -67108864, y: -67108864, z: -67108864 }, level: 27 }, triangle: 1, fraction: 0.0008401521568498077, separation: 5.551115123125783e-17 })
trial=89 elapsed=1.543754208853848e-3 dt=2.699001660349573e-6 nominal=2.0833333333333333e-3 outcome=Refine(TerrainSweepHit { collider: 67, node: TerrainNodeId { coordinates: BrickCoord { x: -67108864, y: -67108864, z: -67108864 }, level: 27 }, triangle: 1, fraction: 0.06199370586901054, separation: 1.1102230246251565e-15 })
trial=90 elapsed=1.543754208853848e-3 dt=2.709006023735826e-7 nominal=2.0833333333333333e-3 outcome=complete false
trial=91 elapsed=1.543754208853848e-3 dt=1.4849511313615777e-6 nominal=2.0833333333333333e-3 outcome=Refine(TerrainSweepHit { collider: 67, node: TerrainNodeId { coordinates: BrickCoord { x: -67108864, y: -67108864, z: -67108864 }, level: 27 }, triangle: 1, fraction: 0.2599264621219959, separation: 5.440092820663267e-15 })
trial=92 elapsed=1.543754208853848e-3 dt=3.923056552723821e-7 nominal=2.0833333333333333e-3 outcome=complete false
trial=93 elapsed=1.543754208853848e-3 dt=9.386283933169799e-7 nominal=2.0833333333333333e-3 outcome=complete false
trial=94 elapsed=1.543754208853848e-3 dt=1.2117897623392787e-6 nominal=2.0833333333333333e-3 outcome=Refine(TerrainSweepHit { collider: 67, node: TerrainNodeId { coordinates: BrickCoord { x: -67108864, y: -67108864, z: -67108864 }, level: 27 }, triangle: 1, fraction: 0.4749472430318207, separation: 1.1435297153639112e-14 })
trial=95 elapsed=1.543754208853848e-3 dt=9.6594453021921e-7 nominal=2.0833333333333333e-3 outcome=complete false
trial=96 elapsed=1.5447201533840672e-3 dt=5.386131799492661e-4 nominal=2.0833333333333333e-3 outcome=release 0.000048979590014176174
trial=97 elapsed=1.5447201533840672e-3 dt=2.6381052730146748e-8 nominal=2.0833333333333333e-3 outcome=complete false
trial=98 elapsed=1.5447201533840672e-3 dt=2.693197805009981e-4 nominal=2.0833333333333333e-3 outcome=release 0.00009690050831573896
trial=99 elapsed=1.5447201533840672e-3 dt=2.6955720997556944e-5 nominal=2.0833333333333333e-3 outcome=release 0.0010832439290429819
trial=100 elapsed=1.5447201533840672e-3 dt=2.7193150472128268e-6 nominal=2.0833333333333333e-3 outcome=release 0.07225443460735077
trial=101 elapsed=1.5447201533840672e-3 dt=2.9567445217841473e-7 nominal=2.0833333333333333e-3 outcome=release 0.6739245048612735
trial=102 elapsed=1.5447201533840672e-3 dt=1.9926225878446645e-7 nominal=2.0833333333333333e-3 outcome=complete false
trial=103 elapsed=1.5449194156428518e-3 dt=5.384139176904815e-4 nominal=2.0833333333333333e-3 outcome=Refine(TerrainSweepHit { collider: 7, node: TerrainNodeId { coordinates: BrickCoord { x: -67108864, y: -67108864, z: -67108864 }, level: 27 }, triangle: 1, fraction: 0.0026775294358505224, separation: 1.8668400159072007e-13 })
trial=104 elapsed=1.5449194156428518e-3 dt=1.4416191132878646e-6 nominal=2.0833333333333333e-3 outcome=complete false
trial=105 elapsed=1.5449194156428518e-3 dt=2.6992776840188465e-4 nominal=2.0833333333333333e-3 outcome=Refine(TerrainSweepHit { collider: 7, node: TerrainNodeId { coordinates: BrickCoord { x: -67108864, y: -67108864, z: -67108864 }, level: 27 }, triangle: 1, fraction: 0.009776024799744666, separation: 5.551115123125783e-17 })
trial=106 elapsed=1.5449194156428518e-3 dt=2.8290234042147545e-5 nominal=2.0833333333333333e-3 outcome=Refine(TerrainSweepHit { collider: 7, node: TerrainNodeId { coordinates: BrickCoord { x: -67108864, y: -67108864, z: -67108864 }, level: 27 }, triangle: 1, fraction: 0.36080867508493963, separation: 1.1102230246251565e-15 })
trial=107 elapsed=1.5449194156428518e-3 dt=1.0207361862590112e-5 nominal=2.0833333333333333e-3 outcome=complete false
trial=108 elapsed=1.5449194156428518e-3 dt=1.924879795236883e-5 nominal=2.0833333333333333e-3 outcome=Refine(TerrainSweepHit { collider: 7, node: TerrainNodeId { coordinates: BrickCoord { x: -67108864, y: -67108864, z: -67108864 }, level: 27 }, triangle: 1, fraction: 0.5949460990307699, separation: 2.1094237467877974e-15 })
trial=109 elapsed=1.5449194156428518e-3 dt=1.1451997252793307e-5 nominal=2.0833333333333333e-3 outcome=complete false
trial=110 elapsed=1.5449194156428518e-3 dt=1.5350397602581068e-5 nominal=2.0833333333333333e-3 outcome=Refine(TerrainSweepHit { collider: 7, node: TerrainNodeId { coordinates: BrickCoord { x: -67108864, y: -67108864, z: -67108864 }, level: 27 }, triangle: 1, fraction: 0.7883218625142122, separation: 2.7755575615628914e-15 })
trial=111 elapsed=1.5449194156428518e-3 dt=1.2101054028400406e-5 nominal=2.0833333333333333e-3 outcome=complete false
trial=112 elapsed=1.5449194156428518e-3 dt=1.3725725815490736e-5 nominal=2.0833333333333333e-3 outcome=Refine(TerrainSweepHit { collider: 7, node: TerrainNodeId { coordinates: BrickCoord { x: -67108864, y: -67108864, z: -67108864 }, level: 27 }, triangle: 1, fraction: 0.9029683751471538, separation: 3.552713678800501e-15 })
trial=113 elapsed=1.5449194156428518e-3 dt=1.2393896337329012e-5 nominal=2.0833333333333333e-3 outcome=complete false
trial=114 elapsed=1.5449194156428518e-3 dt=1.3059811076409873e-5 nominal=2.0833333333333333e-3 outcome=Refine(TerrainSweepHit { collider: 7, node: TerrainNodeId { coordinates: BrickCoord { x: -67108864, y: -67108864, z: -67108864 }, level: 27 }, triangle: 1, fraction: 0.9585184234247001, separation: 3.3861802251067274e-15 })
trial=115 elapsed=1.5449194156428518e-3 dt=1.2518069523184826e-5 nominal=2.0833333333333333e-3 outcome=complete false
trial=116 elapsed=1.5449194156428518e-3 dt=1.2788940299797349e-5 nominal=2.0833333333333333e-3 outcome=Refine(TerrainSweepHit { collider: 7, node: TerrainNodeId { coordinates: BrickCoord { x: -67108864, y: -67108864, z: -67108864 }, level: 27 }, triangle: 1, fraction: 0.9828251899213245, separation: 3.6637359812630166e-15 })
trial=117 elapsed=1.5449194156428518e-3 dt=1.256929267904081e-5 nominal=2.0833333333333333e-3 outcome=complete false
trial=118 elapsed=1.5449194156428518e-3 dt=1.2679116489419078e-5 nominal=2.0833333333333333e-3 outcome=Refine(TerrainSweepHit { collider: 7, node: TerrainNodeId { coordinates: BrickCoord { x: -67108864, y: -67108864, z: -67108864 }, level: 27 }, triangle: 1, fraction: 0.9929857526340243, separation: 3.552713678800501e-15 })
trial=119 elapsed=1.5449194156428518e-3 dt=1.2590182029980271e-5 nominal=2.0833333333333333e-3 outcome=complete false
trial=120 elapsed=1.5449194156428518e-3 dt=1.2634649259699675e-5 nominal=2.0833333333333333e-3 outcome=Refine(TerrainSweepHit { collider: 7, node: TerrainNodeId { coordinates: BrickCoord { x: -67108864, y: -67108864, z: -67108864 }, level: 27 }, triangle: 1, fraction: 0.9971514423595637, separation: 3.83026943495679e-15 })
trial=121 elapsed=1.5449194156428518e-3 dt=1.2598658733016724e-5 nominal=2.0833333333333333e-3 outcome=complete false
trial=122 elapsed=1.5449194156428518e-3 dt=1.26166539963582e-5 nominal=2.0833333333333333e-3 outcome=Refine(TerrainSweepHit { collider: 7, node: TerrainNodeId { coordinates: BrickCoord { x: -67108864, y: -67108864, z: -67108864 }, level: 27 }, triangle: 1, fraction: 0.998845829207093, separation: 3.885780586188048e-15 })
trial=123 elapsed=1.5449194156428518e-3 dt=1.260209222281139e-5 nominal=2.0833333333333333e-3 outcome=complete false
trial=124 elapsed=1.5575215078656632e-3 dt=5.258118254676701e-4 nominal=2.0833333333333333e-3 outcome=Refine(TerrainSweepHit { collider: 42, node: TerrainNodeId { coordinates: BrickCoord { x: -67108864, y: -67108864, z: -67108864 }, level: 27 }, triangle: 1, fraction: 3.024831155946546e-7, separation: -2.7755575615628914e-16 })
trial=125 elapsed=1.5575215078656632e-3 dt=1.5904919918397362e-10 nominal=2.0833333333333333e-3 outcome=complete false
trial=126 elapsed=1.5575215078656632e-3 dt=2.629059922584346e-4 nominal=2.0833333333333333e-3 outcome=Refine(TerrainSweepHit { collider: 42, node: TerrainNodeId { coordinates: BrickCoord { x: -67108864, y: -67108864, z: -67108864 }, level: 27 }, triangle: 1, fraction: 1.1875901678767887e-6, separation: -1.6653345369377348e-16 })
trial=127 elapsed=1.5575215078656632e-3 dt=2.6290742370122732e-5 nominal=2.0833333333333333e-3 outcome=Refine(TerrainSweepHit { collider: 42, node: TerrainNodeId { coordinates: BrickCoord { x: -67108864, y: -67108864, z: -67108864 }, level: 27 }, triangle: 1, fraction: 0.00011471604566537508, separation: -5.551115123125783e-17 })

thread 'joint_machine::tests::terrain_ticks::saved_car::saved_car_cold_drop_remains_bounded_through_settling' (11118907) panicked at crates/mechanic-physics/src/joint_machine/tests/terrain_ticks/saved_car.rs:279:9:
tick=6 result=Err(NotConverged) diagnostics=JointTickDiagnostics { published: false, attempts: 4, substeps: 8, factorizations: 734, dynamics_assemblies: 5396, response_preparation_solves: 7435, constraint_factor_solves: 2214, force_factor_solves: 4428, position_factor_solves: 0, force_iterations: 2214, constraint_iterations: 5767, constraint_rows_prepared: 7435, surface_points: 707, surface_manifolds: 707, terrain_contact_queries: 884, terrain_contact_query_failures: 0, terrain_path_queries: 577, terrain_correction_paths: 0, terrain_path_poses: 120131, terrain_envelopes: 39168, terrain_certified_intervals: 39168, terrain_chunk_candidates: 59851, terrain_triangle_candidates: 119702, terrain_path_rejections: 289, terrain_sweep_queries: 577, terrain_sweep_query_failures: 0, terrain_envelope_query_failures: 0, terrain_separation_evaluations: 79110, terrain_initial_contact_evaluations: 78472, terrain_linear_sweep_evaluations: 0, terrain_quadratic_sweep_evaluations: 3263, terrain_velocity_evaluations: 3263, terrain_impact_holds: 4, event_trials: 650, event_refinements: 289, event_localizations: 204, release_refinements: 73, release_localizations: 38, joint_stop_refinements: 0, last_joint_stop_coordinate: None, released_surface_points: 147, accepted_intervals: 16, accepted_seconds: 0.005724188174532329, impact_attempts: 84, impact_events: 84, impact_rows_prepared: 515, impact_factor_solves: 599, impact_iterations: 218, newton_attempts: 5743, newton_accepts: 5743, newton_applications: 0, newton_local_factorizations: 0, newton_generalized_factorizations: 0, newton_reduced_storage: 0, newton_contact_factorizations: 5743, newton_contact_storage: 256, newton_line_searches: 5910, constraint_active_set_trials: 0, constraint_active_set_trial_rejections: 0, constraint_warm_start_restarts: 0, constraint_active_set_trial_matrix_storage: 0, residual: 9.82788100034365e-9, force_velocity_residual: 0.09959080050846503, constraint_velocity_residual: 9.994812371679024e-10, impact_velocity_residual: 6.210886718655813e-10, drive_impulses: [0.0, 0.5251489693521435, -0.21928948712726956, 0.0, -0.953068861797406, -0.20619818395938747, 0.0, -4.817426563049179, 0.0, -0.7133602303368785] }
note: run with `RUST_BACKTRACE=1` environment variable to display a backtrace
test joint_machine::tests::terrain_ticks::saved_car::saved_car_cold_drop_remains_bounded_through_settling ... FAILED

failures:

failures:
    joint_machine::tests::terrain_ticks::saved_car::saved_car_cold_drop_remains_bounded_through_settling

test result: FAILED. 0 passed; 1 failed; 0 ignored; 0 measured; 104 filtered out; finished in 1.53s

error: test failed, to rerun pass `-p mechanic-physics --lib`
