   Compiling mechanic-physics v0.1.0 (/Users/jens/repos/mechanic/crates/mechanic-physics)
    Finished `test` profile [optimized + debuginfo] target(s) in 1.47s
     Running unittests src/lib.rs (target/debug/deps/mechanic_physics-ced37d44e4e3378f)

running 1 test
localize hit dt=1.6666666666666666e-2 bracket=None hit=TerrainSweepHit { collider: 31, node: TerrainNodeId { coordinates: BrickCoord { x: -67108864, y: -67108864, z: -67108864 }, level: 27 }, triangle: 1, fraction: 0.7349788693579988, separation: 2.220446049250313e-16 }
localize clear dt=1.2249647822633315e-2 upper=1.6666666666666666e-2 width=4.417018844033352e-3
localize hit dt=1.445815724464999e-2 bracket=Some((0.012249647822633315, 0.016666666666666666)) hit=TerrainSweepHit { collider: 31, node: TerrainNodeId { coordinates: BrickCoord { x: -67108864, y: -67108864, z: -67108864 }, level: 27 }, triangle: 1, fraction: 0.8495027417085231, separation: 1.6653345369377348e-16 }
localize hit dt=1.2470498764834982e-2 bracket=Some((0.012249647822633315, 0.01445815724464999)) hit=TerrainSweepHit { collider: 31, node: TerrainNodeId { coordinates: BrickCoord { x: -67108864, y: -67108864, z: -67108864 }, level: 27 }, triangle: 1, fraction: 0.9872684235642222, separation: 2.7755575615628914e-16 }
localize clear dt=1.2311729656618212e-2 upper=1.2470498764834982e-2 width=1.587691082167702e-4
localize hit dt=1.2391114210726598e-2 bracket=Some((0.012311729656618212, 0.012470498764834982)) hit=TerrainSweepHit { collider: 31, node: TerrainNodeId { coordinates: BrickCoord { x: -67108864, y: -67108864, z: -67108864 }, level: 27 }, triangle: 1, fraction: 0.9936887029162875, separation: 1.6653345369377348e-16 }
localize hit dt=1.231966811202905e-2 bracket=Some((0.012311729656618212, 0.012391114210726598)) hit=TerrainSweepHit { collider: 31, node: TerrainNodeId { coordinates: BrickCoord { x: -67108864, y: -67108864, z: -67108864 }, level: 27 }, triangle: 1, fraction: 0.9995377136276247, separation: 1.1102230246251565e-16 }
localize clear dt=1.2313972897348672e-2 upper=1.231966811202905e-2 width=5.695214680377647e-6
localize hit dt=1.2316820504688861e-2 bracket=Some((0.012313972897348672, 0.01231966811202905)) hit=TerrainSweepHit { collider: 31, node: TerrainNodeId { coordinates: BrickCoord { x: -67108864, y: -67108864, z: -67108864 }, level: 27 }, triangle: 1, fraction: 0.9997722425025954, separation: 3.3306690738754696e-16 }
localize hit dt=1.2314257658082691e-2 bracket=Some((0.012313972897348672, 0.012316820504688861)) hit=TerrainSweepHit { collider: 31, node: TerrainNodeId { coordinates: BrickCoord { x: -67108864, y: -67108864, z: -67108864 }, level: 27 }, triangle: 1, fraction: 0.9999834112497106, separation: 2.220446049250313e-16 }
localize clear dt=1.2314053379937401e-2 upper=1.2314257658082691e-2 width=2.042781452899628e-7
localize hit dt=1.2314155519010047e-2 bracket=Some((0.012314053379937401, 0.012314257658082691)) hit=TerrainSweepHit { collider: 31, node: TerrainNodeId { coordinates: BrickCoord { x: -67108864, y: -67108864, z: -67108864 }, level: 27 }, triangle: 1, fraction: 0.9999918289399321, separation: 2.220446049250313e-16 }
localize hit dt=1.2314063593844666e-2 bracket=Some((0.012314053379937401, 0.012314155519010047)) hit=TerrainSweepHit { collider: 31, node: TerrainNodeId { coordinates: BrickCoord { x: -67108864, y: -67108864, z: -67108864 }, level: 27 }, triangle: 1, fraction: 0.9999994049805483, separation: 2.220446049250313e-16 }
localize clear dt=1.2314056266737297e-2 upper=1.2314063593844666e-2 width=7.327107368754193e-9
localize hit dt=1.2314059930290982e-2 bracket=Some((0.012314056266737297, 0.012314063593844666)) hit=TerrainSweepHit { collider: 31, node: TerrainNodeId { coordinates: BrickCoord { x: -67108864, y: -67108864, z: -67108864 }, level: 27 }, triangle: 1, fraction: 0.9999997069157887, separation: 4.440892098500626e-16 }
localize hit dt=1.2314056633092665e-2 bracket=Some((0.012314056266737297, 0.012314059930290982)) hit=TerrainSweepHit { collider: 31, node: TerrainNodeId { coordinates: BrickCoord { x: -67108864, y: -67108864, z: -67108864 }, level: 27 }, triangle: 1, fraction: 0.9999999786576623, separation: 2.220446049250313e-16 }
localize clear dt=1.2314056370281911e-2 upper=1.2314056633092665e-2 width=2.6281075406198173e-10
localize hit dt=1.231405650168729e-2 bracket=Some((0.012314056370281911, 0.012314056633092665)) hit=TerrainSweepHit { collider: 31, node: TerrainNodeId { coordinates: BrickCoord { x: -67108864, y: -67108864, z: -67108864 }, level: 27 }, triangle: 1, fraction: 0.99999998948757, separation: 2.220446049250313e-16 }
localize hit dt=1.2314056383422449e-2 bracket=Some((0.012314056370281911, 0.01231405650168729)) hit=TerrainSweepHit { collider: 31, node: TerrainNodeId { coordinates: BrickCoord { x: -67108864, y: -67108864, z: -67108864 }, level: 27 }, triangle: 1, fraction: 0.9999999992344861, separation: 2.220446049250313e-16 }
localize clear dt=1.2314056373995868e-2 upper=1.2314056383422449e-2 width=9.426581043525672e-12
localize hit dt=1.2314056378709158e-2 bracket=Some((0.012314056373995868, 0.012314056383422449)) hit=TerrainSweepHit { collider: 31, node: TerrainNodeId { coordinates: BrickCoord { x: -67108864, y: -67108864, z: -67108864 }, level: 27 }, triangle: 1, fraction: 0.9999999996229363, separation: 2.220446049250313e-16 }
localize hit dt=1.2314056374467197e-2 bracket=Some((0.012314056373995868, 0.012314056378709158)) hit=TerrainSweepHit { collider: 31, node: TerrainNodeId { coordinates: BrickCoord { x: -67108864, y: -67108864, z: -67108864 }, level: 27 }, triangle: 1, fraction: 0.9999999999725411, separation: 4.440892098500626e-16 }
localize clear dt=1.2314056374129067e-2 upper=1.2314056374467197e-2 width=3.3813056521392326e-13
localize hit dt=4.3526102923685354e-3 bracket=None hit=TerrainSweepHit { collider: 5, node: TerrainNodeId { coordinates: BrickCoord { x: -67108864, y: -67108864, z: -67108864 }, level: 27 }, triangle: 1, fraction: 1.3903090589906242e-7, separation: -5.551115123125783e-17 }
localize clear dt=6.051473519735804e-10 upper=4.3526102923685354e-3 width=4.352609687221183e-3
localize hit dt=2.1763054487579435e-3 bracket=Some((6.051473519735804e-10, 0.0043526102923685354)) hit=TerrainSweepHit { collider: 5, node: TerrainNodeId { coordinates: BrickCoord { x: -67108864, y: -67108864, z: -67108864 }, level: 27 }, triangle: 1, fraction: 2.7890776266303874e-7, separation: 1.1102230246251565e-16 }
localize hit dt=2.1763108950841113e-4 bracket=Some((6.051473519735804e-10, 0.0021763054487579435)) hit=TerrainSweepHit { collider: 5, node: TerrainNodeId { coordinates: BrickCoord { x: -67108864, y: -67108864, z: -67108864 }, level: 27 }, triangle: 1, fraction: 2.7918501182000455e-6, separation: -1.1102230246251565e-16 }
localize hit dt=2.176365358345789e-5 bracket=Some((6.051473519735804e-10, 0.00021763108950841113)) hit=TerrainSweepHit { collider: 5, node: TerrainNodeId { coordinates: BrickCoord { x: -67108864, y: -67108864, z: -67108864 }, level: 27 }, triangle: 1, fraction: 2.791299766968791e-5, separation: -5.551115123125783e-17 }
localize hit dt=2.1769099909625656e-6 bracket=Some((6.051473519735804e-10, 2.176365358345789e-5)) hit=TerrainSweepHit { collider: 5, node: TerrainNodeId { coordinates: BrickCoord { x: -67108864, y: -67108864, z: -67108864 }, level: 27 }, triangle: 1, fraction: 0.000279055340616452, separation: -1.1102230246251565e-16 }
localize hit dt=2.182356317130328e-7 bracket=Some((6.051473519735804e-10, 2.1769099909625656e-6)) hit=TerrainSweepHit { collider: 5, node: TerrainNodeId { coordinates: BrickCoord { x: -67108864, y: -67108864, z: -67108864 }, level: 27 }, triangle: 1, fraction: 0.002783584464204125, separation: 5.551115123125783e-17 }
localize hit dt=2.2368195788079502e-8 bracket=Some((6.051473519735804e-10, 2.182356317130328e-7)) hit=TerrainSweepHit { collider: 5, node: TerrainNodeId { coordinates: BrickCoord { x: -67108864, y: -67108864, z: -67108864 }, level: 27 }, triangle: 1, fraction: 0.02715807815816973, separation: 0.0 }
localize hit dt=2.7814521955841724e-9 bracket=Some((6.051473519735804e-10, 2.2368195788079502e-8)) hit=TerrainSweepHit { collider: 5, node: TerrainNodeId { coordinates: BrickCoord { x: -67108864, y: -67108864, z: -67108864 }, level: 27 }, triangle: 1, fraction: 0.2184028903980959, separation: -1.6653345369377348e-16 }
localize hit dt=8.227778363346396e-10 bracket=Some((6.051473519735804e-10, 2.7814521955841724e-9)) hit=TerrainSweepHit { collider: 5, node: TerrainNodeId { coordinates: BrickCoord { x: -67108864, y: -67108864, z: -67108864 }, level: 27 }, triangle: 1, fraction: 0.7383246985369922, separation: -1.6653345369377348e-16 }
localize hit dt=6.269104004096863e-10 bracket=Some((6.051473519735804e-10, 8.227778363346396e-10)) hit=TerrainSweepHit { collider: 5, node: TerrainNodeId { coordinates: BrickCoord { x: -67108864, y: -67108864, z: -67108864 }, level: 27 }, triangle: 1, fraction: 0.9690016268245074, separation: -1.6653345369377348e-16 }
localize hit dt=4.352609684891338e-3 bracket=None hit=TerrainSweepHit { collider: 40, node: TerrainNodeId { coordinates: BrickCoord { x: -67108864, y: -67108864, z: -67108864 }, level: 27 }, triangle: 1, fraction: 9.037460557692611e-9, separation: 0.0 }
localize clear dt=3.933653835023634e-11 upper=4.352609684891338e-3 width=4.3526096455548e-3
localize hit dt=2.1763048621139384e-3 bracket=Some((3.933653835023634e-11, 0.004352609684891338)) hit=TerrainSweepHit { collider: 40, node: TerrainNodeId { coordinates: BrickCoord { x: -67108864, y: -67108864, z: -67108864 }, level: 27 }, triangle: 1, fraction: 1.814592565096973e-8, separation: 5.551115123125783e-17 }
localize hit dt=2.1763052161427834e-4 bracket=Some((3.933653835023634e-11, 0.0021763048621139384)) hit=TerrainSweepHit { collider: 40, node: TerrainNodeId { coordinates: BrickCoord { x: -67108864, y: -67108864, z: -67108864 }, level: 27 }, triangle: 1, fraction: 1.820644364158852e-7, separation: -1.1102230246251565e-16 }
localize hit dt=2.1763087564312353e-5 bracket=Some((3.933653835023634e-11, 0.00021763052161427834)) hit=TerrainSweepHit { collider: 40, node: TerrainNodeId { coordinates: BrickCoord { x: -67108864, y: -67108864, z: -67108864 }, level: 27 }, triangle: 1, fraction: 1.8204721108361355e-6, separation: -1.6653345369377348e-16 }
localize hit dt=2.1763441593157506e-6 bracket=Some((3.933653835023634e-11, 2.1763087564312353e-5)) hit=TerrainSweepHit { collider: 40, node: TerrainNodeId { coordinates: BrickCoord { x: -67108864, y: -67108864, z: -67108864 }, level: 27 }, triangle: 1, fraction: 1.8204260062049116e-5, separation: -1.1102230246251565e-16 }
localize hit dt=2.1766981881609027e-7 bracket=Some((3.933653835023634e-11, 2.1763441593157506e-6)) hit=TerrainSweepHit { collider: 40, node: TerrainNodeId { coordinates: BrickCoord { x: -67108864, y: -67108864, z: -67108864 }, level: 27 }, triangle: 1, fraction: 0.0001820128273983812, separation: -1.1102230246251565e-16 }
localize hit dt=2.180238476612424e-8 bracket=Some((3.933653835023634e-11, 2.1766981881609027e-7)) hit=TerrainSweepHit { collider: 40, node: TerrainNodeId { coordinates: BrickCoord { x: -67108864, y: -67108864, z: -67108864 }, level: 27 }, triangle: 1, fraction: 0.0018171725706821462, separation: -1.6653345369377348e-16 }
localize hit dt=2.2156413611276373e-9 bracket=Some((3.933653835023634e-11, 2.180238476612424e-8)) hit=TerrainSweepHit { collider: 40, node: TerrainNodeId { coordinates: BrickCoord { x: -67108864, y: -67108864, z: -67108864 }, level: 27 }, triangle: 1, fraction: 0.01788136650117167, separation: -1.6653345369377348e-16 }
localize hit dt=2.5696702062797645e-10 bracket=Some((3.933653835023634e-11, 2.2156413611276373e-9)) hit=TerrainSweepHit { collider: 40, node: TerrainNodeId { coordinates: BrickCoord { x: -67108864, y: -67108864, z: -67108864 }, level: 27 }, triangle: 1, fraction: 0.15417813181146656, separation: -1.6653345369377348e-16 }
localize hit dt=6.109958657801035e-11 bracket=Some((3.933653835023634e-11, 2.5696702062797645e-10)) hit=TerrainSweepHit { collider: 40, node: TerrainNodeId { coordinates: BrickCoord { x: -67108864, y: -67108864, z: -67108864 }, level: 27 }, triangle: 1, fraction: 0.6484282037392504, separation: -1.6653345369377348e-16 }
localize hit dt=4.151284317301374e-11 bracket=Some((3.933653835023634e-11, 6.109958657801035e-11)) hit=TerrainSweepHit { collider: 40, node: TerrainNodeId { coordinates: BrickCoord { x: -67108864, y: -67108864, z: -67108864 }, level: 27 }, triangle: 1, fraction: 0.954372000214768, separation: -1.6653345369377348e-16 }
localize hit dt=1.1775463668775382e-2 bracket=None hit=TerrainSweepHit { collider: 67, node: TerrainNodeId { coordinates: BrickCoord { x: -67108864, y: -67108864, z: -67108864 }, level: 27 }, triangle: 1, fraction: 0.9040727436212812, separation: -1.6653345369377348e-16 }
localize clear dt=1.0645875746442478e-2 upper=1.1775463668775382e-2 width=1.129587922332904e-3
localize hit dt=1.121066970760893e-2 bracket=Some((0.010645875746442478, 0.011775463668775382)) hit=TerrainSweepHit { collider: 67, node: TerrainNodeId { coordinates: BrickCoord { x: -67108864, y: -67108864, z: -67108864 }, level: 27 }, triangle: 1, fraction: 0.950725908985335, separation: -1.1102230246251565e-16 }
localize hit dt=1.0702355142559123e-2 bracket=Some((0.010645875746442478, 0.01121066970760893)) hit=TerrainSweepHit { collider: 67, node: TerrainNodeId { coordinates: BrickCoord { x: -67108864, y: -67108864, z: -67108864 }, level: 27 }, triangle: 1, fraction: 0.9969553497018523, separation: -2.220446049250313e-16 }
localize clear dt=1.0669770213783448e-2 upper=1.0702355142559123e-2 width=3.258492877567486e-5
localize hit dt=1.0686062678171286e-2 bracket=Some((0.010669770213783448, 0.010702355142559123)) hit=TerrainSweepHit { collider: 67, node: TerrainNodeId { coordinates: BrickCoord { x: -67108864, y: -67108864, z: -67108864 }, level: 27 }, triangle: 1, fraction: 0.998510333803133, separation: -2.220446049250313e-16 }
localize hit dt=1.0671399460222232e-2 bracket=Some((0.010669770213783448, 0.010686062678171286)) hit=TerrainSweepHit { collider: 67, node: TerrainNodeId { coordinates: BrickCoord { x: -67108864, y: -67108864, z: -67108864 }, level: 27 }, triangle: 1, fraction: 0.9999139057298255, separation: 5.551115123125783e-17 }
localize clear dt=1.0670480713873963e-2 upper=1.0671399460222232e-2 width=9.187463482687036e-7
localize hit dt=1.0670940087048098e-2 bracket=Some((0.010670480713873963, 0.010671399460222232)) hit=TerrainSweepHit { collider: 67, node: TerrainNodeId { coordinates: BrickCoord { x: -67108864, y: -67108864, z: -67108864 }, level: 27 }, triangle: 1, fraction: 0.9999579399251843, separation: -3.3306690738754696e-16 }
localize hit dt=1.0670526651191376e-2 bracket=Some((0.010670480713873963, 0.010670940087048098)) hit=TerrainSweepHit { collider: 67, node: TerrainNodeId { coordinates: BrickCoord { x: -67108864, y: -67108864, z: -67108864 }, level: 27 }, triangle: 1, fraction: 0.999997573963786, separation: -2.220446049250313e-16 }
localize clear dt=1.0670500764107298e-2 upper=1.0670526651191376e-2 width=2.5887084078787814e-8
localize hit dt=1.0670513707649338e-2 bracket=Some((0.010670500764107298, 0.010670526651191376)) hit=TerrainSweepHit { collider: 67, node: TerrainNodeId { coordinates: BrickCoord { x: -67108864, y: -67108864, z: -67108864 }, level: 27 }, triangle: 1, fraction: 0.9999988148466623, separation: 0.0 }
localize hit dt=1.0670502058461501e-2 bracket=Some((0.010670500764107298, 0.010670513707649338)) hit=TerrainSweepHit { collider: 67, node: TerrainNodeId { coordinates: BrickCoord { x: -67108864, y: -67108864, z: -67108864 }, level: 27 }, triangle: 1, fraction: 0.9999999316438465, separation: 2.220446049250313e-16 }
localize clear dt=1.0670501329067024e-2 upper=1.0670502058461501e-2 width=7.293944771086247e-10
localize hit dt=1.0670501693764264e-2 bracket=Some((0.010670501329067024, 0.010670502058461501)) hit=TerrainSweepHit { collider: 67, node: TerrainNodeId { coordinates: BrickCoord { x: -67108864, y: -67108864, z: -67108864 }, level: 27 }, triangle: 1, fraction: 0.9999999666070746, separation: 0.0 }
localize hit dt=1.0670501365536749e-2 bracket=Some((0.010670501329067024, 0.010670501693764264)) hit=TerrainSweepHit { collider: 67, node: TerrainNodeId { coordinates: BrickCoord { x: -67108864, y: -67108864, z: -67108864 }, level: 27 }, triangle: 1, fraction: 0.9999999980739944, separation: 1.1102230246251565e-16 }
localize clear dt=1.0670501344985303e-2 upper=1.0670501365536749e-2 width=2.0551445961691783e-11
localize hit dt=1.0670501355261026e-2 bracket=Some((0.010670501344985303, 0.010670501365536749)) hit=TerrainSweepHit { collider: 67, node: TerrainNodeId { coordinates: BrickCoord { x: -67108864, y: -67108864, z: -67108864 }, level: 27 }, triangle: 1, fraction: 0.9999999990591149, separation: 5.551115123125783e-17 }
localize hit dt=1.0670501346012875e-2 bracket=Some((0.010670501344985303, 0.010670501355261026)) hit=TerrainSweepHit { collider: 67, node: TerrainNodeId { coordinates: BrickCoord { x: -67108864, y: -67108864, z: -67108864 }, level: 27 }, triangle: 1, fraction: 0.9999999999457537, separation: 0.0 }
localize clear dt=1.067050134543404e-2 upper=1.0670501346012875e-2 width=5.788355905700371e-13
localize hit dt=7.731330938327462e-3 bracket=None hit=TerrainSweepHit { collider: 40, node: TerrainNodeId { coordinates: BrickCoord { x: -67108864, y: -67108864, z: -67108864 }, level: 27 }, triangle: 1, fraction: 0.47295888648178913, separation: -3.3306690738754696e-16 }
localize clear dt=3.6566016716135627e-3 upper=7.731330938327462e-3 width=4.0747292667139e-3
localize hit dt=5.693966304970512e-3 bracket=Some((0.0036566016716135627, 0.007731330938327462)) hit=TerrainSweepHit { collider: 40, node: TerrainNodeId { coordinates: BrickCoord { x: -67108864, y: -67108864, z: -67108864 }, level: 27 }, triangle: 1, fraction: 0.651072807686535, separation: 3.3306690738754696e-16 }
localize hit dt=3.8603381349492575e-3 bracket=Some((0.0036566016716135627, 0.005693966304970512)) hit=TerrainSweepHit { collider: 40, node: TerrainNodeId { coordinates: BrickCoord { x: -67108864, y: -67108864, z: -67108864 }, level: 27 }, triangle: 1, fraction: 0.9720395825916515, separation: -5.551115123125783e-17 }
localize clear dt=3.7524014693587106e-3 upper=3.8603381349492575e-3 width=1.0793666559054697e-4
localize hit dt=3.8063698021539843e-3 bracket=Some((0.0037524014693587106, 0.0038603381349492575)) hit=TerrainSweepHit { collider: 40, node: TerrainNodeId { coordinates: BrickCoord { x: -67108864, y: -67108864, z: -67108864 }, level: 27 }, triangle: 1, fraction: 0.9862033525388451, separation: 1.6653345369377348e-16 }
localize hit dt=3.757798302638238e-3 bracket=Some((0.0037524014693587106, 0.0038063698021539843)) hit=TerrainSweepHit { collider: 40, node: TerrainNodeId { coordinates: BrickCoord { x: -67108864, y: -67108864, z: -67108864 }, level: 27 }, triangle: 1, fraction: 0.9993002303851058, separation: 1.1102230246251565e-16 }
localize clear dt=3.755168709567151e-3 upper=3.757798302638238e-3 width=2.6295930710871183e-6
localize hit dt=3.756483506102694e-3 bracket=Some((0.003755168709567151, 0.003757798302638238)) hit=TerrainSweepHit { collider: 40, node: TerrainNodeId { coordinates: BrickCoord { x: -67108864, y: -67108864, z: -67108864 }, level: 27 }, triangle: 1, fraction: 0.99965948349691, separation: -5.551115123125783e-17 }
localize hit dt=3.755300189220705e-3 bracket=Some((0.003755168709567151, 0.003756483506102694)) hit=TerrainSweepHit { collider: 40, node: TerrainNodeId { coordinates: BrickCoord { x: -67108864, y: -67108864, z: -67108864 }, level: 27 }, triangle: 1, fraction: 0.9999830273616631, separation: -1.6653345369377348e-16 }
localize clear dt=3.755236451868747e-3 upper=3.755300189220705e-3 width=6.373735195793623e-8
localize hit dt=3.755268320544726e-3 bracket=Some((0.003755236451868747, 0.003755300189220705)) hit=TerrainSweepHit { collider: 40, node: TerrainNodeId { coordinates: BrickCoord { x: -67108864, y: -67108864, z: -67108864 }, level: 27 }, triangle: 1, fraction: 0.9999917437642121, separation: 2.220446049250313e-16 }
localize hit dt=3.755239638736345e-3 bracket=Some((0.003755236451868747, 0.003755268320544726)) hit=TerrainSweepHit { collider: 40, node: TerrainNodeId { coordinates: BrickCoord { x: -67108864, y: -67108864, z: -67108864 }, level: 27 }, triangle: 1, fraction: 0.9999995886536241, separation: -1.1102230246251565e-16 }
localize clear dt=3.7552380940321295e-3 upper=3.755239638736345e-3 width=1.544704215667575e-9
localize hit dt=3.755238866384237e-3 bracket=Some((0.0037552380940321295, 0.003755239638736345)) hit=TerrainSweepHit { collider: 40, node: TerrainNodeId { coordinates: BrickCoord { x: -67108864, y: -67108864, z: -67108864 }, level: 27 }, triangle: 1, fraction: 0.9999997999047886, separation: -1.1102230246251565e-16 }
localize hit dt=3.7552381712673403e-3 bracket=Some((0.0037552380940321295, 0.003755238866384237)) hit=TerrainSweepHit { collider: 40, node: TerrainNodeId { coordinates: BrickCoord { x: -67108864, y: -67108864, z: -67108864 }, level: 27 }, triangle: 1, fraction: 0.9999999900307894, separation: 4.440892098500626e-16 }
localize clear dt=3.7552381338305805e-3 upper=3.7552381712673403e-3 width=3.743675985531936e-11
localize hit dt=3.7552381525489606e-3 bracket=Some((0.0037552381338305805, 0.0037552381712673403)) hit=TerrainSweepHit { collider: 40, node: TerrainNodeId { coordinates: BrickCoord { x: -67108864, y: -67108864, z: -67108864 }, level: 27 }, triangle: 1, fraction: 0.9999999951506515, separation: -1.6653345369377348e-16 }
localize hit dt=3.7552381357024186e-3 bracket=Some((0.0037552381338305805, 0.0037552381525489606)) hit=TerrainSweepHit { collider: 40, node: TerrainNodeId { coordinates: BrickCoord { x: -67108864, y: -67108864, z: -67108864 }, level: 27 }, triangle: 1, fraction: 0.9999999997584865, separation: 5.551115123125783e-17 }
localize clear dt=3.755238134795478e-3 upper=3.7552381357024186e-3 width=9.069407551354214e-13
localize hit dt=3.7552381352489485e-3 bracket=Some((0.003755238134795478, 0.0037552381357024186)) hit=TerrainSweepHit { collider: 40, node: TerrainNodeId { coordinates: BrickCoord { x: -67108864, y: -67108864, z: -67108864 }, level: 27 }, triangle: 1, fraction: 0.9999999998825193, separation: 1.1102230246251565e-16 }
localize hit dt=2.7478869241545642e-3 bracket=None hit=TerrainSweepHit { collider: 5, node: TerrainNodeId { coordinates: BrickCoord { x: -67108864, y: -67108864, z: -67108864 }, level: 27 }, triangle: 1, fraction: 0.1272440325313875, separation: 5.551115123125783e-16 }
localize clear dt=3.496522131696977e-4 upper=2.7478869241545642e-3 width=2.3982347109848664e-3
localize hit dt=1.548769568662131e-3 bracket=Some((0.0003496522131696977, 0.0027478869241545642)) hit=TerrainSweepHit { collider: 5, node: TerrainNodeId { coordinates: BrickCoord { x: -67108864, y: -67108864, z: -67108864 }, level: 27 }, triangle: 1, fraction: 0.22677711115363577, separation: 9.992007221626409e-16 }
localize hit dt=4.69563948718941e-4 bracket=Some((0.0003496522131696977, 0.001548769568662131)) hit=TerrainSweepHit { collider: 5, node: TerrainNodeId { coordinates: BrickCoord { x: -67108864, y: -67108864, z: -67108864 }, level: 27 }, triangle: 1, fraction: 0.7512347799061546, separation: 5.551115123125783e-16 }
localize hit dt=3.6164338672462203e-4 bracket=Some((0.0003496522131696977, 0.000469563948718941)) hit=TerrainSweepHit { collider: 5, node: TerrainNodeId { coordinates: BrickCoord { x: -67108864, y: -67108864, z: -67108864 }, level: 27 }, triangle: 1, fraction: 0.9758583832188532, separation: 8.881784197001252e-16 }
localize clear dt=3.529127306708801e-4 upper=3.6164338672462203e-4 width=8.73065605374191e-6
localize hit dt=3.572780586977511e-4 bracket=Some((0.0003529127306708801, 0.00036164338672462203)) hit=TerrainSweepHit { collider: 5, node: TerrainNodeId { coordinates: BrickCoord { x: -67108864, y: -67108864, z: -67108864 }, level: 27 }, triangle: 1, fraction: 0.9877998948092144, separation: 8.326672684688674e-16 }
localize hit dt=3.533492634735672e-4 bracket=Some((0.0003529127306708801, 0.0003572780586977511)) hit=TerrainSweepHit { collider: 5, node: TerrainNodeId { coordinates: BrickCoord { x: -67108864, y: -67108864, z: -67108864 }, level: 27 }, triangle: 1, fraction: 0.9987995319258544, separation: 5.551115123125783e-16 }
localize hit dt=3.5295638395114884e-4 bracket=Some((0.0003529127306708801, 0.0003533492634735672)) hit=TerrainSweepHit { collider: 5, node: TerrainNodeId { coordinates: BrickCoord { x: -67108864, y: -67108864, z: -67108864 }, level: 27 }, triangle: 1, fraction: 0.9999129641044506, separation: 1.5543122344752192e-15 }
localize clear dt=3.5292566407618177e-4 upper=3.5295638395114884e-4 width=3.071987496707559e-8
localize hit dt=3.529410240136653e-4 bracket=Some((0.00035292566407618177, 0.00035295638395114884)) hit=TerrainSweepHit { collider: 5, node: TerrainNodeId { coordinates: BrickCoord { x: -67108864, y: -67108864, z: -67108864 }, level: 27 }, triangle: 1, fraction: 0.9999565449740845, separation: 8.326672684688674e-16 }
localize hit dt=3.5292720006993014e-4 bracket=Some((0.00035292566407618177, 0.0003529410240136653)) hit=TerrainSweepHit { collider: 5, node: TerrainNodeId { coordinates: BrickCoord { x: -67108864, y: -67108864, z: -67108864 }, level: 27 }, triangle: 1, fraction: 0.9999957709993138, separation: 7.771561172376096e-16 }
localize hit dt=3.5292581767555663e-4 bracket=Some((0.00035292566407618177, 0.00035292720006993014)) hit=TerrainSweepHit { collider: 5, node: TerrainNodeId { coordinates: BrickCoord { x: -67108864, y: -67108864, z: -67108864 }, level: 27 }, triangle: 1, fraction: 0.9999996937704323, separation: 8.881784197001252e-16 }
localize clear dt=3.5292570959923606e-4 upper=3.5292581767555663e-4 width=1.0807632057092259e-10
localize hit dt=3.5292576363739635e-4 bracket=Some((0.00035292570959923606, 0.00035292581767555663)) hit=TerrainSweepHit { collider: 5, node: TerrainNodeId { coordinates: BrickCoord { x: -67108864, y: -67108864, z: -67108864 }, level: 27 }, triangle: 1, fraction: 0.999999847113371, separation: 7.771561172376096e-16 }
localize hit dt=3.5292571500305207e-4 bracket=Some((0.00035292570959923606, 0.00035292576363739635)) hit=TerrainSweepHit { collider: 5, node: TerrainNodeId { coordinates: BrickCoord { x: -67108864, y: -67108864, z: -67108864 }, level: 27 }, triangle: 1, fraction: 0.999999985121566, separation: 1.1657341758564144e-15 }
localize hit dt=3.5292571013961766e-4 bracket=Some((0.00035292570959923606, 0.00035292571500305207)) hit=TerrainSweepHit { collider: 5, node: TerrainNodeId { coordinates: BrickCoord { x: -67108864, y: -67108864, z: -67108864 }, level: 27 }, triangle: 1, fraction: 0.999999998922511, separation: 1.0547118733938987e-15 }
localize clear dt=3.529257097593441e-4 upper=3.5292571013961766e-4 width=3.8027355786854344e-13
localize hit dt=1.3645788919125667e-2 bracket=None hit=TerrainSweepHit { collider: 33, node: TerrainNodeId { coordinates: BrickCoord { x: -67108864, y: -67108864, z: -67108864 }, level: 27 }, triangle: 1, fraction: 0.26154476081629713, separation: 0.0 }
localize clear dt=3.5689845990024e-3 upper=1.3645788919125667e-2 width=1.0076804320123266e-2
localize hit dt=8.607386759064034e-3 bracket=Some((0.0035689845990024, 0.013645788919125667)) hit=TerrainSweepHit { collider: 33, node: TerrainNodeId { coordinates: BrickCoord { x: -67108864, y: -67108864, z: -67108864 }, level: 27 }, triangle: 1, fraction: 0.4297308836103968, separation: 0.0 }
localize hit dt=4.072824815008563e-3 bracket=Some((0.0035689845990024, 0.008607386759064034)) hit=TerrainSweepHit { collider: 33, node: TerrainNodeId { coordinates: BrickCoord { x: -67108864, y: -67108864, z: -67108864 }, level: 27 }, triangle: 1, fraction: 0.9421016415906677, separation: -2.220446049250313e-16 }
localize clear dt=3.837014944130775e-3 upper=4.072824815008563e-3 width=2.358098708777883e-4
localize hit dt=3.954919879569669e-3 bracket=Some((0.003837014944130775, 0.004072824815008563)) hit=TerrainSweepHit { collider: 33, node: TerrainNodeId { coordinates: BrickCoord { x: -67108864, y: -67108864, z: -67108864 }, level: 27 }, triangle: 1, fraction: 0.9711773349206047, separation: -5.551115123125783e-17 }
localize hit dt=3.8488054376746646e-3 bracket=Some((0.003837014944130775, 0.003954919879569669)) hit=TerrainSweepHit { collider: 33, node: TerrainNodeId { coordinates: BrickCoord { x: -67108864, y: -67108864, z: -67108864 }, level: 27 }, triangle: 1, fraction: 0.9988725332732091, separation: 2.220446049250313e-16 }
localize clear dt=3.8444660376057947e-3 upper=3.8488054376746646e-3 width=4.339400068869865e-6
localize hit dt=3.8466357376402294e-3 bracket=Some((0.0038444660376057947, 0.0038488054376746646)) hit=TerrainSweepHit { collider: 33, node: TerrainNodeId { coordinates: BrickCoord { x: -67108864, y: -67108864, z: -67108864 }, level: 27 }, triangle: 1, fraction: 0.9994547915324601, separation: 3.3306690738754696e-16 }
localize hit dt=3.844683007609238e-3 bracket=Some((0.0038444660376057947, 0.0038466357376402294)) hit=TerrainSweepHit { collider: 33, node: TerrainNodeId { coordinates: BrickCoord { x: -67108864, y: -67108864, z: -67108864 }, level: 27 }, triangle: 1, fraction: 0.9999793872070191, separation: 1.6653345369377348e-16 }
localize clear dt=3.844603757954325e-3 upper=3.844683007609238e-3 width=7.924965491311331e-8
localize hit dt=3.8446433827817816e-3 bracket=Some((0.003844603757954325, 0.003844683007609238)) hit=TerrainSweepHit { collider: 33, node: TerrainNodeId { coordinates: BrickCoord { x: -67108864, y: -67108864, z: -67108864 }, level: 27 }, triangle: 1, fraction: 0.9999900378401946, separation: -5.551115123125783e-17 }
localize hit dt=3.8446077204370706e-3 bracket=Some((0.003844603757954325, 0.0038446433827817816)) hit=TerrainSweepHit { collider: 33, node: TerrainNodeId { coordinates: BrickCoord { x: -67108864, y: -67108864, z: -67108864 }, level: 27 }, triangle: 1, fraction: 0.9999996235981551, separation: 0.0 }
localize clear dt=3.8446062733196317e-3 upper=3.8446077204370706e-3 width=1.4471174389005248e-9
localize hit dt=3.844606996878351e-3 bracket=Some((0.0038446062733196317, 0.0038446077204370706)) hit=TerrainSweepHit { collider: 33, node: TerrainNodeId { coordinates: BrickCoord { x: -67108864, y: -67108864, z: -67108864 }, level: 27 }, triangle: 1, fraction: 0.9999998180868471, separation: 1.6653345369377348e-16 }
localize hit dt=3.8446063456755034e-3 bracket=Some((0.0038446062733196317, 0.003844606996878351)) hit=TerrainSweepHit { collider: 33, node: TerrainNodeId { coordinates: BrickCoord { x: -67108864, y: -67108864, z: -67108864 }, level: 27 }, triangle: 1, fraction: 0.9999999931268316, separation: -2.220446049250313e-16 }
localize clear dt=3.8446063192508766e-3 upper=3.8446063456755034e-3 width=2.6424626809601337e-11
localize hit dt=3.84460633246319e-3 bracket=Some((0.0038446063192508766, 0.0038446063456755034)) hit=TerrainSweepHit { collider: 33, node: TerrainNodeId { coordinates: BrickCoord { x: -67108864, y: -67108864, z: -67108864 }, level: 27 }, triangle: 1, fraction: 0.9999999966781697, separation: -5.551115123125783e-17 }
localize hit dt=9.80118259855356e-3 bracket=None hit=TerrainSweepHit { collider: 42, node: TerrainNodeId { coordinates: BrickCoord { x: -67108864, y: -67108864, z: -67108864 }, level: 27 }, triangle: 1, fraction: 0.51867602346898, separation: 1.6653345369377348e-16 }
localize clear dt=5.083638415511124e-3 upper=9.80118259855356e-3 width=4.717544183042435e-3
localize hit dt=7.4424105070323415e-3 bracket=Some((0.005083638415511124, 0.00980118259855356)) hit=TerrainSweepHit { collider: 42, node: TerrainNodeId { coordinates: BrickCoord { x: -67108864, y: -67108864, z: -67108864 }, level: 27 }, triangle: 1, fraction: 0.711065101744395, separation: 2.7755575615628914e-16 }
localize clear dt=5.319515624663246e-3 upper=7.4424105070323415e-3 width=2.1228948823690955e-3
localize hit dt=6.380963065847794e-3 bracket=Some((0.005319515624663246, 0.0074424105070323415)) hit=TerrainSweepHit { collider: 42, node: TerrainNodeId { coordinates: BrickCoord { x: -67108864, y: -67108864, z: -67108864 }, level: 27 }, triangle: 1, fraction: 0.8453763905098619, separation: 5.551115123125783e-17 }
localize clear dt=5.425660368781701e-3 upper=6.380963065847794e-3 width=9.553026970660931e-4
localize hit dt=5.903311717314747e-3 bracket=Some((0.005425660368781701, 0.006380963065847794)) hit=TerrainSweepHit { collider: 42, node: TerrainNodeId { coordinates: BrickCoord { x: -67108864, y: -67108864, z: -67108864 }, level: 27 }, triangle: 1, fraction: 0.9219050012796622, separation: 3.3306690738754696e-16 }
localize clear dt=5.473425503635006e-3 upper=5.903311717314747e-3 width=4.298862136797414e-4
localize hit dt=5.6883686104748764e-3 bracket=Some((0.005473425503635006, 0.005903311717314747)) hit=TerrainSweepHit { collider: 42, node: TerrainNodeId { coordinates: BrickCoord { x: -67108864, y: -67108864, z: -67108864 }, level: 27 }, triangle: 1, fraction: 0.9606096507334715, separation: 5.551115123125783e-17 }
localize hit dt=5.4949198143189925e-3 bracket=Some((0.005473425503635006, 0.0056883686104748764)) hit=TerrainSweepHit { collider: 42, node: TerrainNodeId { coordinates: BrickCoord { x: -67108864, y: -67108864, z: -67108864 }, level: 27 }, triangle: 1, fraction: 0.9980745403720964, separation: 3.3306690738754696e-16 }
localize clear dt=5.4843395680579535e-3 upper=5.4949198143189925e-3 width=1.0580246261038956e-5
localize hit dt=5.489629691188473e-3 bracket=Some((0.0054843395680579535, 0.0054949198143189925)) hit=TerrainSweepHit { collider: 42, node: TerrainNodeId { coordinates: BrickCoord { x: -67108864, y: -67108864, z: -67108864 }, level: 27 }, triangle: 1, fraction: 0.9991367244608608, separation: 2.7755575615628914e-16 }
localize clear dt=5.4848906281571375e-3 upper=5.489629691188473e-3 width=4.7390630313354914e-6
localize hit dt=5.487260159672805e-3 bracket=Some((0.0054848906281571375, 0.005489629691188473)) hit=TerrainSweepHit { collider: 42, node: TerrainNodeId { coordinates: BrickCoord { x: -67108864, y: -67108864, z: -67108864 }, level: 27 }, triangle: 1, fraction: 0.9996131677972661, separation: -2.7755575615628914e-16 }
localize clear dt=5.485137510738265e-3 upper=5.487260159672805e-3 width=2.1226489345400196e-6
localize hit dt=5.486198835205535e-3 bracket=Some((0.005485137510738265, 0.005487260159672805)) hit=TerrainSweepHit { collider: 42, node: TerrainNodeId { coordinates: BrickCoord { x: -67108864, y: -67108864, z: -67108864 }, level: 27 }, triangle: 1, fraction: 0.9998267044633349, separation: 5.551115123125783e-17 }
localize clear dt=5.485248101434137e-3 upper=5.486198835205535e-3 width=9.507337713982392e-7
localize hit dt=5.485723468319836e-3 bracket=Some((0.005485248101434137, 0.005486198835205535)) hit=TerrainSweepHit { collider: 42, node: TerrainNodeId { coordinates: BrickCoord { x: -67108864, y: -67108864, z: -67108864 }, level: 27 }, triangle: 1, fraction: 0.9999223746546365, separation: 0.0 }
localize clear dt=5.485297637141039e-3 upper=5.485723468319836e-3 width=4.2583117879687465e-7
localize hit dt=5.485510552730437e-3 bracket=Some((0.005485297637141039, 0.005485723468319836)) hit=TerrainSweepHit { collider: 42, node: TerrainNodeId { coordinates: BrickCoord { x: -67108864, y: -67108864, z: -67108864 }, level: 27 }, triangle: 1, fraction: 0.9999652305398372, separation: -4.440892098500626e-16 }
localize clear dt=5.485319824489801e-3 upper=5.485510552730437e-3 width=1.907282406359359e-7
localize hit dt=5.485415188610119e-3 bracket=Some((0.005485319824489801, 0.005485510552730437)) hit=TerrainSweepHit { collider: 42, node: TerrainNodeId { coordinates: BrickCoord { x: -67108864, y: -67108864, z: -67108864 }, level: 27 }, triangle: 1, fraction: 0.9999844266300084, separation: 1.6653345369377348e-16 }
localize clear dt=5.48532976220983e-3 upper=5.485415188610119e-3 width=8.542640028957188e-8
localize hit dt=5.485372475409974e-3 bracket=Some((0.00548532976220983, 0.005485415188610119)) hit=TerrainSweepHit { collider: 42, node: TerrainNodeId { coordinates: BrickCoord { x: -67108864, y: -67108864, z: -67108864 }, level: 27 }, triangle: 1, fraction: 0.9999930247000862, separation: 5.551115123125783e-17 }
localize clear dt=5.48533421329182e-3 upper=5.485372475409974e-3 width=3.826211815438629e-8
localize hit dt=5.485353344350897e-3 bracket=Some((0.00548533421329182, 0.005485372475409974)) hit=TerrainSweepHit { collider: 42, node: TerrainNodeId { coordinates: BrickCoord { x: -67108864, y: -67108864, z: -67108864 }, level: 27 }, triangle: 1, fraction: 0.9999968757829113, separation: -5.551115123125783e-17 }
localize clear dt=5.485336206916241e-3 upper=5.485353344350897e-3 width=1.7137434656262773e-8
localize hit dt=5.485344775633569e-3 bracket=Some((0.005485336206916241, 0.005485353344350897)) hit=TerrainSweepHit { collider: 42, node: TerrainNodeId { coordinates: BrickCoord { x: -67108864, y: -67108864, z: -67108864 }, level: 27 }, triangle: 1, fraction: 0.9999986006747477, separation: -5.551115123125783e-17 }
localize clear dt=5.4853370998521065e-3 upper=5.485344775633569e-3 width=7.675781462691822e-9
localize hit dt=5.485340937742838e-3 bracket=Some((0.0054853370998521065, 0.005485344775633569)) hit=TerrainSweepHit { collider: 42, node: TerrainNodeId { coordinates: BrickCoord { x: -67108864, y: -67108864, z: -67108864 }, level: 27 }, triangle: 1, fraction: 0.9999993732479213, separation: 1.1102230246251565e-16 }
localize clear dt=5.485337499794003e-3 upper=5.485340937742838e-3 width=3.4379488353386556e-9
localize hit dt=5.485339218768421e-3 bracket=Some((0.005485337499794003, 0.005485340937742838)) hit=TerrainSweepHit { collider: 42, node: TerrainNodeId { coordinates: BrickCoord { x: -67108864, y: -67108864, z: -67108864 }, level: 27 }, triangle: 1, fraction: 0.9999997192805997, separation: -2.220446049250313e-16 }
localize clear dt=5.485337678927285e-3 upper=5.485339218768421e-3 width=1.5398411356767894e-9
localize hit dt=5.485338448847852e-3 bracket=Some((0.005485337678927285, 0.005485339218768421)) hit=TerrainSweepHit { collider: 42, node: TerrainNodeId { coordinates: BrickCoord { x: -67108864, y: -67108864, z: -67108864 }, level: 27 }, triangle: 1, fraction: 0.999999874266997, separation: 0.0 }
localize clear dt=5.4853377591597766e-3 upper=5.485338448847852e-3 width=6.896880757473189e-10
localize hit dt=5.4853381040038144e-3 bracket=Some((0.0054853377591597766, 0.005485338448847852)) hit=TerrainSweepHit { collider: 42, node: TerrainNodeId { coordinates: BrickCoord { x: -67108864, y: -67108864, z: -67108864 }, level: 27 }, triangle: 1, fraction: 0.999999943684598, separation: 0.0 }
localize clear dt=5.485337795094794e-3 upper=5.4853381040038144e-3 width=3.0890902075891846e-10
localize hit dt=5.485337949549304e-3 bracket=Some((0.005485337795094794, 0.0054853381040038144)) hit=TerrainSweepHit { collider: 42, node: TerrainNodeId { coordinates: BrickCoord { x: -67108864, y: -67108864, z: -67108864 }, level: 27 }, triangle: 1, fraction: 0.9999999747765045, separation: 1.6653345369377348e-16 }
localize clear dt=5.485337811189907e-3 upper=5.485337949549304e-3 width=1.3835939685624687e-10
localize hit dt=5.485337880369605e-3 bracket=Some((0.005485337811189907, 0.005485337949549304)) hit=TerrainSweepHit { collider: 42, node: TerrainNodeId { coordinates: BrickCoord { x: -67108864, y: -67108864, z: -67108864 }, level: 27 }, triangle: 1, fraction: 0.9999999887025816, separation: 0.0 }
localize clear dt=5.485337818399448e-3 upper=5.485337880369605e-3 width=6.1970157304303e-11
localize hit dt=5.485337849384526e-3 bracket=Some((0.005485337818399448, 0.005485337880369605)) hit=TerrainSweepHit { collider: 42, node: TerrainNodeId { coordinates: BrickCoord { x: -67108864, y: -67108864, z: -67108864 }, level: 27 }, triangle: 1, fraction: 0.9999999949399488, separation: 5.551115123125783e-17 }
localize clear dt=5.485337821628436e-3 upper=5.485337849384526e-3 width=2.775608996113954e-11
localize hit dt=5.4853378355064816e-3 bracket=Some((0.005485337821628436, 0.005485337849384526)) hit=TerrainSweepHit { collider: 42, node: TerrainNodeId { coordinates: BrickCoord { x: -67108864, y: -67108864, z: -67108864 }, level: 27 }, triangle: 1, fraction: 0.9999999977337868, separation: -2.220446049250313e-16 }
localize clear dt=5.485337823075536e-3 upper=5.4853378355064816e-3 width=1.2430945162122953e-11
localize hit dt=5.485337829291009e-3 bracket=Some((0.005485337823075536, 0.0054853378355064816)) hit=TerrainSweepHit { collider: 42, node: TerrainNodeId { coordinates: BrickCoord { x: -67108864, y: -67108864, z: -67108864 }, level: 27 }, triangle: 1, fraction: 0.9999999989849931, separation: -5.551115123125783e-17 }
localize clear dt=5.485337823723353e-3 upper=5.485337829291009e-3 width=5.5676557114692216e-12
localize hit dt=5.485337826507181e-3 bracket=Some((0.005485337823723353, 0.005485337829291009)) hit=TerrainSweepHit { collider: 42, node: TerrainNodeId { coordinates: BrickCoord { x: -67108864, y: -67108864, z: -67108864 }, level: 27 }, triangle: 1, fraction: 0.9999999995452238, separation: 2.220446049250313e-16 }
localize clear dt=5.48533782401258e-3 upper=5.485337826507181e-3 width=2.4946008800319497e-12
localize hit dt=5.485337825259881e-3 bracket=Some((0.00548533782401258, 0.005485337826507181)) hit=TerrainSweepHit { collider: 42, node: TerrainNodeId { coordinates: BrickCoord { x: -67108864, y: -67108864, z: -67108864 }, level: 27 }, triangle: 1, fraction: 0.9999999997963032, separation: 1.6653345369377348e-16 }
localize clear dt=5.485337824142535e-3 upper=5.485337825259881e-3 width=1.1173457992175173e-12
localize hit dt=5.485337824701208e-3 bracket=Some((0.005485337824142535, 0.005485337825259881)) hit=TerrainSweepHit { collider: 42, node: TerrainNodeId { coordinates: BrickCoord { x: -67108864, y: -67108864, z: -67108864 }, level: 27 }, triangle: 1, fraction: 0.9999999999087443, separation: 2.7755575615628914e-16 }
localize clear dt=5.48533782420064e-3 upper=5.485337824701208e-3 width=5.005683367809155e-13
localize hit dt=1.6666666666666666e-2 bracket=None hit=TerrainSweepHit { collider: 42, node: TerrainNodeId { coordinates: BrickCoord { x: -67108864, y: -67108864, z: -67108864 }, level: 27 }, triangle: 1, fraction: 0.0001765370512949426, separation: -5.551115123125783e-17 }
localize clear dt=2.9422841882490434e-6 upper=1.6666666666666666e-2 width=1.666372438247842e-2
localize hit dt=8.334804475427459e-3 bracket=Some((2.9422841882490434e-6, 0.016666666666666666)) hit=TerrainSweepHit { collider: 42, node: TerrainNodeId { coordinates: BrickCoord { x: -67108864, y: -67108864, z: -67108864 }, level: 27 }, triangle: 1, fraction: 0.000674390632408124, separation: -1.6653345369377348e-16 }
localize hit dt=8.361285033121699e-4 bracket=Some((2.9422841882490434e-6, 0.008334804475427459)) hit=TerrainSweepHit { collider: 42, node: TerrainNodeId { coordinates: BrickCoord { x: -67108864, y: -67108864, z: -67108864 }, level: 27 }, triangle: 1, fraction: 0.06503161714421891, separation: -1.6653345369377348e-16 }
localize clear dt=8.626090610064114e-5 upper=8.361285033121699e-4 width=7.498675972115288e-4
localize hit dt=4.6119470470640554e-4 bracket=Some((8.626090610064114e-5, 0.0008361285033121699)) hit=TerrainSweepHit { collider: 42, node: TerrainNodeId { coordinates: BrickCoord { x: -67108864, y: -67108864, z: -67108864 }, level: 27 }, triangle: 1, fraction: 0.21598323780126746, separation: 5.440092820663267e-15 }
localize clear dt=1.2375428596121758e-4 upper=4.6119470470640554e-4 width=3.37440418745188e-4
localize hit dt=2.9247449533381154e-4 bracket=Some((0.00012375428596121758, 0.00046119470470640554)) hit=TerrainSweepHit { collider: 42, node: TerrainNodeId { coordinates: BrickCoord { x: -67108864, y: -67108864, z: -67108864 }, level: 27 }, triangle: 1, fraction: 0.5456865077046568, separation: 8.842926391139372e-14 }
localize clear dt=1.5959938595138954e-4 upper=2.9247449533381154e-4 width=1.32875109382422e-4
localize hit dt=2.2603694064260053e-4 bracket=Some((0.00015959938595138954, 0.00029247449533381154)) hit=TerrainSweepHit { collider: 42, node: TerrainNodeId { coordinates: BrickCoord { x: -67108864, y: -67108864, z: -67108864 }, level: 27 }, triangle: 1, fraction: 0.9261760188392378, separation: 0.0 }
localize clear dt=2.0934999379496486e-4 upper=2.2603694064260053e-4 width=1.6686946847635666e-5
localize clear dt=2.1769346721878268e-4 upper=2.2603694064260053e-4 width=8.343473423817846e-6
localize hit dt=2.218652039306916e-4 bracket=Some((0.00021769346721878268, 0.00022603694064260053)) hit=TerrainSweepHit { collider: 42, node: TerrainNodeId { coordinates: BrickCoord { x: -67108864, y: -67108864, z: -67108864 }, level: 27 }, triangle: 1, fraction: 0.9624442841242598, separation: -2.220446049250313e-16 }
localize hit dt=2.1811064088997356e-4 bracket=Some((0.00021769346721878268, 0.0002218652039306916)) hit=TerrainSweepHit { collider: 42, node: TerrainNodeId { coordinates: BrickCoord { x: -67108864, y: -67108864, z: -67108864 }, level: 27 }, triangle: 1, fraction: 0.9969410180905025, separation: -3.3306690738754696e-16 }
localize clear dt=2.1773518458590178e-4 upper=2.1811064088997356e-4 width=3.7545630407178005e-7
localize hit dt=2.1792291273793767e-4 bracket=Some((0.00021773518458590178, 0.00021811064088997356)) hit=TerrainSweepHit { collider: 42, node: TerrainNodeId { coordinates: BrickCoord { x: -67108864, y: -67108864, z: -67108864 }, level: 27 }, triangle: 1, fraction: 0.9987143725215087, separation: 2.7755575615628914e-16 }
localize clear dt=2.1775395740110536e-4 upper=2.1792291273793767e-4 width=1.6895533683230915e-7
localize hit dt=2.1783843506952152e-4 bracket=Some((0.00021775395740110536, 0.00021792291273793767)) hit=TerrainSweepHit { collider: 42, node: TerrainNodeId { coordinates: BrickCoord { x: -67108864, y: -67108864, z: -67108864 }, level: 27 }, triangle: 1, fraction: 0.9995139290571815, separation: -4.440892098500626e-16 }
localize clear dt=2.1776240516794697e-4 upper=2.1783843506952152e-4 width=7.602990157454725e-8
localize hit dt=2.1780042011873424e-4 bracket=Some((0.00021776240516794697, 0.00021783843506952152)) hit=TerrainSweepHit { collider: 42, node: TerrainNodeId { coordinates: BrickCoord { x: -67108864, y: -67108864, z: -67108864 }, level: 27 }, triangle: 1, fraction: 0.9998740422687231, separation: -5.551115123125783e-17 }
localize clear dt=2.1777298647194493e-4 upper=2.1780042011873424e-4 width=2.7433646789312965e-8
localize clear dt=2.177867032953396e-4 upper=2.1780042011873424e-4 width=1.3716823394656482e-8
localize hit dt=2.1779356170703693e-4 bracket=Some((0.0002177867032953396, 0.00021780042011873424)) hit=TerrainSweepHit { collider: 42, node: TerrainNodeId { coordinates: BrickCoord { x: -67108864, y: -67108864, z: -67108864 }, level: 27 }, triangle: 1, fraction: 0.9999390324029253, separation: 3.3306690738754696e-16 }
localize hit dt=2.1778738913650933e-4 bracket=Some((0.0002177867032953396, 0.00021779356170703693)) hit=TerrainSweepHit { collider: 42, node: TerrainNodeId { coordinates: BrickCoord { x: -67108864, y: -67108864, z: -67108864 }, level: 27 }, triangle: 1, fraction: 0.9999975288084193, separation: 5.551115123125783e-17 }
localize clear dt=2.177868509421469e-4 upper=2.1778738913650933e-4 width=5.381943624213539e-10
localize clear dt=2.1778712003932813e-4 upper=2.1778738913650933e-4 width=2.690971811971244e-10
localize hit dt=2.1778725458791872e-4 bracket=Some((0.00021778712003932813, 0.00021778738913650933)) hit=TerrainSweepHit { collider: 42, node: TerrainNodeId { coordinates: BrickCoord { x: -67108864, y: -67108864, z: -67108864 }, level: 27 }, triangle: 1, fraction: 0.999998803774034, separation: -5.551115123125783e-17 }
localize hit dt=2.177871334941872e-4 bracket=Some((0.00021778712003932813, 0.00021778725458791872)) hit=TerrainSweepHit { collider: 42, node: TerrainNodeId { coordinates: BrickCoord { x: -67108864, y: -67108864, z: -67108864 }, level: 27 }, triangle: 1, fraction: 0.9999999522406378, separation: -1.1102230246251565e-16 }
localize clear dt=2.1778712309281257e-4 upper=2.177871334941872e-4 width=1.0401374612957134e-11
localize clear dt=2.177871282934999e-4 upper=2.177871334941872e-4 width=5.20068729292604e-12
localize hit dt=2.1778713089384355e-4 bracket=Some((0.0002177871282934999, 0.0002177871334941872)) hit=TerrainSweepHit { collider: 42, node: TerrainNodeId { coordinates: BrickCoord { x: -67108864, y: -67108864, z: -67108864 }, level: 27 }, triangle: 1, fraction: 0.9999999768774158, separation: -1.6653345369377348e-16 }
localize hit dt=1.6448879538113133e-2 bracket=None hit=TerrainSweepHit { collider: 67, node: TerrainNodeId { coordinates: BrickCoord { x: -67108864, y: -67108864, z: -67108864 }, level: 27 }, triangle: 1, fraction: 0.39767779899693073, separation: -3.3306690738754696e-16 }
localize clear dt=6.541354210682481e-3 upper=1.6448879538113133e-2 width=9.907525327430652e-3
localize hit dt=1.1495116874397807e-2 bracket=Some((0.006541354210682481, 0.016448879538113133)) hit=TerrainSweepHit { collider: 67, node: TerrainNodeId { coordinates: BrickCoord { x: -67108864, y: -67108864, z: -67108864 }, level: 27 }, triangle: 1, fraction: 0.5955847577534281, separation: -1.6653345369377348e-16 }
localize clear dt=7.036730477054014e-3 upper=1.1495116874397807e-2 width=4.458386397343793e-3
localize hit dt=9.265923675725912e-3 bracket=Some((0.007036730477054014, 0.011495116874397807)) hit=TerrainSweepHit { collider: 67, node: TerrainNodeId { coordinates: BrickCoord { x: -67108864, y: -67108864, z: -67108864 }, level: 27 }, triangle: 1, fraction: 0.7561641948477303, separation: 0.0 }
localize hit dt=7.2596497969212035e-3 bracket=Some((0.007036730477054014, 0.009265923675725912)) hit=TerrainSweepHit { collider: 67, node: TerrainNodeId { coordinates: BrickCoord { x: -67108864, y: -67108864, z: -67108864 }, level: 27 }, triangle: 1, fraction: 0.9869910319051908, separation: 2.7755575615628914e-16 }
localize clear dt=7.165209244333567e-3 upper=7.2596497969212035e-3 width=9.444055258763656e-5
localize hit dt=7.212429520627385e-3 bracket=Some((0.007165209244333567, 0.0072596497969212035)) hit=TerrainSweepHit { collider: 67, node: TerrainNodeId { coordinates: BrickCoord { x: -67108864, y: -67108864, z: -67108864 }, level: 27 }, triangle: 1, fraction: 0.9939953959657162, separation: 1.6653345369377348e-16 }
localize clear dt=7.169931271962949e-3 upper=7.212429520627385e-3 width=4.249824866443645e-5
localize hit dt=7.191180396295167e-3 bracket=Some((0.007169931271962949, 0.007212429520627385)) hit=TerrainSweepHit { collider: 67, node: TerrainNodeId { coordinates: BrickCoord { x: -67108864, y: -67108864, z: -67108864 }, level: 27 }, triangle: 1, fraction: 0.9971777580366956, separation: 1.1102230246251565e-16 }
localize clear dt=7.172056184396171e-3 upper=7.191180396295167e-3 width=1.9124211898996317e-5
localize hit dt=7.181618290345668e-3 bracket=Some((0.007172056184396171, 0.007191180396295167)) hit=TerrainSweepHit { collider: 67, node: TerrainNodeId { coordinates: BrickCoord { x: -67108864, y: -67108864, z: -67108864 }, level: 27 }, triangle: 1, fraction: 0.998616043616076, separation: 0.0 }
localize hit dt=7.173012394991121e-3 bracket=Some((0.007172056184396171, 0.007181618290345668)) hit=TerrainSweepHit { collider: 67, node: TerrainNodeId { coordinates: BrickCoord { x: -67108864, y: -67108864, z: -67108864 }, level: 27 }, triangle: 1, fraction: 0.9999138211109095, separation: 2.7755575615628914e-16 }
localize clear dt=7.1723942327514886e-3 upper=7.173012394991121e-3 width=6.181622396322917e-7
localize hit dt=7.172703313871305e-3 bracket=Some((0.0071723942327514886, 0.007173012394991121)) hit=TerrainSweepHit { collider: 67, node: TerrainNodeId { coordinates: BrickCoord { x: -67108864, y: -67108864, z: -67108864 }, level: 27 }, triangle: 1, fraction: 0.9999604895172646, separation: -5.551115123125783e-17 }
localize clear dt=7.17242514086347e-3 upper=7.172703313871305e-3 width=2.781730078348782e-7
localize hit dt=7.172564227367387e-3 bracket=Some((0.00717242514086347, 0.007172703313871305)) hit=TerrainSweepHit { collider: 67, node: TerrainNodeId { coordinates: BrickCoord { x: -67108864, y: -67108864, z: -67108864 }, level: 27 }, triangle: 1, fraction: 0.9999814916289846, separation: -2.7755575615628914e-16 }
localize clear dt=7.172439049513862e-3 upper=7.172564227367387e-3 width=1.2517785352543498e-7
localize hit dt=7.1725016384406245e-3 bracket=Some((0.007172439049513862, 0.007172564227367387)) hit=TerrainSweepHit { collider: 67, node: TerrainNodeId { coordinates: BrickCoord { x: -67108864, y: -67108864, z: -67108864 }, level: 27 }, triangle: 1, fraction: 0.9999909428483132, separation: 2.7755575615628914e-16 }
localize hit dt=7.172445308406538e-3 bracket=Some((0.007172439049513862, 0.0071725016384406245)) hit=TerrainSweepHit { collider: 67, node: TerrainNodeId { coordinates: BrickCoord { x: -67108864, y: -67108864, z: -67108864 }, level: 27 }, triangle: 1, fraction: 0.9999994490886257, separation: -5.551115123125783e-17 }
localize clear dt=7.172441357024836e-3 upper=7.172445308406538e-3 width=3.951381701873535e-9
localize hit dt=7.172443332715687e-3 bracket=Some((0.007172441357024836, 0.007172445308406538)) hit=TerrainSweepHit { collider: 67, node: TerrainNodeId { coordinates: BrickCoord { x: -67108864, y: -67108864, z: -67108864 }, level: 27 }, triangle: 1, fraction: 0.9999997474345796, separation: 1.6653345369377348e-16 }
localize clear dt=7.172441554593921e-3 upper=7.172443332715687e-3 width=1.7781217661466675e-9
localize hit dt=7.172442443654804e-3 bracket=Some((0.007172441554593921, 0.007172443332715687)) hit=TerrainSweepHit { collider: 67, node: TerrainNodeId { coordinates: BrickCoord { x: -67108864, y: -67108864, z: -67108864 }, level: 27 }, triangle: 1, fraction: 0.9999998816903091, separation: 6.106226635438361e-16 }
localize clear dt=7.172441643500009e-3 upper=7.172442443654804e-3 width=8.001547948527366e-10
localize hit dt=7.172442043577407e-3 bracket=Some((0.007172441643500009, 0.007172442443654804)) hit=TerrainSweepHit { collider: 67, node: TerrainNodeId { coordinates: BrickCoord { x: -67108864, y: -67108864, z: -67108864 }, level: 27 }, triangle: 1, fraction: 0.9999999421054035, separation: 4.440892098500626e-16 }
localize hit dt=7.1724416835077485e-3 bracket=Some((0.007172441643500009, 0.007172442043577407)) hit=TerrainSweepHit { collider: 67, node: TerrainNodeId { coordinates: BrickCoord { x: -67108864, y: -67108864, z: -67108864 }, level: 27 }, triangle: 1, fraction: 0.9999999964791076, separation: -2.220446049250313e-16 }
localize clear dt=7.172441658254354e-3 upper=7.1724416835077485e-3 width=2.5253394861368683e-11
localize hit dt=7.172441670881051e-3 bracket=Some((0.007172441658254354, 0.0071724416835077485)) hit=TerrainSweepHit { collider: 67, node: TerrainNodeId { coordinates: BrickCoord { x: -67108864, y: -67108864, z: -67108864 }, level: 27 }, triangle: 1, fraction: 0.9999999983858141, separation: -2.7755575615628914e-16 }
localize clear dt=7.172441659517023e-3 upper=7.172441670881051e-3 width=1.1364027774352081e-11
localize hit dt=7.172441665199037e-3 bracket=Some((0.007172441659517023, 0.007172441670881051)) hit=TerrainSweepHit { collider: 67, node: TerrainNodeId { coordinates: BrickCoord { x: -67108864, y: -67108864, z: -67108864 }, level: 27 }, triangle: 1, fraction: 0.9999999992438389, separation: -2.7755575615628914e-16 }
localize clear dt=7.172441660085225e-3 upper=7.172441665199037e-3 width=5.113812151513741e-12
localize hit dt=7.172441662642131e-3 bracket=Some((0.007172441660085225, 0.007172441665199037)) hit=TerrainSweepHit { collider: 67, node: TerrainNodeId { coordinates: BrickCoord { x: -67108864, y: -67108864, z: -67108864 }, level: 27 }, triangle: 1, fraction: 0.9999999996299822, separation: -2.220446049250313e-16 }
localize hit dt=9.276437877772216e-3 bracket=None hit=TerrainSweepHit { collider: 42, node: TerrainNodeId { coordinates: BrickCoord { x: -67108864, y: -67108864, z: -67108864 }, level: 27 }, triangle: 1, fraction: 0.0005473641181037932, separation: -5.551115123125783e-17 }
localize clear dt=5.077589238111412e-6 upper=9.276437877772216e-3 width=9.271360288534106e-3
localize hit dt=4.640757733505164e-3 bracket=Some((5.077589238111412e-6, 0.009276437877772216)) hit=TerrainSweepHit { collider: 42, node: TerrainNodeId { coordinates: BrickCoord { x: -67108864, y: -67108864, z: -67108864 }, level: 27 }, triangle: 1, fraction: 0.0022333742425767814, separation: -1.1102230246251565e-16 }
localize clear dt=4.686456036648167e-4 upper=4.640757733505164e-3 width=4.172112129840347e-3
localize hit dt=2.5547016685849903e-3 bracket=Some((0.0004686456036648167, 0.004640757733505164)) hit=TerrainSweepHit { collider: 42, node: TerrainNodeId { coordinates: BrickCoord { x: -67108864, y: -67108864, z: -67108864 }, level: 27 }, triangle: 1, fraction: 0.007989657748775398, separation: -1.1102230246251565e-16 }
localize hit dt=6.77251210156834e-4 bracket=Some((0.0004686456036648167, 0.0025547016685849903)) hit=TerrainSweepHit { collider: 42, node: TerrainNodeId { coordinates: BrickCoord { x: -67108864, y: -67108864, z: -67108864 }, level: 27 }, triangle: 1, fraction: 0.26374919760609905, separation: 5.6066262743570405e-15 }
localize clear dt=4.895061643140185e-4 upper=6.77251210156834e-4 width=1.8774504584281556e-4
localize hit dt=5.833786872354262e-4 bracket=Some((0.0004895061643140185, 0.000677251210156834)) hit=TerrainSweepHit { collider: 42, node: TerrainNodeId { coordinates: BrickCoord { x: -67108864, y: -67108864, z: -67108864 }, level: 27 }, triangle: 1, fraction: 0.5026985013519883, separation: 1.1229905894083458e-13 }
localize clear dt=4.988934166061592e-4 upper=5.833786872354262e-4 width=8.448527062926696e-5
localize hit dt=5.411360519207928e-4 bracket=Some((0.0004988934166061592, 0.0005833786872354262)) hit=TerrainSweepHit { collider: 42, node: TerrainNodeId { coordinates: BrickCoord { x: -67108864, y: -67108864, z: -67108864 }, level: 27 }, triangle: 1, fraction: 0.766271371755956, separation: 1.6653345369377348e-16 }
localize clear dt=5.031176801376226e-4 upper=5.411360519207928e-4 width=3.801837178317013e-5
localize hit dt=5.221268660292077e-4 bracket=Some((0.0005031176801376226, 0.0005411360519207928)) hit=TerrainSweepHit { collider: 42, node: TerrainNodeId { coordinates: BrickCoord { x: -67108864, y: -67108864, z: -67108864 }, level: 27 }, triangle: 1, fraction: 0.9761113005213482, separation: 2.220446049250313e-16 }
localize clear dt=5.096539342369057e-4 upper=5.221268660292077e-4 width=1.247293179230198e-5
localize clear dt=5.158904001330566e-4 upper=5.221268660292077e-4 width=6.236465896151044e-6
localize clear dt=5.190086330811322e-4 upper=5.221268660292077e-4 width=3.118232948075522e-6
localize hit dt=5.205677495551699e-4 bracket=Some((0.0005190086330811322, 0.0005221268660292077)) hit=TerrainSweepHit { collider: 42, node: TerrainNodeId { coordinates: BrickCoord { x: -67108864, y: -67108864, z: -67108864 }, level: 27 }, triangle: 1, fraction: 0.9977889789251139, separation: -1.1102230246251565e-16 }
localize clear dt=5.194167632899974e-4 upper=5.205677495551699e-4 width=1.1509862651725052e-6
localize clear dt=5.199922564225836e-4 upper=5.205677495551699e-4 width=5.754931325862526e-7
localize clear dt=5.202800029888768e-4 upper=5.205677495551699e-4 width=2.877465662931263e-7
localize hit dt=5.204238762720234e-4 bracket=Some((0.0005202800029888768, 0.0005205677495551699)) hit=TerrainSweepHit { collider: 42, node: TerrainNodeId { coordinates: BrickCoord { x: -67108864, y: -67108864, z: -67108864 }, level: 27 }, triangle: 1, fraction: 0.9998322465448859, separation: -1.6653345369377348e-16 }
localize clear dt=5.203365733686549e-4 upper=5.204238762720234e-4 width=8.730290336847208e-8
localize clear dt=5.203802248203392e-4 upper=5.204238762720234e-4 width=4.365145168418183e-8
localize clear dt=5.204020505461813e-4 upper=5.204238762720234e-4 width=2.1825725842090915e-8
localize hit dt=5.204129634091023e-4 bracket=Some((0.0005204020505461813, 0.0005204238762720234)) hit=TerrainSweepHit { collider: 42, node: TerrainNodeId { coordinates: BrickCoord { x: -67108864, y: -67108864, z: -67108864 }, level: 27 }, triangle: 1, fraction: 0.9999875304437651, separation: 0.0 }
localize clear dt=5.204064740903897e-4 upper=5.204129634091023e-4 width=6.4893187125963925e-9
localize clear dt=5.20409718749746e-4 upper=5.204129634091023e-4 width=3.2446593562981962e-9
localize clear dt=5.204113410794242e-4 upper=5.204129634091023e-4 width=1.6223296781490981e-9
localize hit dt=5.204121522442632e-4 bracket=Some((0.0005204113410794242, 0.0005204129634091023)) hit=TerrainSweepHit { collider: 42, node: TerrainNodeId { coordinates: BrickCoord { x: -67108864, y: -67108864, z: -67108864 }, level: 27 }, triangle: 1, fraction: 0.9999990755654256, separation: -5.551115123125783e-17 }
localize clear dt=5.204116711572767e-4 upper=5.204121522442632e-4 width=4.810869865456632e-10
localize clear dt=5.204119117007699e-4 upper=5.204121522442632e-4 width=2.405434933270417e-10
localize clear dt=5.204120319725166e-4 upper=5.204121522442632e-4 width=1.2027174666352086e-10
localize hit dt=5.2041209210839e-4 bracket=Some((0.0005204120319725166, 0.0005204121522442632)) hit=TerrainSweepHit { collider: 42, node: TerrainNodeId { coordinates: BrickCoord { x: -67108864, y: -67108864, z: -67108864 }, level: 27 }, triangle: 1, fraction: 0.9999999310121078, separation: -4.440892098500626e-16 }
localize clear dt=5.204120562062567e-4 upper=5.2041209210839e-4 width=3.590213326284952e-11
localize clear dt=5.204120741573233e-4 upper=5.2041209210839e-4 width=1.795106663142476e-11
localize clear dt=5.204120831328567e-4 upper=5.2041209210839e-4 width=8.97553331571238e-12
localize hit dt=5.204120876206233e-4 bracket=Some((0.0005204120831328567, 0.00052041209210839)) hit=TerrainSweepHit { collider: 42, node: TerrainNodeId { coordinates: BrickCoord { x: -67108864, y: -67108864, z: -67108864 }, level: 27 }, triangle: 1, fraction: 0.9999999953393626, separation: -5.551115123125783e-17 }
localize clear dt=5.204120851951712e-4 upper=5.204120876206233e-4 width=2.425452091774083e-12
localize clear dt=5.204120864078972e-4 upper=5.204120876206233e-4 width=1.21272610009715e-12
localize clear dt=5.204120870142602e-4 upper=5.204120876206233e-4 width=6.06363050048575e-13
localize hit dt=8.756025790454775e-3 bracket=None hit=TerrainSweepHit { collider: 67, node: TerrainNodeId { coordinates: BrickCoord { x: -67108864, y: -67108864, z: -67108864 }, level: 27 }, triangle: 1, fraction: 2.5437259955980902e-6, separation: 1.1102230246251565e-16 }
localize clear dt=2.2272930421307128e-8 upper=8.756025790454775e-3 width=8.756003517524353e-3
localize hit dt=4.378024031692598e-3 bracket=Some((2.2272930421307128e-8, 0.008756025790454775)) hit=TerrainSweepHit { collider: 67, node: TerrainNodeId { coordinates: BrickCoord { x: -67108864, y: -67108864, z: -67108864 }, level: 27 }, triangle: 1, fraction: 9.651744596244696e-6, separation: 5.551115123125783e-17 }
localize hit dt=4.3782244880663897e-4 bracket=Some((2.2272930421307128e-8, 0.004378024031692598)) hit=TerrainSweepHit { collider: 67, node: TerrainNodeId { coordinates: BrickCoord { x: -67108864, y: -67108864, z: -67108864 }, level: 27 }, triangle: 1, fraction: 0.000657177076361233, separation: 2.831068712794149e-15 }
localize hit dt=4.380229051804308e-5 bracket=Some((2.2272930421307128e-8, 0.00043782244880663897)) hit=TerrainSweepHit { collider: 67, node: TerrainNodeId { coordinates: BrickCoord { x: -67108864, y: -67108864, z: -67108864 }, level: 27 }, triangle: 1, fraction: 0.06006568320172434, separation: 2.4896751327219135e-13 }
localize clear dt=4.400274689183484e-6 upper=4.380229051804308e-5 width=3.940201582885959e-5
localize hit dt=2.410128260361328e-5 bracket=Some((4.400274689183484e-6, 4.380229051804308e-5)) hit=TerrainSweepHit { collider: 67, node: TerrainNodeId { coordinates: BrickCoord { x: -67108864, y: -67108864, z: -67108864 }, level: 27 }, triangle: 1, fraction: 0.20707480089629068, separation: 0.0 }
localize clear dt=6.370375480626464e-6 upper=2.410128260361328e-5 width=1.7730907122986815e-5
localize hit dt=1.5235829042119872e-5 bracket=Some((6.370375480626464e-6, 2.410128260361328e-5)) hit=TerrainSweepHit { collider: 67, node: TerrainNodeId { coordinates: BrickCoord { x: -67108864, y: -67108864, z: -67108864 }, level: 27 }, triangle: 1, fraction: 0.5492411399072643, separation: 5.551115123125783e-17 }
localize clear dt=8.368144110526121e-6 upper=1.5235829042119872e-5 width=6.867684931593751e-6
localize hit dt=1.1801986576322998e-5 bracket=Some((8.368144110526121e-6, 1.5235829042119872e-5)) hit=TerrainSweepHit { collider: 67, node: TerrainNodeId { coordinates: BrickCoord { x: -67108864, y: -67108864, z: -67108864 }, level: 27 }, triangle: 1, fraction: 0.961001732075375, separation: -3.3306690738754696e-16 }
localize clear dt=1.1341729541776725e-5 upper=1.1801986576322998e-5 width=4.60257034546273e-7
localize clear dt=1.157185805904986e-5 upper=1.1801986576322998e-5 width=2.3012851727313734e-7
localize hit dt=1.1686922317686429e-5 bracket=Some((1.157185805904986e-5, 1.1801986576322998e-5)) hit=TerrainSweepHit { collider: 67, node: TerrainNodeId { coordinates: BrickCoord { x: -67108864, y: -67108864, z: -67108864 }, level: 27 }, triangle: 1, fraction: 0.9821598081059114, separation: -3.885780586188048e-16 }
localize clear dt=1.1583364484913518e-5 upper=1.1686922317686429e-5 width=1.035578327729113e-7
localize hit dt=1.1635143401299972e-5 bracket=Some((1.1583364484913518e-5, 1.1686922317686429e-5)) hit=TerrainSweepHit { collider: 67, node: TerrainNodeId { coordinates: BrickCoord { x: -67108864, y: -67108864, z: -67108864 }, level: 27 }, triangle: 1, fraction: 0.9919101808597782, separation: 1.6653345369377348e-16 }
localize clear dt=1.1588542376552163e-5 upper=1.1635143401299972e-5 width=4.660102474780898e-8
localize hit dt=1.1611842888926068e-5 bracket=Some((1.1588542376552163e-5, 1.1635143401299972e-5)) hit=TerrainSweepHit { collider: 67, node: TerrainNodeId { coordinates: BrickCoord { x: -67108864, y: -67108864, z: -67108864 }, level: 27 }, triangle: 1, fraction: 0.9963457035450566, separation: 1.6653345369377348e-16 }
localize clear dt=1.1590872427789554e-5 upper=1.1611842888926068e-5 width=2.0970461136513534e-8
localize hit dt=1.1601357658357811e-5 bracket=Some((1.1590872427789554e-5, 1.1611842888926068e-5)) hit=TerrainSweepHit { collider: 67, node: TerrainNodeId { coordinates: BrickCoord { x: -67108864, y: -67108864, z: -67108864 }, level: 27 }, triangle: 1, fraction: 0.9983511949812874, separation: 0.0 }
localize clear dt=1.159192095084638e-5 upper=1.1601357658357811e-5 width=9.436707511430582e-9
localize hit dt=1.1596639304602096e-5 bracket=Some((1.159192095084638e-5, 1.1601357658357811e-5)) hit=TerrainSweepHit { collider: 67, node: TerrainNodeId { coordinates: BrickCoord { x: -67108864, y: -67108864, z: -67108864 }, level: 27 }, triangle: 1, fraction: 0.9992559072416625, separation: -1.1102230246251565e-16 }
localize hit dt=8.333333333333333e-3 bracket=None hit=TerrainSweepHit { collider: 42, node: TerrainNodeId { coordinates: BrickCoord { x: -67108864, y: -67108864, z: -67108864 }, level: 27 }, triangle: 1, fraction: 0.0006746232559918466, separation: 1.1102230246251565e-16 }
localize clear dt=5.621860466598722e-6 upper=8.333333333333333e-3 width=8.327711472866735e-3
localize hit dt=4.1694775968999665e-3 bracket=Some((5.621860466598722e-6, 0.008333333333333333)) hit=TerrainSweepHit { collider: 42, node: TerrainNodeId { coordinates: BrickCoord { x: -67108864, y: -67108864, z: -67108864 }, level: 27 }, triangle: 1, fraction: 0.0026345134838869633, separation: 0.0 }
localize hit dt=4.220074341099355e-4 bracket=Some((5.621860466598722e-6, 0.0041694775968999665)) hit=TerrainSweepHit { collider: 42, node: TerrainNodeId { coordinates: BrickCoord { x: -67108864, y: -67108864, z: -67108864 }, level: 27 }, triangle: 1, fraction: 0.258591254796336, separation: 9.2148511043888e-15 }
localize clear dt=1.091274319198703e-4 upper=4.220074341099355e-4 width=3.128800021900652e-4
localize hit dt=2.655674330149029e-4 bracket=Some((0.0001091274319198703, 0.0004220074341099355)) hit=TerrainSweepHit { collider: 42, node: TerrainNodeId { coordinates: BrickCoord { x: -67108864, y: -67108864, z: -67108864 }, level: 27 }, triangle: 1, fraction: 0.6649461195825656, separation: 1.6231460620019789e-13 }
localize clear dt=1.7658803407076258e-4 upper=2.655674330149029e-4 width=8.89793989441403e-5
localize hit dt=2.2107773354283273e-4 bracket=Some((0.00017658803407076258, 0.0002655674330149029)) hit=TerrainSweepHit { collider: 42, node: TerrainNodeId { coordinates: BrickCoord { x: -67108864, y: -67108864, z: -67108864 }, level: 27 }, triangle: 1, fraction: 0.9695293502770245, separation: 1.6653345369377348e-16 }
localize clear dt=2.1434135136249975e-4 upper=2.2107773354283273e-4 width=6.7363821803329785e-6
localize clear dt=2.1770954245266624e-4 upper=2.2107773354283273e-4 width=3.3681910901664893e-6
localize hit dt=2.1939363799774948e-4 bracket=Some((0.00021770954245266624, 0.00022107773354283273)) hit=TerrainSweepHit { collider: 42, node: TerrainNodeId { coordinates: BrickCoord { x: -67108864, y: -67108864, z: -67108864 }, level: 27 }, triangle: 1, fraction: 0.9849469400458969, separation: 0.0 }
localize hit dt=2.1787795200717456e-4 bracket=Some((0.00021770954245266624, 0.00021939363799774948)) hit=TerrainSweepHit { collider: 42, node: TerrainNodeId { coordinates: BrickCoord { x: -67108864, y: -67108864, z: -67108864 }, level: 27 }, triangle: 1, fraction: 0.9991397922204366, separation: 5.551115123125783e-17 }
localize clear dt=2.1772638340811706e-4 upper=2.1787795200717456e-4 width=1.5156859905750557e-7
localize hit dt=2.178021677076458e-4 bracket=Some((0.00021772638340811706, 0.00021787795200717456)) hit=TerrainSweepHit { collider: 42, node: TerrainNodeId { coordinates: BrickCoord { x: -67108864, y: -67108864, z: -67108864 }, level: 27 }, triangle: 1, fraction: 0.9998574827774657, separation: 1.1102230246251565e-16 }
localize clear dt=2.1777112714764215e-4 upper=2.178021677076458e-4 width=3.1040560003652365e-8
localize clear dt=2.1778664742764397e-4 upper=2.178021677076458e-4 width=1.5520280001826182e-8
localize hit dt=2.1779440756764488e-4 bracket=Some((0.00021778664742764397, 0.0002178021677076458)) hit=TerrainSweepHit { collider: 42, node: TerrainNodeId { coordinates: BrickCoord { x: -67108864, y: -67108864, z: -67108864 }, level: 27 }, triangle: 1, fraction: 0.9999310163058946, separation: 0.0 }
localize hit dt=2.1778742344164407e-4 bracket=Some((0.00021778664742764397, 0.00021779440756764488)) hit=TerrainSweepHit { collider: 42, node: TerrainNodeId { coordinates: BrickCoord { x: -67108864, y: -67108864, z: -67108864 }, level: 27 }, triangle: 1, fraction: 0.9999972043706477, separation: -1.1102230246251565e-16 }
localize clear dt=2.1778681458873054e-4 upper=2.1778742344164407e-4 width=6.088529135343194e-10
localize clear dt=2.177871190151873e-4 upper=2.1778742344164407e-4 width=3.044264567807122e-10
localize hit dt=2.177872712284157e-4 bracket=Some((0.0002177871190151873, 0.00021778742344164407)) hit=TerrainSweepHit { collider: 42, node: TerrainNodeId { coordinates: BrickCoord { x: -67108864, y: -67108864, z: -67108864 }, level: 27 }, triangle: 1, fraction: 0.9999986459561598, separation: 3.3306690738754696e-16 }
localize hit dt=2.1778713423651014e-4 bracket=Some((0.0002177871190151873, 0.0002177872712284157)) hit=TerrainSweepHit { collider: 42, node: TerrainNodeId { coordinates: BrickCoord { x: -67108864, y: -67108864, z: -67108864 }, level: 27 }, triangle: 1, fraction: 0.9999999448851522, separation: 0.0 }
localize clear dt=2.1778712223320538e-4 upper=2.1778713423651014e-4 width=1.2003304762902428e-11
localize clear dt=2.1778712823485776e-4 upper=2.1778713423651014e-4 width=6.001652381451214e-12
localize hit dt=2.1778713123568393e-4 bracket=Some((0.00021778712823485776, 0.00021778713423651014)) hit=TerrainSweepHit { collider: 42, node: TerrainNodeId { coordinates: BrickCoord { x: -67108864, y: -67108864, z: -67108864 }, level: 27 }, triangle: 1, fraction: 0.9999999726115913, separation: 2.220446049250313e-16 }
localize hit dt=8.115546204798393e-3 bracket=None hit=TerrainSweepHit { collider: 67, node: TerrainNodeId { coordinates: BrickCoord { x: -67108864, y: -67108864, z: -67108864 }, level: 27 }, triangle: 1, fraction: 0.8743400352406339, separation: 2.7755575615628914e-16 }
localize clear dt=7.095746954700419e-3 upper=8.115546204798393e-3 width=1.0197992500979736e-3
localize hit dt=7.605646579749406e-3 bracket=Some((0.007095746954700419, 0.008115546204798393)) hit=TerrainSweepHit { collider: 67, node: TerrainNodeId { coordinates: BrickCoord { x: -67108864, y: -67108864, z: -67108864 }, level: 27 }, triangle: 1, fraction: 0.938355422309893, separation: -1.1102230246251565e-16 }
localize clear dt=7.146736917205318e-3 upper=7.605646579749406e-3 width=4.5890966254408857e-4
localize hit dt=7.376191748477362e-3 bracket=Some((0.007146736917205318, 0.007605646579749406)) hit=TerrainSweepHit { collider: 67, node: TerrainNodeId { coordinates: BrickCoord { x: -67108864, y: -67108864, z: -67108864 }, level: 27 }, triangle: 1, fraction: 0.970092655077113, separation: -3.885780586188048e-16 }
localize clear dt=7.1696824003325225e-3 upper=7.376191748477362e-3 width=2.065093481448399e-4
localize hit dt=7.272937074404942e-3 bracket=Some((0.0071696824003325225, 0.007376191748477362)) hit=TerrainSweepHit { collider: 67, node: TerrainNodeId { coordinates: BrickCoord { x: -67108864, y: -67108864, z: -67108864 }, level: 27 }, triangle: 1, fraction: 0.9850366880411023, separation: 1.6653345369377348e-16 }
localize hit dt=7.180007867739764e-3 bracket=Some((0.0071696824003325225, 0.007272937074404942)) hit=TerrainSweepHit { collider: 67, node: TerrainNodeId { coordinates: BrickCoord { x: -67108864, y: -67108864, z: -67108864 }, level: 27 }, triangle: 1, fraction: 0.9988586573035239, separation: 0.0 }
localize clear dt=7.171813018199278e-3 upper=7.180007867739764e-3 width=8.194849540486132e-6
localize hit dt=7.175910442969521e-3 bracket=Some((0.007171813018199278, 0.007180007867739764)) hit=TerrainSweepHit { collider: 67, node: TerrainNodeId { coordinates: BrickCoord { x: -67108864, y: -67108864, z: -67108864 }, level: 27 }, triangle: 1, fraction: 0.9994764405719746, separation: 3.3306690738754696e-16 }
localize clear dt=7.172222760676302e-3 upper=7.175910442969521e-3 width=3.687682293218933e-6
localize hit dt=7.174066601822912e-3 bracket=Some((0.007172222760676302, 0.007175910442969521)) hit=TerrainSweepHit { collider: 67, node: TerrainNodeId { coordinates: BrickCoord { x: -67108864, y: -67108864, z: -67108864 }, level: 27 }, triangle: 1, fraction: 0.9997546762048745, separation: 1.6653345369377348e-16 }
localize clear dt=7.172407144790963e-3 upper=7.174066601822912e-3 width=1.6594570319489535e-6
localize hit dt=7.173236873306937e-3 bracket=Some((0.007172407144790963, 0.007174066601822912)) hit=TerrainSweepHit { collider: 67, node: TerrainNodeId { coordinates: BrickCoord { x: -67108864, y: -67108864, z: -67108864 }, level: 27 }, triangle: 1, fraction: 0.9998799294995523, separation: 1.6653345369377348e-16 }
localize hit dt=7.17249011764256e-3 bracket=Some((0.007172407144790963, 0.007173236873306937)) hit=TerrainSweepHit { collider: 67, node: TerrainNodeId { coordinates: BrickCoord { x: -67108864, y: -67108864, z: -67108864 }, level: 27 }, triangle: 1, fraction: 0.9999926825571607, separation: -1.6653345369377348e-16 }
localize clear dt=7.172437633356108e-3 upper=7.17249011764256e-3 width=5.248428645160397e-8
localize hit dt=7.172463875499334e-3 bracket=Some((0.007172437633356108, 0.00717249011764256)) hit=TerrainSweepHit { collider: 67, node: TerrainNodeId { coordinates: BrickCoord { x: -67108864, y: -67108864, z: -67108864 }, level: 27 }, triangle: 1, fraction: 0.9999966453055689, separation: -5.551115123125783e-17 }
localize clear dt=7.172440257570431e-3 upper=7.172463875499334e-3 width=2.3617928903395258e-8
localize hit dt=7.172452066534883e-3 bracket=Some((0.007172440257570431, 0.007172463875499334)) hit=TerrainSweepHit { collider: 67, node: TerrainNodeId { coordinates: BrickCoord { x: -67108864, y: -67108864, z: -67108864 }, level: 27 }, triangle: 1, fraction: 0.9999984285519589, separation: -2.220446049250313e-16 }
localize clear dt=7.1724414384668755e-3 upper=7.172452066534883e-3 width=1.0628068007265123e-8
localize hit dt=7.172446752500879e-3 bracket=Some((0.0071724414384668755, 0.007172452066534883)) hit=TerrainSweepHit { collider: 67, node: TerrainNodeId { coordinates: BrickCoord { x: -67108864, y: -67108864, z: -67108864 }, level: 27 }, triangle: 1, fraction: 0.9999992310148181, separation: -4.996003610813204e-16 }
localize hit dt=7.172441969870276e-3 bracket=Some((0.0071724414384668755, 0.007172446752500879)) hit=TerrainSweepHit { collider: 67, node: TerrainNodeId { coordinates: BrickCoord { x: -67108864, y: -67108864, z: -67108864 }, level: 27 }, triangle: 1, fraction: 0.9999999532322738, separation: 5.551115123125783e-17 }
localize clear dt=7.172441634431473e-3 upper=7.172441969870276e-3 width=3.354388026025057e-10
localize hit dt=7.172441802150875e-3 bracket=Some((0.007172441634431473, 0.007172441969870276)) hit=TerrainSweepHit { collider: 67, node: TerrainNodeId { coordinates: BrickCoord { x: -67108864, y: -67108864, z: -67108864 }, level: 27 }, triangle: 1, fraction: 0.9999999785592741, separation: 2.220446049250313e-16 }
localize clear dt=7.172441651203414e-3 upper=7.172441802150875e-3 width=1.5094746112775947e-10
localize hit dt=7.1724417266771446e-3 bracket=Some((0.007172441651203414, 0.007172441802150875)) hit=TerrainSweepHit { collider: 67, node: TerrainNodeId { coordinates: BrickCoord { x: -67108864, y: -67108864, z: -67108864 }, level: 27 }, triangle: 1, fraction: 0.999999989956571, separation: -5.551115123125783e-17 }
localize clear dt=7.172441658750787e-3 upper=7.1724417266771446e-3 width=6.792635724728324e-11
localize hit dt=7.172441692713966e-3 bracket=Some((0.007172441658750787, 0.0071724417266771446)) hit=TerrainSweepHit { collider: 67, node: TerrainNodeId { coordinates: BrickCoord { x: -67108864, y: -67108864, z: -67108864 }, level: 27 }, triangle: 1, fraction: 0.9999999950852727, separation: -2.7755575615628914e-16 }
localize hit dt=7.172441662147105e-3 bracket=Some((0.007172441658750787, 0.007172441692713966)) hit=TerrainSweepHit { collider: 67, node: TerrainNodeId { coordinates: BrickCoord { x: -67108864, y: -67108864, z: -67108864 }, level: 27 }, triangle: 1, fraction: 0.9999999997011005, separation: 0.0 }
localize clear dt=7.172441660003266e-3 upper=7.172441662147105e-3 width=2.1438389258277013e-12
localize hit dt=7.172441661075186e-3 bracket=Some((0.007172441660003266, 0.007172441662147105)) hit=TerrainSweepHit { collider: 67, node: TerrainNodeId { coordinates: BrickCoord { x: -67108864, y: -67108864, z: -67108864 }, level: 27 }, triangle: 1, fraction: 0.999999999862974, separation: -2.220446049250313e-16 }
localize clear dt=7.172441660110458e-3 upper=7.172441661075186e-3 width=9.647274298862918e-13
localize hit dt=9.431045442055714e-4 bracket=None hit=TerrainSweepHit { collider: 42, node: TerrainNodeId { coordinates: BrickCoord { x: -67108864, y: -67108864, z: -67108864 }, level: 27 }, triangle: 1, fraction: 0.08979315829984463, separation: 2.220446049250313e-16 }
localize clear dt=8.468433563115369e-5 upper=9.431045442055714e-4 width=8.584202085744176e-4
localize clear dt=5.138944399183626e-4 upper=9.431045442055714e-4 width=4.292101042872088e-4
localize hit dt=7.28499492061967e-4 bracket=Some((0.0005138944399183626, 0.0009431045442055714)) hit=TerrainSweepHit { collider: 42, node: TerrainNodeId { coordinates: BrickCoord { x: -67108864, y: -67108864, z: -67108864 }, level: 27 }, triangle: 1, fraction: 0.20193951112676375, separation: 2.1649348980190553e-15 }
localize hit dt=5.35354945132723e-4 bracket=Some((0.0005138944399183626, 0.000728499492061967)) hit=TerrainSweepHit { collider: 42, node: TerrainNodeId { coordinates: BrickCoord { x: -67108864, y: -67108864, z: -67108864 }, level: 27 }, triangle: 1, fraction: 0.8210819391280595, separation: -3.3306690738754696e-16 }
localize clear dt=5.160404904397986e-4 upper=5.35354945132723e-4 width=1.9314454692924356e-5
localize hit dt=5.256977177862609e-4 bracket=Some((0.0005160404904397986, 0.000535354945132723)) hit=TerrainSweepHit { collider: 42, node: TerrainNodeId { coordinates: BrickCoord { x: -67108864, y: -67108864, z: -67108864 }, level: 27 }, triangle: 1, fraction: 0.9294713281647222, separation: -2.7755575615628914e-16 }
localize clear dt=5.170062131744449e-4 upper=5.256977177862609e-4 width=8.691504611815998e-6
localize hit dt=5.213519654803529e-4 bracket=Some((0.0005170062131744449, 0.0005256977177862609)) hit=TerrainSweepHit { collider: 42, node: TerrainNodeId { coordinates: BrickCoord { x: -67108864, y: -67108864, z: -67108864 }, level: 27 }, triangle: 1, fraction: 0.9867793564347427, separation: 0.0 }
localize clear dt=5.174407884050357e-4 upper=5.213519654803529e-4 width=3.911177075317188e-6
localize clear dt=5.193963769426943e-4 upper=5.213519654803529e-4 width=1.955588537658594e-6
localize clear dt=5.203741712115236e-4 upper=5.213519654803529e-4 width=9.77794268829297e-7
localize hit dt=5.208630683459382e-4 bracket=Some((0.0005203741712115236, 0.0005213519654803529)) hit=TerrainSweepHit { collider: 42, node: TerrainNodeId { coordinates: BrickCoord { x: -67108864, y: -67108864, z: -67108864 }, level: 27 }, triangle: 1, fraction: 0.9936170660928904, separation: 0.0 }
localize hit dt=5.20423060924965e-4 bracket=Some((0.0005203741712115236, 0.0005208630683459382)) hit=TerrainSweepHit { collider: 42, node: TerrainNodeId { coordinates: BrickCoord { x: -67108864, y: -67108864, z: -67108864 }, level: 27 }, triangle: 1, fraction: 0.9998429503057694, separation: 1.1102230246251565e-16 }
localize clear dt=5.203790601828678e-4 upper=5.20423060924965e-4 width=4.400074209728964e-8
localize clear dt=5.204010605539165e-4 upper=5.20423060924965e-4 width=2.200037104859061e-8
localize hit dt=5.204120607394408e-4 bracket=Some((0.0005204010605539165, 0.000520423060924965)) hit=TerrainSweepHit { collider: 42, node: TerrainNodeId { coordinates: BrickCoord { x: -67108864, y: -67108864, z: -67108864 }, level: 27 }, triangle: 1, fraction: 0.9999994812942794, separation: 2.220446049250313e-16 }
localize clear dt=5.204109607208883e-4 upper=5.204120607394408e-4 width=1.1000185524837405e-9
localize clear dt=5.204115107301645e-4 upper=5.204120607394408e-4 width=5.500092762960804e-10
localize clear dt=5.204117857348027e-4 upper=5.204120607394408e-4 width=2.750046380938301e-10
localize clear dt=5.204119232371217e-4 upper=5.204120607394408e-4 width=1.3750231910112515e-10
localize clear dt=5.204119919882812e-4 upper=5.204120607394408e-4 width=6.875115960477268e-11
localize hit dt=5.20412026363861e-4 bracket=Some((0.0005204119919882812, 0.0005204120607394408)) hit=TerrainSweepHit { collider: 42, node: TerrainNodeId { coordinates: BrickCoord { x: -67108864, y: -67108864, z: -67108864 }, level: 27 }, triangle: 1, fraction: 0.999999970327324, separation: 2.220446049250313e-16 }
localize clear dt=5.204120109218436e-4 upper=5.20412026363861e-4 width=1.5442017456401835e-11
localize clear dt=5.204120186428523e-4 upper=5.20412026363861e-4 width=7.721008728200918e-12
localize clear dt=5.204120225033566e-4 upper=5.20412026363861e-4 width=3.860504364100459e-12
localize hit dt=4.2269251977196214e-4 bracket=None hit=TerrainSweepHit { collider: 67, node: TerrainNodeId { coordinates: BrickCoord { x: -67108864, y: -67108864, z: -67108864 }, level: 27 }, triangle: 1, fraction: 0.0006966010210649924, separation: 2.831068712794149e-15 }
localize clear dt=2.944480408696833e-7 upper=4.2269251977196214e-4 width=4.2239807173109246e-4
localize hit dt=2.114934839064159e-4 bracket=Some((2.944480408696833e-7, 0.00042269251977196214)) hit=TerrainSweepHit { collider: 67, node: TerrainNodeId { coordinates: BrickCoord { x: -67108864, y: -67108864, z: -67108864 }, level: 27 }, triangle: 1, fraction: 0.0024801927675556197, separation: 9.2148511043888e-15 }
localize hit dt=2.141435162742431e-5 bracket=Some((2.944480408696833e-7, 0.0002114934839064159)) hit=TerrainSweepHit { collider: 67, node: TerrainNodeId { coordinates: BrickCoord { x: -67108864, y: -67108864, z: -67108864 }, level: 27 }, triangle: 1, fraction: 0.26550829171198176, separation: 1.1102230246251565e-16 }
localize clear dt=5.685687918717125e-6 upper=2.141435162742431e-5 width=1.5728663708707184e-5
localize hit dt=1.3550019773070717e-5 bracket=Some((5.685687918717125e-6, 2.141435162742431e-5)) hit=TerrainSweepHit { collider: 67, node: TerrainNodeId { coordinates: BrickCoord { x: -67108864, y: -67108864, z: -67108864 }, level: 27 }, triangle: 1, fraction: 0.7087295205615406, separation: 2.220446049250313e-16 }
localize clear dt=9.603299017367805e-6 upper=1.3550019773070717e-5 width=3.946720755702913e-6
localize clear dt=1.1576659395219261e-5 upper=1.3550019773070717e-5 width=1.9733603778514563e-6
localize hit dt=1.2563339584144988e-5 bracket=Some((1.1576659395219261e-5, 1.3550019773070717e-5)) hit=TerrainSweepHit { collider: 67, node: TerrainNodeId { coordinates: BrickCoord { x: -67108864, y: -67108864, z: -67108864 }, level: 27 }, triangle: 1, fraction: 0.8367401092694663, separation: -5.551115123125783e-17 }
localize hit dt=1.1675327414111833e-5 bracket=Some((1.1576659395219261e-5, 1.2563339584144988e-5)) hit=TerrainSweepHit { collider: 67, node: TerrainNodeId { coordinates: BrickCoord { x: -67108864, y: -67108864, z: -67108864 }, level: 27 }, triangle: 1, fraction: 0.9842295927635436, separation: -1.6653345369377348e-16 }
localize clear dt=1.1586526197108518e-5 upper=1.1675327414111833e-5 width=8.880121700331483e-8
localize hit dt=1.1630926805610175e-5 bracket=Some((1.1586526197108518e-5, 1.1675327414111833e-5)) hit=TerrainSweepHit { collider: 67, node: TerrainNodeId { coordinates: BrickCoord { x: -67108864, y: -67108864, z: -67108864 }, level: 27 }, triangle: 1, fraction: 0.9926089511611524, separation: 5.551115123125783e-17 }
localize clear dt=1.1590966257958685e-5 upper=1.1630926805610175e-5 width=3.9960547651490065e-8
localize hit dt=1.161094653178443e-5 bracket=Some((1.1590966257958685e-5, 1.1630926805610175e-5)) hit=TerrainSweepHit { collider: 67, node: TerrainNodeId { coordinates: BrickCoord { x: -67108864, y: -67108864, z: -67108864 }, level: 27 }, triangle: 1, fraction: 0.9964146714210905, separation: 0.0 }
localize hit dt=1.159296428534126e-5 bracket=Some((1.1590966257958685e-5, 1.161094653178443e-5)) hit=TerrainSweepHit { collider: 67, node: TerrainNodeId { coordinates: BrickCoord { x: -67108864, y: -67108864, z: -67108864 }, level: 27 }, triangle: 1, fraction: 0.9998586708333754, separation: -2.220446049250313e-16 }
localize clear dt=1.1591325861360105e-5 upper=1.159296428534126e-5 width=1.6384239811549536e-9
localize clear dt=1.1592145073350682e-5 upper=1.159296428534126e-5 width=8.192119905783238e-10
localize hit dt=1.159255467934597e-5 bracket=Some((1.1592145073350682e-5, 1.159296428534126e-5)) hit=TerrainSweepHit { collider: 67, node: TerrainNodeId { coordinates: BrickCoord { x: -67108864, y: -67108864, z: -67108864 }, level: 27 }, triangle: 1, fraction: 0.9999373128384941, separation: 2.220446049250313e-16 }
localize clear dt=1.1592186033950211e-5 upper=1.159255467934597e-5 width=3.686453957597375e-10
localize hit dt=1.159237035664809e-5 bracket=Some((1.1592186033950211e-5, 1.159255467934597e-5)) hit=TerrainSweepHit { collider: 67, node: TerrainNodeId { coordinates: BrickCoord { x: -67108864, y: -67108864, z: -67108864 }, level: 27 }, triangle: 1, fraction: 0.999972785629317, separation: -1.6653345369377348e-16 }
localize clear dt=1.1592204466219999e-5 upper=1.159237035664809e-5 width=1.6589042809145836e-10
localize hit dt=1.1592287411434045e-5 bracket=Some((1.1592204466219999e-5, 1.159237035664809e-5)) hit=TerrainSweepHit { collider: 67, node: TerrainNodeId { coordinates: BrickCoord { x: -67108864, y: -67108864, z: -67108864 }, level: 27 }, triangle: 1, fraction: 0.9999886440239671, separation: 1.6653345369377348e-16 }
localize clear dt=1.1592212760741403e-5 upper=1.1592287411434045e-5 width=7.4650692642088e-11
localize hit dt=1.1592250086087723e-5 bracket=Some((1.1592212760741403e-5, 1.1592287411434045e-5)) hit=TerrainSweepHit { collider: 67, node: TerrainNodeId { coordinates: BrickCoord { x: -67108864, y: -67108864, z: -67108864 }, level: 27 }, triangle: 1, fraction: 0.9999958215653717, separation: 0.0 }
localize clear dt=1.1592216493276035e-5 upper=1.1592250086087723e-5 width=3.359281168868549e-11
localize hit dt=1.1592233289681879e-5 bracket=Some((1.1592216493276035e-5, 1.1592250086087723e-5)) hit=TerrainSweepHit { collider: 67, node: TerrainNodeId { coordinates: BrickCoord { x: -67108864, y: -67108864, z: -67108864 }, level: 27 }, triangle: 1, fraction: 0.9999989535988192, separation: 0.0 }
localize clear dt=1.1592221159555276e-5 upper=1.1592233289681879e-5 width=1.2130126603217555e-11
localize clear dt=1.1592227224618577e-5 upper=1.1592233289681879e-5 width=6.06506330245581e-12
localize hit dt=1.1592230257150227e-5 bracket=Some((1.1592227224618577e-5, 1.1592233289681879e-5)) hit=TerrainSweepHit { collider: 67, node: TerrainNodeId { coordinates: BrickCoord { x: -67108864, y: -67108864, z: -67108864 }, level: 27 }, triangle: 1, fraction: 0.9999996479354547, separation: 0.0 }
localize clear dt=1.1592227527871742e-5 upper=1.1592230257150227e-5 width=2.7292784850039718e-12
localize hit dt=1.1592228892510984e-5 bracket=Some((1.1592227527871742e-5, 1.1592230257150227e-5)) hit=TerrainSweepHit { collider: 67, node: TerrainNodeId { coordinates: BrickCoord { x: -67108864, y: -67108864, z: -67108864 }, level: 27 }, triangle: 1, fraction: 0.9999999093169729, separation: -5.551115123125783e-17 }
localize clear dt=1.1592227841292577e-5 upper=1.1592228892510984e-5 width=1.0512184062816269e-12
localize hit dt=8.333333333333333e-3 bracket=None hit=TerrainSweepHit { collider: 42, node: TerrainNodeId { coordinates: BrickCoord { x: -67108864, y: -67108864, z: -67108864 }, level: 27 }, triangle: 1, fraction: 2.797882853958912e-7, separation: 2.220446049250313e-16 }
localize clear dt=2.33156904496576e-9 upper=8.333333333333333e-3 width=8.333331001764288e-3
localize hit dt=4.1666678324511885e-3 bracket=Some((2.33156904496576e-9, 0.008333333333333333)) hit=TerrainSweepHit { collider: 42, node: TerrainNodeId { coordinates: BrickCoord { x: -67108864, y: -67108864, z: -67108864 }, level: 27 }, triangle: 1, fraction: 1.0997785866225477e-6, separation: 2.7755575615628914e-16 }
localize hit dt=4.166688816572594e-4 bracket=Some((2.33156904496576e-9, 0.0041666678324511885)) hit=TerrainSweepHit { collider: 42, node: TerrainNodeId { coordinates: BrickCoord { x: -67108864, y: -67108864, z: -67108864 }, level: 27 }, triangle: 1, fraction: 0.00010767684343891221, separation: 3.3306690738754696e-16 }
localize hit dt=4.166898657786641e-5 bracket=Some((2.33156904496576e-9, 0.0004166688816572594)) hit=TerrainSweepHit { collider: 42, node: TerrainNodeId { coordinates: BrickCoord { x: -67108864, y: -67108864, z: -67108864 }, level: 27 }, triangle: 1, fraction: 0.010680313722200907, separation: 6.161737786669619e-15 }
localize clear dt=4.16899706992711e-6 upper=4.166898657786641e-5 width=3.74999895079393e-5
localize hit dt=2.291899182389676e-5 bracket=Some((4.16899706992711e-6, 4.166898657786641e-5)) hit=TerrainSweepHit { collider: 42, node: TerrainNodeId { coordinates: BrickCoord { x: -67108864, y: -67108864, z: -67108864 }, level: 27 }, triangle: 1, fraction: 0.03534721651720929, separation: 2.0872192862952943e-14 }
localize hit dt=6.043996545324075e-6 bracket=Some((4.16899706992711e-6, 2.291899182389676e-5)) hit=TerrainSweepHit { collider: 42, node: TerrainNodeId { coordinates: BrickCoord { x: -67108864, y: -67108864, z: -67108864 }, level: 27 }, triangle: 1, fraction: 0.5128250545715568, separation: -2.7755575615628914e-16 }
localize hit dt=4.356497017466807e-6 bracket=Some((4.16899706992711e-6, 6.043996545324075e-6)) hit=TerrainSweepHit { collider: 42, node: TerrainNodeId { coordinates: BrickCoord { x: -67108864, y: -67108864, z: -67108864 }, level: 27 }, triangle: 1, fraction: 0.9917302838752702, separation: -2.7755575615628914e-16 }
localize clear dt=4.320470023834124e-6 upper=4.356497017466807e-6 width=3.602699363268293e-8
localize clear dt=4.338483520650466e-6 upper=4.356497017466807e-6 width=1.8013496816341042e-8
localize hit dt=4.347490269058636e-6 bracket=Some((4.338483520650466e-6, 4.356497017466807e-6)) hit=TerrainSweepHit { collider: 42, node: TerrainNodeId { coordinates: BrickCoord { x: -67108864, y: -67108864, z: -67108864 }, level: 27 }, triangle: 1, fraction: 0.9958785289605773, separation: -5.551115123125783e-17 }
localize hit dt=4.339384195491283e-6 bracket=Some((4.338483520650466e-6, 4.347490269058636e-6)) hit=TerrainSweepHit { collider: 42, node: TerrainNodeId { coordinates: BrickCoord { x: -67108864, y: -67108864, z: -67108864 }, level: 27 }, triangle: 1, fraction: 0.9996364455647924, separation: -2.220446049250313e-16 }
localize clear dt=4.3385735881345475e-6 upper=4.339384195491283e-6 width=8.106073567356518e-10
localize hit dt=4.338978891812915e-6 bracket=Some((4.3385735881345475e-6, 4.339384195491283e-6)) hit=TerrainSweepHit { collider: 42, node: TerrainNodeId { coordinates: BrickCoord { x: -67108864, y: -67108864, z: -67108864 }, level: 27 }, triangle: 1, fraction: 0.99982200067933, separation: 2.220446049250313e-16 }
localize hit dt=4.338614118502385e-6 bracket=Some((4.3385735881345475e-6, 4.338978891812915e-6)) hit=TerrainSweepHit { collider: 42, node: TerrainNodeId { coordinates: BrickCoord { x: -67108864, y: -67108864, z: -67108864 }, level: 27 }, triangle: 1, fraction: 0.999991942037604, separation: -1.1102230246251565e-16 }
localize clear dt=4.3385791581129665e-6 upper=4.338614118502385e-6 width=3.496038941807754e-11
localize clear dt=4.3385966383076755e-6 upper=4.338614118502385e-6 width=1.748019470903877e-11
localize hit dt=4.33860537840503e-6 bracket=Some((4.3385966383076755e-6, 4.338614118502385e-6)) hit=TerrainSweepHit { collider: 42, node: TerrainNodeId { coordinates: BrickCoord { x: -67108864, y: -67108864, z: -67108864 }, level: 27 }, triangle: 1, fraction: 0.9999953689549771, separation: 5.551115123125783e-17 }
localize hit dt=4.338597512317411e-6 bracket=Some((4.3385966383076755e-6, 4.33860537840503e-6)) hit=TerrainSweepHit { collider: 42, node: TerrainNodeId { coordinates: BrickCoord { x: -67108864, y: -67108864, z: -67108864 }, level: 27 }, triangle: 1, fraction: 0.9999990139668141, separation: 2.220446049250313e-16 }
localize hit dt=4.338596725708649e-6 bracket=Some((4.3385966383076755e-6, 4.338597512317411e-6)) hit=TerrainSweepHit { collider: 42, node: TerrainNodeId { coordinates: BrickCoord { x: -67108864, y: -67108864, z: -67108864 }, level: 27 }, triangle: 1, fraction: 0.9999996900071586, separation: -5.551115123125783e-17 }
localize clear dt=4.338596647047773e-6 upper=4.338596725708649e-6 width=7.866087592894129e-14
localize clear dt=4.338596686378211e-6 upper=4.338596725708649e-6 width=3.933043838798712e-14
localize clear dt=4.33859670604343e-6 upper=4.338596725708649e-6 width=1.966521919399356e-14
localize clear dt=4.33859671587604e-6 upper=4.338596725708649e-6 width=9.832609173480306e-15
localize clear dt=4.3385967207923445e-6 upper=4.338596725708649e-6 width=4.916304586740153e-15
localize clear dt=4.338596723250497e-6 upper=4.338596725708649e-6 width=2.4581522933700764e-15
localize clear dt=4.338596724479573e-6 upper=4.338596725708649e-6 width=1.2290761466850382e-15
localize clear dt=4.3385967250941114e-6 upper=4.338596725708649e-6 width=6.145376498260455e-16
localize clear dt=4.33859672540138e-6 upper=4.338596725708649e-6 width=3.0726882491302274e-16
localize clear dt=4.338596725555014e-6 upper=4.338596725708649e-6 width=1.53634835972985e-16
localize clear dt=4.338596725631832e-6 upper=4.338596725708649e-6 width=7.68174179864925e-17
localize clear dt=4.33859672567024e-6 upper=4.338596725708649e-6 width=3.840870899324625e-17
localize hit dt=4.338596725689445e-6 bracket=Some((4.33859672567024e-6, 4.338596725708649e-6)) hit=TerrainSweepHit { collider: 42, node: TerrainNodeId { coordinates: BrickCoord { x: -67108864, y: -67108864, z: -67108864 }, level: 27 }, triangle: 1, fraction: 0.9999996900129476, separation: -5.551115123125783e-17 }
localize clear dt=4.338596725672161e-6 upper=4.338596725689445e-6 width=1.7284554321671253e-17
localize clear dt=4.338596725680803e-6 upper=4.338596725689445e-6 width=8.642277160835626e-18
localize hit dt=4.338596725685124e-6 bracket=Some((4.338596725680803e-6, 4.338596725689445e-6)) hit=TerrainSweepHit { collider: 42, node: TerrainNodeId { coordinates: BrickCoord { x: -67108864, y: -67108864, z: -67108864 }, level: 27 }, triangle: 1, fraction: 0.9999996900156494, separation: -5.551115123125783e-17 }
localize clear dt=4.338596725681235e-6 upper=4.338596725685124e-6 width=3.888728260844493e-18
localize clear dt=4.338596725683179e-6 upper=4.338596725685124e-6 width=1.9447876468958736e-18
localize clear dt=4.338596725684151e-6 upper=4.338596725685124e-6 width=9.723938234479368e-19
localize hit dt=4.338596725684637e-6 bracket=Some((4.338596725684151e-6, 4.338596725685124e-6)) hit=TerrainSweepHit { collider: 42, node: TerrainNodeId { coordinates: BrickCoord { x: -67108864, y: -67108864, z: -67108864 }, level: 27 }, triangle: 1, fraction: 0.9999996900145052, separation: -5.551115123125783e-17 }
localize clear dt=4.3385967256841995e-6 upper=4.338596725684637e-6 width=4.379160337304733e-19
localize hit dt=4.338596725684419e-6 bracket=Some((4.3385967256841995e-6, 4.338596725684637e-6)) hit=TerrainSweepHit { collider: 42, node: TerrainNodeId { coordinates: BrickCoord { x: -67108864, y: -67108864, z: -67108864 }, level: 27 }, triangle: 1, fraction: 0.9999996900156138, separation: -5.551115123125783e-17 }
localize clear dt=4.3385967256842215e-6 upper=4.338596725684419e-6 width=1.9735867671025198e-19
localize clear dt=4.338596725684321e-6 upper=4.338596725684419e-6 width=9.825582188149884e-20
localize clear dt=4.33859672568437e-6 upper=4.338596725684419e-6 width=4.912791094074942e-20
localize hit dt=4.338596725684394e-6 bracket=Some((4.33859672568437e-6, 4.338596725684419e-6)) hit=TerrainSweepHit { collider: 42, node: TerrainNodeId { coordinates: BrickCoord { x: -67108864, y: -67108864, z: -67108864 }, level: 27 }, triangle: 1, fraction: 0.9999996900157243, separation: -5.551115123125783e-17 }
localize hit dt=4.338596725684372e-6 bracket=Some((4.33859672568437e-6, 4.338596725684394e-6)) hit=TerrainSweepHit { collider: 42, node: TerrainNodeId { coordinates: BrickCoord { x: -67108864, y: -67108864, z: -67108864 }, level: 27 }, triangle: 1, fraction: 0.9999996900157956, separation: -5.551115123125783e-17 }
localize hit dt=4.166666666666667e-3 bracket=None hit=TerrainSweepHit { collider: 42, node: TerrainNodeId { coordinates: BrickCoord { x: -67108864, y: -67108864, z: -67108864 }, level: 27 }, triangle: 1, fraction: 0.002638031188084683, separation: -2.7755575615628914e-16 }
localize clear dt=1.0991796617019513e-5 upper=4.166666666666667e-3 width=4.155674870049647e-3
localize hit dt=2.088829231641843e-3 bracket=Some((1.0991796617019513e-5, 0.004166666666666667)) hit=TerrainSweepHit { collider: 42, node: TerrainNodeId { coordinates: BrickCoord { x: -67108864, y: -67108864, z: -67108864 }, level: 27 }, triangle: 1, fraction: 0.01040059027022955, separation: -5.551115123125783e-17 }
localize hit dt=2.1877554011950188e-4 bracket=Some((1.0991796617019513e-5, 0.002088829231641843)) hit=TerrainSweepHit { collider: 42, node: TerrainNodeId { coordinates: BrickCoord { x: -67108864, y: -67108864, z: -67108864 }, level: 27 }, triangle: 1, fraction: 0.9906980037372822, separation: -1.6653345369377348e-16 }
localize clear dt=1.9799716576925365e-4 upper=2.1877554011950188e-4 width=2.0778374350248225e-5
localize clear dt=2.0838635294437776e-4 upper=2.1877554011950188e-4 width=1.0389187175124113e-5
localize clear dt=2.1358094653193982e-4 upper=2.1877554011950188e-4 width=5.194593587562056e-6
localize clear dt=2.1617824332572085e-4 upper=2.1877554011950188e-4 width=2.597296793781028e-6
localize clear dt=2.1747689172261136e-4 upper=2.1877554011950188e-4 width=1.298648396890514e-6
localize hit dt=2.181262159210566e-4 bracket=Some((0.00021747689172261136, 0.00021877554011950188)) hit=TerrainSweepHit { collider: 42, node: TerrainNodeId { coordinates: BrickCoord { x: -67108864, y: -67108864, z: -67108864 }, level: 27 }, triangle: 1, fraction: 0.9967941021757482, separation: -2.220446049250313e-16 }
localize clear dt=2.1754182414245588e-4 upper=2.181262159210566e-4 width=5.843917786007246e-7
localize hit dt=2.1783402003175623e-4 bracket=Some((0.00021754182414245588, 0.0002181262159210566)) hit=TerrainSweepHit { collider: 42, node: TerrainNodeId { coordinates: BrickCoord { x: -67108864, y: -67108864, z: -67108864 }, level: 27 }, triangle: 1, fraction: 0.9995557414655489, separation: -5.551115123125783e-17 }
localize clear dt=2.1773724540926332e-4 upper=2.1783402003175623e-4 width=9.677462249290639e-8
localize clear dt=2.177856327205098e-4 upper=2.1783402003175623e-4 width=4.838731124643964e-8
localize hit dt=2.17809826376133e-4 bracket=Some((0.0002177856327205098, 0.00021783402003175623)) hit=TerrainSweepHit { collider: 42, node: TerrainNodeId { coordinates: BrickCoord { x: -67108864, y: -67108864, z: -67108864 }, level: 27 }, triangle: 1, fraction: 0.9997849186139381, separation: 4.440892098500626e-16 }
localize hit dt=2.1778805208607212e-4 bracket=Some((0.0002177856327205098, 0.000217809826376133)) hit=TerrainSweepHit { collider: 42, node: TerrainNodeId { coordinates: BrickCoord { x: -67108864, y: -67108864, z: -67108864 }, level: 27 }, triangle: 1, fraction: 0.9999912463331575, separation: -1.1102230246251565e-16 }
localize clear dt=2.1778614564202189e-4 upper=2.1778805208607212e-4 width=1.906444050233302e-9
localize clear dt=2.17787098864047e-4 upper=2.1778805208607212e-4 width=9.532220251302036e-10
localize hit dt=2.1778757547505955e-4 bracket=Some((0.000217787098864047, 0.00021778805208607212)) hit=TerrainSweepHit { collider: 42, node: TerrainNodeId { coordinates: BrickCoord { x: -67108864, y: -67108864, z: -67108864 }, level: 27 }, triangle: 1, fraction: 0.9999957628815171, separation: 1.6653345369377348e-16 }
localize hit dt=2.1778714652514824e-4 bracket=Some((0.000217787098864047, 0.00021778757547505955)) hit=TerrainSweepHit { collider: 42, node: TerrainNodeId { coordinates: BrickCoord { x: -67108864, y: -67108864, z: -67108864 }, level: 27 }, triangle: 1, fraction: 0.9999998282523047, separation: 2.7755575615628914e-16 }
localize clear dt=2.1778710912070777e-4 upper=2.1778714652514824e-4 width=3.740444046618392e-11
localize clear dt=2.1778712782292802e-4 upper=2.1778714652514824e-4 width=1.8702220219539434e-11
localize hit dt=2.1778713717403813e-4 bracket=Some((0.00021778712782292802, 0.00021778714652514824)) hit=TerrainSweepHit { collider: 42, node: TerrainNodeId { coordinates: BrickCoord { x: -67108864, y: -67108864, z: -67108864 }, level: 27 }, triangle: 1, fraction: 0.9999999174865225, separation: -4.996003610813204e-16 }
localize hit dt=2.1778712875803903e-4 bracket=Some((0.00021778712782292802, 0.00021778713717403813)) hit=TerrainSweepHit { collider: 42, node: TerrainNodeId { coordinates: BrickCoord { x: -67108864, y: -67108864, z: -67108864 }, level: 27 }, triangle: 1, fraction: 0.9999999959657159, separation: 2.7755575615628914e-16 }
localize clear dt=2.1778712791643913e-4 upper=2.1778712875803903e-4 width=8.415999017477582e-13
localize clear dt=2.1778712833723908e-4 upper=2.1778712875803903e-4 width=4.207999508738791e-13
localize hit dt=4.166666666666667e-3 bracket=None hit=TerrainSweepHit { collider: 42, node: TerrainNodeId { coordinates: BrickCoord { x: -67108864, y: -67108864, z: -67108864 }, level: 27 }, triangle: 1, fraction: 0.0008958739833501209, separation: -3.3306690738754696e-16 }
localize clear dt=3.732808263958837e-6 upper=4.166666666666667e-3 width=4.162933858402708e-3
localize hit dt=2.085199737465313e-3 bracket=Some((3.732808263958837e-6, 0.004166666666666667)) hit=TerrainSweepHit { collider: 42, node: TerrainNodeId { coordinates: BrickCoord { x: -67108864, y: -67108864, z: -67108864 }, level: 27 }, triangle: 1, fraction: 0.003541251170279664, separation: 5.551115123125783e-17 }
localize hit dt=2.1187950118409425e-4 bracket=Some((3.732808263958837e-6, 0.002085199737465313)) hit=TerrainSweepHit { collider: 42, node: TerrainNodeId { coordinates: BrickCoord { x: -67108864, y: -67108864, z: -67108864 }, level: 27 }, triangle: 1, fraction: 0.34952652894541325, separation: 3.3861802251067274e-15 }
localize clear dt=7.405750660356204e-5 upper=2.1187950118409425e-4 width=1.378219945805322e-4
localize hit dt=1.4296850389382813e-4 bracket=Some((7.405750660356204e-5, 0.00021187950118409425)) hit=TerrainSweepHit { collider: 42, node: TerrainNodeId { coordinates: BrickCoord { x: -67108864, y: -67108864, z: -67108864 }, level: 27 }, triangle: 1, fraction: 0.7800601809561394, separation: 3.963496197911809e-14 }
localize clear dt=1.1152403701844809e-4 upper=1.4296850389382813e-4 width=3.144446687538004e-5
localize hit dt=1.272462704561381e-4 bracket=Some((0.00011152403701844809, 0.00014296850389382813)) hit=TerrainSweepHit { collider: 42, node: TerrainNodeId { coordinates: BrickCoord { x: -67108864, y: -67108864, z: -67108864 }, level: 27 }, triangle: 1, fraction: 0.9909071150549742, separation: 8.176792576364278e-14 }
localize clear dt=1.2567404711236912e-4 upper=1.272462704561381e-4 width=1.5722233437689937e-6
localize clear dt=1.264601587842536e-4 upper=1.272462704561381e-4 width=7.861116718845104e-7
localize hit dt=1.2685321462019587e-4 bracket=Some((0.0001264601587842536, 0.0001272462704561381)) hit=TerrainSweepHit { collider: 42, node: TerrainNodeId { coordinates: BrickCoord { x: -67108864, y: -67108864, z: -67108864 }, level: 27 }, triangle: 1, fraction: 0.9972340668657372, separation: 8.298917109073045e-14 }
localize clear dt=1.2650234711069012e-4 upper=1.2685321462019587e-4 width=3.5086750950575414e-7
localize clear dt=1.26677780865443e-4 upper=1.2685321462019587e-4 width=1.7543375475286352e-7
localize hit dt=1.2676549774281944e-4 bracket=Some((0.000126677780865443, 0.00012685321462019587)) hit=TerrainSweepHit { collider: 42, node: TerrainNodeId { coordinates: BrickCoord { x: -67108864, y: -67108864, z: -67108864 }, level: 27 }, triangle: 1, fraction: 0.9986543061662045, separation: 8.3322237998118e-14 }
localize hit dt=1.2668655255318066e-4 bracket=Some((0.000126677780865443, 0.00012676549774281944)) hit=TerrainSweepHit { collider: 42, node: TerrainNodeId { coordinates: BrickCoord { x: -67108864, y: -67108864, z: -67108864 }, level: 27 }, triangle: 1, fraction: 0.9999351173965773, separation: 8.415490526658687e-14 }
localize clear dt=1.2667865803421677e-4 upper=1.2668655255318066e-4 width=7.894518963894037e-9
localize hit dt=1.266826052936987e-4 bracket=Some((0.00012667865803421677, 0.00012668655255318066)) hit=TerrainSweepHit { collider: 42, node: TerrainNodeId { coordinates: BrickCoord { x: -67108864, y: -67108864, z: -67108864 }, level: 27 }, triangle: 1, fraction: 0.9999992230491737, separation: 8.443246102274315e-14 }
localize clear dt=1.2668221056775052e-4 upper=1.266826052936987e-4 width=3.9472594818928085e-10
localize clear dt=1.266824079307246e-4 upper=1.266826052936987e-4 width=1.9736297410819295e-10
localize clear dt=1.2668250661221166e-4 upper=1.266826052936987e-4 width=9.868148705409648e-11
localize clear dt=1.266825559529552e-4 upper=1.266826052936987e-4 width=4.934074351349571e-11
localize hit dt=1.2668258062332696e-4 bracket=Some((0.0001266825559529552, 0.0001266826052936987)) hit=TerrainSweepHit { collider: 42, node: TerrainNodeId { coordinates: BrickCoord { x: -67108864, y: -67108864, z: -67108864 }, level: 27 }, triangle: 1, fraction: 0.9999996262155338, separation: 8.393286066166183e-14 }
localize hit dt=1.2668255841999238e-4 bracket=Some((0.0001266825559529552, 0.00012668258062332696)) hit=TerrainSweepHit { collider: 42, node: TerrainNodeId { coordinates: BrickCoord { x: -67108864, y: -67108864, z: -67108864 }, level: 27 }, triangle: 1, fraction: 0.9999999865200889, separation: 8.348877145181177e-14 }
localize clear dt=1.2668255671232276e-4 upper=1.2668255841999238e-4 width=1.7076696231122651e-12
localize hit dt=4.039984109100509e-3 bracket=None hit=TerrainSweepHit { collider: 67, node: TerrainNodeId { coordinates: BrickCoord { x: -67108864, y: -67108864, z: -67108864 }, level: 27 }, triangle: 1, fraction: 0.7559716892760269, separation: 1.1102230246251565e-16 }
localize clear dt=3.054113611605016e-3 upper=4.039984109100509e-3 width=9.85870497495493e-4
localize hit dt=3.5470488603527627e-3 bracket=Some((0.003054113611605016, 0.004039984109100509)) hit=TerrainSweepHit { collider: 67, node: TerrainNodeId { coordinates: BrickCoord { x: -67108864, y: -67108864, z: -67108864 }, level: 27 }, triangle: 1, fraction: 0.8655737978705191, separation: -2.7755575615628914e-16 }
localize hit dt=3.103407136479791e-3 bracket=Some((0.003054113611605016, 0.0035470488603527627)) hit=TerrainSweepHit { collider: 67, node: TerrainNodeId { coordinates: BrickCoord { x: -67108864, y: -67108864, z: -67108864 }, level: 27 }, triangle: 1, fraction: 0.9940850681004626, separation: 1.6653345369377348e-16 }
localize clear dt=3.0850506946109744e-3 upper=3.103407136479791e-3 width=1.8356441868816464e-5
localize hit dt=3.0942289155453826e-3 bracket=Some((0.0030850506946109744, 0.003103407136479791)) hit=TerrainSweepHit { collider: 67, node: TerrainNodeId { coordinates: BrickCoord { x: -67108864, y: -67108864, z: -67108864 }, level: 27 }, triangle: 1, fraction: 0.9971338605383608, separation: -1.6653345369377348e-16 }
localize hit dt=3.085968516704415e-3 bracket=Some((0.0030850506946109744, 0.0030942289155453826)) hit=TerrainSweepHit { collider: 67, node: TerrainNodeId { coordinates: BrickCoord { x: -67108864, y: -67108864, z: -67108864 }, level: 27 }, triangle: 1, fraction: 0.9998933152866419, separation: -5.551115123125783e-17 }
localize clear dt=3.0856392910377783e-3 upper=3.085968516704415e-3 width=3.292256666367205e-7
localize hit dt=3.0858039038710967e-3 bracket=Some((0.0030856392910377783, 0.003085968516704415)) hit=TerrainSweepHit { collider: 67, node: TerrainNodeId { coordinates: BrickCoord { x: -67108864, y: -67108864, z: -67108864 }, level: 27 }, triangle: 1, fraction: 0.9999484560513846, separation: 5.551115123125783e-17 }
localize hit dt=3.08565575232111e-3 bracket=Some((0.0030856392910377783, 0.0030858039038710967)) hit=TerrainSweepHit { collider: 67, node: TerrainNodeId { coordinates: BrickCoord { x: -67108864, y: -67108864, z: -67108864 }, level: 27 }, triangle: 1, fraction: 0.9999980877815622, separation: 4.440892098500626e-16 }
localize clear dt=3.085649851873288e-3 upper=3.08565575232111e-3 width=5.900447822178301e-9
localize hit dt=3.085652802097199e-3 bracket=Some((0.003085649851873288, 0.00308565575232111)) hit=TerrainSweepHit { collider: 67, node: TerrainNodeId { coordinates: BrickCoord { x: -67108864, y: -67108864, z: -67108864 }, level: 27 }, triangle: 1, fraction: 0.9999990761742049, separation: 3.885780586188048e-16 }
localize hit dt=3.085650146895679e-3 bracket=Some((0.003085649851873288, 0.003085652802097199)) hit=TerrainSweepHit { collider: 67, node: TerrainNodeId { coordinates: BrickCoord { x: -67108864, y: -67108864, z: -67108864 }, level: 27 }, triangle: 1, fraction: 0.9999999657292761, separation: 2.7755575615628914e-16 }
localize clear dt=3.0856500411482147e-3 upper=3.085650146895679e-3 width=1.057474641706635e-10
localize hit dt=3.085650094021947e-3 bracket=Some((0.0030856500411482147, 0.003085650146895679)) hit=TerrainSweepHit { collider: 67, node: TerrainNodeId { coordinates: BrickCoord { x: -67108864, y: -67108864, z: -67108864 }, level: 27 }, triangle: 1, fraction: 0.9999999834431721, separation: 2.220446049250313e-16 }
localize hit dt=3.085650046435588e-3 bracket=Some((0.0030856500411482147, 0.003085650094021947)) hit=TerrainSweepHit { collider: 67, node: TerrainNodeId { coordinates: BrickCoord { x: -67108864, y: -67108864, z: -67108864 }, level: 27 }, triangle: 1, fraction: 0.9999999993857469, separation: 4.440892098500626e-16 }
localize clear dt=3.085650044540218e-3 upper=3.085650046435588e-3 width=1.8953701455548533e-12
localize hit dt=3.085650045487903e-3 bracket=Some((0.003085650044540218, 0.003085650046435588)) hit=TerrainSweepHit { collider: 67, node: TerrainNodeId { coordinates: BrickCoord { x: -67108864, y: -67108864, z: -67108864 }, level: 27 }, triangle: 1, fraction: 0.9999999997034282, separation: 1.1102230246251565e-16 }
localize hit dt=9.543340644655226e-4 bracket=None hit=TerrainSweepHit { collider: 42, node: TerrainNodeId { coordinates: BrickCoord { x: -67108864, y: -67108864, z: -67108864 }, level: 27 }, triangle: 1, fraction: 0.01226795822763625, separation: 2.220446049250313e-16 }
localize clear dt=1.1707730438073352e-5 upper=9.543340644655226e-4 width=9.426263340274493e-4
localize hit dt=4.83020897451798e-4 bracket=Some((1.1707730438073352e-5, 0.0009543340644655226)) hit=TerrainSweepHit { collider: 42, node: TerrainNodeId { coordinates: BrickCoord { x: -67108864, y: -67108864, z: -67108864 }, level: 27 }, triangle: 1, fraction: 0.21627027388336062, separation: 1.0935696792557792e-14 }
localize clear dt=1.04463061783287e-4 upper=4.83020897451798e-4 width=3.78557835668511e-4
localize clear dt=2.937419796175425e-4 upper=4.83020897451798e-4 width=1.892789178342555e-4
localize clear dt=3.8838143853467025e-4 upper=4.83020897451798e-4 width=9.463945891712776e-5
localize clear dt=4.3570116799323416e-4 upper=4.83020897451798e-4 width=4.731972945856385e-5
localize hit dt=4.593610327225161e-4 bracket=Some((0.00043570116799323416, 0.000483020897451798)) hit=TerrainSweepHit { collider: 42, node: TerrainNodeId { coordinates: BrickCoord { x: -67108864, y: -67108864, z: -67108864 }, level: 27 }, triangle: 1, fraction: 0.38029212245709015, separation: 2.2570834090629432e-13 }
localize clear dt=4.3806715446616235e-4 upper=4.593610327225161e-4 width=2.1293878256353738e-5
localize hit dt=4.487140935943392e-4 bracket=Some((0.00043806715446616235, 0.0004593610327225161)) hit=TerrainSweepHit { collider: 42, node: TerrainNodeId { coordinates: BrickCoord { x: -67108864, y: -67108864, z: -67108864 }, level: 27 }, triangle: 1, fraction: 0.55835855071436, separation: -1.6653345369377348e-16 }
localize hit dt=4.3913184837898e-4 bracket=Some((0.00043806715446616235, 0.0004487140935943392)) hit=TerrainSweepHit { collider: 42, node: TerrainNodeId { coordinates: BrickCoord { x: -67108864, y: -67108864, z: -67108864 }, level: 27 }, triangle: 1, fraction: 0.9372929955977708, separation: 1.27675647831893e-15 }
localize clear dt=4.381736238574441e-4 upper=4.3913184837898e-4 width=9.582245215359253e-7
localize hit dt=4.3865273611821205e-4 bracket=Some((0.0004381736238574441, 0.00043913184837898)) hit=TerrainSweepHit { collider: 42, node: TerrainNodeId { coordinates: BrickCoord { x: -67108864, y: -67108864, z: -67108864 }, level: 27 }, triangle: 1, fraction: 0.9695238366542501, separation: 1.9984014443252818e-15 }
localize clear dt=4.3822153508352087e-4 upper=4.3865273611821205e-4 width=4.3120103469118263e-7
localize hit dt=4.3843713560086644e-4 bracket=Some((0.00043822153508352087, 0.00043865273611821205)) hit=TerrainSweepHit { collider: 42, node: TerrainNodeId { coordinates: BrickCoord { x: -67108864, y: -67108864, z: -67108864 }, level: 27 }, triangle: 1, fraction: 0.9847411404726923, separation: 2.55351295663786e-15 }
localize hit dt=4.382430951352554e-4 bracket=Some((0.00043822153508352087, 0.00043843713560086644)) hit=TerrainSweepHit { collider: 42, node: TerrainNodeId { coordinates: BrickCoord { x: -67108864, y: -67108864, z: -67108864 }, level: 27 }, triangle: 1, fraction: 0.9988395465349691, separation: 2.942091015256665e-15 }
localize clear dt=4.382236910886943e-4 upper=4.382430951352554e-4 width=1.9404046561102405e-8
localize hit dt=4.3823339311197483e-4 bracket=Some((0.0004382236910886943, 0.0004382430951352554)) hit=TerrainSweepHit { collider: 42, node: TerrainNodeId { coordinates: BrickCoord { x: -67108864, y: -67108864, z: -67108864 }, level: 27 }, triangle: 1, fraction: 0.9995547897673123, separation: 2.609024107869118e-15 }
localize clear dt=4.3822466129102235e-4 upper=4.3823339311197483e-4 width=8.731820952487951e-9
localize hit dt=4.382290272014986e-4 bracket=Some((0.00043822466129102235, 0.00043823339311197483)) hit=TerrainSweepHit { collider: 42, node: TerrainNodeId { coordinates: BrickCoord { x: -67108864, y: -67108864, z: -67108864 }, level: 27 }, triangle: 1, fraction: 0.9998769737994547, separation: 2.942091015256665e-15 }
localize clear dt=4.3822509788206995e-4 upper=4.382290272014986e-4 width=3.929319428641262e-9
localize clear dt=4.3822706254178427e-4 upper=4.382290272014986e-4 width=1.964659714320631e-9
localize hit dt=4.3822804487164143e-4 bracket=Some((0.00043822706254178427, 0.0004382290272014986)) hit=TerrainSweepHit { collider: 42, node: TerrainNodeId { coordinates: BrickCoord { x: -67108864, y: -67108864, z: -67108864 }, level: 27 }, triangle: 1, fraction: 0.9999494935621043, separation: 2.7200464103316335e-15 }
localize clear dt=4.3822716077477e-4 upper=4.3822804487164143e-4 width=8.840968714497049e-10
localize hit dt=4.382276028232057e-4 bracket=Some((0.00043822716077477, 0.00043822804487164143)) hit=TerrainSweepHit { collider: 42, node: TerrainNodeId { coordinates: BrickCoord { x: -67108864, y: -67108864, z: -67108864 }, level: 27 }, triangle: 1, fraction: 0.9999821265056488, separation: 2.886579864025407e-15 }
localize clear dt=4.3822720497961354e-4 upper=4.382276028232057e-4 width=3.9784359216320925e-10
localize hit dt=4.382274039014096e-4 bracket=Some((0.00043822720497961354, 0.0004382276028232057)) hit=TerrainSweepHit { collider: 42, node: TerrainNodeId { coordinates: BrickCoord { x: -67108864, y: -67108864, z: -67108864 }, level: 27 }, triangle: 1, fraction: 0.9999968187950476, separation: 2.7200464103316335e-15 }
localize clear dt=4.3822722487179313e-4 upper=4.382274039014096e-4 width=1.790296164897072e-10
localize clear dt=4.382273143866014e-4 upper=4.382274039014096e-4 width=8.951480821774854e-11
localize clear dt=4.382273591440055e-4 upper=4.382274039014096e-4 width=4.475740410887427e-11
localize hit dt=4.3822738152270754e-4 bracket=Some((0.0004382273591440055, 0.0004382274039014096)) hit=TerrainSweepHit { collider: 42, node: TerrainNodeId { coordinates: BrickCoord { x: -67108864, y: -67108864, z: -67108864 }, level: 27 }, triangle: 1, fraction: 0.9999984698529266, separation: 3.1086244689504383e-15 }
localize hit dt=4.382273613818757e-4 bracket=Some((0.0004382273591440055, 0.00043822738152270754)) hit=TerrainSweepHit { collider: 42, node: TerrainNodeId { coordinates: BrickCoord { x: -67108864, y: -67108864, z: -67108864 }, level: 27 }, triangle: 1, fraction: 0.999999956035308, separation: 3.0531133177191805e-15 }
localize clear dt=4.3822735936779254e-4 upper=4.382273613818757e-4 width=2.0140831819177862e-12
localize clear dt=4.3822736037483416e-4 upper=4.382273613818757e-4 width=1.0070415638538388e-12
localize hit dt=4.3822736087835494e-4 bracket=Some((0.00043822736037483416, 0.0004382273613818757)) hit=TerrainSweepHit { collider: 42, node: TerrainNodeId { coordinates: BrickCoord { x: -67108864, y: -67108864, z: -67108864 }, level: 27 }, triangle: 1, fraction: 0.9999999906962891, separation: 3.0531133177191805e-15 }
localize clear dt=4.3822736042518624e-4 upper=4.3822736087835494e-4 width=4.531686983132166e-13
localize clear dt=4.382273606517706e-4 upper=4.3822736087835494e-4 width=2.26584322051554e-13
localize clear dt=4.382273607650628e-4 upper=4.3822736087835494e-4 width=1.1329213392072268e-13
localize hit dt=4.382273608217089e-4 bracket=Some((0.0004382273607650628, 0.00043822736087835494)) hit=TerrainSweepHit { collider: 42, node: TerrainNodeId { coordinates: BrickCoord { x: -67108864, y: -67108864, z: -67108864 }, level: 27 }, triangle: 1, fraction: 0.9999999942830331, separation: 3.2751579226442118e-15 }
localize clear dt=4.3822736077072744e-4 upper=4.382273608217089e-4 width=5.098146297483064e-14
localize clear dt=4.3822736079621817e-4 upper=4.382273608217089e-4 width=2.549073148741532e-14
localize hit dt=4.3822736080896356e-4 bracket=Some((0.00043822736079621817, 0.0004382273608217089)) hit=TerrainSweepHit { collider: 42, node: TerrainNodeId { coordinates: BrickCoord { x: -67108864, y: -67108864, z: -67108864 }, level: 27 }, triangle: 1, fraction: 0.9999999969349868, separation: 3.1086244689504383e-15 }
localize clear dt=4.382273607974927e-4 upper=4.3822736080896356e-4 width=1.1470858984896637e-14
localize hit dt=5.161067036622943e-4 bracket=None hit=TerrainSweepHit { collider: 67, node: TerrainNodeId { coordinates: BrickCoord { x: -67108864, y: -67108864, z: -67108864 }, level: 27 }, triangle: 1, fraction: 0.00035005287753573874, separation: 8.326672684688674e-16 }
localize clear dt=1.8066463673247093e-7 upper=5.161067036622943e-4 width=5.159260390255619e-4
localize hit dt=2.581436841495134e-4 bracket=Some((1.8066463673247093e-7, 0.0005161067036622943)) hit=TerrainSweepHit { collider: 67, node: TerrainNodeId { coordinates: BrickCoord { x: -67108864, y: -67108864, z: -67108864 }, level: 27 }, triangle: 1, fraction: 0.0011810821972376674, separation: 2.55351295663786e-15 }
localize hit dt=2.5976966588010566e-5 bracket=Some((1.8066463673247093e-7, 0.0002581436841495134)) hit=TerrainSweepHit { collider: 67, node: TerrainNodeId { coordinates: BrickCoord { x: -67108864, y: -67108864, z: -67108864 }, level: 27 }, triangle: 1, fraction: 0.1233623867998572, separation: 1.6653345369377348e-16 }
localize clear dt=3.204580600117126e-6 upper=2.5976966588010566e-5 width=2.277238598789344e-5
localize hit dt=1.4590773594063846e-5 bracket=Some((3.204580600117126e-6, 2.5976966588010566e-5)) hit=TerrainSweepHit { collider: 67, node: TerrainNodeId { coordinates: BrickCoord { x: -67108864, y: -67108864, z: -67108864 }, level: 27 }, triangle: 1, fraction: 0.4125575002974796, separation: -2.220446049250313e-16 }
localize clear dt=6.019533081373453e-6 upper=1.4590773594063846e-5 width=8.571240512690393e-6
localize hit dt=1.0305153337718649e-5 bracket=Some((6.019533081373453e-6, 1.4590773594063846e-5)) hit=TerrainSweepHit { collider: 67, node: TerrainNodeId { coordinates: BrickCoord { x: -67108864, y: -67108864, z: -67108864 }, level: 27 }, triangle: 1, fraction: 0.872757653654681, separation: -1.6653345369377348e-16 }
localize clear dt=8.993901447579033e-6 upper=1.0305153337718649e-5 width=1.3112518901396158e-6
localize clear dt=9.649527392648842e-6 upper=1.0305153337718649e-5 width=6.556259450698071e-7
localize hit dt=9.977340365183745e-6 bracket=Some((9.649527392648842e-6, 1.0305153337718649e-5)) hit=TerrainSweepHit { collider: 67, node: TerrainNodeId { coordinates: BrickCoord { x: -67108864, y: -67108864, z: -67108864 }, level: 27 }, triangle: 1, fraction: 0.9368477855270011, separation: 0.0 }
localize clear dt=9.682308689902332e-6 upper=9.977340365183745e-6 width=2.9503167528141267e-7
localize hit dt=9.829824527543039e-6 bracket=Some((9.682308689902332e-6, 9.977340365183745e-6)) hit=TerrainSweepHit { collider: 67, node: TerrainNodeId { coordinates: BrickCoord { x: -67108864, y: -67108864, z: -67108864 }, level: 27 }, triangle: 1, fraction: 0.9680215149975991, separation: -5.551115123125783e-17 }
localize hit dt=9.697060273666402e-6 bracket=Some((9.682308689902332e-6, 9.829824527543039e-6)) hit=TerrainSweepHit { collider: 67, node: TerrainNodeId { coordinates: BrickCoord { x: -67108864, y: -67108864, z: -67108864 }, level: 27 }, triangle: 1, fraction: 0.9974318179504122, separation: 0.0 }
localize clear dt=9.68378384827874e-6 upper=9.697060273666402e-6 width=1.3276425387662283e-8
localize hit dt=9.69042206097257e-6 bracket=Some((9.68378384827874e-6, 9.697060273666402e-6)) hit=TerrainSweepHit { collider: 67, node: TerrainNodeId { coordinates: BrickCoord { x: -67108864, y: -67108864, z: -67108864 }, level: 27 }, triangle: 1, fraction: 0.998937789223322, separation: -4.440892098500626e-16 }
localize clear dt=9.684447669548123e-6 upper=9.69042206097257e-6 width=5.974391424446926e-9
localize hit dt=9.687434865260347e-6 bracket=Some((9.684447669548123e-6, 9.69042206097257e-6)) hit=TerrainSweepHit { collider: 67, node: TerrainNodeId { coordinates: BrickCoord { x: -67108864, y: -67108864, z: -67108864 }, level: 27 }, triangle: 1, fraction: 0.999616246768236, separation: -2.220446049250313e-16 }
localize clear dt=9.684746389119346e-6 upper=9.687434865260347e-6 width=2.6884761410006085e-9
localize hit dt=9.686090627189847e-6 bracket=Some((9.684746389119346e-6, 9.687434865260347e-6)) hit=TerrainSweepHit { collider: 67, node: TerrainNodeId { coordinates: BrickCoord { x: -67108864, y: -67108864, z: -67108864 }, level: 27 }, triangle: 1, fraction: 0.9999220172925612, separation: 1.6653345369377348e-16 }
localize clear dt=9.685335279618242e-6 upper=9.686090627189847e-6 width=7.553475716049087e-10
localize clear dt=9.685712953404043e-6 upper=9.686090627189847e-6 width=3.7767378580330136e-10
localize hit dt=9.685901790296945e-6 bracket=Some((9.685712953404043e-6, 9.686090627189847e-6)) hit=TerrainSweepHit { collider: 67, node: TerrainNodeId { coordinates: BrickCoord { x: -67108864, y: -67108864, z: -67108864 }, level: 27 }, triangle: 1, fraction: 0.9999648484724307, separation: -1.1102230246251565e-16 }
localize clear dt=9.685731837093333e-6 upper=9.685901790296945e-6 width=1.6995320361165502e-10
localize hit dt=9.685816813695138e-6 bracket=Some((9.685731837093333e-6, 9.685901790296945e-6)) hit=TerrainSweepHit { collider: 67, node: TerrainNodeId { coordinates: BrickCoord { x: -67108864, y: -67108864, z: -67108864 }, level: 27 }, triangle: 1, fraction: 0.9999842827659738, separation: 0.0 }
localize clear dt=9.685740334753513e-6 upper=9.685816813695138e-6 width=7.647894162516006e-11
localize hit dt=9.685778574224326e-6 bracket=Some((9.685740334753513e-6, 9.685816813695138e-6)) hit=TerrainSweepHit { collider: 67, node: TerrainNodeId { coordinates: BrickCoord { x: -67108864, y: -67108864, z: -67108864 }, level: 27 }, triangle: 1, fraction: 0.9999927574638264, separation: 5.551115123125783e-17 }
localize clear dt=9.685744158700594e-6 upper=9.685778574224326e-6 width=3.441552373149143e-11
localize hit dt=9.68576136646246e-6 bracket=Some((9.685744158700594e-6, 9.685778574224326e-6)) hit=TerrainSweepHit { collider: 67, node: TerrainNodeId { coordinates: BrickCoord { x: -67108864, y: -67108864, z: -67108864 }, level: 27 }, triangle: 1, fraction: 0.9999965810735216, separation: 3.3306690738754696e-16 }
localize clear dt=9.68574587947678e-6 upper=9.68576136646246e-6 width=1.5486985680018177e-11
localize hit dt=9.68575362296962e-6 bracket=Some((9.68574587947678e-6, 9.68576136646246e-6)) hit=TerrainSweepHit { collider: 67, node: TerrainNodeId { coordinates: BrickCoord { x: -67108864, y: -67108864, z: -67108864 }, level: 27 }, triangle: 1, fraction: 0.9999983375626702, separation: 1.6653345369377348e-16 }
localize clear dt=9.685746653826064e-6 upper=9.68575362296962e-6 width=6.969143556177586e-12
localize hit dt=9.685750138397843e-6 bracket=Some((9.685746653826064e-6, 9.68575362296962e-6)) hit=TerrainSweepHit { collider: 67, node: TerrainNodeId { coordinates: BrickCoord { x: -67108864, y: -67108864, z: -67108864 }, level: 27 }, triangle: 1, fraction: 0.9999993670309671, separation: 1.1102230246251565e-16 }
localize hit dt=4.166666666666667e-3 bracket=None hit=TerrainSweepHit { collider: 42, node: TerrainNodeId { coordinates: BrickCoord { x: -67108864, y: -67108864, z: -67108864 }, level: 27 }, triangle: 1, fraction: 1.5851461784281352e-6, separation: 0.0 }
localize clear dt=6.604775743450563e-9 upper=4.166666666666667e-3 width=4.166660061890923e-3
localize hit dt=2.0833366357212047e-3 bracket=Some((6.604775743450563e-9, 0.004166666666666667)) hit=TerrainSweepHit { collider: 42, node: TerrainNodeId { coordinates: BrickCoord { x: -67108864, y: -67108864, z: -67108864 }, level: 27 }, triangle: 1, fraction: 6.2802026264763675e-6, separation: 0.0 }
localize hit dt=2.083396078702896e-4 bracket=Some((6.604775743450563e-9, 0.0020833366357212047)) hit=TerrainSweepHit { collider: 42, node: TerrainNodeId { coordinates: BrickCoord { x: -67108864, y: -67108864, z: -67108864 }, level: 27 }, triangle: 1, fraction: 0.0006179182424795648, separation: 5.551115123125783e-16 }
localize hit dt=2.0839905085198067e-5 bracket=Some((6.604775743450563e-9, 0.0002083396078702896)) hit=TerrainSweepHit { collider: 42, node: TerrainNodeId { coordinates: BrickCoord { x: -67108864, y: -67108864, z: -67108864 }, level: 27 }, triangle: 1, fraction: 0.06166396414927888, separation: 5.140332604014475e-14 }
localize clear dt=2.0899348066889126e-6 upper=2.0839905085198067e-5 width=1.8749970278509156e-5
localize hit dt=1.146491994594349e-5 bracket=Some((2.0899348066889126e-6, 2.0839905085198067e-5)) hit=TerrainSweepHit { collider: 42, node: TerrainNodeId { coordinates: BrickCoord { x: -67108864, y: -67108864, z: -67108864 }, level: 27 }, triangle: 1, fraction: 0.2043216984081191, separation: 1.7053025658242404e-13 }
localize clear dt=3.0274333206143705e-6 upper=1.146491994594349e-5 width=8.437486625329119e-6
localize hit dt=7.24617663327893e-6 bracket=Some((3.0274333206143705e-6, 1.146491994594349e-5)) hit=TerrainSweepHit { collider: 42, node: TerrainNodeId { coordinates: BrickCoord { x: -67108864, y: -67108864, z: -67108864 }, level: 27 }, triangle: 1, fraction: 0.5140614629006524, separation: 5.551115123125783e-17 }
localize clear dt=3.7249801605398907e-6 upper=7.24617663327893e-6 width=3.5211964727390394e-6
localize hit dt=5.485578396909411e-6 bracket=Some((3.7249801605398907e-6, 7.24617663327893e-6)) hit=TerrainSweepHit { collider: 42, node: TerrainNodeId { coordinates: BrickCoord { x: -67108864, y: -67108864, z: -67108864 }, level: 27 }, triangle: 1, fraction: 0.9004344111788215, separation: 0.0 }
localize clear dt=4.939403553796389e-6 upper=5.485578396909411e-6 width=5.461748431130216e-7
localize hit dt=5.2124909753529e-6 bracket=Some((4.939403553796389e-6, 5.485578396909411e-6)) hit=TerrainSweepHit { collider: 42, node: TerrainNodeId { coordinates: BrickCoord { x: -67108864, y: -67108864, z: -67108864 }, level: 27 }, triangle: 1, fraction: 0.9980827331778686, separation: 1.6653345369377348e-16 }
localize clear dt=5.185182233197249e-6 upper=5.2124909753529e-6 width=2.730874215565108e-8
localize clear dt=5.198836604275074e-6 upper=5.2124909753529e-6 width=1.365437107782554e-8
localize clear dt=5.205663789813987e-6 upper=5.2124909753529e-6 width=6.827185538913193e-9
localize hit dt=5.209077382583443e-6 bracket=Some((5.205663789813987e-6, 5.2124909753529e-6)) hit=TerrainSweepHit { collider: 42, node: TerrainNodeId { coordinates: BrickCoord { x: -67108864, y: -67108864, z: -67108864 }, level: 27 }, triangle: 1, fraction: 0.999403296575861, separation: -2.7755575615628914e-16 }
localize clear dt=5.206005149090932e-6 upper=5.209077382583443e-6 width=3.0722334925111064e-9
localize hit dt=5.207541265837188e-6 bracket=Some((5.206005149090932e-6, 5.209077382583443e-6)) hit=TerrainSweepHit { collider: 42, node: TerrainNodeId { coordinates: BrickCoord { x: -67108864, y: -67108864, z: -67108864 }, level: 27 }, triangle: 1, fraction: 0.9999974839479059, separation: -4.440892098500626e-16 }
localize clear dt=5.207387654162562e-6 upper=5.207541265837188e-6 width=1.536116746253012e-10
localize clear dt=5.2074644599998754e-6 upper=5.207541265837188e-6 width=7.680583731222709e-11
localize clear dt=5.207502862918531e-6 upper=5.207541265837188e-6 width=3.840291865653706e-11
localize clear dt=5.207522064377859e-6 upper=5.207541265837188e-6 width=1.9201459328692047e-11
localize clear dt=5.207531665107523e-6 upper=5.207541265837188e-6 width=9.60072966476954e-12
localize hit dt=5.207536465472356e-6 bracket=Some((5.207531665107523e-6, 5.207541265837188e-6)) hit=TerrainSweepHit { collider: 42, node: TerrainNodeId { coordinates: BrickCoord { x: -67108864, y: -67108864, z: -67108864 }, level: 27 }, triangle: 1, fraction: 0.9999978246235937, separation: 2.7755575615628914e-16 }
localize hit dt=5.207532145144006e-6 bracket=Some((5.207531665107523e-6, 5.207536465472356e-6)) hit=TerrainSweepHit { collider: 42, node: TerrainNodeId { coordinates: BrickCoord { x: -67108864, y: -67108864, z: -67108864 }, level: 27 }, triangle: 1, fraction: 0.9999997083071237, separation: 1.1102230246251565e-16 }
localize clear dt=5.207531713111171e-6 upper=5.207532145144006e-6 width=4.320328351052117e-13
localize clear dt=5.207531929127589e-6 upper=5.207532145144006e-6 width=2.1601641712908938e-13
localize clear dt=5.207532037135798e-6 upper=5.207532145144006e-6 width=1.0800820856454469e-13
localize clear dt=5.207532091139902e-6 upper=5.207532145144006e-6 width=5.4004104282272345e-14
localize clear dt=5.207532118141955e-6 upper=5.207532145144006e-6 width=2.70020517176197e-14
localize clear dt=5.2075321316429805e-6 upper=5.207532145144006e-6 width=1.350102585880985e-14
localize hit dt=4.161459134528273e-3 bracket=None hit=TerrainSweepHit { collider: 67, node: TerrainNodeId { coordinates: BrickCoord { x: -67108864, y: -67108864, z: -67108864 }, level: 27 }, triangle: 1, fraction: 6.419965314696857e-6, separation: 5.551115123125783e-17 }
localize clear dt=2.6716423302199917e-8 upper=4.161459134528273e-3 width=4.161432418104971e-3
localize hit dt=2.080742925475788e-3 bracket=Some((2.6716423302199917e-8, 0.004161459134528273)) hit=TerrainSweepHit { collider: 67, node: TerrainNodeId { coordinates: BrickCoord { x: -67108864, y: -67108864, z: -67108864 }, level: 27 }, triangle: 1, fraction: 2.4656357482209313e-5, separation: 5.551115123125783e-17 }
localize hit dt=2.0809833732855077e-4 bracket=Some((2.6716423302199917e-8, 0.002080742925475788)) hit=TerrainSweepHit { collider: 67, node: TerrainNodeId { coordinates: BrickCoord { x: -67108864, y: -67108864, z: -67108864 }, level: 27 }, triangle: 1, fraction: 0.0016552189757450858, separation: 3.6637359812630166e-15 }
localize hit dt=2.083387851382706e-5 bracket=Some((2.6716423302199917e-8, 0.00020809833732855077)) hit=TerrainSweepHit { collider: 67, node: TerrainNodeId { coordinates: BrickCoord { x: -67108864, y: -67108864, z: -67108864 }, level: 27 }, triangle: 1, fraction: 0.10028390252301733, separation: 1.4166445794216997e-13 }
localize clear dt=2.107432632354686e-6 upper=2.083387851382706e-5 width=1.8726445881472372e-5
localize hit dt=1.1470655573090873e-5 bracket=Some((2.107432632354686e-6, 2.083387851382706e-5)) hit=TerrainSweepHit { collider: 67, node: TerrainNodeId { coordinates: BrickCoord { x: -67108864, y: -67108864, z: -67108864 }, level: 27 }, triangle: 1, fraction: 0.2613511851162385, separation: 2.7755575615628914e-16 }
localize clear dt=3.0437549264283045e-6 upper=1.1470655573090873e-5 width=8.42690064666257e-6
localize hit dt=7.257205249759589e-6 bracket=Some((3.0437549264283045e-6, 1.1470655573090873e-5)) hit=TerrainSweepHit { collider: 67, node: TerrainNodeId { coordinates: BrickCoord { x: -67108864, y: -67108864, z: -67108864 }, level: 27 }, triangle: 1, fraction: 0.5135534915647192, separation: -3.885780586188048e-16 }
localize clear dt=3.726963095015847e-6 upper=7.257205249759589e-6 width=3.5302421547437423e-6
localize hit dt=5.4920841723877176e-6 bracket=Some((3.726963095015847e-6, 7.257205249759589e-6)) hit=TerrainSweepHit { collider: 67, node: TerrainNodeId { coordinates: BrickCoord { x: -67108864, y: -67108864, z: -67108864 }, level: 27 }, triangle: 1, fraction: 0.7555930505798193, separation: -1.6653345369377348e-16 }
localize clear dt=4.149780633855578e-6 upper=5.4920841723877176e-6 width=1.3423035385321397e-6
localize hit dt=4.820932403121647e-6 bracket=Some((4.149780633855578e-6, 5.4920841723877176e-6)) hit=TerrainSweepHit { collider: 67, node: TerrainNodeId { coordinates: BrickCoord { x: -67108864, y: -67108864, z: -67108864 }, level: 27 }, triangle: 1, fraction: 0.8995898328600347, separation: 1.1102230246251565e-16 }
localize clear dt=4.3368617747537284e-6 upper=4.820932403121647e-6 width=4.840706283679188e-7
localize hit dt=4.578897088937688e-6 bracket=Some((4.3368617747537284e-6, 4.820932403121647e-6)) hit=TerrainSweepHit { collider: 67, node: TerrainNodeId { coordinates: BrickCoord { x: -67108864, y: -67108864, z: -67108864 }, level: 27 }, triangle: 1, fraction: 0.9627943983914343, separation: -5.551115123125783e-17 }
localize clear dt=4.408536468040052e-6 upper=4.578897088937688e-6 width=1.7036062089763636e-7
localize hit dt=4.4937167784888705e-6 bracket=Some((4.408536468040052e-6, 4.578897088937688e-6)) hit=TerrainSweepHit { collider: 67, node: TerrainNodeId { coordinates: BrickCoord { x: -67108864, y: -67108864, z: -67108864 }, level: 27 }, triangle: 1, fraction: 0.9867840812734613, separation: -2.7755575615628914e-16 }
localize clear dt=4.434328182764278e-6 upper=4.4937167784888705e-6 width=5.9388595724592684e-8
localize hit dt=4.464022480626574e-6 bracket=Some((4.434328182764278e-6, 4.4937167784888705e-6)) hit=TerrainSweepHit { collider: 67, node: TerrainNodeId { coordinates: BrickCoord { x: -67108864, y: -67108864, z: -67108864 }, level: 27 }, triangle: 1, fraction: 0.9953781605709067, separation: -1.6653345369377348e-16 }
localize clear dt=4.443390485513255e-6 upper=4.464022480626574e-6 width=2.063199511331901e-8
localize hit dt=4.453706483069914e-6 bracket=Some((4.443390485513255e-6, 4.464022480626574e-6)) hit=TerrainSweepHit { collider: 67, node: TerrainNodeId { coordinates: BrickCoord { x: -67108864, y: -67108864, z: -67108864 }, level: 27 }, triangle: 1, fraction: 0.998392438829082, separation: -1.6653345369377348e-16 }
localize clear dt=4.446546877461066e-6 upper=4.453706483069914e-6 width=7.159605608848569e-9
localize hit dt=4.45012668026549e-6 bracket=Some((4.446546877461066e-6, 4.453706483069914e-6)) hit=TerrainSweepHit { collider: 67, node: TerrainNodeId { coordinates: BrickCoord { x: -67108864, y: -67108864, z: -67108864 }, level: 27 }, triangle: 1, fraction: 0.9994418011331335, separation: 1.6653345369377348e-16 }
localize clear dt=4.447642624595153e-6 upper=4.45012668026549e-6 width=2.484055670336632e-9
localize hit dt=4.448884652430321e-6 bracket=Some((4.447642624595153e-6, 4.45012668026549e-6)) hit=TerrainSweepHit { collider: 67, node: TerrainNodeId { coordinates: BrickCoord { x: -67108864, y: -67108864, z: -67108864 }, level: 27 }, triangle: 1, fraction: 0.9998064644998196, separation: 0.0 }
localize clear dt=4.448023635313868e-6 upper=4.448884652430321e-6 width=8.610171164532716e-10
localize hit dt=4.448454143872094e-6 bracket=Some((4.448023635313868e-6, 4.448884652430321e-6)) hit=TerrainSweepHit { collider: 67, node: TerrainNodeId { coordinates: BrickCoord { x: -67108864, y: -67108864, z: -67108864 }, level: 27 }, triangle: 1, fraction: 0.9999327988445268, separation: 1.6653345369377348e-16 }
localize clear dt=4.448155202613557e-6 upper=4.448454143872094e-6 width=2.9894125853742394e-10
localize hit dt=4.4483046732428254e-6 bracket=Some((4.448155202613557e-6, 4.448454143872094e-6)) hit=TerrainSweepHit { collider: 67, node: TerrainNodeId { coordinates: BrickCoord { x: -67108864, y: -67108864, z: -67108864 }, level: 27 }, triangle: 1, fraction: 0.9999770709632475, separation: -2.220446049250313e-16 }
localize clear dt=4.4482026779014865e-6 upper=4.4483046732428254e-6 width=1.0199534133896985e-10
localize hit dt=4.448253675572156e-6 bracket=Some((4.4482026779014865e-6, 4.4483046732428254e-6)) hit=TerrainSweepHit { collider: 67, node: TerrainNodeId { coordinates: BrickCoord { x: -67108864, y: -67108864, z: -67108864 }, level: 27 }, triangle: 1, fraction: 0.999991803396278, separation: 3.3306690738754696e-16 }
localize clear dt=4.448217214999523e-6 upper=4.448253675572156e-6 width=3.646057263378066e-11
localize hit dt=4.4482354452858395e-6 bracket=Some((4.448217214999523e-6, 4.448253675572156e-6)) hit=TerrainSweepHit { collider: 67, node: TerrainNodeId { coordinates: BrickCoord { x: -67108864, y: -67108864, z: -67108864 }, level: 27 }, triangle: 1, fraction: 0.999997059656626, separation: 1.1102230246251565e-16 }
localize clear dt=4.448222365946222e-6 upper=4.4482354452858395e-6 width=1.307933961755271e-11
localize hit dt=4.44822890561603e-6 bracket=Some((4.448222365946222e-6, 4.4482354452858395e-6)) hit=TerrainSweepHit { collider: 67, node: TerrainNodeId { coordinates: BrickCoord { x: -67108864, y: -67108864, z: -67108864 }, level: 27 }, triangle: 1, fraction: 0.9999991731404667, separation: 0.0 }
localize clear dt=4.448225227555554e-6 upper=4.44822890561603e-6 width=3.678060476459521e-12
localize hit dt=4.448227066585792e-6 bracket=Some((4.448225227555554e-6, 4.44822890561603e-6)) hit=TerrainSweepHit { collider: 67, node: TerrainNodeId { coordinates: BrickCoord { x: -67108864, y: -67108864, z: -67108864 }, level: 27 }, triangle: 1, fraction: 0.9999995198766849, separation: 1.1102230246251565e-16 }
localize clear dt=4.448225411458578e-6 upper=4.448227066585792e-6 width=1.6551272139409164e-12
localize hit dt=4.166666666666667e-3 bracket=None hit=TerrainSweepHit { collider: 42, node: TerrainNodeId { coordinates: BrickCoord { x: -67108864, y: -67108864, z: -67108864 }, level: 27 }, triangle: 1, fraction: 5.460053360727687e-5, separation: 1.6653345369377348e-15 }
localize clear dt=2.2750222336365362e-7 upper=4.166666666666667e-3 width=4.166439164443303e-3
localize hit dt=2.083447084445015e-3 bracket=Some((2.2750222336365362e-7, 0.004166666666666667)) hit=TerrainSweepHit { collider: 42, node: TerrainNodeId { coordinates: BrickCoord { x: -67108864, y: -67108864, z: -67108864 }, level: 27 }, triangle: 1, fraction: 0.00021670488903966656, separation: 6.439293542825908e-15 }
localize hit dt=2.085494604455288e-4 bracket=Some((2.2750222336365362e-7, 0.002083447084445015)) hit=TerrainSweepHit { collider: 42, node: TerrainNodeId { coordinates: BrickCoord { x: -67108864, y: -67108864, z: -67108864 }, level: 27 }, triangle: 1, fraction: 0.021491475363661493, separation: 3.885780586188048e-16 }
localize clear dt=2.1059698045580173e-5 upper=2.085494604455288e-4 width=1.8748976239994864e-4
localize hit dt=1.148045792455545e-4 bracket=Some((2.1059698045580173e-5, 0.0002085494604455288)) hit=TerrainSweepHit { collider: 42, node: TerrainNodeId { coordinates: BrickCoord { x: -67108864, y: -67108864, z: -67108864 }, level: 27 }, triangle: 1, fraction: 0.07094079474468551, separation: 2.7755575615628914e-16 }
localize clear dt=3.0434186165577607e-5 upper=1.148045792455545e-4 width=8.437039307997689e-5
localize hit dt=7.261938270556605e-5 bracket=Some((3.0434186165577607e-5, 0.0001148045792455545)) hit=TerrainSweepHit { collider: 42, node: TerrainNodeId { coordinates: BrickCoord { x: -67108864, y: -67108864, z: -67108864 }, level: 27 }, triangle: 1, fraction: 0.1774231023568301, separation: 3.3306690738754696e-16 }
localize hit dt=3.465270581957645e-5 bracket=Some((3.0434186165577607e-5, 7.261938270556605e-5)) hit=TerrainSweepHit { collider: 42, node: TerrainNodeId { coordinates: BrickCoord { x: -67108864, y: -67108864, z: -67108864 }, level: 27 }, triangle: 1, fraction: 0.781071679559081, separation: 4.440892098500626e-16 }
localize hit dt=3.085603813097749e-5 bracket=Some((3.0434186165577607e-5, 3.465270581957645e-5)) hit=TerrainSweepHit { collider: 42, node: TerrainNodeId { coordinates: BrickCoord { x: -67108864, y: -67108864, z: -67108864 }, level: 27 }, triangle: 1, fraction: 0.985692428793491, separation: 7.771561172376096e-16 }
localize clear dt=3.0476371362117595e-5 upper=3.085603813097749e-5 width=3.796667688598965e-7
localize hit dt=3.0666204746547544e-5 bracket=Some((3.0476371362117595e-5, 3.085603813097749e-5)) hit=TerrainSweepHit { collider: 42, node: TerrainNodeId { coordinates: BrickCoord { x: -67108864, y: -67108864, z: -67108864 }, level: 27 }, triangle: 1, fraction: 0.997967192141649, separation: 2.220446049250313e-16 }
localize clear dt=3.060386624455296e-5 upper=3.0666204746547544e-5 width=6.233850199458273e-8
localize clear dt=3.063503549555025e-5 upper=3.0666204746547544e-5 width=3.1169250997291364e-8
localize hit dt=3.06506201210489e-5 bracket=Some((3.063503549555025e-5, 3.0666204746547544e-5)) hit=TerrainSweepHit { collider: 42, node: TerrainNodeId { coordinates: BrickCoord { x: -67108864, y: -67108864, z: -67108864 }, level: 27 }, triangle: 1, fraction: 0.9989850185312226, separation: 3.885780586188048e-16 }
localize hit dt=3.063659395810012e-5 bracket=Some((3.063503549555025e-5, 3.06506201210489e-5)) hit=TerrainSweepHit { collider: 42, node: TerrainNodeId { coordinates: BrickCoord { x: -67108864, y: -67108864, z: -67108864 }, level: 27 }, triangle: 1, fraction: 0.9999024888629222, separation: 2.220446049250313e-16 }
localize hit dt=3.063519134180524e-5 bracket=Some((3.063503549555025e-5, 3.063659395810012e-5)) hit=TerrainSweepHit { collider: 42, node: TerrainNodeId { coordinates: BrickCoord { x: -67108864, y: -67108864, z: -67108864 }, level: 27 }, triangle: 1, fraction: 0.999994286780401, separation: 3.3306690738754696e-16 }
localize clear dt=3.0635051080175755e-5 upper=3.063519134180524e-5 width=1.4026162948655753e-10
localize hit dt=3.06351212109905e-5 bracket=Some((3.0635051080175755e-5, 3.063519134180524e-5)) hit=TerrainSweepHit { collider: 42, node: TerrainNodeId { coordinates: BrickCoord { x: -67108864, y: -67108864, z: -67108864 }, level: 27 }, triangle: 1, fraction: 0.9999988624175917, separation: 7.771561172376096e-16 }
localize clear dt=3.0635086361015535e-5 upper=3.06351212109905e-5 width=3.4849974963398634e-11
localize clear dt=3.063510378600302e-5 upper=3.06351212109905e-5 width=1.7424987478311185e-11
localize hit dt=3.063511249849676e-5 bracket=Some((3.063510378600302e-5, 3.06351212109905e-5)) hit=TerrainSweepHit { collider: 42, node: TerrainNodeId { coordinates: BrickCoord { x: -67108864, y: -67108864, z: -67108864 }, level: 27 }, triangle: 1, fraction: 0.9999994372036927, separation: 3.885780586188048e-16 }
localize hit dt=3.0635104657252395e-5 bracket=Some((3.063510378600302e-5, 3.063511249849676e-5)) hit=TerrainSweepHit { collider: 42, node: TerrainNodeId { coordinates: BrickCoord { x: -67108864, y: -67108864, z: -67108864 }, level: 27 }, triangle: 1, fraction: 0.9999999488029631, separation: 4.440892098500626e-16 }
localize clear dt=3.0635103873127954e-5 upper=3.0635104657252395e-5 width=7.841244404542362e-13
localize hit dt=4.136031562401476e-3 bracket=None hit=TerrainSweepHit { collider: 67, node: TerrainNodeId { coordinates: BrickCoord { x: -67108864, y: -67108864, z: -67108864 }, level: 27 }, triangle: 1, fraction: 0.0004976644062446027, separation: 1.5393242236427795e-13 }
localize clear dt=2.058355691711467e-6 upper=4.136031562401476e-3 width=4.133973206709765e-3
localize hit dt=2.069044959046594e-3 bracket=Some((2.058355691711467e-6, 0.004136031562401476)) hit=TerrainSweepHit { collider: 67, node: TerrainNodeId { coordinates: BrickCoord { x: -67108864, y: -67108864, z: -67108864 }, level: 27 }, triangle: 1, fraction: 0.001937061060277809, separation: 0.0 }
localize hit dt=2.0875701602719973e-4 bracket=Some((2.058355691711467e-6, 0.002069044959046594)) hit=TerrainSweepHit { collider: 67, node: TerrainNodeId { coordinates: BrickCoord { x: -67108864, y: -67108864, z: -67108864 }, level: 27 }, triangle: 1, fraction: 0.15176899071240987, separation: 5.551115123125783e-17 }
localize clear dt=3.168284162658247e-5 upper=2.0875701602719973e-4 width=1.7707417440061726e-4
localize hit dt=1.202199288268911e-4 bracket=Some((3.168284162658247e-5, 0.00020875701602719973)) hit=TerrainSweepHit { collider: 67, node: TerrainNodeId { coordinates: BrickCoord { x: -67108864, y: -67108864, z: -67108864 }, level: 27 }, triangle: 1, fraction: 0.39495976648869685, separation: 4.440892098500626e-16 }
localize clear dt=4.748203501675666e-5 upper=1.202199288268911e-4 width=7.273789381013443e-5
localize hit dt=8.385098192182389e-5 bracket=Some((4.748203501675666e-5, 0.0001202199288268911)) hit=TerrainSweepHit { collider: 67, node: TerrainNodeId { coordinates: BrickCoord { x: -67108864, y: -67108864, z: -67108864 }, level: 27 }, triangle: 1, fraction: 0.7123041830273503, separation: 3.885780586188048e-16 }
localize clear dt=5.9727405173865886e-5 upper=8.385098192182389e-5 width=2.4123576747958e-5
localize hit dt=7.178919354784488e-5 bracket=Some((5.9727405173865886e-5, 8.385098192182389e-5)) hit=TerrainSweepHit { collider: 67, node: TerrainNodeId { coordinates: BrickCoord { x: -67108864, y: -67108864, z: -67108864 }, level: 27 }, triangle: 1, fraction: 0.909831146679354, separation: -5.551115123125783e-17 }
localize clear dt=6.531604428482179e-5 upper=7.178919354784488e-5 width=6.473149263023088e-6
localize hit dt=6.855261891633333e-5 bracket=Some((6.531604428482179e-5, 7.178919354784488e-5)) hit=TerrainSweepHit { collider: 67, node: TerrainNodeId { coordinates: BrickCoord { x: -67108864, y: -67108864, z: -67108864 }, level: 27 }, triangle: 1, fraction: 0.9773285467899088, separation: 4.996003610813204e-16 }
localize clear dt=6.699843142414248e-5 upper=6.855261891633333e-5 width=1.5541874921908596e-6
localize hit dt=6.77755251702379e-5 bracket=Some((6.699843142414248e-5, 6.855261891633333e-5)) hit=TerrainSweepHit { collider: 67, node: TerrainNodeId { coordinates: BrickCoord { x: -67108864, y: -67108864, z: -67108864 }, level: 27 }, triangle: 1, fraction: 0.9946859926347211, separation: 7.216449660063518e-16 }
localize clear dt=6.741536553029762e-5 upper=6.77755251702379e-5 width=3.601596399402813e-7
localize hit dt=6.759544535026775e-5 bracket=Some((6.741536553029762e-5, 6.77755251702379e-5)) hit=TerrainSweepHit { collider: 67, node: TerrainNodeId { coordinates: BrickCoord { x: -67108864, y: -67108864, z: -67108864 }, level: 27 }, triangle: 1, fraction: 0.9987762682888729, separation: -1.6653345369377348e-16 }
localize clear dt=6.751272666026487e-5 upper=6.759544535026775e-5 width=8.271869000288574e-8
localize hit dt=6.75540860052663e-5 bracket=Some((6.751272666026487e-5, 6.759544535026775e-5)) hit=TerrainSweepHit { collider: 67, node: TerrainNodeId { coordinates: BrickCoord { x: -67108864, y: -67108864, z: -67108864 }, level: 27 }, triangle: 1, fraction: 0.9997193507401115, separation: 5.551115123125783e-16 }
localize clear dt=6.753512700102649e-5 upper=6.75540860052663e-5 width=1.8959004239815455e-8
localize hit dt=6.75446065031464e-5 bracket=Some((6.753512700102649e-5, 6.75540860052663e-5)) hit=TerrainSweepHit { collider: 67, node: TerrainNodeId { coordinates: BrickCoord { x: -67108864, y: -67108864, z: -67108864 }, level: 27 }, triangle: 1, fraction: 0.9999356991917198, separation: 7.771561172376096e-16 }
localize clear dt=6.754026333035327e-5 upper=6.75446065031464e-5 width=4.343172793129057e-9
localize hit dt=6.754243491674983e-5 bracket=Some((6.754026333035327e-5, 6.75446065031464e-5)) hit=TerrainSweepHit { collider: 67, node: TerrainNodeId { coordinates: BrickCoord { x: -67108864, y: -67108864, z: -67108864 }, level: 27 }, triangle: 1, fraction: 0.9999852735487825, separation: 4.440892098500626e-16 }
localize clear dt=6.754144025637692e-5 upper=6.754243491674983e-5 width=9.94660372905594e-10
localize hit dt=6.754193758656338e-5 bracket=Some((6.754144025637692e-5, 6.754243491674983e-5)) hit=TerrainSweepHit { collider: 67, node: TerrainNodeId { coordinates: BrickCoord { x: -67108864, y: -67108864, z: -67108864 }, level: 27 }, triangle: 1, fraction: 0.9999966256986914, separation: 6.106226635438361e-16 }
localize clear dt=6.7541709679715e-5 upper=6.754193758656338e-5 width=2.279068483820824e-10
localize hit dt=6.754182363313919e-5 bracket=Some((6.7541709679715e-5, 6.754193758656338e-5)) hit=TerrainSweepHit { collider: 67, node: TerrainNodeId { coordinates: BrickCoord { x: -67108864, y: -67108864, z: -67108864 }, level: 27 }, triangle: 1, fraction: 0.99999923105997, separation: 3.885780586188048e-16 }
localize clear dt=6.75417716975273e-5 upper=6.754182363313919e-5 width=5.193561188477757e-11
localize hit dt=6.754179766533324e-5 bracket=Some((6.75417716975273e-5, 6.754182363313919e-5)) hit=TerrainSweepHit { collider: 67, node: TerrainNodeId { coordinates: BrickCoord { x: -67108864, y: -67108864, z: -67108864 }, level: 27 }, triangle: 1, fraction: 0.999999818534476, separation: 5.551115123125783e-16 }
localize clear dt=6.754178540882552e-5 upper=6.754179766533324e-5 width=1.2256507711961434e-11
localize hit dt=6.754179153707938e-5 bracket=Some((6.754178540882552e-5, 6.754179766533324e-5)) hit=TerrainSweepHit { collider: 67, node: TerrainNodeId { coordinates: BrickCoord { x: -67108864, y: -67108864, z: -67108864 }, level: 27 }, triangle: 1, fraction: 0.9999999621969426, separation: 3.885780586188048e-16 }
localize clear dt=6.754178898379316e-5 upper=6.754179153707938e-5 width=2.553286222858539e-12
localize hit dt=4.06848977214104e-3 bracket=None hit=TerrainSweepHit { collider: 42, node: TerrainNodeId { coordinates: BrickCoord { x: -67108864, y: -67108864, z: -67108864 }, level: 27 }, triangle: 1, fraction: 7.441833131181803e-9, separation: -1.6653345369377348e-16 }
localize clear dt=3.0277021980193494e-11 upper=4.06848977214104e-3 width=4.068489741864018e-3
localize hit dt=2.0342449012090307e-3 bracket=Some((3.0277021980193494e-11, 0.00406848977214104)) hit=TerrainSweepHit { collider: 42, node: TerrainNodeId { coordinates: BrickCoord { x: -67108864, y: -67108864, z: -67108864 }, level: 27 }, triangle: 1, fraction: 2.9369893015817586e-8, separation: -5.551115123125783e-17 }
localize hit dt=2.034245173702229e-4 bracket=Some((3.0277021980193494e-11, 0.0020342449012090307)) hit=TerrainSweepHit { collider: 42, node: TerrainNodeId { coordinates: BrickCoord { x: -67108864, y: -67108864, z: -67108864 }, level: 27 }, triangle: 1, fraction: 2.856659816485199e-6, separation: -2.220446049250313e-16 }
localize hit dt=2.0342478986342075e-5 bracket=Some((3.0277021980193494e-11, 0.0002034245173702229)) hit=TerrainSweepHit { collider: 42, node: TerrainNodeId { coordinates: BrickCoord { x: -67108864, y: -67108864, z: -67108864 }, level: 27 }, triangle: 1, fraction: 0.00024886038890770124, separation: -3.885780586188048e-16 }
localize hit dt=2.0342751479539894e-6 bracket=Some((3.0277021980193494e-11, 2.0342478986342075e-5)) hit=TerrainSweepHit { collider: 42, node: TerrainNodeId { coordinates: BrickCoord { x: -67108864, y: -67108864, z: -67108864 }, level: 27 }, triangle: 1, fraction: 0.011550139665981618, separation: 5.551115123125783e-17 }
localize hit dt=2.0345476411518114e-7 bracket=Some((3.0277021980193494e-11, 2.0342751479539894e-6)) hit=TerrainSweepHit { collider: 42, node: TerrainNodeId { coordinates: BrickCoord { x: -67108864, y: -67108864, z: -67108864 }, level: 27 }, triangle: 1, fraction: 0.18130987693503187, separation: 5.551115123125783e-17 }
localize clear dt=3.688835824356943e-8 upper=2.0345476411518114e-7 width=1.665664058716117e-7
localize hit dt=1.2017156117937526e-7 bracket=Some((3.688835824356943e-8, 2.0345476411518114e-7)) hit=TerrainSweepHit { collider: 42, node: TerrainNodeId { coordinates: BrickCoord { x: -67108864, y: -67108864, z: -67108864 }, level: 27 }, triangle: 1, fraction: 0.31506956476107106, separation: -2.7755575615628914e-16 }
localize hit dt=4.521667853715001e-8 bracket=Some((3.688835824356943e-8, 1.2017156117937526e-7)) hit=TerrainSweepHit { collider: 42, node: TerrainNodeId { coordinates: BrickCoord { x: -67108864, y: -67108864, z: -67108864 }, level: 27 }, triangle: 1, fraction: 0.8593292471566514, separation: -1.1102230246251565e-16 }
localize clear dt=3.885601432625343e-8 upper=4.521667853715001e-8 width=6.360664210896578e-9
localize hit dt=4.203634643170172e-8 bracket=Some((3.885601432625343e-8, 4.521667853715001e-8)) hit=TerrainSweepHit { collider: 42, node: TerrainNodeId { coordinates: BrickCoord { x: -67108864, y: -67108864, z: -67108864 }, level: 27 }, triangle: 1, fraction: 0.926027386992633, separation: 0.0 }
localize hit dt=3.917404753679826e-8 bracket=Some((3.885601432625343e-8, 4.203634643170172e-8)) hit=TerrainSweepHit { collider: 42, node: TerrainNodeId { coordinates: BrickCoord { x: -67108864, y: -67108864, z: -67108864 }, level: 27 }, triangle: 1, fraction: 0.9953207760008524, separation: 5.551115123125783e-17 }
localize clear dt=3.899074339342032e-8 upper=3.917404753679826e-8 width=1.8330414337793536e-10
localize hit dt=3.9082395465109294e-8 bracket=Some((3.899074339342032e-8, 3.917404753679826e-8)) hit=TerrainSweepHit { collider: 42, node: TerrainNodeId { coordinates: BrickCoord { x: -67108864, y: -67108864, z: -67108864 }, level: 27 }, triangle: 1, fraction: 0.9977073728195336, separation: -3.885780586188048e-16 }
localize hit dt=3.899990860058922e-8 bracket=Some((3.899074339342032e-8, 3.9082395465109294e-8)) hit=TerrainSweepHit { collider: 42, node: TerrainNodeId { coordinates: BrickCoord { x: -67108864, y: -67108864, z: -67108864 }, level: 27 }, triangle: 1, fraction: 0.9998649054648183, separation: -1.6653345369377348e-16 }
localize clear dt=3.89946399260647e-8 upper=3.899990860058922e-8 width=5.268674524521607e-12
localize hit dt=3.899727426332696e-8 bracket=Some((3.89946399260647e-8, 3.899990860058922e-8)) hit=TerrainSweepHit { collider: 42, node: TerrainNodeId { coordinates: BrickCoord { x: -67108864, y: -67108864, z: -67108864 }, level: 27 }, triangle: 1, fraction: 0.9999339598630819, separation: -2.7755575615628914e-16 }
localize hit dt=1.6666666666666666e-2 bracket=None hit=TerrainSweepHit { collider: 42, node: TerrainNodeId { coordinates: BrickCoord { x: -67108864, y: -67108864, z: -67108864 }, level: 27 }, triangle: 1, fraction: 4.284647709379341e-7, separation: 2.7755575615628914e-16 }
localize clear dt=7.141079515632235e-9 upper=1.6666666666666666e-2 width=1.666665952558715e-2
localize hit dt=8.333336903873091e-3 bracket=Some((7.141079515632235e-9, 0.016666666666666666)) hit=TerrainSweepHit { collider: 42, node: TerrainNodeId { coordinates: BrickCoord { x: -67108864, y: -67108864, z: -67108864 }, level: 27 }, triangle: 1, fraction: 1.6487845078684726e-6, separation: 0.0 }
localize hit dt=8.333401173588732e-4 bracket=Some((7.141079515632235e-9, 0.008333336903873091)) hit=TerrainSweepHit { collider: 42, node: TerrainNodeId { coordinates: BrickCoord { x: -67108864, y: -67108864, z: -67108864 }, level: 27 }, triangle: 1, fraction: 0.0001594933683541072, separation: 5.551115123125783e-16 }
localize hit dt=8.33404387074514e-5 bracket=Some((7.141079515632235e-9, 0.0008333401173588732)) hit=TerrainSweepHit { collider: 42, node: TerrainNodeId { coordinates: BrickCoord { x: -67108864, y: -67108864, z: -67108864 }, level: 27 }, triangle: 1, fraction: 0.01587434669463761, separation: 5.101474798152594e-14 }
localize clear dt=8.34047084230921e-6 upper=8.33404387074514e-5 width=7.499996786514219e-5
localize hit dt=4.5840454774880306e-5 bracket=Some((8.34047084230921e-6, 8.33404387074514e-5)) hit=TerrainSweepHit { collider: 42, node: TerrainNodeId { coordinates: BrickCoord { x: -67108864, y: -67108864, z: -67108864 }, level: 27 }, triangle: 1, fraction: 0.05239243385458181, separation: 1.6864287744056128e-13 }
localize hit dt=1.209046923556632e-5 bracket=Some((8.34047084230921e-6, 4.5840454774880306e-5)) hit=TerrainSweepHit { collider: 42, node: TerrainNodeId { coordinates: BrickCoord { x: -67108864, y: -67108864, z: -67108864 }, level: 27 }, triangle: 1, fraction: 0.7475827597545124, separation: -2.220446049250313e-16 }
localize clear dt=9.0386263578517e-6 upper=1.209046923556632e-5 width=3.0518428777146203e-6
localize hit dt=1.056454779670901e-5 bracket=Some((9.0386263578517e-6, 1.209046923556632e-5)) hit=TerrainSweepHit { collider: 42, node: TerrainNodeId { coordinates: BrickCoord { x: -67108864, y: -67108864, z: -67108864 }, level: 27 }, triangle: 1, fraction: 0.9777090466859671, separation: 2.220446049250313e-16 }
localize clear dt=1.03290539549887e-5 upper=1.056454779670901e-5 width=2.3549384172030973e-7
localize hit dt=1.0446800875848855e-5 bracket=Some((1.03290539549887e-5, 1.056454779670901e-5)) hit=TerrainSweepHit { collider: 42, node: TerrainNodeId { coordinates: BrickCoord { x: -67108864, y: -67108864, z: -67108864 }, level: 27 }, triangle: 1, fraction: 0.9997427525206559, separation: 3.885780586188048e-16 }
localize clear dt=1.043502618376284e-5 upper=1.0446800875848855e-5 width=1.177469208601591e-8
localize clear dt=1.0440913529805847e-5 upper=1.0446800875848855e-5 width=5.887346043008802e-9
localize clear dt=1.0443857202827351e-5 upper=1.0446800875848855e-5 width=2.943673021504401e-9
localize clear dt=1.0445329039338103e-5 upper=1.0446800875848855e-5 width=1.4718365107522005e-9
localize hit dt=1.044606495759348e-5 bracket=Some((1.0445329039338103e-5, 1.0446800875848855e-5)) hit=TerrainSweepHit { collider: 42, node: TerrainNodeId { coordinates: BrickCoord { x: -67108864, y: -67108864, z: -67108864 }, level: 27 }, triangle: 1, fraction: 0.9998826405964932, separation: 2.7755575615628914e-16 }
localize clear dt=1.0445402631163642e-5 upper=1.044606495759348e-5 width=6.623264298376432e-10
localize hit dt=1.0445733794378561e-5 bracket=Some((1.0445402631163642e-5, 1.044606495759348e-5)) hit=TerrainSweepHit { collider: 42, node: TerrainNodeId { coordinates: BrickCoord { x: -67108864, y: -67108864, z: -67108864 }, level: 27 }, triangle: 1, fraction: 0.9999460176480578, separation: -5.551115123125783e-17 }
localize clear dt=1.0445435747485133e-5 upper=1.0445733794378561e-5 width=2.980468934280406e-10
localize hit dt=1.0445584770931848e-5 bracket=Some((1.0445435747485133e-5, 1.0445733794378561e-5)) hit=TerrainSweepHit { collider: 42, node: TerrainNodeId { coordinates: BrickCoord { x: -67108864, y: -67108864, z: -67108864 }, level: 27 }, triangle: 1, fraction: 0.9999742427203447, separation: 2.220446049250313e-16 }
localize hit dt=1.0445450649829805e-5 bracket=Some((1.0445435747485133e-5, 1.0445584770931848e-5)) hit=TerrainSweepHit { collider: 42, node: TerrainNodeId { coordinates: BrickCoord { x: -67108864, y: -67108864, z: -67108864 }, level: 27 }, triangle: 1, fraction: 0.999999802675666, separation: -2.7755575615628914e-16 }
localize hit dt=1.6656221218077978e-2 bracket=None hit=TerrainSweepHit { collider: 67, node: TerrainNodeId { coordinates: BrickCoord { x: -67108864, y: -67108864, z: -67108864 }, level: 27 }, triangle: 1, fraction: 3.2705313519113265e-5, separation: 1.459943277382081e-14 }
localize clear dt=5.447469369809469e-7 upper=1.6656221218077978e-2 width=1.6655676471140995e-2
localize hit dt=8.328382982507479e-3 bracket=Some((5.447469369809469e-7, 0.016656221218077978)) hit=TerrainSweepHit { collider: 67, node: TerrainNodeId { coordinates: BrickCoord { x: -67108864, y: -67108864, z: -67108864 }, level: 27 }, triangle: 1, fraction: 0.00012306006462047366, separation: 4.3520742565306136e-14 }
localize hit dt=8.333285704940307e-4 bracket=Some((5.447469369809469e-7, 0.008328382982507479)) hit=TerrainSweepHit { collider: 67, node: TerrainNodeId { coordinates: BrickCoord { x: -67108864, y: -67108864, z: -67108864 }, level: 27 }, triangle: 1, fraction: 0.011463225243748118, separation: -2.220446049250313e-16 }
localize hit dt=8.382312929268593e-5 bracket=Some((5.447469369809469e-7, 0.0008333285704940307)) hit=TerrainSweepHit { collider: 67, node: TerrainNodeId { coordinates: BrickCoord { x: -67108864, y: -67108864, z: -67108864 }, level: 27 }, triangle: 1, fraction: 0.9567210281970688, separation: 1.4432899320127035e-15 }
localize clear dt=7.549529105711544e-5 upper=8.382312929268593e-5 width=8.32783823557049e-6
localize clear dt=7.96592101749007e-5 upper=8.382312929268593e-5 width=4.163919117785238e-6
localize clear dt=8.174116973379332e-5 upper=8.382312929268593e-5 width=2.0819595588926124e-6
localize hit dt=8.278214951323962e-5 bracket=Some((8.174116973379332e-5, 8.382312929268593e-5)) hit=TerrainSweepHit { collider: 67, node: TerrainNodeId { coordinates: BrickCoord { x: -67108864, y: -67108864, z: -67108864 }, level: 27 }, triangle: 1, fraction: 0.978859040543627, separation: 1.7763568394002505e-15 }
localize hit dt=8.184526771173795e-5 bracket=Some((8.174116973379332e-5, 8.278214951323962e-5)) hit=TerrainSweepHit { collider: 67, node: TerrainNodeId { coordinates: BrickCoord { x: -67108864, y: -67108864, z: -67108864 }, level: 27 }, triangle: 1, fraction: 0.9994490573716426, separation: 1.3322676295501878e-15 }
localize clear dt=8.180017566482623e-5 upper=8.184526771173795e-5 width=4.5092046911722494e-8
localize hit dt=8.182272168828208e-5 bracket=Some((8.180017566482623e-5, 8.184526771173795e-5)) hit=TerrainSweepHit { collider: 67, node: TerrainNodeId { coordinates: BrickCoord { x: -67108864, y: -67108864, z: -67108864 }, level: 27 }, triangle: 1, fraction: 0.9999525582644644, separation: 1.7208456881689926e-15 }
localize clear dt=8.181883987635894e-5 upper=8.182272168828208e-5 width=3.881811923143368e-9
localize hit dt=8.182078078232051e-5 bracket=Some((8.181883987635894e-5, 8.182272168828208e-5)) hit=TerrainSweepHit { collider: 67, node: TerrainNodeId { coordinates: BrickCoord { x: -67108864, y: -67108864, z: -67108864 }, level: 27 }, triangle: 1, fraction: 0.9999959204974739, separation: 1.887379141862766e-15 }
localize clear dt=8.182044699423862e-5 upper=8.182078078232051e-5 width=3.337880818911256e-10
localize hit dt=8.182061388827957e-5 bracket=Some((8.182044699423862e-5, 8.182078078232051e-5)) hit=TerrainSweepHit { collider: 67, node: TerrainNodeId { coordinates: BrickCoord { x: -67108864, y: -67108864, z: -67108864 }, level: 27 }, triangle: 1, fraction: 0.9999996476256519, separation: 1.8318679906315083e-15 }
localize clear dt=8.182058505679408e-5 upper=8.182061388827957e-5 width=2.8831485484638597e-11
localize hit dt=8.182059947253682e-5 bracket=Some((8.182058505679408e-5, 8.182061388827957e-5)) hit=TerrainSweepHit { collider: 67, node: TerrainNodeId { coordinates: BrickCoord { x: -67108864, y: -67108864, z: -67108864 }, level: 27 }, triangle: 1, fraction: 0.9999999709918426, separation: 1.609823385706477e-15 }
localize clear dt=8.1820597099072e-5 upper=8.182059947253682e-5 width=2.3734648279963647e-12
localize hit dt=1.6574400619792175e-2 bracket=None hit=TerrainSweepHit { collider: 7, node: TerrainNodeId { coordinates: BrickCoord { x: -67108864, y: -67108864, z: -67108864 }, level: 27 }, triangle: 1, fraction: 0.29533225889483333, separation: -2.7755575615628914e-16 }
localize clear dt=4.894955174871149e-3 upper=1.6574400619792175e-2 width=1.1679445444921027e-2
localize hit dt=1.0734677897331662e-2 bracket=Some((0.004894955174871149, 0.016574400619792175)) hit=TerrainSweepHit { collider: 7, node: TerrainNodeId { coordinates: BrickCoord { x: -67108864, y: -67108864, z: -67108864 }, level: 27 }, triangle: 1, fraction: 0.4832234875729877, separation: 1.6653345369377348e-16 }
localize clear dt=5.478927447117201e-3 upper=1.0734677897331662e-2 width=5.255750450214461e-3
localize hit dt=8.106802672224432e-3 bracket=Some((0.005478927447117201, 0.010734677897331662)) hit=TerrainSweepHit { collider: 7, node: TerrainNodeId { coordinates: BrickCoord { x: -67108864, y: -67108864, z: -67108864 }, level: 27 }, triangle: 1, fraction: 0.6590761516050332, separation: -5.551115123125783e-17 }
localize hit dt=5.741714969627924e-3 bracket=Some((0.005478927447117201, 0.008106802672224432)) hit=TerrainSweepHit { collider: 7, node: TerrainNodeId { coordinates: BrickCoord { x: -67108864, y: -67108864, z: -67108864 }, level: 27 }, triangle: 1, fraction: 0.9577123607005131, separation: -4.996003610813204e-16 }
localize clear dt=5.505206199368273e-3 upper=5.741714969627924e-3 width=2.3650877025965106e-4
localize hit dt=5.623460584498099e-3 bracket=Some((0.005505206199368273, 0.005741714969627924)) hit=TerrainSweepHit { collider: 7, node: TerrainNodeId { coordinates: BrickCoord { x: -67108864, y: -67108864, z: -67108864 }, level: 27 }, triangle: 1, fraction: 0.9793149564724741, separation: 1.1102230246251565e-16 }
localize hit dt=5.517031637881256e-3 bracket=Some((0.005505206199368273, 0.005623460584498099)) hit=TerrainSweepHit { collider: 7, node: TerrainNodeId { coordinates: BrickCoord { x: -67108864, y: -67108864, z: -67108864 }, level: 27 }, triangle: 1, fraction: 0.999555802434007, separation: -5.551115123125783e-17 }
localize clear dt=5.514580985856203e-3 upper=5.517031637881256e-3 width=2.4506520250530683e-6
localize hit dt=5.5158063118687295e-3 bracket=Some((0.005514580985856203, 0.005517031637881256)) hit=TerrainSweepHit { collider: 7, node: TerrainNodeId { coordinates: BrickCoord { x: -67108864, y: -67108864, z: -67108864 }, level: 27 }, triangle: 1, fraction: 0.999793422551841, separation: 5.551115123125783e-17 }
localize clear dt=5.514703518457456e-3 upper=5.5158063118687295e-3 width=1.1027934112735338e-6
localize hit dt=5.515254915163093e-3 bracket=Some((0.005514703518457456, 0.0055158063118687295)) hit=TerrainSweepHit { collider: 7, node: TerrainNodeId { coordinates: BrickCoord { x: -67108864, y: -67108864, z: -67108864 }, level: 27 }, triangle: 1, fraction: 0.9999003863287068, separation: 5.551115123125783e-17 }
localize hit dt=5.51475865812802e-3 bracket=Some((0.005514703518457456, 0.005515254915163093)) hit=TerrainSweepHit { collider: 7, node: TerrainNodeId { coordinates: BrickCoord { x: -67108864, y: -67108864, z: -67108864 }, level: 27 }, triangle: 1, fraction: 0.9999966721631007, separation: -1.1102230246251565e-16 }
localize clear dt=5.514740305910666e-3 upper=5.51475865812802e-3 width=1.835221735344006e-8
localize hit dt=5.514749482019343e-3 bracket=Some((0.005514740305910666, 0.00551475865812802)) hit=TerrainSweepHit { collider: 7, node: TerrainNodeId { coordinates: BrickCoord { x: -67108864, y: -67108864, z: -67108864 }, level: 27 }, triangle: 1, fraction: 0.9999984527139427, separation: 5.551115123125783e-17 }
localize clear dt=5.514741223521534e-3 upper=5.514749482019343e-3 width=8.258497809221499e-9
localize hit dt=5.5147453527704384e-3 bracket=Some((0.005514741223521534, 0.005514749482019343)) hit=TerrainSweepHit { collider: 7, node: TerrainNodeId { coordinates: BrickCoord { x: -67108864, y: -67108864, z: -67108864 }, level: 27 }, triangle: 1, fraction: 0.9999992539638572, separation: -2.7755575615628914e-16 }
localize hit dt=5.514741636446424e-3 bracket=Some((0.005514741223521534, 0.0055147453527704384)) hit=TerrainSweepHit { collider: 7, node: TerrainNodeId { coordinates: BrickCoord { x: -67108864, y: -67108864, z: -67108864 }, level: 27 }, triangle: 1, fraction: 0.9999999750896984, separation: 3.3306690738754696e-16 }
localize clear dt=5.514741499072547e-3 upper=5.514741636446424e-3 width=1.3737387703077752e-10
localize hit dt=5.514741567759485e-3 bracket=Some((0.005514741499072547, 0.005514741636446424)) hit=TerrainSweepHit { collider: 7, node: TerrainNodeId { coordinates: BrickCoord { x: -67108864, y: -67108864, z: -67108864 }, level: 27 }, triangle: 1, fraction: 0.9999999884179877, separation: -1.6653345369377348e-16 }
localize clear dt=5.514741505941241e-3 upper=5.514741567759485e-3 width=6.181824410006476e-11
localize hit dt=5.514741536850363e-3 bracket=Some((0.005514741505941241, 0.005514741567759485)) hit=TerrainSweepHit { collider: 7, node: TerrainNodeId { coordinates: BrickCoord { x: -67108864, y: -67108864, z: -67108864 }, level: 27 }, triangle: 1, fraction: 0.999999994415606, separation: 1.1102230246251565e-16 }
localize hit dt=5.514741509032153e-3 bracket=Some((0.005514741505941241, 0.005514741536850363)) hit=TerrainSweepHit { collider: 7, node: TerrainNodeId { coordinates: BrickCoord { x: -67108864, y: -67108864, z: -67108864 }, level: 27 }, triangle: 1, fraction: 0.9999999998135812, separation: -5.551115123125783e-17 }
localize clear dt=5.514741508004102e-3 upper=5.514741509032153e-3 width=1.0280509082916112e-12
localize hit dt=1.1059659111274045e-2 bracket=None hit=TerrainSweepHit { collider: 67, node: TerrainNodeId { coordinates: BrickCoord { x: -67108864, y: -67108864, z: -67108864 }, level: 27 }, triangle: 1, fraction: 0.00010747891713075685, separation: 6.616929226765933e-14 }
localize clear dt=1.1886801851150431e-6 upper=1.1059659111274045e-2 width=1.105847043108893e-2
localize hit dt=5.5304238957295795e-3 bracket=Some((1.1886801851150431e-6, 0.011059659111274045)) hit=TerrainSweepHit { collider: 67, node: TerrainNodeId { coordinates: BrickCoord { x: -67108864, y: -67108864, z: -67108864 }, level: 27 }, triangle: 1, fraction: 0.0003859024605382246, separation: 1.8568480086855743e-13 }
localize hit dt=5.541122017395615e-4 bracket=Some((1.1886801851150431e-6, 0.0055304238957295795)) hit=TerrainSweepHit { collider: 67, node: TerrainNodeId { coordinates: BrickCoord { x: -67108864, y: -67108864, z: -67108864 }, level: 27 }, triangle: 1, fraction: 0.016198073181988258, separation: 2.220446049250313e-16 }
localize hit dt=5.64810323405597e-5 bracket=Some((1.1886801851150431e-6, 0.0005541122017395615)) hit=TerrainSweepHit { collider: 67, node: TerrainNodeId { coordinates: BrickCoord { x: -67108864, y: -67108864, z: -67108864 }, level: 27 }, triangle: 1, fraction: 0.23002708237402927, separation: -1.6653345369377348e-16 }
localize clear dt=1.2992167078772137e-5 upper=5.64810323405597e-5 width=4.348886526178756e-5
localize hit dt=3.473659970966592e-5 bracket=Some((1.2992167078772137e-5, 5.64810323405597e-5)) hit=TerrainSweepHit { collider: 67, node: TerrainNodeId { coordinates: BrickCoord { x: -67108864, y: -67108864, z: -67108864 }, level: 27 }, triangle: 1, fraction: 0.377606023295731, separation: -1.1102230246251565e-16 }
localize hit dt=1.5166610341861515e-5 bracket=Some((1.2992167078772137e-5, 3.473659970966592e-5)) hit=TerrainSweepHit { collider: 67, node: TerrainNodeId { coordinates: BrickCoord { x: -67108864, y: -67108864, z: -67108864 }, level: 27 }, triangle: 1, fraction: 0.8692176970998533, separation: 1.6653345369377348e-16 }
localize hit dt=1.3209611405081074e-5 bracket=Some((1.2992167078772137e-5, 1.5166610341861515e-5)) hit=TerrainSweepHit { collider: 67, node: TerrainNodeId { coordinates: BrickCoord { x: -67108864, y: -67108864, z: -67108864 }, level: 27 }, triangle: 1, fraction: 0.998497426349679, separation: -1.6653345369377348e-16 }
localize clear dt=1.318786697245018e-5 upper=1.3209611405081074e-5 width=2.1744432630894245e-8
localize hit dt=1.3198739188765627e-5 bracket=Some((1.318786697245018e-5, 1.3209611405081074e-5)) hit=TerrainSweepHit { collider: 67, node: TerrainNodeId { coordinates: BrickCoord { x: -67108864, y: -67108864, z: -67108864 }, level: 27 }, triangle: 1, fraction: 0.9993227306400041, separation: -5.551115123125783e-17 }
localize clear dt=1.3189800087122499e-5 upper=1.3198739188765627e-5 width=8.939101643127865e-9
localize hit dt=1.3194269637944062e-5 bracket=Some((1.3189800087122499e-5, 1.3198739188765627e-5)) hit=TerrainSweepHit { collider: 67, node: TerrainNodeId { coordinates: BrickCoord { x: -67108864, y: -67108864, z: -67108864 }, level: 27 }, triangle: 1, fraction: 0.9996624061102359, separation: -1.6653345369377348e-16 }
localize hit dt=1.3190247042204655e-5 bracket=Some((1.3189800087122499e-5, 1.3194269637944062e-5)) hit=TerrainSweepHit { collider: 67, node: TerrainNodeId { coordinates: BrickCoord { x: -67108864, y: -67108864, z: -67108864 }, level: 27 }, triangle: 1, fraction: 0.9999683124331195, separation: -2.7755575615628914e-16 }
localize hit dt=1.3189844782630715e-5 bracket=Some((1.3189800087122499e-5, 1.3190247042204655e-5)) hit=TerrainSweepHit { collider: 67, node: TerrainNodeId { coordinates: BrickCoord { x: -67108864, y: -67108864, z: -67108864 }, level: 27 }, triangle: 1, fraction: 0.9999989128301938, separation: 2.220446049250313e-16 }
localize clear dt=1.318983044302972e-5 upper=1.3189844782630715e-5 width=1.4339600995738567e-11
localize hit dt=1.3189837612830218e-5 bracket=Some((1.318983044302972e-5, 1.3189844782630715e-5)) hit=TerrainSweepHit { collider: 67, node: TerrainNodeId { coordinates: BrickCoord { x: -67108864, y: -67108864, z: -67108864 }, level: 27 }, triangle: 1, fraction: 0.9999994582703585, separation: 1.6653345369377348e-16 }
localize hit dt=1.1079594042035321e-5 bracket=None hit=TerrainSweepHit { collider: 67, node: TerrainNodeId { coordinates: BrickCoord { x: -67108864, y: -67108864, z: -67108864 }, level: 27 }, triangle: 1, fraction: 0.00058077178309901, separation: 1.1102230246251565e-16 }
localize clear dt=6.434715587806021e-9 upper=1.1079594042035321e-5 width=1.1073159326447515e-5
localize hit dt=5.543014378811563e-6 bracket=Some((6.434715587806021e-9, 1.1079594042035321e-5)) hit=TerrainSweepHit { collider: 67, node: TerrainNodeId { coordinates: BrickCoord { x: -67108864, y: -67108864, z: -67108864 }, level: 27 }, triangle: 1, fraction: 0.002322598326230718, separation: -1.1102230246251565e-16 }
localize hit dt=5.600926819101817e-7 bracket=Some((6.434715587806021e-9, 5.543014378811563e-6)) hit=TerrainSweepHit { collider: 67, node: TerrainNodeId { coordinates: BrickCoord { x: -67108864, y: -67108864, z: -67108864 }, level: 27 }, triangle: 1, fraction: 0.23150244606449633, separation: 7.771561172376096e-16 }
localize clear dt=1.296628258850309e-7 upper=5.600926819101817e-7 width=4.3042985602515077e-7
localize hit dt=3.4487775389760627e-7 bracket=Some((1.296628258850309e-7, 5.600926819101817e-7)) hit=TerrainSweepHit { collider: 67, node: TerrainNodeId { coordinates: BrickCoord { x: -67108864, y: -67108864, z: -67108864 }, level: 27 }, triangle: 1, fraction: 0.6179511243266731, separation: 1.7208456881689926e-15 }
localize clear dt=2.1311759577628346e-7 upper=3.4487775389760627e-7 width=1.317601581213228e-7
localize hit dt=2.7899767483694487e-7 bracket=Some((2.1311759577628346e-7, 3.4487775389760627e-7)) hit=TerrainSweepHit { collider: 67, node: TerrainNodeId { coordinates: BrickCoord { x: -67108864, y: -67108864, z: -67108864 }, level: 27 }, triangle: 1, fraction: 0.9511442132381838, separation: 2.4980018054066022e-15 }
localize clear dt=2.6536702392806854e-7 upper=2.7899767483694487e-7 width=1.363065090887633e-8
localize clear dt=2.721823493825067e-7 upper=2.7899767483694487e-7 width=6.815325454438192e-9
localize hit dt=2.7559001210972575e-7 bracket=Some((2.721823493825067e-7, 2.7899767483694487e-7)) hit=TerrainSweepHit { collider: 67, node: TerrainNodeId { coordinates: BrickCoord { x: -67108864, y: -67108864, z: -67108864 }, level: 27 }, triangle: 1, fraction: 0.9752686686481127, separation: 2.7200464103316335e-15 }
localize hit dt=2.7252311565522856e-7 bracket=Some((2.721823493825067e-7, 2.7559001210972575e-7)) hit=TerrainSweepHit { collider: 67, node: TerrainNodeId { coordinates: BrickCoord { x: -67108864, y: -67108864, z: -67108864 }, level: 27 }, triangle: 1, fraction: 0.9977737672857572, separation: 2.942091015256665e-15 }
localize clear dt=2.722164260097789e-7 upper=2.7252311565522856e-7 width=3.066896454496813e-10
localize hit dt=2.7236977083250375e-7 bracket=Some((2.722164260097789e-7, 2.7252311565522856e-7)) hit=TerrainSweepHit { collider: 67, node: TerrainNodeId { coordinates: BrickCoord { x: -67108864, y: -67108864, z: -67108864 }, level: 27 }, triangle: 1, fraction: 0.9989193988362963, separation: 2.3869795029440866e-15 }
localize hit dt=2.7223176049205137e-7 bracket=Some((2.722164260097789e-7, 2.7236977083250375e-7)) hit=TerrainSweepHit { collider: 67, node: TerrainNodeId { coordinates: BrickCoord { x: -67108864, y: -67108864, z: -67108864 }, level: 27 }, triangle: 1, fraction: 0.9999521543165066, separation: 2.886579864025407e-15 }
localize clear dt=2.7221873537740204e-7 upper=2.7223176049205137e-7 width=1.3025114649323562e-11
localize clear dt=2.722252479347267e-7 upper=2.7223176049205137e-7 width=6.512557324661781e-12
localize hit dt=2.7222850421338906e-7 bracket=Some((2.722252479347267e-7, 2.7223176049205137e-7)) hit=TerrainSweepHit { collider: 67, node: TerrainNodeId { coordinates: BrickCoord { x: -67108864, y: -67108864, z: -67108864 }, level: 27 }, triangle: 1, fraction: 0.9999765409472126, separation: 2.3869795029440866e-15 }
localize hit dt=9.453416141344742e-6 bracket=None hit=TerrainSweepHit { collider: 67, node: TerrainNodeId { coordinates: BrickCoord { x: -67108864, y: -67108864, z: -67108864 }, level: 27 }, triangle: 1, fraction: 0.0005795961831225327, separation: -2.220446049250313e-16 }
localize clear dt=5.479163912992354e-9 upper=9.453416141344742e-6 width=9.44793697743175e-6
localize hit dt=4.729447652628867e-6 bracket=Some((5.479163912992354e-9, 9.453416141344742e-6)) hit=TerrainSweepHit { collider: 67, node: TerrainNodeId { coordinates: BrickCoord { x: -67108864, y: -67108864, z: -67108864 }, level: 27 }, triangle: 1, fraction: 0.0023179393850263352, separation: 1.6653345369377348e-16 }
localize hit dt=4.778760127845799e-7 bracket=Some((5.479163912992354e-9, 4.729447652628867e-6)) hit=TerrainSweepHit { collider: 67, node: TerrainNodeId { coordinates: BrickCoord { x: -67108864, y: -67108864, z: -67108864 }, level: 27 }, triangle: 1, fraction: 0.23103044591224275, separation: 5.551115123125783e-16 }
localize clear dt=1.104039083243861e-7 upper=4.778760127845799e-7 width=3.6747210446019374e-7
localize hit dt=2.94139960554483e-7 bracket=Some((1.104039083243861e-7, 4.778760127845799e-7)) hit=TerrainSweepHit { collider: 67, node: TerrainNodeId { coordinates: BrickCoord { x: -67108864, y: -67108864, z: -67108864 }, level: 27 }, triangle: 1, fraction: 0.6171368970907096, separation: 1.3877787807814457e-15 }
localize clear dt=1.8152462256697734e-7 upper=2.94139960554483e-7 width=1.1261533798750564e-7
localize hit dt=2.3783229156073015e-7 bracket=Some((1.8152462256697734e-7, 2.94139960554483e-7)) hit=TerrainSweepHit { collider: 67, node: TerrainNodeId { coordinates: BrickCoord { x: -67108864, y: -67108864, z: -67108864 }, level: 27 }, triangle: 1, fraction: 0.95083546660846, separation: 1.7763568394002505e-15 }
localize clear dt=2.2613937792070615e-7 upper=2.3783229156073015e-7 width=1.1692913640023997e-8
localize clear dt=2.3198583474071817e-7 upper=2.3783229156073015e-7 width=5.8464568200119854e-9
localize hit dt=2.3490906315072416e-7 bracket=Some((2.3198583474071817e-7, 2.3783229156073015e-7)) hit=TerrainSweepHit { collider: 67, node: TerrainNodeId { coordinates: BrickCoord { x: -67108864, y: -67108864, z: -67108864 }, level: 27 }, triangle: 1, fraction: 0.9751055886095692, separation: 1.887379141862766e-15 }
localize hit dt=2.3227815758171877e-7 bracket=Some((2.3198583474071817e-7, 2.3490906315072416e-7)) hit=TerrainSweepHit { collider: 67, node: TerrainNodeId { coordinates: BrickCoord { x: -67108864, y: -67108864, z: -67108864 }, level: 27 }, triangle: 1, fraction: 0.9977517109290517, separation: 1.7208456881689926e-15 }
localize clear dt=2.3201506702481823e-7 upper=2.3227815758171877e-7 width=2.630905569005412e-10
localize hit dt=2.3214661230326852e-7 bracket=Some((2.3201506702481823e-7, 2.3227815758171877e-7)) hit=TerrainSweepHit { collider: 67, node: TerrainNodeId { coordinates: BrickCoord { x: -67108864, y: -67108864, z: -67108864 }, level: 27 }, triangle: 1, fraction: 0.9989046528816381, separation: 1.7763568394002505e-15 }
localize hit dt=2.3202822155266327e-7 bracket=Some((2.3201506702481823e-7, 2.3214661230326852e-7)) hit=TerrainSweepHit { collider: 67, node: TerrainNodeId { coordinates: BrickCoord { x: -67108864, y: -67108864, z: -67108864 }, level: 27 }, triangle: 1, fraction: 0.9999440093873204, separation: 1.942890293094024e-15 }
localize clear dt=2.3201638247760274e-7 upper=2.3202822155266327e-7 width=1.1839075060524751e-11
localize hit dt=8.333333333333333e-3 bracket=None hit=TerrainSweepHit { collider: 42, node: TerrainNodeId { coordinates: BrickCoord { x: -67108864, y: -67108864, z: -67108864 }, level: 27 }, triangle: 1, fraction: 1.6487858940279759e-6, separation: -1.1102230246251565e-16 }
localize clear dt=1.3739882450233132e-8 upper=8.333333333333333e-3 width=8.333319593450883e-3
localize hit dt=4.166673536607892e-3 bracket=Some((1.3739882450233132e-8, 0.008333333333333333)) hit=TerrainSweepHit { collider: 42, node: TerrainNodeId { coordinates: BrickCoord { x: -67108864, y: -67108864, z: -67108864 }, level: 27 }, triangle: 1, fraction: 6.473329666388469e-6, separation: 5.551115123125783e-17 }
localize hit dt=4.1667971955499435e-4 bracket=Some((1.3739882450233132e-8, 0.004166673536607892)) hit=TerrainSweepHit { collider: 42, node: TerrainNodeId { coordinates: BrickCoord { x: -67108864, y: -67108864, z: -67108864 }, level: 27 }, triangle: 1, fraction: 0.0006367197642282039, separation: 1.942890293094024e-15 }
localize hit dt=4.168033784970465e-5 bracket=Some((1.3739882450233132e-8, 0.00041667971955499435)) hit=TerrainSweepHit { collider: 42, node: TerrainNodeId { coordinates: BrickCoord { x: -67108864, y: -67108864, z: -67108864 }, level: 27 }, triangle: 1, fraction: 0.06335276961321767, separation: 2.036149027162537e-13 }
localize clear dt=4.180399679175675e-6 upper=4.168033784970465e-5 width=3.7499938170528976e-5
localize hit dt=2.2930368764440163e-5 bracket=Some((4.180399679175675e-6, 4.168033784970465e-5)) hit=TerrainSweepHit { collider: 42, node: TerrainNodeId { coordinates: BrickCoord { x: -67108864, y: -67108864, z: -67108864 }, level: 27 }, triangle: 1, fraction: 0.20884070370308222, separation: -5.551115123125783e-17 }
localize clear dt=6.0553965877021235e-6 upper=2.2930368764440163e-5 width=1.687497217673804e-5
localize hit dt=1.4492882676071143e-5 bracket=Some((6.0553965877021235e-6, 2.2930368764440163e-5)) hit=TerrainSweepHit { collider: 42, node: TerrainNodeId { coordinates: BrickCoord { x: -67108864, y: -67108864, z: -67108864 }, level: 27 }, triangle: 1, fraction: 0.5211538745963223, separation: -3.3306690738754696e-16 }
localize clear dt=7.553021960704393e-6 upper=1.4492882676071143e-5 width=6.93986071536675e-6
localize hit dt=1.1022952318387769e-5 bracket=Some((7.553021960704393e-6, 1.4492882676071143e-5)) hit=TerrainSweepHit { collider: 42, node: TerrainNodeId { coordinates: BrickCoord { x: -67108864, y: -67108864, z: -67108864 }, level: 27 }, triangle: 1, fraction: 0.8985131176948487, separation: -5.551115123125783e-17 }
localize clear dt=9.904267253796254e-6 upper=1.1022952318387769e-5 width=1.1186850645915145e-6
localize hit dt=1.046360978609201e-5 bracket=Some((9.904267253796254e-6, 1.1022952318387769e-5)) hit=TerrainSweepHit { collider: 42, node: TerrainNodeId { coordinates: BrickCoord { x: -67108864, y: -67108864, z: -67108864 }, level: 27 }, triangle: 1, fraction: 0.9965521369592582, separation: 1.6653345369377348e-16 }
localize clear dt=1.0407675532862435e-5 upper=1.046360978609201e-5 width=5.593425322957496e-8
localize clear dt=1.0435642659477224e-5 upper=1.046360978609201e-5 width=2.7967126614786633e-8
localize hit dt=1.0449626222784617e-5 bracket=Some((1.0435642659477224e-5, 1.046360978609201e-5)) hit=TerrainSweepHit { collider: 42, node: TerrainNodeId { coordinates: BrickCoord { x: -67108864, y: -67108864, z: -67108864 }, level: 27 }, triangle: 1, fraction: 0.9992053284372101, separation: -1.1102230246251565e-16 }
localize clear dt=1.0441322201983586e-5 upper=1.0449626222784617e-5 width=8.304020801030759e-9
localize hit dt=1.0445474212384102e-5 bracket=Some((1.0441322201983586e-5, 1.0449626222784617e-5)) hit=TerrainSweepHit { collider: 42, node: TerrainNodeId { coordinates: BrickCoord { x: -67108864, y: -67108864, z: -67108864 }, level: 27 }, triangle: 1, fraction: 0.9999951154682399, separation: 1.6653345369377348e-16 }
localize clear dt=1.044505901134405e-5 upper=1.0445474212384102e-5 width=4.1520104005153796e-10
localize clear dt=1.0445266611864075e-5 upper=1.0445474212384102e-5 width=2.07600520026616e-10
localize clear dt=1.0445370412124088e-5 upper=1.0445474212384102e-5 width=1.03800260013308e-10
localize clear dt=1.0445422312254095e-5 upper=1.0445474212384102e-5 width=5.1900130006654e-11
localize clear dt=1.0445448262319098e-5 upper=1.0445474212384102e-5 width=2.5950065003327e-11
localize hit dt=1.04454612373516e-5 bracket=Some((1.0445448262319098e-5, 1.0445474212384102e-5)) hit=TerrainSweepHit { collider: 42, node: TerrainNodeId { coordinates: BrickCoord { x: -67108864, y: -67108864, z: -67108864 }, level: 27 }, triangle: 1, fraction: 0.9999977934493932, separation: 0.0 }
localize hit dt=1.0445449559822348e-5 bracket=Some((1.0445448262319098e-5, 1.04454612373516e-5)) hit=TerrainSweepHit { collider: 42, node: TerrainNodeId { coordinates: BrickCoord { x: -67108864, y: -67108864, z: -67108864 }, level: 27 }, triangle: 1, fraction: 0.999999686008271, separation: 3.3306690738754696e-16 }
localize clear dt=1.0445448392069423e-5 upper=1.0445449559822348e-5 width=1.1677529247261986e-12
localize clear dt=1.0445448975945885e-5 upper=1.0445449559822348e-5 width=5.838764632101322e-13
localize clear dt=1.0445449267884116e-5 upper=1.0445449559822348e-5 width=2.919382316050661e-13
localize clear dt=1.0445449413853231e-5 upper=1.0445449559822348e-5 width=1.45969116649566e-13
localize clear dt=1.044544948683779e-5 upper=1.0445449559822348e-5 width=7.2984558324783e-14
localize clear dt=1.0445449523330068e-5 upper=1.0445449559822348e-5 width=3.649228000942445e-14
localize hit dt=1.0445449541576208e-5 bracket=Some((1.0445449523330068e-5, 1.0445449559822348e-5)) hit=TerrainSweepHit { collider: 42, node: TerrainNodeId { coordinates: BrickCoord { x: -67108864, y: -67108864, z: -67108864 }, level: 27 }, triangle: 1, fraction: 0.9999997973120165, separation: 1.1102230246251565e-16 }
localize clear dt=1.0445449525154682e-5 upper=1.0445449541576208e-5 width=1.6421526004241002e-14
localize clear dt=1.0445449533365445e-5 upper=1.0445449541576208e-5 width=8.210763002120501e-15
localize hit dt=1.0445449537470825e-5 bracket=Some((1.0445449533365445e-5, 1.0445449541576208e-5)) hit=TerrainSweepHit { collider: 42, node: TerrainNodeId { coordinates: BrickCoord { x: -67108864, y: -67108864, z: -67108864 }, level: 27 }, triangle: 1, fraction: 0.9999999059308925, separation: 2.220446049250313e-16 }
localize hit dt=1.0445449533775983e-5 bracket=Some((1.0445449533365445e-5, 1.0445449537470825e-5)) hit=TerrainSweepHit { collider: 42, node: TerrainNodeId { coordinates: BrickCoord { x: -67108864, y: -67108864, z: -67108864 }, level: 27 }, triangle: 1, fraction: 0.9999999066330909, separation: 1.1102230246251565e-16 }
localize clear dt=1.0445449533406499e-5 upper=1.0445449533775983e-5 width=3.6948424192179835e-16
localize clear dt=1.0445449533591242e-5 upper=1.0445449533775983e-5 width=1.8474127392795192e-16
localize hit dt=1.0445449533683612e-5 bracket=Some((1.0445449533591242e-5, 1.0445449533775983e-5)) hit=TerrainSweepHit { collider: 42, node: TerrainNodeId { coordinates: BrickCoord { x: -67108864, y: -67108864, z: -67108864 }, level: 27 }, triangle: 1, fraction: 0.9999999066500826, separation: 1.1102230246251565e-16 }
localize clear dt=1.044544953360048e-5 upper=1.0445449533683612e-5 width=8.313289564122056e-17
localize hit dt=1.0445449533642047e-5 bracket=Some((1.044544953360048e-5, 1.0445449533683612e-5)) hit=TerrainSweepHit { collider: 42, node: TerrainNodeId { coordinates: BrickCoord { x: -67108864, y: -67108864, z: -67108864 }, level: 27 }, triangle: 1, fraction: 0.999999906657734, separation: 1.1102230246251565e-16 }
localize clear dt=1.0445449533604637e-5 upper=1.0445449533642047e-5 width=3.741005714843343e-17
localize clear dt=1.044544953362334e-5 upper=1.0445449533642047e-5 width=1.870587560716397e-17
localize hit dt=1.0445449533632694e-5 bracket=Some((1.044544953362334e-5, 1.0445449533642047e-5)) hit=TerrainSweepHit { collider: 42, node: TerrainNodeId { coordinates: BrickCoord { x: -67108864, y: -67108864, z: -67108864 }, level: 27 }, triangle: 1, fraction: 0.9999999066594767, separation: 1.1102230246251565e-16 }
localize clear dt=1.0445449533624276e-5 upper=1.0445449533632694e-5 width=8.417813429813237e-18
localize clear dt=1.0445449533628484e-5 upper=1.0445449533632694e-5 width=4.209753747853873e-18
localize hit dt=1.0445449533630588e-5 bracket=Some((1.0445449533628484e-5, 1.0445449533632694e-5)) hit=TerrainSweepHit { collider: 42, node: TerrainNodeId { coordinates: BrickCoord { x: -67108864, y: -67108864, z: -67108864 }, level: 27 }, triangle: 1, fraction: 0.99999990665994, separation: 1.1102230246251565e-16 }
localize hit dt=1.0445449533628694e-5 bracket=Some((1.0445449533628484e-5, 1.0445449533630588e-5)) hit=TerrainSweepHit { collider: 42, node: TerrainNodeId { coordinates: BrickCoord { x: -67108864, y: -67108864, z: -67108864 }, level: 27 }, triangle: 1, fraction: 0.9999999066607786, separation: 1.1102230246251565e-16 }
localize hit dt=1.0445449533628504e-5 bracket=Some((1.0445449533628484e-5, 1.0445449533628694e-5)) hit=TerrainSweepHit { collider: 42, node: TerrainNodeId { coordinates: BrickCoord { x: -67108864, y: -67108864, z: -67108864 }, level: 27 }, triangle: 1, fraction: 0.9999999066606563, separation: 1.1102230246251565e-16 }
localize clear dt=1.0445449533628486e-5 upper=1.0445449533628504e-5 width=1.8634724839594607e-20
localize hit dt=1.0445449533628494e-5 bracket=Some((1.0445449533628486e-5, 1.0445449533628504e-5)) hit=TerrainSweepHit { collider: 42, node: TerrainNodeId { coordinates: BrickCoord { x: -67108864, y: -67108864, z: -67108864 }, level: 27 }, triangle: 1, fraction: 0.9999999066607038, separation: 1.1102230246251565e-16 }
localize hit dt=1.0445449533628487e-5 bracket=Some((1.0445449533628486e-5, 1.0445449533628494e-5)) hit=TerrainSweepHit { collider: 42, node: TerrainNodeId { coordinates: BrickCoord { x: -67108864, y: -67108864, z: -67108864 }, level: 27 }, triangle: 1, fraction: 0.9999999066607133, separation: 1.1102230246251565e-16 }
localize hit dt=4.166666666666667e-3 bracket=None hit=TerrainSweepHit { collider: 42, node: TerrainNodeId { coordinates: BrickCoord { x: -67108864, y: -67108864, z: -67108864 }, level: 27 }, triangle: 1, fraction: 6.473350816883129e-6, separation: -2.220446049250313e-16 }
localize clear dt=2.697229507034637e-8 upper=4.166666666666667e-3 width=4.1666396943715964e-3
localize hit dt=2.0833468194808684e-3 bracket=Some((2.697229507034637e-8, 0.004166666666666667)) hit=TerrainSweepHit { collider: 42, node: TerrainNodeId { coordinates: BrickCoord { x: -67108864, y: -67108864, z: -67108864 }, level: 27 }, triangle: 1, fraction: 2.5658443549027613e-5, separation: 5.551115123125783e-17 }
localize hit dt=2.083589570136502e-4 bracket=Some((2.697229507034637e-8, 0.0020833468194808684)) hit=TerrainSweepHit { collider: 42, node: TerrainNodeId { coordinates: BrickCoord { x: -67108864, y: -67108864, z: -67108864 }, level: 27 }, triangle: 1, fraction: 0.0025433997931767504, separation: 7.993605777301127e-15 }
localize hit dt=2.0860170766928332e-5 bracket=Some((2.697229507034637e-8, 0.0002083589570136502)) hit=TerrainSweepHit { collider: 42, node: TerrainNodeId { coordinates: BrickCoord { x: -67108864, y: -67108864, z: -67108864 }, level: 27 }, triangle: 1, fraction: 0.2522133925844919, separation: -3.3306690738754696e-16 }
localize clear dt=5.261214439018836e-6 upper=2.0860170766928332e-5 width=1.5598956327909497e-5
localize hit dt=1.3060692602973585e-5 bracket=Some((5.261214439018836e-6, 2.0860170766928332e-5)) hit=TerrainSweepHit { collider: 42, node: TerrainNodeId { coordinates: BrickCoord { x: -67108864, y: -67108864, z: -67108864 }, level: 27 }, triangle: 1, fraction: 0.6411209741265095, separation: -1.1102230246251565e-16 }
localize clear dt=8.373483964385322e-6 upper=1.3060692602973585e-5 width=4.687208638588263e-6
localize hit dt=1.0717088283679454e-5 bracket=Some((8.373483964385322e-6, 1.3060692602973585e-5)) hit=TerrainSweepHit { collider: 42, node: TerrainNodeId { coordinates: BrickCoord { x: -67108864, y: -67108864, z: -67108864 }, level: 27 }, triangle: 1, fraction: 0.9502313956194874, separation: -4.996003610813204e-16 }
localize clear dt=1.0183713756777984e-5 upper=1.0717088283679454e-5 width=5.333745269014692e-7
localize hit dt=1.0450401020228719e-5 bracket=Some((1.0183713756777984e-5, 1.0717088283679454e-5)) hit=TerrainSweepHit { collider: 42, node: TerrainNodeId { coordinates: BrickCoord { x: -67108864, y: -67108864, z: -67108864 }, level: 27 }, triangle: 1, fraction: 0.9990579448875192, separation: 0.0 }
localize clear dt=1.0423732293883645e-5 upper=1.0450401020228719e-5 width=2.6668726345073967e-8
localize clear dt=1.0437066657056182e-5 upper=1.0450401020228719e-5 width=1.3334363172536984e-8
localize clear dt=1.044373383864245e-5 upper=1.0450401020228719e-5 width=6.667181586268492e-9
localize hit dt=1.0447067429435584e-5 bracket=Some((1.044373383864245e-5, 1.0450401020228719e-5)) hit=TerrainSweepHit { collider: 42, node: TerrainNodeId { coordinates: BrickCoord { x: -67108864, y: -67108864, z: -67108864 }, level: 27 }, triangle: 1, fraction: 0.9996920274366627, separation: 5.551115123125783e-17 }
localize clear dt=1.0444067197721764e-5 upper=1.0447067429435584e-5 width=3.0002317138195508e-9
localize hit dt=1.0445567313578675e-5 bracket=Some((1.0444067197721764e-5, 1.0447067429435584e-5)) hit=TerrainSweepHit { collider: 42, node: TerrainNodeId { coordinates: BrickCoord { x: -67108864, y: -67108864, z: -67108864 }, level: 27 }, triangle: 1, fraction: 0.9999775016220005, separation: 1.1102230246251565e-16 }
localize clear dt=1.0445332305256834e-5 upper=1.0445567313578675e-5 width=2.350083218407076e-10
localize hit dt=1.0445449809417755e-5 bracket=Some((1.0445332305256834e-5, 1.0445567313578675e-5)) hit=TerrainSweepHit { collider: 42, node: TerrainNodeId { coordinates: BrickCoord { x: -67108864, y: -67108864, z: -67108864 }, level: 27 }, triangle: 1, fraction: 0.9999998004027967, separation: 5.551115123125783e-17 }
localize clear dt=1.0445438059001663e-5 upper=1.0445449809417755e-5 width=1.1750416091865974e-11
localize clear dt=1.0445443934209708e-5 upper=1.0445449809417755e-5 width=5.87520804678002e-12
localize clear dt=1.0445446871813732e-5 upper=1.0445449809417755e-5 width=2.937604022542977e-12
localize clear dt=1.0445448340615744e-5 upper=1.0445449809417755e-5 width=1.4688020104244555e-12
localize clear dt=1.0445449075016749e-5 upper=1.0445449809417755e-5 width=7.344010060592607e-13
localize clear dt=1.044544944221725e-5 upper=1.0445449809417755e-5 width=3.672005038766633e-13
localize hit dt=1.0445449625817504e-5 bracket=Some((1.044544944221725e-5, 1.0445449809417755e-5)) hit=TerrainSweepHit { collider: 42, node: TerrainNodeId { coordinates: BrickCoord { x: -67108864, y: -67108864, z: -67108864 }, level: 27 }, triangle: 1, fraction: 0.9999998352453823, separation: 1.6653345369377348e-16 }
localize clear dt=1.0445449460577276e-5 upper=1.0445449625817504e-5 width=1.6524022750682814e-13
localize hit dt=1.044544954319739e-5 bracket=Some((1.0445449460577276e-5, 1.0445449625817504e-5)) hit=TerrainSweepHit { collider: 42, node: TerrainNodeId { coordinates: BrickCoord { x: -67108864, y: -67108864, z: -67108864 }, level: 27 }, triangle: 1, fraction: 0.9999997430839453, separation: 1.1102230246251565e-16 }
localize hit dt=4.156221217197827e-3 bracket=None hit=TerrainSweepHit { collider: 67, node: TerrainNodeId { coordinates: BrickCoord { x: -67108864, y: -67108864, z: -67108864 }, level: 27 }, triangle: 1, fraction: 0.0004789558198972206, separation: 1.467714838554457e-13 }
localize clear dt=1.9906463407572094e-6 upper=4.156221217197827e-3 width=4.15423057085707e-3
localize hit dt=2.0791059317692923e-3 bracket=Some((1.9906463407572094e-6, 0.004156221217197827)) hit=TerrainSweepHit { collider: 67, node: TerrainNodeId { coordinates: BrickCoord { x: -67108864, y: -67108864, z: -67108864 }, level: 27 }, triangle: 1, fraction: 0.0018794857391266275, separation: 5.551115123125783e-17 }
localize hit dt=2.0970217488361072e-4 bracket=Some((1.9906463407572094e-6, 0.0020791059317692923)) hit=TerrainSweepHit { collider: 67, node: TerrainNodeId { coordinates: BrickCoord { x: -67108864, y: -67108864, z: -67108864 }, level: 27 }, triangle: 1, fraction: 0.17017068365607418, separation: 1.1102230246251565e-16 }
localize clear dt=3.5685162464109665e-5 upper=2.0970217488361072e-4 width=1.7401701241950105e-4
localize hit dt=1.226936686738602e-4 bracket=Some((3.5685162464109665e-5, 0.00020970217488361072)) hit=TerrainSweepHit { collider: 67, node: TerrainNodeId { coordinates: BrickCoord { x: -67108864, y: -67108864, z: -67108864 }, level: 27 }, triangle: 1, fraction: 0.47178692043103854, separation: 2.7755575615628914e-16 }
localize clear dt=5.788526810002669e-5 upper=1.226936686738602e-4 width=6.480840057383351e-5
localize hit dt=9.028946838694345e-5 bracket=Some((5.788526810002669e-5, 0.0001226936686738602)) hit=TerrainSweepHit { collider: 67, node: TerrainNodeId { coordinates: BrickCoord { x: -67108864, y: -67108864, z: -67108864 }, level: 27 }, triangle: 1, fraction: 0.8346706157509775, separation: 7.771561172376096e-16 }
localize clear dt=7.536196617435851e-5 upper=9.028946838694345e-5 width=1.4927502212584942e-5
localize hit dt=8.282571728065098e-5 bracket=Some((7.536196617435851e-5, 9.028946838694345e-5)) hit=TerrainSweepHit { collider: 67, node: TerrainNodeId { coordinates: BrickCoord { x: -67108864, y: -67108864, z: -67108864 }, level: 27 }, triangle: 1, fraction: 0.9779171030911856, separation: 1.5543122344752192e-15 }
localize clear dt=8.099668550454376e-5 upper=8.282571728065098e-5 width=1.8290317761072164e-6
localize hit dt=8.191120139259736e-5 bracket=Some((8.099668550454376e-5, 8.282571728065098e-5)) hit=TerrainSweepHit { collider: 67, node: TerrainNodeId { coordinates: BrickCoord { x: -67108864, y: -67108864, z: -67108864 }, level: 27 }, triangle: 1, fraction: 0.9979787734939827, separation: 1.7208456881689926e-15 }
localize clear dt=8.174564030120293e-5 upper=8.191120139259736e-5 width=1.6556109139443883e-7
localize hit dt=8.182842084690015e-5 bracket=Some((8.174564030120293e-5, 8.191120139259736e-5)) hit=TerrainSweepHit { collider: 67, node: TerrainNodeId { coordinates: BrickCoord { x: -67108864, y: -67108864, z: -67108864 }, level: 27 }, triangle: 1, fraction: 0.999825224435105, separation: 1.942890293094024e-15 }
localize clear dt=8.181411923842217e-5 upper=8.182842084690015e-5 width=1.4301608477983153e-8
localize hit dt=8.182127004266115e-5 bracket=Some((8.181411923842217e-5, 8.182842084690015e-5)) hit=TerrainSweepHit { collider: 67, node: TerrainNodeId { coordinates: BrickCoord { x: -67108864, y: -67108864, z: -67108864 }, level: 27 }, triangle: 1, fraction: 0.9999849683807728, separation: 1.7763568394002505e-15 }
localize clear dt=8.182004013648519e-5 upper=8.182127004266115e-5 width=1.2299061759676487e-9
localize hit dt=8.182065508957316e-5 bracket=Some((8.182004013648519e-5, 8.182127004266115e-5)) hit=TerrainSweepHit { collider: 67, node: TerrainNodeId { coordinates: BrickCoord { x: -67108864, y: -67108864, z: -67108864 }, level: 27 }, triangle: 1, fraction: 0.9999987109621077, separation: 1.3322676295501878e-15 }
localize clear dt=8.182054961964838e-5 upper=8.182065508957316e-5 width=1.0546992478596001e-10
localize hit dt=8.182060235461077e-5 bracket=Some((8.182054961964838e-5, 8.182065508957316e-5)) hit=TerrainSweepHit { collider: 67, node: TerrainNodeId { coordinates: BrickCoord { x: -67108864, y: -67108864, z: -67108864 }, level: 27 }, triangle: 1, fraction: 0.9999998855388285, separation: 2.1649348980190553e-15 }
localize clear dt=8.182059298932877e-5 upper=8.182060235461077e-5 width=9.365282000969345e-12
localize hit dt=4.166666666666667e-3 bracket=None hit=TerrainSweepHit { collider: 67, node: TerrainNodeId { coordinates: BrickCoord { x: -67108864, y: -67108864, z: -67108864 }, level: 27 }, triangle: 1, fraction: 0.0004521175403058987, separation: 1.3550272015550036e-13 }
localize clear dt=1.8838230846079113e-6 upper=4.166666666666667e-3 width=4.164782843582059e-3
localize hit dt=2.0842752448756376e-3 bracket=Some((1.8838230846079113e-6, 0.004166666666666667)) hit=TerrainSweepHit { collider: 67, node: TerrainNodeId { coordinates: BrickCoord { x: -67108864, y: -67108864, z: -67108864 }, level: 27 }, triangle: 1, fraction: 0.0017830850469371742, separation: 1.6653345369377348e-16 }
localize hit dt=2.1012296526371084e-4 bracket=Some((1.8838230846079113e-6, 0.0020842752448756376)) hit=TerrainSweepHit { collider: 67, node: TerrainNodeId { coordinates: BrickCoord { x: -67108864, y: -67108864, z: -67108864 }, level: 27 }, triangle: 1, fraction: 0.17608671898479245, separation: -4.440892098500626e-16 }
localize clear dt=3.6999863536642355e-5 upper=2.1012296526371084e-4 width=1.731231017270685e-4
localize hit dt=1.2356141440017661e-4 bracket=Some((3.6999863536642355e-5, 0.00021012296526371084)) hit=TerrainSweepHit { collider: 67, node: TerrainNodeId { coordinates: BrickCoord { x: -67108864, y: -67108864, z: -67108864 }, level: 27 }, triangle: 1, fraction: 0.5155170213529253, separation: 3.885780586188048e-16 }
localize clear dt=6.36980123057335e-5 upper=1.2356141440017661e-4 width=5.9863402094443115e-5
localize hit dt=9.362971335295506e-5 bracket=Some((6.36980123057335e-5, 0.00012356141440017661)) hit=TerrainSweepHit { collider: 67, node: TerrainNodeId { coordinates: BrickCoord { x: -67108864, y: -67108864, z: -67108864 }, level: 27 }, triangle: 1, fraction: 0.9067843506286904, separation: 2.609024107869118e-15 }
localize clear dt=8.490195882230978e-5 upper=9.362971335295506e-5 width=8.72775453064528e-6
localize hit dt=8.926583608763242e-5 bracket=Some((8.490195882230978e-5, 9.362971335295506e-5)) hit=TerrainSweepHit { collider: 67, node: TerrainNodeId { coordinates: BrickCoord { x: -67108864, y: -67108864, z: -67108864 }, level: 27 }, triangle: 1, fraction: 0.9996460684282464, separation: 3.2751579226442118e-15 }
localize clear dt=8.882944836110016e-5 upper=8.926583608763242e-5 width=4.363877265322572e-7
localize clear dt=8.904764222436629e-5 upper=8.926583608763242e-5 width=2.181938632661286e-7
localize clear dt=8.915673915599936e-5 upper=8.926583608763242e-5 width=1.0909693163305752e-7
localize clear dt=8.921128762181589e-5 upper=8.926583608763242e-5 width=5.454846581652876e-8
localize clear dt=8.923856185472415e-5 upper=8.926583608763242e-5 width=2.727423290826438e-8
localize hit dt=8.925219897117828e-5 bracket=Some((8.923856185472415e-5, 8.926583608763242e-5)) hit=TerrainSweepHit { collider: 67, node: TerrainNodeId { coordinates: BrickCoord { x: -67108864, y: -67108864, z: -67108864 }, level: 27 }, triangle: 1, fraction: 0.9999582702760103, separation: 3.1086244689504383e-15 }
localize clear dt=8.924847450154974e-5 upper=8.925219897117828e-5 width=3.724469628541005e-9
localize clear dt=8.925033673636401e-5 upper=8.925219897117828e-5 width=1.8622348142705025e-9
localize hit dt=8.925126785377115e-5 bracket=Some((8.925033673636401e-5, 8.925219897117828e-5)) hit=TerrainSweepHit { collider: 67, node: TerrainNodeId { coordinates: BrickCoord { x: -67108864, y: -67108864, z: -67108864 }, level: 27 }, triangle: 1, fraction: 0.9999795895144467, separation: 3.774758283725532e-15 }
localize hit dt=8.925042984810473e-5 bracket=Some((8.925033673636401e-5, 8.925126785377115e-5)) hit=TerrainSweepHit { collider: 67, node: TerrainNodeId { coordinates: BrickCoord { x: -67108864, y: -67108864, z: -67108864 }, level: 27 }, triangle: 1, fraction: 0.9999987826961608, separation: 3.6637359812630166e-15 }
localize clear dt=8.925034604753809e-5 upper=8.925042984810473e-5 width=8.38005666378358e-11
localize hit dt=8.925038794782141e-5 bracket=Some((8.925034604753809e-5, 8.925042984810473e-5)) hit=TerrainSweepHit { collider: 67, node: TerrainNodeId { coordinates: BrickCoord { x: -67108864, y: -67108864, z: -67108864 }, level: 27 }, triangle: 1, fraction: 0.9999997349314964, separation: 4.163336342344337e-15 }
localize clear dt=8.925036429035464e-5 upper=8.925038794782141e-5 width=2.3657466773335106e-11
localize clear dt=8.925037611908802e-5 upper=8.925038794782141e-5 width=1.1828733386667553e-11
localize hit dt=8.925038203345472e-5 bracket=Some((8.925037611908802e-5, 8.925038794782141e-5)) hit=TerrainSweepHit { collider: 67, node: TerrainNodeId { coordinates: BrickCoord { x: -67108864, y: -67108864, z: -67108864 }, level: 27 }, triangle: 1, fraction: 0.9999998744067041, separation: 3.6637359812630166e-15 }
localize hit dt=4.077416289956142e-3 bracket=None hit=TerrainSweepHit { collider: 7, node: TerrainNodeId { coordinates: BrickCoord { x: -67108864, y: -67108864, z: -67108864 }, level: 27 }, triangle: 1, fraction: 0.3202009617507845, separation: 2.6645352591003757e-15 }
localize clear dt=1.3055926175022721e-3 upper=4.077416289956142e-3 width=2.77182367245387e-3
localize hit dt=2.691504453729207e-3 bracket=Some((0.0013055926175022721, 0.004077416289956142)) hit=TerrainSweepHit { collider: 7, node: TerrainNodeId { coordinates: BrickCoord { x: -67108864, y: -67108864, z: -67108864 }, level: 27 }, triangle: 1, fraction: 0.4927221777436775, separation: 2.942091015256665e-15 }
localize hit dt=1.4441838011249656e-3 bracket=Some((0.0013055926175022721, 0.002691504453729207)) hit=TerrainSweepHit { collider: 7, node: TerrainNodeId { coordinates: BrickCoord { x: -67108864, y: -67108864, z: -67108864 }, level: 27 }, triangle: 1, fraction: 0.9318380886208859, separation: 2.942091015256665e-15 }
localize clear dt=1.3457454728575335e-3 upper=1.4441838011249656e-3 width=9.843832826743207e-5
localize hit dt=1.3949646369912495e-3 bracket=Some((0.0013457454728575335, 0.0014441838011249656)) hit=TerrainSweepHit { collider: 7, node: TerrainNodeId { coordinates: BrickCoord { x: -67108864, y: -67108864, z: -67108864 }, level: 27 }, triangle: 1, fraction: 0.9652861033544108, separation: 3.1086244689504383e-15 }
localize hit dt=1.350667389270905e-3 bracket=Some((0.0013457454728575335, 0.0013949646369912495)) hit=TerrainSweepHit { collider: 7, node: TerrainNodeId { coordinates: BrickCoord { x: -67108864, y: -67108864, z: -67108864 }, level: 27 }, triangle: 1, fraction: 0.9974746546023606, separation: 3.1086244689504383e-15 }
localize clear dt=1.3472564875956683e-3 upper=1.350667389270905e-3 width=3.410901675236777e-6
localize hit dt=1.3489619384332867e-3 bracket=Some((0.0013472564875956683, 0.001350667389270905)) hit=TerrainSweepHit { collider: 7, node: TerrainNodeId { coordinates: BrickCoord { x: -67108864, y: -67108864, z: -67108864 }, level: 27 }, triangle: 1, fraction: 0.9987562009647716, separation: 3.0531133177191805e-15 }
localize hit dt=1.3474270326794301e-3 bracket=Some((0.0013472564875956683, 0.0013489619384332867)) hit=TerrainSweepHit { collider: 7, node: TerrainNodeId { coordinates: BrickCoord { x: -67108864, y: -67108864, z: -67108864 }, level: 27 }, triangle: 1, fraction: 0.9999123677211211, separation: 2.55351295663786e-15 }
localize clear dt=1.3473089545779334e-3 upper=1.3474270326794301e-3 width=1.180781014967474e-7
localize hit dt=1.3473679936286819e-3 bracket=Some((0.0013473089545779334, 0.0013474270326794301)) hit=TerrainSweepHit { collider: 7, node: TerrainNodeId { coordinates: BrickCoord { x: -67108864, y: -67108864, z: -67108864 }, level: 27 }, triangle: 1, fraction: 0.9999568914817532, separation: 2.7200464103316335e-15 }
localize hit dt=1.3473148584830083e-3 bracket=Some((0.0013473089545779334, 0.0013473679936286819)) hit=TerrainSweepHit { collider: 7, node: TerrainNodeId { coordinates: BrickCoord { x: -67108864, y: -67108864, z: -67108864 }, level: 27 }, triangle: 1, fraction: 0.9999969662041632, separation: 2.9976021664879227e-15 }
localize clear dt=1.3473107710047997e-3 upper=1.3473148584830083e-3 width=4.087478208550724e-9
localize hit dt=1.347312814743904e-3 bracket=Some((0.0013473107710047997, 0.0013473148584830083)) hit=TerrainSweepHit { collider: 7, node: TerrainNodeId { coordinates: BrickCoord { x: -67108864, y: -67108864, z: -67108864 }, level: 27 }, triangle: 1, fraction: 0.9999985076628474, separation: 2.6645352591003757e-15 }
localize hit dt=1.34731097537871e-3 bracket=Some((0.0013473107710047997, 0.001347312814743904)) hit=TerrainSweepHit { collider: 7, node: TerrainNodeId { coordinates: BrickCoord { x: -67108864, y: -67108864, z: -67108864 }, level: 27 }, triangle: 1, fraction: 0.9999998949795093, separation: 3.219646771412954e-15 }
localize clear dt=1.3473108338834504e-3 upper=1.34731097537871e-3 width=1.4149525973637667e-10
localize hit dt=1.3473109046310801e-3 bracket=Some((0.0013473108338834504, 0.00134731097537871)) hit=TerrainSweepHit { collider: 7, node: TerrainNodeId { coordinates: BrickCoord { x: -67108864, y: -67108864, z: -67108864 }, level: 27 }, triangle: 1, fraction: 0.9999999483401358, separation: 2.7755575615628914e-15 }
localize hit dt=1.3473108409582132e-3 bracket=Some((0.0013473108338834504, 0.0013473109046310801)) hit=TerrainSweepHit { collider: 7, node: TerrainNodeId { coordinates: BrickCoord { x: -67108864, y: -67108864, z: -67108864 }, level: 27 }, triangle: 1, fraction: 0.9999999963646639, separation: 2.942091015256665e-15 }
localize clear dt=1.3473108360602855e-3 upper=1.3473108409582132e-3 width=4.897927766492338e-12
localize hit dt=1.3473108385092494e-3 bracket=Some((0.0013473108360602855, 0.0013473108409582132)) hit=TerrainSweepHit { collider: 7, node: TerrainNodeId { coordinates: BrickCoord { x: -67108864, y: -67108864, z: -67108864 }, level: 27 }, triangle: 1, fraction: 0.9999999982118252, separation: 2.942091015256665e-15 }
localize hit dt=2.73010545365096e-3 bracket=None hit=TerrainSweepHit { collider: 67, node: TerrainNodeId { coordinates: BrickCoord { x: -67108864, y: -67108864, z: -67108864 }, level: 27 }, triangle: 1, fraction: 7.879680176236223e-5, separation: 1.5543122344752192e-15 }
localize clear dt=2.151235782216787e-7 upper=2.73010545365096e-3 width=2.7298903300727387e-3
localize hit dt=1.365160288614591e-3 bracket=Some((2.151235782216787e-7, 0.00273010545365096)) hit=TerrainSweepHit { collider: 67, node: TerrainNodeId { coordinates: BrickCoord { x: -67108864, y: -67108864, z: -67108864 }, level: 27 }, triangle: 1, fraction: 0.0002488681517894526, separation: 4.3298697960381105e-15 }
localize hit dt=1.3670964008185863e-4 bracket=Some((2.151235782216787e-7, 0.001365160288614591)) hit=TerrainSweepHit { collider: 67, node: TerrainNodeId { coordinates: BrickCoord { x: -67108864, y: -67108864, z: -67108864 }, level: 27 }, triangle: 1, fraction: 0.005134179659275805, separation: 1.815214645262131e-14 }
localize hit dt=1.3864575228585374e-5 bracket=Some((2.151235782216787e-7, 0.00013670964008185863)) hit=TerrainSweepHit { collider: 67, node: TerrainNodeId { coordinates: BrickCoord { x: -67108864, y: -67108864, z: -67108864 }, level: 27 }, triangle: 1, fraction: 0.054963898697956315, separation: 2.0761170560490427e-14 }
localize hit dt=1.5800687432580483e-6 bracket=Some((2.151235782216787e-7, 1.3864575228585374e-5)) hit=TerrainSweepHit { collider: 67, node: TerrainNodeId { coordinates: BrickCoord { x: -67108864, y: -67108864, z: -67108864 }, level: 27 }, triangle: 1, fraction: 0.4838205557424544, separation: 2.1316282072803006e-14 }
localize clear dt=7.644697374743905e-7 upper=1.5800687432580483e-6 width=8.155990057836578e-7
localize hit dt=1.1722692403662194e-6 bracket=Some((7.644697374743905e-7, 1.5800687432580483e-6)) hit=TerrainSweepHit { collider: 67, node: TerrainNodeId { coordinates: BrickCoord { x: -67108864, y: -67108864, z: -67108864 }, level: 27 }, triangle: 1, fraction: 0.6521968753127112, separation: 2.098321516541546e-14 }
localize hit dt=8.052496877635734e-7 bracket=Some((7.644697374743905e-7, 1.1722692403662194e-6)) hit=TerrainSweepHit { collider: 67, node: TerrainNodeId { coordinates: BrickCoord { x: -67108864, y: -67108864, z: -67108864 }, level: 27 }, triangle: 1, fraction: 0.9495475782503959, separation: 2.142730437526552e-14 }
localize hit dt=7.685477325033087e-7 bracket=Some((7.644697374743905e-7, 8.052496877635734e-7)) hit=TerrainSweepHit { collider: 67, node: TerrainNodeId { coordinates: BrickCoord { x: -67108864, y: -67108864, z: -67108864 }, level: 27 }, triangle: 1, fraction: 0.9949026130485059, separation: 2.098321516541546e-14 }
localize hit dt=7.648775369772824e-7 bracket=Some((7.644697374743905e-7, 7.685477325033087e-7)) hit=TerrainSweepHit { collider: 67, node: TerrainNodeId { coordinates: BrickCoord { x: -67108864, y: -67108864, z: -67108864 }, level: 27 }, triangle: 1, fraction: 0.9996775117653094, separation: 2.120525977034049e-14 }
localize clear dt=7.646308729706281e-7 upper=7.648775369772824e-7 width=2.466640066542785e-10
localize hit dt=7.647542049739553e-7 bracket=Some((7.646308729706281e-7, 7.648775369772824e-7)) hit=TerrainSweepHit { collider: 67, node: TerrainNodeId { coordinates: BrickCoord { x: -67108864, y: -67108864, z: -67108864 }, level: 27 }, triangle: 1, fraction: 0.9998387617642699, separation: 2.1260770921571748e-14 }
localize hit dt=7.646432061709608e-7 bracket=Some((7.646308729706281e-7, 7.647542049739553e-7)) hit=TerrainSweepHit { collider: 67, node: TerrainNodeId { coordinates: BrickCoord { x: -67108864, y: -67108864, z: -67108864 }, level: 27 }, triangle: 1, fraction: 0.9999839312380026, separation: 2.1038726316646716e-14 }
localize hit dt=7.646321062906613e-7 bracket=Some((7.646308729706281e-7, 7.646432061709608e-7)) hit=TerrainSweepHit { collider: 67, node: TerrainNodeId { coordinates: BrickCoord { x: -67108864, y: -67108864, z: -67108864 }, level: 27 }, triangle: 1, fraction: 0.9999984505034831, separation: 2.1149748619109232e-14 }
localize hit dt=1.0465314710538e-5 bracket=None hit=TerrainSweepHit { collider: 67, node: TerrainNodeId { coordinates: BrickCoord { x: -67108864, y: -67108864, z: -67108864 }, level: 27 }, triangle: 1, fraction: 0.000605242009175555, separation: -3.885780586188048e-16 }
localize clear dt=6.334048102060511e-9 upper=1.0465314710538e-5 width=1.045898066243594e-5
localize hit dt=5.235824379320031e-6 bracket=Some((6.334048102060511e-9, 1.0465314710538e-5)) hit=TerrainSweepHit { collider: 67, node: TerrainNodeId { coordinates: BrickCoord { x: -67108864, y: -67108864, z: -67108864 }, level: 27 }, triangle: 1, fraction: 0.002420358912981868, separation: 5.551115123125783e-17 }
localize hit dt=5.292830812238575e-7 bracket=Some((6.334048102060511e-9, 5.235824379320031e-6)) hit=TerrainSweepHit { collider: 67, node: TerrainNodeId { coordinates: BrickCoord { x: -67108864, y: -67108864, z: -67108864 }, level: 27 }, triangle: 1, fraction: 0.24105537526505216, separation: 3.3306690738754696e-16 }
localize clear dt=1.2758653176586004e-7 upper=5.292830812238575e-7 width=4.016965494579974e-7
localize hit dt=3.284348064948587e-7 bracket=Some((1.2758653176586004e-7, 5.292830812238575e-7)) hit=TerrainSweepHit { collider: 67, node: TerrainNodeId { coordinates: BrickCoord { x: -67108864, y: -67108864, z: -67108864 }, level: 27 }, triangle: 1, fraction: 0.6334579765663335, separation: 1.3877787807814457e-15 }
localize clear dt=2.080496479561885e-7 upper=3.284348064948587e-7 width=1.2038515853867023e-7
localize hit dt=2.682422272255236e-7 bracket=Some((2.080496479561885e-7, 3.284348064948587e-7)) hit=TerrainSweepHit { collider: 67, node: TerrainNodeId { coordinates: BrickCoord { x: -67108864, y: -67108864, z: -67108864 }, level: 27 }, triangle: 1, fraction: 0.9562136138668613, separation: 2.1094237467877974e-15 }
localize clear dt=2.564968694870137e-7 upper=2.682422272255236e-7 width=1.1745357738509897e-8
localize clear dt=2.623695483562686e-7 upper=2.682422272255236e-7 width=5.872678869254975e-9
localize hit dt=2.653058877908961e-7 bracket=Some((2.623695483562686e-7, 2.682422272255236e-7)) hit=TerrainSweepHit { collider: 67, node: TerrainNodeId { coordinates: BrickCoord { x: -67108864, y: -67108864, z: -67108864 }, level: 27 }, triangle: 1, fraction: 0.9779018523651075, separation: 1.9984014443252818e-15 }
localize hit dt=2.6266318229973134e-7 bracket=Some((2.623695483562686e-7, 2.653058877908961e-7)) hit=TerrainSweepHit { collider: 67, node: TerrainNodeId { coordinates: BrickCoord { x: -67108864, y: -67108864, z: -67108864 }, level: 27 }, triangle: 1, fraction: 0.9980581183364947, separation: 2.220446049250313e-15 }
localize clear dt=2.6239891175061486e-7 upper=2.6266318229973134e-7 width=2.6427054911648604e-10
localize hit dt=2.6253104702517307e-7 bracket=Some((2.6239891175061486e-7, 2.6266318229973134e-7)) hit=TerrainSweepHit { collider: 67, node: TerrainNodeId { coordinates: BrickCoord { x: -67108864, y: -67108864, z: -67108864 }, level: 27 }, triangle: 1, fraction: 0.9990822381389037, separation: 2.1649348980190553e-15 }
localize clear dt=2.6241212527807066e-7 upper=2.6253104702517307e-7 width=1.1892174710241607e-10
localize hit dt=2.6247158615162184e-7 bracket=Some((2.6241212527807066e-7, 2.6253104702517307e-7)) hit=TerrainSweepHit { collider: 67, node: TerrainNodeId { coordinates: BrickCoord { x: -67108864, y: -67108864, z: -67108864 }, level: 27 }, triangle: 1, fraction: 0.9995436061533027, separation: 2.220446049250313e-15 }
localize hit dt=2.6241807136542577e-7 bracket=Some((2.6241212527807066e-7, 2.6247158615162184e-7)) hit=TerrainSweepHit { collider: 67, node: TerrainNodeId { coordinates: BrickCoord { x: -67108864, y: -67108864, z: -67108864 }, level: 27 }, triangle: 1, fraction: 0.9999591105555581, separation: 2.275957200481571e-15 }
localize clear dt=2.6241271988680617e-7 upper=2.6241807136542577e-7 width=5.351478619601576e-12
localize hit dt=2.6241539562611597e-7 bracket=Some((2.6241271988680617e-7, 2.6241807136542577e-7)) hit=TerrainSweepHit { collider: 67, node: TerrainNodeId { coordinates: BrickCoord { x: -67108864, y: -67108864, z: -67108864 }, level: 27 }, triangle: 1, fraction: 0.9999798925615018, separation: 2.4424906541753444e-15 }
localize hit dt=2.7061144151253116e-3 bracket=None hit=TerrainSweepHit { collider: 67, node: TerrainNodeId { coordinates: BrickCoord { x: -67108864, y: -67108864, z: -67108864 }, level: 27 }, triangle: 1, fraction: 1.1329053286985941e-8, separation: -5.551115123125783e-17 }
localize clear dt=3.065771440963545e-11 upper=2.7061144151253116e-3 width=2.7061143844675974e-3
localize hit dt=1.3530572228915131e-3 bracket=Some((3.065771440963545e-11, 0.0027061144151253116)) hit=TerrainSweepHit { collider: 67, node: TerrainNodeId { coordinates: BrickCoord { x: -67108864, y: -67108864, z: -67108864 }, level: 27 }, triangle: 1, fraction: 4.508513638836903e-8, separation: 2.7755575615628914e-16 }
localize hit dt=1.353057498810943e-4 bracket=Some((3.065771440963545e-11, 0.0013530572228915131)) hit=TerrainSweepHit { collider: 67, node: TerrainNodeId { coordinates: BrickCoord { x: -67108864, y: -67108864, z: -67108864 }, level: 27 }, triangle: 1, fraction: 3.945307715438729e-6, separation: 5.551115123125783e-17 }
localize hit dt=1.3530602580052398e-5 bracket=Some((3.065771440963545e-11, 0.0001353057498810943)) hit=TerrainSweepHit { collider: 67, node: TerrainNodeId { coordinates: BrickCoord { x: -67108864, y: -67108864, z: -67108864 }, level: 27 }, triangle: 1, fraction: 0.00025775023967966604, separation: 3.3306690738754696e-16 }
localize hit dt=1.3530878499482086e-6 bracket=Some((3.065771440963545e-11, 1.3530602580052398e-5)) hit=TerrainSweepHit { collider: 67, node: TerrainNodeId { coordinates: BrickCoord { x: -67108864, y: -67108864, z: -67108864 }, level: 27 }, triangle: 1, fraction: 0.025924535429485474, separation: 3.3306690738754696e-16 }
localize clear dt=1.3533637693778957e-7 upper=1.3530878499482086e-6 width=1.217751473010419e-6
localize hit dt=7.442121134429991e-7 bracket=Some((1.3533637693778957e-7, 1.3530878499482086e-6)) hit=TerrainSweepHit { collider: 67, node: TerrainNodeId { coordinates: BrickCoord { x: -67108864, y: -67108864, z: -67108864 }, level: 27 }, triangle: 1, fraction: 0.086157463688739, separation: 4.440892098500626e-16 }
localize clear dt=1.9622395058831052e-7 upper=7.442121134429991e-7 width=5.479881628546886e-7
localize hit dt=4.702180320156548e-7 bracket=Some((1.9622395058831052e-7, 7.442121134429991e-7)) hit=TerrainSweepHit { collider: 67, node: TerrainNodeId { coordinates: BrickCoord { x: -67108864, y: -67108864, z: -67108864 }, level: 27 }, triangle: 1, fraction: 0.21730976784535017, separation: 3.3306690738754696e-16 }
localize hit dt=2.2362335873104496e-7 bracket=Some((1.9622395058831052e-7, 4.702180320156548e-7)) hit=TerrainSweepHit { collider: 67, node: TerrainNodeId { coordinates: BrickCoord { x: -67108864, y: -67108864, z: -67108864 }, level: 27 }, triangle: 1, fraction: 0.9805359029770528, separation: 1.8318679906315083e-15 }
localize clear dt=2.1927073198010657e-7 upper=2.2362335873104496e-7 width=4.352626750938389e-9
localize clear dt=2.2144704535557576e-7 upper=2.2362335873104496e-7 width=2.1763133754691944e-9
localize hit dt=2.2253520204331037e-7 bracket=Some((2.2144704535557576e-7, 2.2362335873104496e-7)) hit=TerrainSweepHit { collider: 67, node: TerrainNodeId { coordinates: BrickCoord { x: -67108864, y: -67108864, z: -67108864 }, level: 27 }, triangle: 1, fraction: 0.9903336823945672, separation: 1.4988010832439613e-15 }
localize hit dt=2.2155586102434923e-7 bracket=Some((2.2144704535557576e-7, 2.2253520204331037e-7)) hit=TerrainSweepHit { collider: 67, node: TerrainNodeId { coordinates: BrickCoord { x: -67108864, y: -67108864, z: -67108864 }, level: 27 }, triangle: 1, fraction: 0.9992777317240282, separation: 1.8318679906315083e-15 }
localize clear dt=2.214579269224531e-7 upper=2.2155586102434923e-7 width=9.793410189613532e-11
localize hit dt=2.2150689397340117e-7 bracket=Some((2.214579269224531e-7, 2.2155586102434923e-7)) hit=TerrainSweepHit { collider: 67, node: TerrainNodeId { coordinates: BrickCoord { x: -67108864, y: -67108864, z: -67108864 }, level: 27 }, triangle: 1, fraction: 0.9997281095335495, separation: 1.942890293094024e-15 }
localize clear dt=2.214628236275479e-7 upper=2.2150689397340117e-7 width=4.407034585325295e-11
localize hit dt=2.2148485880047455e-7 bracket=Some((2.214628236275479e-7, 2.2150689397340117e-7)) hit=TerrainSweepHit { collider: 67, node: TerrainNodeId { coordinates: BrickCoord { x: -67108864, y: -67108864, z: -67108864 }, level: 27 }, triangle: 1, fraction: 0.999930878826973, separation: 1.9984014443252818e-15 }
localize clear dt=2.2146954950722653e-7 upper=2.2148485880047455e-7 width=1.530929324802059e-11
localize clear dt=2.2147720415385053e-7 upper=2.2148485880047455e-7 width=7.65464662402353e-12
localize hit dt=2.2148103147716254e-7 bracket=Some((2.2147720415385053e-7, 2.2148485880047455e-7)) hit=TerrainSweepHit { collider: 67, node: TerrainNodeId { coordinates: BrickCoord { x: -67108864, y: -67108864, z: -67108864 }, level: 27 }, triangle: 1, fraction: 0.9999661044258907, separation: 1.942890293094024e-15 }
localize hit dt=2.7058929375384255e-3 bracket=None hit=TerrainSweepHit { collider: 42, node: TerrainNodeId { coordinates: BrickCoord { x: -67108864, y: -67108864, z: -67108864 }, level: 27 }, triangle: 1, fraction: 1.2682968911860754e-5, separation: 1.6653345369377348e-16 }
localize clear dt=3.4318756005623425e-8 upper=2.7058929375384255e-3 width=2.70585861878242e-3
localize hit dt=1.3529636281472157e-3 bracket=Some((3.4318756005623425e-8, 0.0027058929375384255)) hit=TerrainSweepHit { collider: 42, node: TerrainNodeId { coordinates: BrickCoord { x: -67108864, y: -67108864, z: -67108864 }, level: 27 }, triangle: 1, fraction: 5.060516184228185e-5, separation: 2.220446049250313e-16 }
localize hit dt=1.3532724969512664e-4 bracket=Some((3.4318756005623425e-8, 0.0013529636281472157)) hit=TerrainSweepHit { collider: 42, node: TerrainNodeId { coordinates: BrickCoord { x: -67108864, y: -67108864, z: -67108864 }, level: 27 }, triangle: 1, fraction: 0.006110125264541872, separation: 3.241851231905457e-14 }
localize clear dt=1.3563611849917725e-5 upper=1.3532724969512664e-4 width=1.2176363784520891e-4
localize hit dt=7.444543077252218e-5 bracket=Some((1.3563611849917725e-5, 0.00013532724969512664)) hit=TerrainSweepHit { collider: 42, node: TerrainNodeId { coordinates: BrickCoord { x: -67108864, y: -67108864, z: -67108864 }, level: 27 }, triangle: 1, fraction: 0.02649239744394268, separation: 1.8357537712176963e-13 }
localize clear dt=1.965179374217817e-5 upper=7.444543077252218e-5 width=5.479363703034401e-5
localize hit dt=4.704861225735018e-5 bracket=Some((1.965179374217817e-5, 7.444543077252218e-5)) hit=TerrainSweepHit { collider: 42, node: TerrainNodeId { coordinates: BrickCoord { x: -67108864, y: -67108864, z: -67108864 }, level: 27 }, triangle: 1, fraction: 0.1227429406829659, separation: 1.1102230246251565e-16 }
localize clear dt=2.2391475593695373e-5 upper=4.704861225735018e-5 width=2.4657136663654807e-5
localize clear dt=3.472004392552278e-5 upper=4.704861225735018e-5 width=1.2328568331827402e-5
localize hit dt=4.0884328091436476e-5 bracket=Some((3.472004392552278e-5, 4.704861225735018e-5)) hit=TerrainSweepHit { collider: 42, node: TerrainNodeId { coordinates: BrickCoord { x: -67108864, y: -67108864, z: -67108864 }, level: 27 }, triangle: 1, fraction: 0.25064439270159133, separation: 3.885780586188048e-16 }
localize hit dt=3.533647234211415e-5 bracket=Some((3.472004392552278e-5, 4.0884328091436476e-5)) hit=TerrainSweepHit { collider: 42, node: TerrainNodeId { coordinates: BrickCoord { x: -67108864, y: -67108864, z: -67108864 }, level: 27 }, triangle: 1, fraction: 0.9607167274713692, separation: 1.963984530561902e-13 }
localize clear dt=3.478168676718191e-5 upper=3.533647234211415e-5 width=5.547855749322349e-7
localize clear dt=3.505907955464803e-5 upper=3.533647234211415e-5 width=2.7739278746611744e-7
localize clear dt=3.519777594838109e-5 upper=3.533647234211415e-5 width=1.3869639373305533e-7
localize hit dt=3.5267124145247616e-5 bracket=Some((3.519777594838109e-5, 3.533647234211415e-5)) hit=TerrainSweepHit { collider: 42, node: TerrainNodeId { coordinates: BrickCoord { x: -67108864, y: -67108864, z: -67108864 }, level: 27 }, triangle: 1, fraction: 0.9913711629438754, separation: 2.312594560294201e-13 }
localize hit dt=2.0833333333333333e-3 bracket=None hit=TerrainSweepHit { collider: 42, node: TerrainNodeId { coordinates: BrickCoord { x: -67108864, y: -67108864, z: -67108864 }, level: 27 }, triangle: 1, fraction: 2.5658774239950005e-5, separation: 1.6653345369377348e-16 }
localize clear dt=5.345577966656251e-8 upper=2.0833333333333333e-3 width=2.083279877553667e-3
localize hit dt=1.0416933945564999e-3 bracket=Some((5.345577966656251e-8, 0.0020833333333333333)) hit=TerrainSweepHit { collider: 42, node: TerrainNodeId { coordinates: BrickCoord { x: -67108864, y: -67108864, z: -67108864 }, level: 27 }, triangle: 1, fraction: 0.00010216598026806608, separation: 1.6653345369377348e-16 }
localize hit dt=1.0421744965734991e-4 bracket=Some((5.345577966656251e-8, 0.0010416933945564999)) hit=TerrainSweepHit { collider: 42, node: TerrainNodeId { coordinates: BrickCoord { x: -67108864, y: -67108864, z: -67108864 }, level: 27 }, triangle: 1, fraction: 0.010155486206202805, separation: 3.26405569239796e-14 }
localize hit dt=1.0469855167434898e-5 bracket=Some((5.345577966656251e-8, 0.00010421744965734991)) hit=TerrainSweepHit { collider: 42, node: TerrainNodeId { coordinates: BrickCoord { x: -67108864, y: -67108864, z: -67108864 }, level: 27 }, triangle: 1, fraction: 0.99537059827578, separation: -2.220446049250313e-16 }
localize clear dt=9.428215228658065e-6 upper=1.0469855167434898e-5 width=1.0416399387768327e-6
localize clear dt=9.949035198046483e-6 upper=1.0469855167434898e-5 width=5.208199693884155e-7
localize clear dt=1.0209445182740691e-5 upper=1.0469855167434898e-5 width=2.604099846942069e-7
localize clear dt=1.0339650175087794e-5 upper=1.0469855167434898e-5 width=1.302049923471043e-7
localize clear dt=1.0404752671261347e-5 upper=1.0469855167434898e-5 width=6.51024961735513e-8
localize clear dt=1.0437303919348122e-5 upper=1.0469855167434898e-5 width=3.25512480867765e-8
localize hit dt=1.045357954339151e-5 bracket=Some((1.0437303919348122e-5, 1.0469855167434898e-5)) hit=TerrainSweepHit { collider: 42, node: TerrainNodeId { coordinates: BrickCoord { x: -67108864, y: -67108864, z: -67108864 }, level: 27 }, triangle: 1, fraction: 0.9984541455490716, separation: 2.7755575615628914e-16 }
localize clear dt=1.0438931481752461e-5 upper=1.045357954339151e-5 width=1.4648061639049509e-8
localize hit dt=1.0446255512571985e-5 bracket=Some((1.0438931481752461e-5, 1.045357954339151e-5)) hit=TerrainSweepHit { collider: 42, node: TerrainNodeId { coordinates: BrickCoord { x: -67108864, y: -67108864, z: -67108864 }, level: 27 }, triangle: 1, fraction: 0.999846593492274, separation: -5.551115123125783e-17 }
localize clear dt=1.0444652988994989e-5 upper=1.0446255512571985e-5 width=1.6025235769963635e-9
localize hit dt=1.0445454250783487e-5 bracket=Some((1.0444652988994989e-5, 1.0446255512571985e-5)) hit=TerrainSweepHit { collider: 42, node: TerrainNodeId { coordinates: BrickCoord { x: -67108864, y: -67108864, z: -67108864 }, level: 27 }, triangle: 1, fraction: 0.9999991193121394, separation: -1.1102230246251565e-16 }
localize clear dt=1.0445374124604637e-5 upper=1.0445454250783487e-5 width=8.012617884964877e-11
localize clear dt=1.0445414187694063e-5 upper=1.0445454250783487e-5 width=4.006308942397735e-11
localize clear dt=1.0445434219238774e-5 upper=1.0445454250783487e-5 width=2.0031544712835708e-11
localize clear dt=1.0445444235011131e-5 upper=1.0445454250783487e-5 width=1.0015772355570821e-11
localize clear dt=1.044544924289731e-5 upper=1.0445454250783487e-5 width=5.007886176938378e-12
localize hit dt=1.0445451746840398e-5 bracket=Some((1.044544924289731e-5, 1.0445454250783487e-5)) hit=TerrainSweepHit { collider: 42, node: TerrainNodeId { coordinates: BrickCoord { x: -67108864, y: -67108864, z: -67108864 }, level: 27 }, triangle: 1, fraction: 0.9999997023327477, separation: -2.7755575615628914e-16 }
localize clear dt=1.0445449493291618e-5 upper=1.0445451746840398e-5 width=2.2535487795375666e-12
localize hit dt=1.0445450620066007e-5 bracket=Some((1.0445449493291618e-5, 1.0445451746840398e-5)) hit=TerrainSweepHit { collider: 42, node: TerrainNodeId { coordinates: BrickCoord { x: -67108864, y: -67108864, z: -67108864 }, level: 27 }, triangle: 1, fraction: 0.9999998083244384, separation: -2.7755575615628914e-16 }
localize hit dt=1.0445449605969057e-5 bracket=Some((1.0445449493291618e-5, 1.0445450620066007e-5)) hit=TerrainSweepHit { collider: 42, node: TerrainNodeId { coordinates: BrickCoord { x: -67108864, y: -67108864, z: -67108864 }, level: 27 }, triangle: 1, fraction: 0.9999997311717181, separation: 0.0 }
localize clear dt=1.0445449504559362e-5 upper=1.0445449605969057e-5 width=1.014096948504916e-13
localize hit dt=1.044544955526421e-5 bracket=Some((1.0445449504559362e-5, 1.0445449605969057e-5)) hit=TerrainSweepHit { collider: 42, node: TerrainNodeId { coordinates: BrickCoord { x: -67108864, y: -67108864, z: -67108864 }, level: 27 }, triangle: 1, fraction: 0.9999999025553413, separation: 2.220446049250313e-16 }
localize clear dt=1.0445449509629847e-5 upper=1.044544955526421e-5 width=4.563436251331463e-14
localize clear dt=1.0445449532447029e-5 upper=1.044544955526421e-5 width=2.281718040962437e-14
localize hit dt=1.0445449543855619e-5 bracket=Some((1.0445449532447029e-5, 1.044544955526421e-5)) hit=TerrainSweepHit { collider: 42, node: TerrainNodeId { coordinates: BrickCoord { x: -67108864, y: -67108864, z: -67108864 }, level: 27 }, triangle: 1, fraction: 0.9999998507987838, separation: 3.885780586188048e-16 }
localize clear dt=1.0445449533587887e-5 upper=1.0445449543855619e-5 width=1.0267731692550734e-14
localize hit dt=1.0445449538721754e-5 bracket=Some((1.0445449533587887e-5, 1.0445449543855619e-5)) hit=TerrainSweepHit { collider: 42, node: TerrainNodeId { coordinates: BrickCoord { x: -67108864, y: -67108864, z: -67108864 }, level: 27 }, triangle: 1, fraction: 0.9999996900137345, separation: 4.996003610813204e-16 }
localize clear dt=1.0445449534101274e-5 upper=1.0445449538721754e-5 width=4.620480023977483e-15
localize hit dt=1.0445449536411514e-5 bracket=Some((1.0445449534101274e-5, 1.0445449538721754e-5)) hit=TerrainSweepHit { collider: 42, node: TerrainNodeId { coordinates: BrickCoord { x: -67108864, y: -67108864, z: -67108864 }, level: 27 }, triangle: 1, fraction: 0.9999999061324042, separation: 3.3306690738754696e-16 }
localize clear dt=1.0445449534332297e-5 upper=1.0445449536411514e-5 width=2.0792168578228146e-15
localize clear dt=1.0445449535371905e-5 upper=1.0445449536411514e-5 width=1.0396092759443545e-15
localize clear dt=1.0445449535891709e-5 upper=1.0445449536411514e-5 width=5.198054850051245e-16
localize hit dt=1.0445449536151612e-5 bracket=Some((1.0445449535891709e-5, 1.0445449536411514e-5)) hit=TerrainSweepHit { collider: 42, node: TerrainNodeId { coordinates: BrickCoord { x: -67108864, y: -67108864, z: -67108864 }, level: 27 }, triangle: 1, fraction: 0.9999999061817118, separation: 2.220446049250313e-16 }
localize hit dt=1.0445449535917699e-5 bracket=Some((1.0445449535891709e-5, 1.0445449536151612e-5)) hit=TerrainSweepHit { collider: 42, node: TerrainNodeId { coordinates: BrickCoord { x: -67108864, y: -67108864, z: -67108864 }, level: 27 }, triangle: 1, fraction: 0.9999999062263448, separation: 1.1102230246251565e-16 }
localize clear dt=1.0445449535894307e-5 upper=1.0445449535917699e-5 width=2.3391661871374758e-17
localize hit dt=1.0445449535906003e-5 bracket=Some((1.0445449535894307e-5, 1.0445449535917699e-5)) hit=TerrainSweepHit { collider: 42, node: TerrainNodeId { coordinates: BrickCoord { x: -67108864, y: -67108864, z: -67108864 }, level: 27 }, triangle: 1, fraction: 0.9999999062281695, separation: 1.1102230246251565e-16 }
localize clear dt=1.0445449535895476e-5 upper=1.0445449535906003e-5 width=1.0526925468476445e-17
localize hit dt=1.044544953590074e-5 bracket=Some((1.0445449535895476e-5, 1.0445449535906003e-5)) hit=TerrainSweepHit { collider: 42, node: TerrainNodeId { coordinates: BrickCoord { x: -67108864, y: -67108864, z: -67108864 }, level: 27 }, triangle: 1, fraction: 0.9999999062291887, separation: 1.1102230246251565e-16 }
localize clear dt=1.0445449535896003e-5 upper=1.044544953590074e-5 width=4.7366082410460475e-18
localize hit dt=1.0445449535898371e-5 bracket=Some((1.0445449535896003e-5, 1.044544953590074e-5)) hit=TerrainSweepHit { collider: 42, node: TerrainNodeId { coordinates: BrickCoord { x: -67108864, y: -67108864, z: -67108864 }, level: 27 }, triangle: 1, fraction: 0.9999999062293525, separation: 1.1102230246251565e-16 }
localize clear dt=1.044544953589624e-5 upper=1.0445449535898371e-5 width=2.1311348952918197e-18
localize clear dt=1.0445449535897306e-5 upper=1.0445449535898371e-5 width=1.0655674476459098e-18
localize clear dt=1.0445449535897838e-5 upper=1.0445449535898371e-5 width=5.336307567702092e-19
localize hit dt=1.0445449535898105e-5 bracket=Some((1.0445449535897838e-5, 1.0445449535898371e-5)) hit=TerrainSweepHit { collider: 42, node: TerrainNodeId { coordinates: BrickCoord { x: -67108864, y: -67108864, z: -67108864 }, level: 27 }, triangle: 1, fraction: 0.9999999062291044, separation: 1.1102230246251565e-16 }
localize clear dt=1.0445449535897865e-5 upper=1.0445449535898105e-5 width=2.405573570202213e-19
localize clear dt=1.0445449535897985e-5 upper=1.0445449535898105e-5 width=1.2027867851011065e-19
localize clear dt=1.0445449535898044e-5 upper=1.0445449535898105e-5 width=6.098637220230962e-20
localize hit dt=1.0445449535898075e-5 bracket=Some((1.0445449535898044e-5, 1.0445449535898105e-5)) hit=TerrainSweepHit { collider: 42, node: TerrainNodeId { coordinates: BrickCoord { x: -67108864, y: -67108864, z: -67108864 }, level: 27 }, triangle: 1, fraction: 0.9999999062295962, separation: 1.1102230246251565e-16 }
localize clear dt=1.0445449535898048e-5 upper=1.0445449535898075e-5 width=2.710505431213761e-20
localize clear dt=1.0445449535898061e-5 upper=1.0445449535898075e-5 width=1.3552527156068805e-20
localize clear dt=1.0445449535898068e-5 upper=1.0445449535898075e-5 width=6.776263578034403e-21
localize clear dt=1.0445449535898072e-5 upper=1.0445449535898075e-5 width=3.3881317890172014e-21
localize clear dt=1.0445449535898073e-5 upper=1.0445449535898075e-5 width=1.6940658945086007e-21

thread 'joint_machine::tests::terrain_ticks::saved_car::saved_car_cold_drop_remains_bounded_through_settling' (10707418) panicked at crates/mechanic-physics/src/joint_machine/tests/terrain_ticks/saved_car.rs:270:9:
tick=6 result=Err(NotConverged) diagnostics=JointTickDiagnostics { published: false, attempts: 4, substeps: 8, factorizations: 456, dynamics_assemblies: 3041, response_preparation_solves: 3798, constraint_factor_solves: 1208, force_factor_solves: 2416, position_factor_solves: 0, force_iterations: 1208, constraint_iterations: 2868, constraint_rows_prepared: 3798, surface_points: 258, surface_manifolds: 258, terrain_contact_queries: 442, terrain_path_queries: 411, terrain_correction_paths: 0, terrain_path_poses: 85722, terrain_envelopes: 28152, terrain_certified_intervals: 28152, terrain_chunk_candidates: 42434, terrain_triangle_candidates: 84868, terrain_path_rejections: 204, terrain_sweep_queries: 411, terrain_separation_evaluations: 56434, terrain_initial_contact_evaluations: 55896, terrain_linear_sweep_evaluations: 0, terrain_quadratic_sweep_evaluations: 2348, terrain_velocity_evaluations: 2348, terrain_impact_holds: 4, event_trials: 418, event_refinements: 204, event_localizations: 189, release_refinements: 7, joint_stop_refinements: 0, last_joint_stop_coordinate: None, released_surface_points: 68, accepted_intervals: 0, accepted_seconds: 0.0, impact_attempts: 38, impact_events: 38, impact_rows_prepared: 240, impact_factor_solves: 278, impact_iterations: 93, newton_attempts: 2635, newton_accepts: 2635, newton_applications: 0, newton_local_factorizations: 0, newton_generalized_factorizations: 0, newton_reduced_storage: 0, newton_contact_factorizations: 2635, newton_contact_storage: 256, newton_line_searches: 2735, residual: 8.607749405365052e-9, drive_impulses: [0.0, 0.010110204085872933, -4.792150716959721e-5, 0.0, -0.0017141605829351508, 4.403726420422182e-5, 0.0, -4.455461934542123e-5, 0.0, 4.455529555820894e-5] }
note: run with `RUST_BACKTRACE=1` environment variable to display a backtrace
test joint_machine::tests::terrain_ticks::saved_car::saved_car_cold_drop_remains_bounded_through_settling ... FAILED

failures:

failures:
    joint_machine::tests::terrain_ticks::saved_car::saved_car_cold_drop_remains_bounded_through_settling

test result: FAILED. 0 passed; 1 failed; 0 ignored; 0 measured; 98 filtered out; finished in 2.15s

error: test failed, to rerun pass `-p mechanic-physics --lib`
