   Compiling mechanic-physics v0.1.0 (/Users/jens/repos/mechanic/crates/mechanic-physics)
    Finished `test` profile [optimized + debuginfo] target(s) in 1.43s
     Running unittests src/lib.rs (target/debug/deps/mechanic_physics-ced37d44e4e3378f)

running 1 test
event refinement dt=1.6666666666666666e-2 elapsed=0e0 hit=TerrainSweepHit { collider: 31, node: TerrainNodeId { coordinates: BrickCoord { x: -67108864, y: -67108864, z: -67108864 }, level: 27 }, triangle: 1, fraction: 0.7349788693579988, separation: 2.220446049250313e-16 }
event refinement dt=4.417018844033352e-3 elapsed=1.2249647822633315e-2 hit=TerrainSweepHit { collider: 31, node: TerrainNodeId { coordinates: BrickCoord { x: -67108864, y: -67108864, z: -67108864 }, level: 27 }, triangle: 1, fraction: 0.014506741450418423, separation: 0.0 }
event refinement dt=4.352942293681335e-3 elapsed=1.2313724372985332e-2 hit=TerrainSweepHit { collider: 31, node: TerrainNodeId { coordinates: BrickCoord { x: -67108864, y: -67108864, z: -67108864 }, level: 27 }, triangle: 1, fraction: 7.587739931971731e-5, separation: 0.0 }
event refinement dt=4.352612003740701e-3 elapsed=1.2314054662925965e-2 hit=TerrainSweepHit { collider: 31, node: TerrainNodeId { coordinates: BrickCoord { x: -67108864, y: -67108864, z: -67108864 }, level: 27 }, triangle: 1, fraction: 3.9111862139548005e-7, separation: 0.0 }
event refinement dt=4.352610301353095e-3 elapsed=1.2314056365313571e-2 hit=TerrainSweepHit { collider: 31, node: TerrainNodeId { coordinates: BrickCoord { x: -67108864, y: -67108864, z: -67108864 }, level: 27 }, triangle: 1, fraction: 2.0159084283181497e-9, separation: 0.0 }
event refinement dt=8.333333333333333e-3 elapsed=0e0 hit=TerrainSweepHit { collider: 31, node: TerrainNodeId { coordinates: BrickCoord { x: -67108864, y: -67108864, z: -67108864 }, level: 27 }, triangle: 1, fraction: 0.4752130014149786, separation: 2.7755575615628914e-16 }
event refinement dt=4.373224988208512e-3 elapsed=3.9601083451248215e-3 hit=TerrainSweepHit { collider: 31, node: TerrainNodeId { coordinates: BrickCoord { x: -67108864, y: -67108864, z: -67108864 }, level: 27 }, triangle: 1, fraction: 0.004689546132819371, separation: -1.1102230246251565e-16 }
event refinement dt=4.3527165478771095e-3 elapsed=3.980616785456224e-3 hit=TerrainSweepHit { collider: 31, node: TerrainNodeId { coordinates: BrickCoord { x: -67108864, y: -67108864, z: -67108864 }, level: 27 }, triangle: 1, fraction: 2.428543189811197e-5, separation: -5.551115123125783e-17 }
event refinement dt=4.352610840275814e-3 elapsed=3.980722493057519e-3 hit=TerrainSweepHit { collider: 31, node: TerrainNodeId { coordinates: BrickCoord { x: -67108864, y: -67108864, z: -67108864 }, level: 27 }, triangle: 1, fraction: 1.2517551253981387e-7, separation: -5.551115123125783e-17 }
event refinement dt=4.352610295435521e-3 elapsed=3.980723037897812e-3 hit=TerrainSweepHit { collider: 31, node: TerrainNodeId { coordinates: BrickCoord { x: -67108864, y: -67108864, z: -67108864 }, level: 27 }, triangle: 1, fraction: 6.451876237088417e-10, separation: -5.551115123125783e-17 }
event refinement dt=4.352610292627271e-3 elapsed=3.980723040706062e-3 hit=TerrainSweepHit { collider: 65, node: TerrainNodeId { coordinates: BrickCoord { x: -67108864, y: -67108864, z: -67108864 }, level: 27 }, triangle: 1, fraction: 4.646607606933896e-11, separation: 5.551115123125783e-17 }
event refinement dt=4.352610292425022e-3 elapsed=3.980723040908311e-3 hit=TerrainSweepHit { collider: 5, node: TerrainNodeId { coordinates: BrickCoord { x: -67108864, y: -67108864, z: -67108864 }, level: 27 }, triangle: 1, fraction: 1.4073993170882204e-7, separation: 2.220446049250313e-16 }
event refinement dt=4.352609679838947e-3 elapsed=3.9807236534943865e-3 hit=TerrainSweepHit { collider: 5, node: TerrainNodeId { coordinates: BrickCoord { x: -67108864, y: -67108864, z: -67108864 }, level: 27 }, triangle: 1, fraction: 1.1078000738962146e-9, separation: 2.220446049250313e-16 }
event refinement dt=4.352609675017126e-3 elapsed=3.980723658316207e-3 hit=TerrainSweepHit { collider: 40, node: TerrainNodeId { coordinates: BrickCoord { x: -67108864, y: -67108864, z: -67108864 }, level: 27 }, triangle: 1, fraction: 5.338289810197239e-9, separation: 2.220446049250313e-16 }
event refinement dt=4.352609651781634e-3 elapsed=3.980723681551699e-3 hit=TerrainSweepHit { collider: 40, node: TerrainNodeId { coordinates: BrickCoord { x: -67108864, y: -67108864, z: -67108864 }, level: 27 }, triangle: 1, fraction: 3.33493233029003e-11, separation: 2.7755575615628914e-16 }
event refinement dt=1.1183509180265087e-2 elapsed=5.483157486401579e-3 hit=TerrainSweepHit { collider: 67, node: TerrainNodeId { coordinates: BrickCoord { x: -67108864, y: -67108864, z: -67108864 }, level: 27 }, triangle: 1, fraction: 0.8918353344373119, separation: 0.0 }
event refinement dt=1.2096605303006259e-3 elapsed=1.545700613636604e-2 hit=TerrainSweepHit { collider: 67, node: TerrainNodeId { coordinates: BrickCoord { x: -67108864, y: -67108864, z: -67108864 }, level: 27 }, triangle: 1, fraction: 0.017745273981566445, separation: 0.0 }
event refinement dt=1.1881947727657542e-3 elapsed=1.5478471893900912e-2 hit=TerrainSweepHit { collider: 67, node: TerrainNodeId { coordinates: BrickCoord { x: -67108864, y: -67108864, z: -67108864 }, level: 27 }, triangle: 1, fraction: 3.82850324615913e-5, separation: 9.992007221626409e-16 }
event refinement dt=1.1881492826903081e-3 elapsed=1.5478517383976358e-2 hit=TerrainSweepHit { collider: 67, node: TerrainNodeId { coordinates: BrickCoord { x: -67108864, y: -67108864, z: -67108864 }, level: 27 }, triangle: 1, fraction: 8.113379827525519e-8, separation: -2.220446049250313e-16 }
event refinement dt=8.44584866384422e-3 elapsed=0e0 hit=TerrainSweepHit { collider: 5, node: TerrainNodeId { coordinates: BrickCoord { x: -67108864, y: -67108864, z: -67108864 }, level: 27 }, triangle: 1, fraction: 0.44534482526934377, separation: 1.1102230246251565e-16 }
event refinement dt=4.746664565429545e-3 elapsed=3.7613149974510245e-3 hit=TerrainSweepHit { collider: 5, node: TerrainNodeId { coordinates: BrickCoord { x: -67108864, y: -67108864, z: -67108864 }, level: 27 }, triangle: 1, fraction: 0.018954741791424392, separation: 0.0 }
event refinement dt=4.658863147739728e-3 elapsed=3.8512867986592453e-3 hit=TerrainSweepHit { collider: 5, node: TerrainNodeId { coordinates: BrickCoord { x: -67108864, y: -67108864, z: -67108864 }, level: 27 }, triangle: 1, fraction: 0.00046523520260355425, separation: 3.3306690738754696e-16 }
event refinement dt=4.656744846847627e-3 elapsed=3.853454265799686e-3 hit=TerrainSweepHit { collider: 5, node: TerrainNodeId { coordinates: BrickCoord { x: -67108864, y: -67108864, z: -67108864 }, level: 27 }, triangle: 1, fraction: 1.1219023306807685e-5, separation: 1.3877787807814457e-15 }
event refinement dt=4.656693786094317e-3 elapsed=3.8535065099286566e-3 hit=TerrainSweepHit { collider: 5, node: TerrainNodeId { coordinates: BrickCoord { x: -67108864, y: -67108864, z: -67108864 }, level: 27 }, triangle: 1, fraction: 2.7042716510550235e-7, separation: 2.220446049250313e-16 }
event refinement dt=4.656692555282466e-3 elapsed=3.853507769225156e-3 hit=TerrainSweepHit { collider: 5, node: TerrainNodeId { coordinates: BrickCoord { x: -67108864, y: -67108864, z: -67108864 }, level: 27 }, triangle: 1, fraction: 6.518384054743365e-9, separation: -1.1102230246251565e-16 }
event refinement dt=4.656692525654186e-3 elapsed=3.8535077995792665e-3 hit=TerrainSweepHit { collider: 5, node: TerrainNodeId { coordinates: BrickCoord { x: -67108864, y: -67108864, z: -67108864 }, level: 27 }, triangle: 1, fraction: 1.5711876244495215e-10, separation: 5.551115123125783e-17 }
event refinement dt=3.6455528160471646e-3 elapsed=3.8535078003109203e-3 hit=TerrainSweepHit { collider: 40, node: TerrainNodeId { coordinates: BrickCoord { x: -67108864, y: -67108864, z: -67108864 }, level: 27 }, triangle: 1, fraction: 0.12092828395221128, separation: 9.43689570931383e-16 }
event refinement dt=3.20506845445012e-3 elapsed=4.294358246412656e-3 hit=TerrainSweepHit { collider: 40, node: TerrainNodeId { coordinates: BrickCoord { x: -67108864, y: -67108864, z: -67108864 }, level: 27 }, triangle: 1, fraction: 0.0026525736720785877, separation: -2.220446049250313e-16 }
event refinement dt=3.1965257014088303e-3 elapsed=4.3028599266121395e-3 hit=TerrainSweepHit { collider: 40, node: TerrainNodeId { coordinates: BrickCoord { x: -67108864, y: -67108864, z: -67108864 }, level: 27 }, triangle: 1, fraction: 5.1928919660326756e-5, separation: 1.0103029524088925e-14 }
event refinement dt=3.196358868797252e-3 elapsed=4.3030259187384805e-3 hit=TerrainSweepHit { collider: 40, node: TerrainNodeId { coordinates: BrickCoord { x: -67108864, y: -67108864, z: -67108864 }, level: 27 }, triangle: 1, fraction: 1.0140966288929576e-6, separation: -3.3306690738754696e-16 }
event refinement dt=8.333333333333333e-3 elapsed=0e0 hit=TerrainSweepHit { collider: 5, node: TerrainNodeId { coordinates: BrickCoord { x: -67108864, y: -67108864, z: -67108864 }, level: 27 }, triangle: 1, fraction: 0.45162626078761164, separation: -1.6653345369377348e-16 }
event refinement dt=4.569781160103236e-3 elapsed=3.763552173230097e-3 hit=TerrainSweepHit { collider: 5, node: TerrainNodeId { coordinates: BrickCoord { x: -67108864, y: -67108864, z: -67108864 }, level: 27 }, triangle: 1, fraction: 0.019228603183967755, separation: 6.106226635438361e-16 }
event refinement dt=4.481910651538039e-3 elapsed=3.8514226817952936e-3 hit=TerrainSweepHit { collider: 5, node: TerrainNodeId { coordinates: BrickCoord { x: -67108864, y: -67108864, z: -67108864 }, level: 27 }, triangle: 1, fraction: 0.00045473851491115196, separation: 2.220446049250313e-16 }
event refinement dt=4.479872554144395e-3 elapsed=3.8534607791889386e-3 hit=TerrainSweepHit { collider: 5, node: TerrainNodeId { coordinates: BrickCoord { x: -67108864, y: -67108864, z: -67108864 }, level: 27 }, triangle: 1, fraction: 1.0553109600408561e-5, separation: 1.1657341758564144e-15 }
event refinement dt=4.4798252775583355e-3 elapsed=3.853508055774998e-3 hit=TerrainSweepHit { collider: 5, node: TerrainNodeId { coordinates: BrickCoord { x: -67108864, y: -67108864, z: -67108864 }, level: 27 }, triangle: 1, fraction: 2.447976115149686e-7, separation: 3.3306690738754696e-16 }
event refinement dt=4.479824180907807e-3 elapsed=3.853509152425526e-3 hit=TerrainSweepHit { collider: 5, node: TerrainNodeId { coordinates: BrickCoord { x: -67108864, y: -67108864, z: -67108864 }, level: 27 }, triangle: 1, fraction: 5.678469250369744e-9, separation: 5.551115123125783e-17 }
event refinement dt=4.479824155469263e-3 elapsed=3.85350917786407e-3 hit=TerrainSweepHit { collider: 5, node: TerrainNodeId { coordinates: BrickCoord { x: -67108864, y: -67108864, z: -67108864 }, level: 27 }, triangle: 1, fraction: 1.3169909607313457e-10, separation: -3.3306690738754696e-16 }
event refinement dt=3.6455486496476505e-3 elapsed=3.853509178454059e-3 hit=TerrainSweepHit { collider: 40, node: TerrainNodeId { coordinates: BrickCoord { x: -67108864, y: -67108864, z: -67108864 }, level: 27 }, triangle: 1, fraction: 0.12093059050605172, separation: 7.216449660063518e-16 }
event refinement dt=3.2050563524550217e-3 elapsed=4.294367529374489e-3 hit=TerrainSweepHit { collider: 40, node: TerrainNodeId { coordinates: BrickCoord { x: -67108864, y: -67108864, z: -67108864 }, level: 27 }, triangle: 1, fraction: 0.002652621492058736, separation: 3.3306690738754696e-16 }
event refinement dt=3.1965134768144783e-3 elapsed=4.302869330738271e-3 hit=TerrainSweepHit { collider: 40, node: TerrainNodeId { coordinates: BrickCoord { x: -67108864, y: -67108864, z: -67108864 }, level: 27 }, triangle: 1, fraction: 5.192969613787568e-5, separation: 9.992007221626409e-15 }
event refinement dt=3.196346642329688e-3 elapsed=4.303035324711823e-3 hit=TerrainSweepHit { collider: 40, node: TerrainNodeId { coordinates: BrickCoord { x: -67108864, y: -67108864, z: -67108864 }, level: 27 }, triangle: 1, fraction: 1.0141085340364953e-6, separation: 2.7755575615628914e-16 }
event refinement dt=3.1963433844668585e-3 elapsed=4.303038566154231e-3 hit=TerrainSweepHit { collider: 40, node: TerrainNodeId { coordinates: BrickCoord { x: -67108864, y: -67108864, z: -67108864 }, level: 27 }, triangle: 1, fraction: 1.9802968154181144e-8, separation: 1.1102230246251565e-16 }
event refinement dt=3.196343320850139e-3 elapsed=4.303038629451317e-3 hit=TerrainSweepHit { collider: 40, node: TerrainNodeId { coordinates: BrickCoord { x: -67108864, y: -67108864, z: -67108864 }, level: 27 }, triangle: 1, fraction: 3.8673420021950733e-10, separation: 1.1102230246251565e-16 }
event refinement dt=1.6666666666666666e-2 elapsed=0e0 hit=TerrainSweepHit { collider: 42, node: TerrainNodeId { coordinates: BrickCoord { x: -67108864, y: -67108864, z: -67108864 }, level: 27 }, triangle: 1, fraction: 0.3020912626620304, separation: 1.6653345369377348e-16 }
event refinement dt=1.163181228896616e-2 elapsed=5.034854377700506e-3 hit=TerrainSweepHit { collider: 42, node: TerrainNodeId { coordinates: BrickCoord { x: -67108864, y: -67108864, z: -67108864 }, level: 27 }, triangle: 1, fraction: 0.0968126204668137, separation: 1.1102230246251565e-16 }
event refinement dt=1.050570606049326e-2 elapsed=6.160960606173407e-3 hit=TerrainSweepHit { collider: 42, node: TerrainNodeId { coordinates: BrickCoord { x: -67108864, y: -67108864, z: -67108864 }, level: 27 }, triangle: 1, fraction: 0.020669198430209354, separation: 6.106226635438361e-16 }
event refinement dt=1.0288561537279473e-2 elapsed=6.378105129387195e-3 hit=TerrainSweepHit { collider: 42, node: TerrainNodeId { coordinates: BrickCoord { x: -67108864, y: -67108864, z: -67108864 }, level: 27 }, triangle: 1, fraction: 0.003951948023943555, separation: 1.1102230246251565e-16 }
event refinement dt=1.0247901676842999e-2 elapsed=6.418764989823668e-3 hit=TerrainSweepHit { collider: 42, node: TerrainNodeId { coordinates: BrickCoord { x: -67108864, y: -67108864, z: -67108864 }, level: 27 }, triangle: 1, fraction: 0.0007388422950263295, separation: -1.6653345369377348e-16 }
event refinement dt=1.0240330093648876e-2 elapsed=6.426336573017791e-3 hit=TerrainSweepHit { collider: 42, node: TerrainNodeId { coordinates: BrickCoord { x: -67108864, y: -67108864, z: -67108864 }, level: 27 }, triangle: 1, fraction: 0.00013754571886810283, separation: -1.1102230246251565e-16 }
event refinement dt=1.0238921580084697e-2 elapsed=6.4277450865819685e-3 hit=TerrainSweepHit { collider: 42, node: TerrainNodeId { coordinates: BrickCoord { x: -67108864, y: -67108864, z: -67108864 }, level: 27 }, triangle: 1, fraction: 2.5585739817420104e-5, separation: 2.5368596112684827e-14 }
event refinement dt=1.023865960970114e-2 elapsed=6.428007056965527e-3 hit=TerrainSweepHit { collider: 42, node: TerrainNodeId { coordinates: BrickCoord { x: -67108864, y: -67108864, z: -67108864 }, level: 27 }, triangle: 1, fraction: 4.758668737886081e-6, separation: 4.440892098500626e-16 }
event refinement dt=1.0238610887311737e-2 elapsed=6.42805577935493e-3 hit=TerrainSweepHit { collider: 42, node: TerrainNodeId { coordinates: BrickCoord { x: -67108864, y: -67108864, z: -67108864 }, level: 27 }, triangle: 1, fraction: 8.850351878493691e-7, separation: 2.7755575615628914e-16 }
event refinement dt=1.0238601825780826e-2 elapsed=6.42806484088584e-3 hit=TerrainSweepHit { collider: 42, node: TerrainNodeId { coordinates: BrickCoord { x: -67108864, y: -67108864, z: -67108864 }, level: 27 }, triangle: 1, fraction: 1.64601337101251e-7, separation: -1.1102230246251565e-16 }
event refinement dt=1.0238600140493277e-2 elapsed=6.42806652617339e-3 hit=TerrainSweepHit { collider: 42, node: TerrainNodeId { coordinates: BrickCoord { x: -67108864, y: -67108864, z: -67108864 }, level: 27 }, triangle: 1, fraction: 3.061301498542927e-8, separation: -3.885780586188048e-16 }
event refinement dt=1.0238599827058856e-2 elapsed=6.42806683960781e-3 hit=TerrainSweepHit { collider: 42, node: TerrainNodeId { coordinates: BrickCoord { x: -67108864, y: -67108864, z: -67108864 }, level: 27 }, triangle: 1, fraction: 5.693405401835308e-9, separation: -5.551115123125783e-17 }
event refinement dt=1.0238599768766357e-2 elapsed=6.428066897900309e-3 hit=TerrainSweepHit { collider: 42, node: TerrainNodeId { coordinates: BrickCoord { x: -67108864, y: -67108864, z: -67108864 }, level: 27 }, triangle: 1, fraction: 1.0589080842646204e-9, separation: 5.551115123125783e-17 }
event refinement dt=1.023859975792462e-2 elapsed=6.428066908742046e-3 hit=TerrainSweepHit { collider: 42, node: TerrainNodeId { coordinates: BrickCoord { x: -67108864, y: -67108864, z: -67108864 }, level: 27 }, triangle: 1, fraction: 1.9696158553795163e-10, separation: -2.220446049250313e-16 }
event refinement dt=1.023859975590801e-2 elapsed=6.4280669107586565e-3 hit=TerrainSweepHit { collider: 33, node: TerrainNodeId { coordinates: BrickCoord { x: -67108864, y: -67108864, z: -67108864 }, level: 27 }, triangle: 1, fraction: 0.026880904761934468, separation: 1.1102230246251565e-16 }
event refinement dt=9.96337693097388e-3 elapsed=6.703289735692786e-3 hit=TerrainSweepHit { collider: 42, node: TerrainNodeId { coordinates: BrickCoord { x: -67108864, y: -67108864, z: -67108864 }, level: 27 }, triangle: 1, fraction: 4.6327413919446734e-6, separation: 6.661338147750939e-16 }
event refinement dt=9.963330773225169e-3 elapsed=6.703335893441497e-3 hit=TerrainSweepHit { collider: 42, node: TerrainNodeId { coordinates: BrickCoord { x: -67108864, y: -67108864, z: -67108864 }, level: 27 }, triangle: 1, fraction: 4.634250949815361e-6, separation: 7.216449660063518e-16 }
event refinement dt=9.96328460065007e-3 elapsed=6.703382066016597e-3 hit=TerrainSweepHit { collider: 42, node: TerrainNodeId { coordinates: BrickCoord { x: -67108864, y: -67108864, z: -67108864 }, level: 27 }, triangle: 1, fraction: 4.6357487256845474e-6, separation: 4.996003610813204e-16 }
event refinement dt=9.963238413366179e-3 elapsed=6.703428253300487e-3 hit=TerrainSweepHit { collider: 42, node: TerrainNodeId { coordinates: BrickCoord { x: -67108864, y: -67108864, z: -67108864 }, level: 27 }, triangle: 1, fraction: 4.6372363075855335e-6, separation: 3.3306690738754696e-16 }
event refinement dt=9.963192211475267e-3 elapsed=6.7034744551913985e-3 hit=TerrainSweepHit { collider: 42, node: TerrainNodeId { coordinates: BrickCoord { x: -67108864, y: -67108864, z: -67108864 }, level: 27 }, triangle: 1, fraction: 4.638713125191694e-6, separation: 3.3306690738754696e-16 }
event refinement dt=9.963145995084789e-3 elapsed=6.703520671581879e-3 hit=TerrainSweepHit { collider: 42, node: TerrainNodeId { coordinates: BrickCoord { x: -67108864, y: -67108864, z: -67108864 }, level: 27 }, triangle: 1, fraction: 4.640178529341987e-6, separation: 6.661338147750939e-16 }
event refinement dt=9.963099764308658e-3 elapsed=6.70356690235801e-3 hit=TerrainSweepHit { collider: 42, node: TerrainNodeId { coordinates: BrickCoord { x: -67108864, y: -67108864, z: -67108864 }, level: 27 }, triangle: 1, fraction: 4.64163266274106e-6, separation: 4.440892098500626e-16 }
event refinement dt=9.963053519259368e-3 elapsed=6.703613147407298e-3 hit=TerrainSweepHit { collider: 42, node: TerrainNodeId { coordinates: BrickCoord { x: -67108864, y: -67108864, z: -67108864 }, level: 27 }, triangle: 1, fraction: 4.643075382373813e-6, separation: 3.885780586188048e-16 }
event refinement dt=9.96300726005084e-3 elapsed=6.703659406615827e-3 hit=TerrainSweepHit { collider: 42, node: TerrainNodeId { coordinates: BrickCoord { x: -67108864, y: -67108864, z: -67108864 }, level: 27 }, triangle: 1, fraction: 4.644506473790453e-6, separation: 8.326672684688674e-16 }
event refinement dt=9.962960986799121e-3 elapsed=6.703705679867544e-3 hit=TerrainSweepHit { collider: 42, node: TerrainNodeId { coordinates: BrickCoord { x: -67108864, y: -67108864, z: -67108864 }, level: 27 }, triangle: 1, fraction: 4.6459267225828264e-6, separation: 3.885780586188048e-16 }
event refinement dt=9.962914699612437e-3 elapsed=6.703751967054228e-3 hit=TerrainSweepHit { collider: 42, node: TerrainNodeId { coordinates: BrickCoord { x: -67108864, y: -67108864, z: -67108864 }, level: 27 }, triangle: 1, fraction: 4.64733498569013e-6, separation: 5.551115123125783e-16 }
event refinement dt=9.962868398610394e-3 elapsed=6.703798268056271e-3 hit=TerrainSweepHit { collider: 42, node: TerrainNodeId { coordinates: BrickCoord { x: -67108864, y: -67108864, z: -67108864 }, level: 27 }, triangle: 1, fraction: 4.648732120137723e-6, separation: 4.996003610813204e-16 }
event refinement dt=9.962822083904062e-3 elapsed=6.703844582762604e-3 hit=TerrainSweepHit { collider: 42, node: TerrainNodeId { coordinates: BrickCoord { x: -67108864, y: -67108864, z: -67108864 }, level: 27 }, triangle: 1, fraction: 4.650117125717238e-6, separation: 1.0547118733938987e-15 }
event refinement dt=9.96277575561447e-3 elapsed=6.703890911052197e-3 hit=TerrainSweepHit { collider: 42, node: TerrainNodeId { coordinates: BrickCoord { x: -67108864, y: -67108864, z: -67108864 }, level: 27 }, triangle: 1, fraction: 4.651491145188979e-6, separation: 6.106226635438361e-16 }
event refinement dt=9.96272941385126e-3 elapsed=6.703937252815406e-3 hit=TerrainSweepHit { collider: 42, node: TerrainNodeId { coordinates: BrickCoord { x: -67108864, y: -67108864, z: -67108864 }, level: 27 }, triangle: 1, fraction: 4.652853464071757e-6, separation: 4.996003610813204e-16 }
event refinement dt=9.962683058731197e-3 elapsed=6.70398360793547e-3 hit=TerrainSweepHit { collider: 42, node: TerrainNodeId { coordinates: BrickCoord { x: -67108864, y: -67108864, z: -67108864 }, level: 27 }, triangle: 1, fraction: 4.654204296506178e-6, separation: 6.106226635438361e-16 }
event refinement dt=9.9626366903689e-3 elapsed=6.704029976297767e-3 hit=TerrainSweepHit { collider: 42, node: TerrainNodeId { coordinates: BrickCoord { x: -67108864, y: -67108864, z: -67108864 }, level: 27 }, triangle: 1, fraction: 4.655543999503246e-6, separation: 5.551115123125783e-16 }
event refinement dt=9.962590308875436e-3 elapsed=6.70407635779123e-3 hit=TerrainSweepHit { collider: 42, node: TerrainNodeId { coordinates: BrickCoord { x: -67108864, y: -67108864, z: -67108864 }, level: 27 }, triangle: 1, fraction: 4.6568711442337275e-6, separation: 8.326672684688674e-16 }
event refinement dt=9.962543914376107e-3 elapsed=6.7041227522905604e-3 hit=TerrainSweepHit { collider: 42, node: TerrainNodeId { coordinates: BrickCoord { x: -67108864, y: -67108864, z: -67108864 }, level: 27 }, triangle: 1, fraction: 4.658187802114365e-6, separation: 7.771561172376096e-16 }
event refinement dt=9.962497506975566e-3 elapsed=6.7041691596911e-3 hit=TerrainSweepHit { collider: 42, node: TerrainNodeId { coordinates: BrickCoord { x: -67108864, y: -67108864, z: -67108864 }, level: 27 }, triangle: 1, fraction: 4.659492330011468e-6, separation: 4.440892098500626e-16 }
event refinement dt=9.962451086794845e-3 elapsed=6.704215579871822e-3 hit=TerrainSweepHit { collider: 42, node: TerrainNodeId { coordinates: BrickCoord { x: -67108864, y: -67108864, z: -67108864 }, level: 27 }, triangle: 1, fraction: 4.660784870628096e-6, separation: 8.326672684688674e-16 }
event refinement dt=9.962404653953545e-3 elapsed=6.704262012713121e-3 hit=TerrainSweepHit { collider: 42, node: TerrainNodeId { coordinates: BrickCoord { x: -67108864, y: -67108864, z: -67108864 }, level: 27 }, triangle: 1, fraction: 4.662066566757539e-6, separation: 3.3306690738754696e-16 }
event refinement dt=9.962358208559882e-3 elapsed=6.704308458106783e-3 hit=TerrainSweepHit { collider: 42, node: TerrainNodeId { coordinates: BrickCoord { x: -67108864, y: -67108864, z: -67108864 }, level: 27 }, triangle: 1, fraction: 4.663336203853907e-6, separation: 6.106226635438361e-16 }
event refinement dt=9.962311750734174e-3 elapsed=6.704354915932493e-3 hit=TerrainSweepHit { collider: 42, node: TerrainNodeId { coordinates: BrickCoord { x: -67108864, y: -67108864, z: -67108864 }, level: 27 }, triangle: 1, fraction: 4.664594138928275e-6, separation: 6.661338147750939e-16 }
event refinement dt=9.962265280593172e-3 elapsed=6.704401386073496e-3 hit=TerrainSweepHit { collider: 42, node: TerrainNodeId { coordinates: BrickCoord { x: -67108864, y: -67108864, z: -67108864 }, level: 27 }, triangle: 1, fraction: 4.665840800433536e-6, separation: 1.1102230246251565e-16 }
event refinement dt=9.96221879824936e-3 elapsed=6.7044478684173065e-3 hit=TerrainSweepHit { collider: 42, node: TerrainNodeId { coordinates: BrickCoord { x: -67108864, y: -67108864, z: -67108864 }, level: 27 }, triangle: 1, fraction: 4.667075616727511e-6, separation: 5.551115123125783e-16 }
event refinement dt=9.962172303820918e-3 elapsed=6.704494362845748e-3 hit=TerrainSweepHit { collider: 42, node: TerrainNodeId { coordinates: BrickCoord { x: -67108864, y: -67108864, z: -67108864 }, level: 27 }, triangle: 1, fraction: 4.668298373339107e-6, separation: 6.661338147750939e-16 }
event refinement dt=9.962125797428157e-3 elapsed=6.7045408692385094e-3 hit=TerrainSweepHit { collider: 42, node: TerrainNodeId { coordinates: BrickCoord { x: -67108864, y: -67108864, z: -67108864 }, level: 27 }, triangle: 1, fraction: 4.6695099273382305e-6, separation: 7.771561172376096e-16 }
event refinement dt=9.96207927918285e-3 elapsed=6.704587387483818e-3 hit=TerrainSweepHit { collider: 42, node: TerrainNodeId { coordinates: BrickCoord { x: -67108864, y: -67108864, z: -67108864 }, level: 27 }, triangle: 1, fraction: 4.6707092070209565e-6, separation: 6.661338147750939e-16 }
event refinement dt=9.962032749207438e-3 elapsed=6.704633917459228e-3 hit=TerrainSweepHit { collider: 42, node: TerrainNodeId { coordinates: BrickCoord { x: -67108864, y: -67108864, z: -67108864 }, level: 27 }, triangle: 1, fraction: 4.671897426645026e-6, separation: 7.216449660063518e-16 }
event refinement dt=9.961986207612274e-3 elapsed=6.704680459054394e-3 hit=TerrainSweepHit { collider: 42, node: TerrainNodeId { coordinates: BrickCoord { x: -67108864, y: -67108864, z: -67108864 }, level: 27 }, triangle: 1, fraction: 4.6730739431236315e-6, separation: 4.440892098500626e-16 }
event refinement dt=9.961939654514104e-3 elapsed=6.7047270121525625e-3 hit=TerrainSweepHit { collider: 42, node: TerrainNodeId { coordinates: BrickCoord { x: -67108864, y: -67108864, z: -67108864 }, level: 27 }, triangle: 1, fraction: 4.674238113358688e-6, separation: 5.551115123125783e-16 }
event refinement dt=9.961893090036087e-3 elapsed=6.704773576630579e-3 hit=TerrainSweepHit { collider: 42, node: TerrainNodeId { coordinates: BrickCoord { x: -67108864, y: -67108864, z: -67108864 }, level: 27 }, triangle: 1, fraction: 4.675390794431209e-6, separation: 9.43689570931383e-16 }
event refinement dt=9.961846514292839e-3 elapsed=6.704820152373827e-3 hit=TerrainSweepHit { collider: 42, node: TerrainNodeId { coordinates: BrickCoord { x: -67108864, y: -67108864, z: -67108864 }, level: 27 }, triangle: 1, fraction: 4.676531914743788e-6, separation: 6.661338147750939e-16 }
event refinement dt=9.961799927399685e-3 elapsed=6.704866739266981e-3 hit=TerrainSweepHit { collider: 42, node: TerrainNodeId { coordinates: BrickCoord { x: -67108864, y: -67108864, z: -67108864 }, level: 27 }, triangle: 1, fraction: 4.677661474136712e-6, separation: 4.996003610813204e-16 }
event refinement dt=9.961753329471952e-3 elapsed=6.704913337194715e-3 hit=TerrainSweepHit { collider: 42, node: TerrainNodeId { coordinates: BrickCoord { x: -67108864, y: -67108864, z: -67108864 }, level: 27 }, triangle: 1, fraction: 4.6787788295045845e-6, separation: 6.661338147750939e-16 }
event refinement dt=9.961706720631368e-3 elapsed=6.704959946035298e-3 hit=TerrainSweepHit { collider: 42, node: TerrainNodeId { coordinates: BrickCoord { x: -67108864, y: -67108864, z: -67108864 }, level: 27 }, triangle: 1, fraction: 4.679884980818879e-6, separation: 3.3306690738754696e-16 }
event refinement dt=9.961660100989703e-3 elapsed=6.705006565676963e-3 hit=TerrainSweepHit { collider: 42, node: TerrainNodeId { coordinates: BrickCoord { x: -67108864, y: -67108864, z: -67108864 }, level: 27 }, triangle: 1, fraction: 4.680978570585667e-6, separation: 4.440892098500626e-16 }
event refinement dt=9.961613470672244e-3 elapsed=6.705053195994423e-3 hit=TerrainSweepHit { collider: 42, node: TerrainNodeId { coordinates: BrickCoord { x: -67108864, y: -67108864, z: -67108864 }, level: 27 }, triangle: 1, fraction: 4.6820608845346985e-6, separation: 1.1102230246251565e-16 }
event refinement dt=9.961566829791466e-3 elapsed=6.705099836875201e-3 hit=TerrainSweepHit { collider: 42, node: TerrainNodeId { coordinates: BrickCoord { x: -67108864, y: -67108864, z: -67108864 }, level: 27 }, triangle: 1, fraction: 4.683130636600681e-6, separation: 7.771561172376096e-16 }
event refinement dt=9.961520178472657e-3 elapsed=6.70514648819401e-3 hit=TerrainSweepHit { collider: 42, node: TerrainNodeId { coordinates: BrickCoord { x: -67108864, y: -67108864, z: -67108864 }, level: 27 }, triangle: 1, fraction: 4.684189255401743e-6, separation: 7.216449660063518e-16 }
event refinement dt=9.961473516826868e-3 elapsed=6.705193149839798e-3 hit=TerrainSweepHit { collider: 42, node: TerrainNodeId { coordinates: BrickCoord { x: -67108864, y: -67108864, z: -67108864 }, level: 27 }, triangle: 1, fraction: 4.685235597744647e-6, separation: 7.216449660063518e-16 }
event refinement dt=9.961426844976543e-3 elapsed=6.705239821690125e-3 hit=TerrainSweepHit { collider: 42, node: TerrainNodeId { coordinates: BrickCoord { x: -67108864, y: -67108864, z: -67108864 }, level: 27 }, triangle: 1, fraction: 4.686270306420221e-6, separation: 3.885780586188048e-16 }
event refinement dt=9.961380163037707e-3 elapsed=6.705286503628958e-3 hit=TerrainSweepHit { collider: 42, node: TerrainNodeId { coordinates: BrickCoord { x: -67108864, y: -67108864, z: -67108864 }, level: 27 }, triangle: 1, fraction: 4.687292809743062e-6, separation: 8.881784197001252e-16 }
event refinement dt=9.961333471132094e-3 elapsed=6.705333195534572e-3 hit=TerrainSweepHit { collider: 42, node: TerrainNodeId { coordinates: BrickCoord { x: -67108864, y: -67108864, z: -67108864 }, level: 27 }, triangle: 1, fraction: 4.688303679068608e-6, separation: 6.661338147750939e-16 }
event refinement dt=9.961286769375733e-3 elapsed=6.705379897290933e-3 hit=TerrainSweepHit { collider: 42, node: TerrainNodeId { coordinates: BrickCoord { x: -67108864, y: -67108864, z: -67108864 }, level: 27 }, triangle: 1, fraction: 4.689303057116217e-6, separation: 3.885780586188048e-16 }
event refinement dt=9.961240057883233e-3 elapsed=6.705426608783434e-3 hit=TerrainSweepHit { collider: 42, node: TerrainNodeId { coordinates: BrickCoord { x: -67108864, y: -67108864, z: -67108864 }, level: 27 }, triangle: 1, fraction: 4.69029015787322e-6, separation: 7.216449660063518e-16 }
event refinement dt=9.96119333677703e-3 elapsed=6.705473329889637e-3 hit=TerrainSweepHit { collider: 42, node: TerrainNodeId { coordinates: BrickCoord { x: -67108864, y: -67108864, z: -67108864 }, level: 27 }, triangle: 1, fraction: 4.691265409816808e-6, separation: 3.885780586188048e-16 }
event refinement dt=9.961146606175288e-3 elapsed=6.705520060491379e-3 hit=TerrainSweepHit { collider: 42, node: TerrainNodeId { coordinates: BrickCoord { x: -67108864, y: -67108864, z: -67108864 }, level: 27 }, triangle: 1, fraction: 4.692228812781521e-6, separation: 6.106226635438361e-16 }
event refinement dt=8.333333333333333e-3 elapsed=0e0 hit=TerrainSweepHit { collider: 42, node: TerrainNodeId { coordinates: BrickCoord { x: -67108864, y: -67108864, z: -67108864 }, level: 27 }, triangle: 1, fraction: 0.7317607136491356, separation: 2.220446049250313e-16 }
event refinement dt=2.235327386257203e-3 elapsed=6.09800594707613e-3 hit=TerrainSweepHit { collider: 42, node: TerrainNodeId { coordinates: BrickCoord { x: -67108864, y: -67108864, z: -67108864 }, level: 27 }, triangle: 1, fraction: 0.14483124087451518, separation: 4.884981308350689e-15 }
event refinement dt=1.9115821471447853e-3 elapsed=6.421751186188548e-3 hit=TerrainSweepHit { collider: 42, node: TerrainNodeId { coordinates: BrickCoord { x: -67108864, y: -67108864, z: -67108864 }, level: 27 }, triangle: 1, fraction: 0.0075530144752433, separation: -1.6653345369377348e-16 }
event refinement dt=1.8971439395167843e-3 elapsed=6.436189393816549e-3 hit=TerrainSweepHit { collider: 42, node: TerrainNodeId { coordinates: BrickCoord { x: -67108864, y: -67108864, z: -67108864 }, level: 27 }, triangle: 1, fraction: 0.0003366428188713511, separation: 1.5171197631502764e-13 }
event refinement dt=1.896505279633181e-3 elapsed=6.436828053700152e-3 hit=TerrainSweepHit { collider: 42, node: TerrainNodeId { coordinates: BrickCoord { x: -67108864, y: -67108864, z: -67108864 }, level: 27 }, triangle: 1, fraction: 1.489092360743622e-5, separation: 3.3306690738754696e-16 }
event refinement dt=1.8964770389179406e-3 elapsed=6.436856294415393e-3 hit=TerrainSweepHit { collider: 42, node: TerrainNodeId { coordinates: BrickCoord { x: -67108864, y: -67108864, z: -67108864 }, level: 27 }, triangle: 1, fraction: 6.584466296388727e-7, separation: 1.6653345369377348e-16 }
event refinement dt=1.896475790189026e-3 elapsed=6.436857543144307e-3 hit=TerrainSweepHit { collider: 42, node: TerrainNodeId { coordinates: BrickCoord { x: -67108864, y: -67108864, z: -67108864 }, level: 27 }, triangle: 1, fraction: 2.9114810400214904e-8, separation: 2.220446049250313e-16 }
event refinement dt=1.8964757349734934e-3 elapsed=6.43685759835984e-3 hit=TerrainSweepHit { collider: 42, node: TerrainNodeId { coordinates: BrickCoord { x: -67108864, y: -67108864, z: -67108864 }, level: 27 }, triangle: 1, fraction: 1.2877863386735294e-9, separation: -5.551115123125783e-16 }
event refinement dt=1.8964757325312378e-3 elapsed=6.436857600802095e-3 hit=TerrainSweepHit { collider: 33, node: TerrainNodeId { coordinates: BrickCoord { x: -67108864, y: -67108864, z: -67108864 }, level: 27 }, triangle: 1, fraction: 0.15031876550315987, separation: -2.220446049250313e-16 }
event refinement dt=1.6113998416104414e-3 elapsed=6.721933491722892e-3 hit=TerrainSweepHit { collider: 42, node: TerrainNodeId { coordinates: BrickCoord { x: -67108864, y: -67108864, z: -67108864 }, level: 27 }, triangle: 1, fraction: 0.00040606703003610297, separation: 1.0219602941674566e-13 }
event refinement dt=1.6107455052625577e-3 elapsed=6.7225878280707755e-3 hit=TerrainSweepHit { collider: 42, node: TerrainNodeId { coordinates: BrickCoord { x: -67108864, y: -67108864, z: -67108864 }, level: 27 }, triangle: 1, fraction: 0.000407836630776392, separation: 1.0297318553398327e-13 }
event refinement dt=1.6100885842426534e-3 elapsed=6.72324474909068e-3 hit=TerrainSweepHit { collider: 42, node: TerrainNodeId { coordinates: BrickCoord { x: -67108864, y: -67108864, z: -67108864 }, level: 27 }, triangle: 1, fraction: 0.0004094182708469196, separation: 1.0380585280245214e-13 }
event refinement dt=1.6094293845585828e-3 elapsed=6.72390394877475e-3 hit=TerrainSweepHit { collider: 42, node: TerrainNodeId { coordinates: BrickCoord { x: -67108864, y: -67108864, z: -67108864 }, level: 27 }, triangle: 1, fraction: 0.0004108086521790407, separation: 1.0413891970983968e-13 }
event refinement dt=1.6087682170423346e-3 elapsed=6.724565116290999e-3 hit=TerrainSweepHit { collider: 42, node: TerrainNodeId { coordinates: BrickCoord { x: -67108864, y: -67108864, z: -67108864 }, level: 27 }, triangle: 1, fraction: 0.0004120051117932655, separation: 1.0458300891968975e-13 }
event refinement dt=1.608105396313223e-3 elapsed=6.72522793702011e-3 hit=TerrainSweepHit { collider: 33, node: TerrainNodeId { coordinates: BrickCoord { x: -67108864, y: -67108864, z: -67108864 }, level: 27 }, triangle: 1, fraction: 7.662457259951158e-5, separation: 4.218847493575595e-15 }
event refinement dt=1.6079821759245353e-3 elapsed=6.725351157408798e-3 hit=TerrainSweepHit { collider: 33, node: TerrainNodeId { coordinates: BrickCoord { x: -67108864, y: -67108864, z: -67108864 }, level: 27 }, triangle: 1, fraction: 9.06849727264114e-7, separation: 1.6653345369377348e-16 }
event refinement dt=1.6079807177263377e-3 elapsed=6.7253526156069955e-3 hit=TerrainSweepHit { collider: 33, node: TerrainNodeId { coordinates: BrickCoord { x: -67108864, y: -67108864, z: -67108864 }, level: 27 }, triangle: 1, fraction: 1.0731793219517955e-8, separation: 0.0 }
event refinement dt=8.333333333333333e-3 elapsed=0e0 hit=TerrainSweepHit { collider: 42, node: TerrainNodeId { coordinates: BrickCoord { x: -67108864, y: -67108864, z: -67108864 }, level: 27 }, triangle: 1, fraction: 0.029605023733676378, separation: 1.326716514427062e-14 }
event refinement dt=8.086624802219363e-3 elapsed=2.467085311139698e-4 hit=TerrainSweepHit { collider: 42, node: TerrainNodeId { coordinates: BrickCoord { x: -67108864, y: -67108864, z: -67108864 }, level: 27 }, triangle: 1, fraction: 0.030976859067778972, separation: 1.2545520178264269e-14 }
event refinement dt=7.836126565387009e-3 elapsed=4.972067679463251e-4 hit=TerrainSweepHit { collider: 42, node: TerrainNodeId { coordinates: BrickCoord { x: -67108864, y: -67108864, z: -67108864 }, level: 27 }, triangle: 1, fraction: 0.03040096525815749, separation: 9.43689570931383e-15 }
event refinement dt=7.597900753914153e-3 elapsed=7.354325794191804e-4 hit=TerrainSweepHit { collider: 42, node: TerrainNodeId { coordinates: BrickCoord { x: -67108864, y: -67108864, z: -67108864 }, level: 27 }, triangle: 1, fraction: 0.02801432251810739, separation: 5.662137425588298e-15 }
event refinement dt=7.385050711733431e-3 elapsed=9.482826215999028e-4 hit=TerrainSweepHit { collider: 42, node: TerrainNodeId { coordinates: BrickCoord { x: -67108864, y: -67108864, z: -67108864 }, level: 27 }, triangle: 1, fraction: 0.02435066865790227, separation: 2.831068712794149e-15 }
event refinement dt=7.205219788830205e-3 elapsed=1.1281135445031288e-3 hit=TerrainSweepHit { collider: 42, node: TerrainNodeId { coordinates: BrickCoord { x: -67108864, y: -67108864, z: -67108864 }, level: 27 }, triangle: 1, fraction: 0.02010938310228432, separation: 9.992007221626409e-16 }
event refinement dt=7.060327263760458e-3 elapsed=1.2730060695728756e-3 hit=TerrainSweepHit { collider: 42, node: TerrainNodeId { coordinates: BrickCoord { x: -67108864, y: -67108864, z: -67108864 }, level: 27 }, triangle: 1, fraction: 0.01591215805259156, separation: 6.661338147750939e-16 }
event refinement dt=6.94798222043648e-3 elapsed=1.3853511128968533e-3 hit=TerrainSweepHit { collider: 42, node: TerrainNodeId { coordinates: BrickCoord { x: -67108864, y: -67108864, z: -67108864 }, level: 27 }, triangle: 1, fraction: 0.012168200895850103, separation: -5.551115123125783e-17 }
event refinement dt=6.863437776957414e-3 elapsed=1.469895556375919e-3 hit=TerrainSweepHit { collider: 42, node: TerrainNodeId { coordinates: BrickCoord { x: -67108864, y: -67108864, z: -67108864 }, level: 27 }, triangle: 1, fraction: 0.009063128800264969, separation: -6.106226635438361e-16 }
event refinement dt=6.801233556372245e-3 elapsed=1.5320997769610882e-3 hit=TerrainSweepHit { collider: 42, node: TerrainNodeId { coordinates: BrickCoord { x: -67108864, y: -67108864, z: -67108864 }, level: 27 }, triangle: 1, fraction: 0.006618219376684782, separation: -5.551115123125783e-16 }
event refinement dt=6.756221500664104e-3 elapsed=1.5771118326692298e-3 hit=TerrainSweepHit { collider: 42, node: TerrainNodeId { coordinates: BrickCoord { x: -67108864, y: -67108864, z: -67108864 }, level: 27 }, triangle: 1, fraction: 0.004763135044169213, separation: -5.551115123125783e-17 }
event refinement dt=6.7240407052681205e-3 elapsed=1.6092926280652125e-3 hit=TerrainSweepHit { collider: 42, node: TerrainNodeId { coordinates: BrickCoord { x: -67108864, y: -67108864, z: -67108864 }, level: 27 }, triangle: 1, fraction: 0.003392011133215083, separation: 5.551115123125783e-17 }
event refinement dt=6.70123268433566e-3 elapsed=1.6321006489976734e-3 hit=TerrainSweepHit { collider: 42, node: TerrainNodeId { coordinates: BrickCoord { x: -67108864, y: -67108864, z: -67108864 }, level: 27 }, triangle: 1, fraction: 0.0023976408784915455, separation: -5.551115123125783e-17 }
event refinement dt=6.685165534915413e-3 elapsed=1.6481677984179202e-3 hit=TerrainSweepHit { collider: 42, node: TerrainNodeId { coordinates: BrickCoord { x: -67108864, y: -67108864, z: -67108864 }, level: 27 }, triangle: 1, fraction: 0.0016858439505939586, separation: -4.440892098500626e-16 }
event refinement dt=6.673895389039656e-3 elapsed=1.6594379442936766e-3 hit=TerrainSweepHit { collider: 42, node: TerrainNodeId { coordinates: BrickCoord { x: -67108864, y: -67108864, z: -67108864 }, level: 27 }, triangle: 1, fraction: 0.0011809602306814037, separation: -5.551115123125783e-16 }
event refinement dt=6.666013784001473e-3 elapsed=1.6673195493318604e-3 hit=TerrainSweepHit { collider: 42, node: TerrainNodeId { coordinates: BrickCoord { x: -67108864, y: -67108864, z: -67108864 }, level: 27 }, triangle: 1, fraction: 0.0008251260441973327, separation: -1.6653345369377348e-16 }
event refinement dt=6.660513482417314e-3 elapsed=1.6728198509160185e-3 hit=TerrainSweepHit { collider: 42, node: TerrainNodeId { coordinates: BrickCoord { x: -67108864, y: -67108864, z: -67108864 }, level: 27 }, triangle: 1, fraction: 0.0005754573510716075, separation: 5.551115123125783e-17 }
event refinement dt=6.656680640971946e-3 elapsed=1.676652692361387e-3 hit=TerrainSweepHit { collider: 42, node: TerrainNodeId { coordinates: BrickCoord { x: -67108864, y: -67108864, z: -67108864 }, level: 27 }, triangle: 1, fraction: 0.0004008235159243683, separation: 5.551115123125783e-17 }
event refinement dt=6.654012486833046e-3 elapsed=1.6793208465002872e-3 hit=TerrainSweepHit { collider: 42, node: TerrainNodeId { coordinates: BrickCoord { x: -67108864, y: -67108864, z: -67108864 }, level: 27 }, triangle: 1, fraction: 0.00027893823670820946, separation: 5.551115123125783e-17 }
event refinement dt=6.652156428322935e-3 elapsed=1.6811769050103988e-3 hit=TerrainSweepHit { collider: 42, node: TerrainNodeId { coordinates: BrickCoord { x: -67108864, y: -67108864, z: -67108864 }, level: 27 }, triangle: 1, fraction: 0.00019399689333467036, separation: -3.3306690738754696e-16 }
event refinement dt=6.650865930641864e-3 elapsed=1.6824674026914698e-3 hit=TerrainSweepHit { collider: 42, node: TerrainNodeId { coordinates: BrickCoord { x: -67108864, y: -67108864, z: -67108864 }, level: 27 }, triangle: 1, fraction: 0.00013486332034141522, separation: 2.011169009108471e-13 }
event refinement dt=6.649968972779311e-3 elapsed=1.6833643605540217e-3 hit=TerrainSweepHit { collider: 42, node: TerrainNodeId { coordinates: BrickCoord { x: -67108864, y: -67108864, z: -67108864 }, level: 27 }, triangle: 1, fraction: 9.372710548453592e-5, separation: 9.71445146547012e-14 }
event refinement dt=6.649345690435931e-3 elapsed=1.6839876428974023e-3 hit=TerrainSweepHit { collider: 42, node: TerrainNodeId { coordinates: BrickCoord { x: -67108864, y: -67108864, z: -67108864 }, level: 27 }, triangle: 1, fraction: 6.512476545043498e-5, separation: 4.7128967395337895e-14 }
event refinement dt=6.648912653357443e-3 elapsed=1.6844206799758908e-3 hit=TerrainSweepHit { collider: 42, node: TerrainNodeId { coordinates: BrickCoord { x: -67108864, y: -67108864, z: -67108864 }, level: 27 }, triangle: 1, fraction: 4.524434706477265e-5, separation: 2.298161660974074e-14 }
event refinement dt=6.648611827645751e-3 elapsed=1.6847215056875827e-3 hit=TerrainSweepHit { collider: 42, node: TerrainNodeId { coordinates: BrickCoord { x: -67108864, y: -67108864, z: -67108864 }, level: 27 }, triangle: 1, fraction: 3.1429599178193654e-5, separation: 1.099120794378905e-14 }
event refinement dt=6.648402864440916e-3 elapsed=1.684930468892417e-3 hit=TerrainSweepHit { collider: 42, node: TerrainNodeId { coordinates: BrickCoord { x: -67108864, y: -67108864, z: -67108864 }, level: 27 }, triangle: 1, fraction: 2.1831473008837348e-5, separation: 5.218048215738236e-15 }
event refinement dt=6.648257720013229e-3 elapsed=1.6850756133201038e-3 hit=TerrainSweepHit { collider: 42, node: TerrainNodeId { coordinates: BrickCoord { x: -67108864, y: -67108864, z: -67108864 }, level: 27 }, triangle: 1, fraction: 1.5163734878746083e-5, separation: 2.831068712794149e-15 }
event refinement dt=6.648156907595758e-3 elapsed=1.6851764257375757e-3 hit=TerrainSweepHit { collider: 42, node: TerrainNodeId { coordinates: BrickCoord { x: -67108864, y: -67108864, z: -67108864 }, level: 27 }, triangle: 1, fraction: 1.0532093223379344e-5, separation: 1.4432899320127035e-15 }
event refinement dt=6.648086888587443e-3 elapsed=1.6852464447458901e-3 hit=TerrainSweepHit { collider: 42, node: TerrainNodeId { coordinates: BrickCoord { x: -67108864, y: -67108864, z: -67108864 }, level: 27 }, triangle: 1, fraction: 7.3149784055322515e-6, separation: 6.106226635438361e-16 }
event refinement dt=6.648038257975415e-3 elapsed=1.6852950753579183e-3 hit=TerrainSweepHit { collider: 42, node: TerrainNodeId { coordinates: BrickCoord { x: -67108864, y: -67108864, z: -67108864 }, level: 27 }, triangle: 1, fraction: 5.080475620431524e-6, separation: 5.551115123125783e-17 }
event refinement dt=6.648004482779121e-3 elapsed=1.6853288505542117e-3 hit=TerrainSweepHit { collider: 42, node: TerrainNodeId { coordinates: BrickCoord { x: -67108864, y: -67108864, z: -67108864 }, level: 27 }, triangle: 1, fraction: 3.5285052392762e-6, separation: -1.1102230246251565e-16 }
event refinement dt=6.647981025260473e-3 elapsed=1.68535230807286e-3 hit=TerrainSweepHit { collider: 42, node: TerrainNodeId { coordinates: BrickCoord { x: -67108864, y: -67108864, z: -67108864 }, level: 27 }, triangle: 1, fraction: 2.4506079147409493e-6, separation: -2.7755575615628914e-16 }
event refinement dt=6.6479647336655555e-3 elapsed=1.6853685996677775e-3 hit=TerrainSweepHit { collider: 42, node: TerrainNodeId { coordinates: BrickCoord { x: -67108864, y: -67108864, z: -67108864 }, level: 27 }, triangle: 1, fraction: 1.7019794126097733e-6, separation: 2.220446049250313e-16 }
event refinement dt=6.647953418966443e-3 elapsed=1.68537991436689e-3 hit=TerrainSweepHit { collider: 42, node: TerrainNodeId { coordinates: BrickCoord { x: -67108864, y: -67108864, z: -67108864 }, level: 27 }, triangle: 1, fraction: 1.1820434617531235e-6, separation: -2.220446049250313e-16 }
event refinement dt=6.64794556079657e-3 elapsed=1.6853877725367629e-3 hit=TerrainSweepHit { collider: 42, node: TerrainNodeId { coordinates: BrickCoord { x: -67108864, y: -67108864, z: -67108864 }, level: 27 }, triangle: 1, fraction: 8.209398852482705e-7, separation: -4.440892098500626e-16 }
event refinement dt=6.647940103232905e-3 elapsed=1.6853932301004286e-3 hit=TerrainSweepHit { collider: 42, node: TerrainNodeId { coordinates: BrickCoord { x: -67108864, y: -67108864, z: -67108864 }, level: 27 }, triangle: 1, fraction: 5.701487596843783e-7, separation: -1.1102230246251565e-16 }
event refinement dt=6.6479363129181e-3 elapsed=1.6853970204152328e-3 hit=TerrainSweepHit { collider: 42, node: TerrainNodeId { coordinates: BrickCoord { x: -67108864, y: -67108864, z: -67108864 }, level: 27 }, triangle: 1, fraction: 3.95971603997116e-7, separation: 3.885780586188048e-16 }
event refinement dt=6.647933680524095e-3 elapsed=1.6853996528092378e-3 hit=TerrainSweepHit { collider: 42, node: TerrainNodeId { coordinates: BrickCoord { x: -67108864, y: -67108864, z: -67108864 }, level: 27 }, triangle: 1, fraction: 2.7500467039449354e-7, separation: 5.551115123125783e-16 }
event refinement dt=6.647931852311285e-3 elapsed=1.6854014810220484e-3 hit=TerrainSweepHit { collider: 42, node: TerrainNodeId { coordinates: BrickCoord { x: -67108864, y: -67108864, z: -67108864 }, level: 27 }, triangle: 1, fraction: 1.909926583215244e-7, separation: 1.1102230246251565e-16 }
event refinement dt=6.647930582605108e-3 elapsed=1.6854027507282252e-3 hit=TerrainSweepHit { collider: 42, node: TerrainNodeId { coordinates: BrickCoord { x: -67108864, y: -67108864, z: -67108864 }, level: 27 }, triangle: 1, fraction: 1.3264548586737534e-7, separation: 2.220446049250313e-16 }
event refinement dt=6.647929700787126e-3 elapsed=1.6854036325462073e-3 hit=TerrainSweepHit { collider: 42, node: TerrainNodeId { coordinates: BrickCoord { x: -67108864, y: -67108864, z: -67108864 }, level: 27 }, triangle: 1, fraction: 9.212322371440019e-8, separation: 1.1102230246251565e-16 }
event refinement dt=6.647929088358411e-3 elapsed=1.6854042449749224e-3 hit=TerrainSweepHit { collider: 42, node: TerrainNodeId { coordinates: BrickCoord { x: -67108864, y: -67108864, z: -67108864 }, level: 27 }, triangle: 1, fraction: 6.397953227848608e-8, separation: 5.551115123125783e-17 }
event refinement dt=6.647928663027017e-3 elapsed=1.685404670306316e-3 hit=TerrainSweepHit { collider: 42, node: TerrainNodeId { coordinates: BrickCoord { x: -67108864, y: -67108864, z: -67108864 }, level: 27 }, triangle: 1, fraction: 4.443433420368061e-8, separation: -5.551115123125783e-17 }
event refinement dt=6.647928367630733e-3 elapsed=1.6854049657026e-3 hit=TerrainSweepHit { collider: 42, node: TerrainNodeId { coordinates: BrickCoord { x: -67108864, y: -67108864, z: -67108864 }, level: 27 }, triangle: 1, fraction: 3.085993267643747e-8, separation: -1.1102230246251565e-16 }
event refinement dt=6.6479281624761116e-3 elapsed=1.6854051708572219e-3 hit=TerrainSweepHit { collider: 42, node: TerrainNodeId { coordinates: BrickCoord { x: -67108864, y: -67108864, z: -67108864 }, level: 27 }, triangle: 1, fraction: 2.143199058123683e-8, separation: 1.1102230246251565e-16 }
event refinement dt=6.647928019997778e-3 elapsed=1.6854053133355557e-3 hit=TerrainSweepHit { collider: 42, node: TerrainNodeId { coordinates: BrickCoord { x: -67108864, y: -67108864, z: -67108864 }, level: 27 }, triangle: 1, fraction: 1.488485696647135e-8, separation: -5.551115123125783e-17 }
event refinement dt=6.64792792104432e-3 elapsed=1.6854054122890133e-3 hit=TerrainSweepHit { collider: 42, node: TerrainNodeId { coordinates: BrickCoord { x: -67108864, y: -67108864, z: -67108864 }, level: 27 }, triangle: 1, fraction: 1.0337880771799194e-8, separation: -1.6653345369377348e-16 }
event refinement dt=6.647927852318833e-3 elapsed=1.6854054810144996e-3 hit=TerrainSweepHit { collider: 42, node: TerrainNodeId { coordinates: BrickCoord { x: -67108864, y: -67108864, z: -67108864 }, level: 27 }, triangle: 1, fraction: 7.1793290265840645e-9, separation: 3.885780586188048e-16 }
event refinement dt=6.647927804591172e-3 elapsed=1.685405528742161e-3 hit=TerrainSweepHit { collider: 42, node: TerrainNodeId { coordinates: BrickCoord { x: -67108864, y: -67108864, z: -67108864 }, level: 27 }, triangle: 1, fraction: 4.985507782702164e-9, separation: 2.7755575615628914e-16 }
event refinement dt=6.647927771447877e-3 elapsed=1.6854055618854568e-3 hit=TerrainSweepHit { collider: 42, node: TerrainNodeId { coordinates: BrickCoord { x: -67108864, y: -67108864, z: -67108864 }, level: 27 }, triangle: 1, fraction: 3.4627696828284716e-9, separation: 0.0 }
event refinement dt=6.647927748427634e-3 elapsed=1.6854055849056997e-3 hit=TerrainSweepHit { collider: 42, node: TerrainNodeId { coordinates: BrickCoord { x: -67108864, y: -67108864, z: -67108864 }, level: 27 }, triangle: 1, fraction: 2.4046499884150485e-9, separation: 1.6653345369377348e-16 }
event refinement dt=6.647927732441694e-3 elapsed=1.685405600891639e-3 hit=TerrainSweepHit { collider: 42, node: TerrainNodeId { coordinates: BrickCoord { x: -67108864, y: -67108864, z: -67108864 }, level: 27 }, triangle: 1, fraction: 1.6696587707005518e-9, separation: 5.551115123125783e-17 }
event refinement dt=6.647927721341923e-3 elapsed=1.6854056119914099e-3 hit=TerrainSweepHit { collider: 42, node: TerrainNodeId { coordinates: BrickCoord { x: -67108864, y: -67108864, z: -67108864 }, level: 27 }, triangle: 1, fraction: 1.159945900239547e-9, separation: 5.551115123125783e-17 }
event refinement dt=6.647927713630687e-3 elapsed=1.6854056197026465e-3 hit=TerrainSweepHit { collider: 41, node: TerrainNodeId { coordinates: BrickCoord { x: -67108864, y: -67108864, z: -67108864 }, level: 27 }, triangle: 1, fraction: 0.4660413333803155, separation: -5.551115123125783e-17 }
event refinement dt=3.0982090958763977e-3 elapsed=1.6854056197026465e-3 hit=TerrainSweepHit { collider: 41, node: TerrainNodeId { coordinates: BrickCoord { x: -67108864, y: -67108864, z: -67108864 }, level: 27 }, triangle: 1, fraction: 0.948455701078404, separation: -2.220446049250313e-16 }
event refinement dt=2.938514080116937e-3 elapsed=1.6854056197026465e-3 hit=TerrainSweepHit { collider: 41, node: TerrainNodeId { coordinates: BrickCoord { x: -67108864, y: -67108864, z: -67108864 }, level: 27 }, triangle: 1, fraction: 0.9969931915232685, separation: -2.7755575615628914e-16 }
event refinement dt=2.9296785310718465e-3 elapsed=1.6854056197026465e-3 hit=TerrainSweepHit { collider: 41, node: TerrainNodeId { coordinates: BrickCoord { x: -67108864, y: -67108864, z: -67108864 }, level: 27 }, triangle: 1, fraction: 0.999831659207826, separation: -3.3306690738754696e-16 }
event refinement dt=2.9291853466671108e-3 elapsed=1.6854056197026465e-3 hit=TerrainSweepHit { collider: 41, node: TerrainNodeId { coordinates: BrickCoord { x: -67108864, y: -67108864, z: -67108864 }, level: 27 }, triangle: 1, fraction: 0.9999905973848189, separation: 1.1102230246251565e-16 }
event refinement dt=2.929157804664502e-3 elapsed=1.6854056197026465e-3 hit=TerrainSweepHit { collider: 41, node: TerrainNodeId { coordinates: BrickCoord { x: -67108864, y: -67108864, z: -67108864 }, level: 27 }, triangle: 1, fraction: 0.9999994748905365, separation: -5.551115123125783e-17 }
event refinement dt=2.929156266536019e-3 elapsed=1.6854056197026465e-3 hit=TerrainSweepHit { collider: 41, node: TerrainNodeId { coordinates: BrickCoord { x: -67108864, y: -67108864, z: -67108864 }, level: 27 }, triangle: 1, fraction: 0.9999999706735924, separation: 4.996003610813204e-16 }
event refinement dt=2.929156180634388e-3 elapsed=1.6854056197026465e-3 hit=TerrainSweepHit { collider: 41, node: TerrainNodeId { coordinates: BrickCoord { x: -67108864, y: -67108864, z: -67108864 }, level: 27 }, triangle: 1, fraction: 0.9999999983617057, separation: -5.551115123125783e-17 }
event refinement dt=1.6666666666666666e-2 elapsed=0e0 hit=TerrainSweepHit { collider: 42, node: TerrainNodeId { coordinates: BrickCoord { x: -67108864, y: -67108864, z: -67108864 }, level: 27 }, triangle: 1, fraction: 0.00013765068650814383, separation: 4.440892098500626e-16 }
event refinement dt=1.6664372488558198e-2 elapsed=2.2941781084690638e-6 hit=TerrainSweepHit { collider: 42, node: TerrainNodeId { coordinates: BrickCoord { x: -67108864, y: -67108864, z: -67108864 }, level: 27 }, triangle: 1, fraction: 0.00013780773044330823, separation: 1.1102230246251565e-16 }
event refinement dt=1.6662076009206286e-2 elapsed=4.590657460379174e-6 hit=TerrainSweepHit { collider: 42, node: TerrainNodeId { coordinates: BrickCoord { x: -67108864, y: -67108864, z: -67108864 }, level: 27 }, triangle: 1, fraction: 0.0001379235034905196, separation: 1.1102230246251565e-16 }
event refinement dt=1.665977791730767e-2 elapsed=6.88874935899424e-6 hit=TerrainSweepHit { collider: 42, node: TerrainNodeId { coordinates: BrickCoord { x: -67108864, y: -67108864, z: -67108864 }, level: 27 }, triangle: 1, fraction: 0.00013799780404132175, separation: -1.1102230246251565e-16 }
event refinement dt=1.6657478904539266e-2 elapsed=9.187762127398803e-6 hit=TerrainSweepHit { collider: 42, node: TerrainNodeId { coordinates: BrickCoord { x: -67108864, y: -67108864, z: -67108864 }, level: 27 }, triangle: 1, fraction: 0.00013803054363288633, separation: 0.0 }
event refinement dt=1.665517966367052e-2 elapsed=1.1487002996145694e-5 hit=TerrainSweepHit { collider: 42, node: TerrainNodeId { coordinates: BrickCoord { x: -67108864, y: -67108864, z: -67108864 }, level: 27 }, triangle: 1, fraction: 0.00013802168343180407, separation: -1.6653345369377348e-16 }
event refinement dt=1.665288088773548e-2 elapsed=1.3785778931184647e-5 hit=TerrainSweepHit { collider: 42, node: TerrainNodeId { coordinates: BrickCoord { x: -67108864, y: -67108864, z: -67108864 }, level: 27 }, triangle: 1, fraction: 0.00013797123525905827, separation: -4.996003610813204e-16 }
event refinement dt=1.665058326918878e-2 elapsed=1.6083397477887472e-5 hit=TerrainSweepHit { collider: 42, node: TerrainNodeId { coordinates: BrickCoord { x: -67108864, y: -67108864, z: -67108864 }, level: 27 }, triangle: 1, fraction: 0.00013787926063541683, separation: -3.885780586188048e-16 }
event refinement dt=1.6648287499078474e-2 elapsed=1.8379167588191664e-5 hit=TerrainSweepHit { collider: 42, node: TerrainNodeId { coordinates: BrickCoord { x: -67108864, y: -67108864, z: -67108864 }, level: 27 }, triangle: 1, fraction: 0.00013774587105187363, separation: -1.1102230246251565e-16 }
event refinement dt=1.664599426621539e-2 elapsed=2.0672400451274247e-5 hit=TerrainSweepHit { collider: 42, node: TerrainNodeId { coordinates: BrickCoord { x: -67108864, y: -67108864, z: -67108864 }, level: 27 }, triangle: 1, fraction: 0.0001375712282151741, separation: -1.1102230246251565e-16 }
event refinement dt=1.6643704256339327e-2 elapsed=2.2962410327340243e-5 hit=TerrainSweepHit { collider: 42, node: TerrainNodeId { coordinates: BrickCoord { x: -67108864, y: -67108864, z: -67108864 }, level: 27 }, triangle: 1, fraction: 0.0001373555422936755, separation: -2.7755575615628914e-16 }
event refinement dt=1.664141815131542e-2 elapsed=2.5248515351245286e-5 hit=TerrainSweepHit { collider: 42, node: TerrainNodeId { coordinates: BrickCoord { x: -67108864, y: -67108864, z: -67108864 }, level: 27 }, triangle: 1, fraction: 0.00013709907256313972, separation: 2.7755575615628914e-16 }
event refinement dt=1.663913662832074e-2 elapsed=2.753003834592603e-5 hit=TerrainSweepHit { collider: 42, node: TerrainNodeId { coordinates: BrickCoord { x: -67108864, y: -67108864, z: -67108864 }, level: 27 }, triangle: 1, fraction: 0.00013680212640284172, separation: 3.3306690738754696e-16 }
event refinement dt=1.663686035904848e-2 elapsed=2.9806307618187717e-5 hit=TerrainSweepHit { collider: 42, node: TerrainNodeId { coordinates: BrickCoord { x: -67108864, y: -67108864, z: -67108864 }, level: 27 }, triangle: 1, fraction: 0.0001364650581918979, separation: 3.3306690738754696e-16 }
event refinement dt=1.663459000893145e-2 elapsed=3.207665773521575e-5 hit=TerrainSweepHit { collider: 42, node: TerrainNodeId { coordinates: BrickCoord { x: -67108864, y: -67108864, z: -67108864 }, level: 27 }, triangle: 1, fraction: 0.00013608826893068594, separation: 1.1102230246251565e-16 }
event refinement dt=1.6632326236372764e-2 elapsed=3.434043029390291e-5 hit=TerrainSweepHit { collider: 42, node: TerrainNodeId { coordinates: BrickCoord { x: -67108864, y: -67108864, z: -67108864 }, level: 27 }, triangle: 1, fraction: 0.00013567220481262979, separation: -1.1102230246251565e-16 }
event refinement dt=1.6630069692001113e-2 elapsed=3.659697466555455e-5 hit=TerrainSweepHit { collider: 42, node: TerrainNodeId { coordinates: BrickCoord { x: -67108864, y: -67108864, z: -67108864 }, level: 27 }, triangle: 1, fraction: 0.00013521735659607006, separation: 0.0 }
event refinement dt=1.662782101793735e-2 elapsed=3.884564872931536e-5 hit=TerrainSweepHit { collider: 42, node: TerrainNodeId { coordinates: BrickCoord { x: -67108864, y: -67108864, z: -67108864 }, level: 27 }, triangle: 1, fraction: 0.00013472425750162215, separation: -1.1102230246251565e-16 }
event refinement dt=1.6625580847096838e-2 elapsed=4.108581956982684e-5 hit=TerrainSweepHit { collider: 42, node: TerrainNodeId { coordinates: BrickCoord { x: -67108864, y: -67108864, z: -67108864 }, level: 27 }, triangle: 1, fraction: 0.00013419348300944316, separation: -1.1102230246251565e-16 }
event refinement dt=1.6623349802495913e-2 elapsed=4.331686417075385e-5 hit=TerrainSweepHit { collider: 42, node: TerrainNodeId { coordinates: BrickCoord { x: -67108864, y: -67108864, z: -67108864 }, level: 27 }, triangle: 1, fraction: 0.0001336256485321108, separation: -2.220446049250313e-16 }
event refinement dt=1.662112849659778e-2 elapsed=4.553817006888851e-5 hit=TerrainSweepHit { collider: 42, node: TerrainNodeId { coordinates: BrickCoord { x: -67108864, y: -67108864, z: -67108864 }, level: 27 }, triangle: 1, fraction: 0.00013302140846251735, separation: -5.551115123125783e-17 }
event refinement dt=1.6618917530674925e-2 elapsed=4.774913599174243e-5 hit=TerrainSweepHit { collider: 42, node: TerrainNodeId { coordinates: BrickCoord { x: -67108864, y: -67108864, z: -67108864 }, level: 27 }, triangle: 1, fraction: 0.00013238145469708995, separation: 2.7755575615628914e-16 }
event refinement dt=1.661671749419672e-2 elapsed=4.994917246994415e-5 hit=TerrainSweepHit { collider: 42, node: TerrainNodeId { coordinates: BrickCoord { x: -67108864, y: -67108864, z: -67108864 }, level: 27 }, triangle: 1, fraction: 0.00013170651435946156, separation: -2.220446049250313e-16 }
event refinement dt=1.6614528964255467e-2 elapsed=5.213770241120068e-5 hit=TerrainSweepHit { collider: 42, node: TerrainNodeId { coordinates: BrickCoord { x: -67108864, y: -67108864, z: -67108864 }, level: 27 }, triangle: 1, fraction: 0.0001309973484742005, separation: 2.7755575615628914e-16 }
event refinement dt=1.6612352505015e-2 elapsed=5.431416165166595e-5 hit=TerrainSweepHit { collider: 42, node: TerrainNodeId { coordinates: BrickCoord { x: -67108864, y: -67108864, z: -67108864 }, level: 27 }, triangle: 1, fraction: 0.00013025475029085815, separation: -4.996003610813204e-16 }
event refinement dt=1.6610188667187716e-2 elapsed=5.647799947895039e-5 hit=TerrainSweepHit { collider: 42, node: TerrainNodeId { coordinates: BrickCoord { x: -67108864, y: -67108864, z: -67108864 }, level: 27 }, triangle: 1, fraction: 0.00012947954318338203, separation: 0.0 }
event refinement dt=1.6608037987546898e-2 elapsed=5.8628679119767646e-5 hit=TerrainSweepHit { collider: 42, node: TerrainNodeId { coordinates: BrickCoord { x: -67108864, y: -67108864, z: -67108864 }, level: 27 }, triangle: 1, fraction: 0.00012867257924961182, separation: 1.6653345369377348e-16 }
event refinement dt=1.6605900988462766e-2 elapsed=6.076567820390084e-5 hit=TerrainSweepHit { collider: 42, node: TerrainNodeId { coordinates: BrickCoord { x: -67108864, y: -67108864, z: -67108864 }, level: 27 }, triangle: 1, fraction: 0.000127834736986246, separation: -3.885780586188048e-16 }
event refinement dt=1.6603778177477487e-2 elapsed=6.288848918918062e-5 hit=TerrainSweepHit { collider: 42, node: TerrainNodeId { coordinates: BrickCoord { x: -67108864, y: -67108864, z: -67108864 }, level: 27 }, triangle: 1, fraction: 0.00012696691893911293, separation: -5.551115123125783e-17 }
event refinement dt=1.6601670046919544e-2 elapsed=6.499661974712341e-5 hit=TerrainSweepHit { collider: 42, node: TerrainNodeId { coordinates: BrickCoord { x: -67108864, y: -67108864, z: -67108864 }, level: 27 }, triangle: 1, fraction: 0.00012607005067827025, separation: -5.551115123125783e-17 }
event refinement dt=1.6599577073535383e-2 elapsed=6.708959313128247e-5 hit=TerrainSweepHit { collider: 42, node: TerrainNodeId { coordinates: BrickCoord { x: -67108864, y: -67108864, z: -67108864 }, level: 27 }, triangle: 1, fraction: 0.00012514507839873809, separation: 5.551115123125783e-17 }
event refinement dt=1.659749971816113e-2 elapsed=6.916694850553595e-5 hit=TerrainSweepHit { collider: 42, node: TerrainNodeId { coordinates: BrickCoord { x: -67108864, y: -67108864, z: -67108864 }, level: 27 }, triangle: 1, fraction: 0.00012419296669641253, separation: -1.1102230246251565e-16 }
event refinement dt=1.659543842543139e-2 elapsed=7.122824123527725e-5 hit=TerrainSweepHit { collider: 42, node: TerrainNodeId { coordinates: BrickCoord { x: -67108864, y: -67108864, z: -67108864 }, level: 27 }, triangle: 1, fraction: 0.00012321469611929238, separation: 4.440892098500626e-16 }
event refinement dt=1.6593393623528834e-2 elapsed=7.32730431378332e-5 hit=TerrainSweepHit { collider: 42, node: TerrainNodeId { coordinates: BrickCoord { x: -67108864, y: -67108864, z: -67108864 }, level: 27 }, triangle: 1, fraction: 0.00012221126334303062, separation: 1.1102230246251565e-16 }
event refinement dt=1.6591365723930954e-2 elapsed=7.530094273571285e-5 hit=TerrainSweepHit { collider: 42, node: TerrainNodeId { coordinates: BrickCoord { x: -67108864, y: -67108864, z: -67108864 }, level: 27 }, triangle: 1, fraction: 0.00012118367587349872, separation: -1.6653345369377348e-16 }
event refinement dt=1.6589355121244768e-2 elapsed=7.731154542190037e-5 hit=TerrainSweepHit { collider: 42, node: TerrainNodeId { coordinates: BrickCoord { x: -67108864, y: -67108864, z: -67108864 }, level: 27 }, triangle: 1, fraction: 0.00012013295287250481, separation: 5.551115123125783e-17 }
event refinement dt=1.65873621930278e-2 elapsed=7.930447363886612e-5 hit=TerrainSweepHit { collider: 42, node: TerrainNodeId { coordinates: BrickCoord { x: -67108864, y: -67108864, z: -67108864 }, level: 27 }, triangle: 1, fraction: 0.00011906012151019454, separation: 5.551115123125783e-17 }
event refinement dt=1.6585387299669564e-2 elapsed=8.127936699710162e-5 hit=TerrainSweepHit { collider: 42, node: TerrainNodeId { coordinates: BrickCoord { x: -67108864, y: -67108864, z: -67108864 }, level: 27 }, triangle: 1, fraction: 0.00011796621576678304, separation: 5.551115123125783e-17 }
event refinement dt=1.6583430784292797e-2 elapsed=8.32358823738701e-5 hit=TerrainSweepHit { collider: 42, node: TerrainNodeId { coordinates: BrickCoord { x: -67108864, y: -67108864, z: -67108864 }, level: 27 }, triangle: 1, fraction: 0.00011685227503447279, separation: -1.6653345369377348e-16 }
event refinement dt=1.6581492972677775e-2 elapsed=8.517369398889142e-5 hit=TerrainSweepHit { collider: 42, node: TerrainNodeId { coordinates: BrickCoord { x: -67108864, y: -67108864, z: -67108864 }, level: 27 }, triangle: 1, fraction: 0.00011571934044539884, separation: -3.3306690738754696e-16 }
event refinement dt=1.6579574173247378e-2 elapsed=8.709249341928972e-5 hit=TerrainSweepHit { collider: 42, node: TerrainNodeId { coordinates: BrickCoord { x: -67108864, y: -67108864, z: -67108864 }, level: 27 }, triangle: 1, fraction: 0.00011456845487331175, separation: 5.551115123125783e-17 }
event refinement dt=1.657767467705189e-2 elapsed=8.899198961477614e-5 hit=TerrainSweepHit { collider: 42, node: TerrainNodeId { coordinates: BrickCoord { x: -67108864, y: -67108864, z: -67108864 }, level: 27 }, triangle: 1, fraction: 0.00011340066053627373, separation: 2.220446049250313e-16 }
event refinement dt=1.6575794757793357e-2 elapsed=9.087190887330929e-5 hit=TerrainSweepHit { collider: 42, node: TerrainNodeId { coordinates: BrickCoord { x: -67108864, y: -67108864, z: -67108864 }, level: 27 }, triangle: 1, fraction: 0.00011221699697433775, separation: 5.551115123125783e-17 }
event refinement dt=1.6573934671883176e-2 elapsed=9.273199478349183e-5 hit=TerrainSweepHit { collider: 42, node: TerrainNodeId { coordinates: BrickCoord { x: -67108864, y: -67108864, z: -67108864 }, level: 27 }, triangle: 1, fraction: 0.00011101849957710452, separation: -2.7755575615628914e-16 }
event refinement dt=1.6572094658523814e-2 elapsed=9.457200814285326e-5 hit=TerrainSweepHit { collider: 42, node: TerrainNodeId { coordinates: BrickCoord { x: -67108864, y: -67108864, z: -67108864 }, level: 27 }, triangle: 1, fraction: 0.00010980619808636477, separation: 5.551115123125783e-16 }
event refinement dt=1.6570274939815034e-2 elapsed=9.639172685163311e-5 hit=TerrainSweepHit { collider: 42, node: TerrainNodeId { coordinates: BrickCoord { x: -67108864, y: -67108864, z: -67108864 }, level: 27 }, triangle: 1, fraction: 0.00010858111529872339, separation: -1.6653345369377348e-16 }
event refinement dt=1.656847572088126e-2 elapsed=9.819094578540471e-5 hit=TerrainSweepHit { collider: 42, node: TerrainNodeId { coordinates: BrickCoord { x: -67108864, y: -67108864, z: -67108864 }, level: 27 }, triangle: 1, fraction: 0.00010734426421896285, separation: 1.6653345369377348e-16 }
event refinement dt=1.6566697190045773e-2 elapsed=9.996947662089246e-5 hit=TerrainSweepHit { collider: 42, node: TerrainNodeId { coordinates: BrickCoord { x: -67108864, y: -67108864, z: -67108864 }, level: 27 }, triangle: 1, fraction: 0.00010609664861198099, separation: 3.3306690738754696e-16 }
event refinement dt=1.656493951899534e-2 elapsed=1.0172714767132583e-4 hit=TerrainSweepHit { collider: 42, node: TerrainNodeId { coordinates: BrickCoord { x: -67108864, y: -67108864, z: -67108864 }, level: 27 }, triangle: 1, fraction: 0.00010483926045610638, separation: 1.6653345369377348e-16 }
event refinement dt=1.6563202862986667e-2 elapsed=1.0346380367999744e-4 hit=TerrainSweepHit { collider: 42, node: TerrainNodeId { coordinates: BrickCoord { x: -67108864, y: -67108864, z: -67108864 }, level: 27 }, triangle: 1, fraction: 0.00010357307839603164, separation: -2.220446049250313e-16 }
event refinement dt=1.6561487361078053e-2 elapsed=1.0517930558861494e-4 hit=TerrainSweepHit { collider: 42, node: TerrainNodeId { coordinates: BrickCoord { x: -67108864, y: -67108864, z: -67108864 }, level: 27 }, triangle: 1, fraction: 0.00010229906742019889, separation: -1.6653345369377348e-16 }
event refinement dt=1.6559793136365922e-2 elapsed=1.0687353030074463e-4 hit=TerrainSweepHit { collider: 42, node: TerrainNodeId { coordinates: BrickCoord { x: -67108864, y: -67108864, z: -67108864 }, level: 27 }, triangle: 1, fraction: 0.0001010181770388782, separation: -2.7755575615628914e-16 }
event refinement dt=1.6558120296251144e-2 elapsed=1.0854637041552124e-4 hit=TerrainSweepHit { collider: 42, node: TerrainNodeId { coordinates: BrickCoord { x: -67108864, y: -67108864, z: -67108864 }, level: 27 }, triangle: 1, fraction: 9.973134051176775e-5, separation: 2.220446049250313e-16 }
event refinement dt=1.6556468932717644e-2 elapsed=1.1019773394902147e-4 hit=TerrainSweepHit { collider: 42, node: TerrainNodeId { coordinates: BrickCoord { x: -67108864, y: -67108864, z: -67108864 }, level: 27 }, triangle: 1, fraction: 9.843947422550027e-5, separation: -2.220446049250313e-16 }
event refinement dt=1.6554839122620877e-2 elapsed=1.1182754404578902e-4 hit=TerrainSweepHit { collider: 42, node: TerrainNodeId { coordinates: BrickCoord { x: -67108864, y: -67108864, z: -67108864 }, level: 27 }, triangle: 1, fraction: 9.714347534698996e-5, separation: 3.3306690738754696e-16 }
event refinement dt=1.6553230928014695e-2 elapsed=1.1343573865197073e-4 hit=TerrainSweepHit { collider: 42, node: TerrainNodeId { coordinates: BrickCoord { x: -67108864, y: -67108864, z: -67108864 }, level: 27 }, triangle: 1, fraction: 9.584422307498593e-5, separation: -1.6653345369377348e-16 }
event refinement dt=1.655164439645702e-2 elapsed=1.1502227020964712e-4 hit=TerrainSweepHit { collider: 42, node: TerrainNodeId { coordinates: BrickCoord { x: -67108864, y: -67108864, z: -67108864 }, level: 27 }, triangle: 1, fraction: 9.4542575643704e-5, separation: 0.0 }
event refinement dt=1.655007956136464e-2 elapsed=1.1658710530202685e-4 hit=TerrainSweepHit { collider: 42, node: TerrainNodeId { coordinates: BrickCoord { x: -67108864, y: -67108864, z: -67108864 }, level: 27 }, triangle: 1, fraction: 9.323926035739892e-5, separation: 2.4724666758402236e-13 }
event refinement dt=1.654853644418748e-2 elapsed=1.1813022247918459e-4 hit=TerrainSweepHit { collider: 42, node: TerrainNodeId { coordinates: BrickCoord { x: -67108864, y: -67108864, z: -67108864 }, level: 27 }, triangle: 1, fraction: 9.19353209849544e-5, separation: 2.4052981828504016e-13 }
event refinement dt=1.6547015049177653e-2 elapsed=1.1965161748901219e-4 hit=TerrainSweepHit { collider: 42, node: TerrainNodeId { coordinates: BrickCoord { x: -67108864, y: -67108864, z: -67108864 }, level: 27 }, triangle: 1, fraction: 9.063143683864643e-5, separation: 2.3320234632251413e-13 }
event refinement dt=1.6545515369428356e-2 elapsed=1.2115129723830987e-4 hit=TerrainSweepHit { collider: 42, node: TerrainNodeId { coordinates: BrickCoord { x: -67108864, y: -67108864, z: -67108864 }, level: 27 }, triangle: 1, fraction: 8.932838066598195e-5, separation: 2.2676305277968822e-13 }
event refinement dt=1.654403738533312e-2 elapsed=1.2262928133354502e-4 hit=TerrainSweepHit { collider: 42, node: TerrainNodeId { coordinates: BrickCoord { x: -67108864, y: -67108864, z: -67108864 }, level: 27 }, triangle: 1, fraction: 8.802690271076295e-5, separation: 2.2015722578316854e-13 }
event refinement dt=1.654258106496376e-2 elapsed=1.2408560170290697e-4 hit=TerrainSweepHit { collider: 42, node: TerrainNodeId { coordinates: BrickCoord { x: -67108864, y: -67108864, z: -67108864 }, level: 27 }, triangle: 1, fraction: 8.672772964050558e-5, separation: 2.1360690993788012e-13 }
event refinement dt=1.65411463644656e-2 elapsed=1.2552030220106528e-4 hit=TerrainSweepHit { collider: 42, node: TerrainNodeId { coordinates: BrickCoord { x: -67108864, y: -67108864, z: -67108864 }, level: 27 }, triangle: 1, fraction: 8.54315652478413e-5, separation: 2.0689006063889792e-13 }
event refinement dt=8.333333333333333e-3 elapsed=0e0 hit=TerrainSweepHit { collider: 42, node: TerrainNodeId { coordinates: BrickCoord { x: -67108864, y: -67108864, z: -67108864 }, level: 27 }, triangle: 1, fraction: 0.0005279308435857397, separation: -1.1102230246251565e-16 }
event refinement dt=8.328933909636786e-3 elapsed=4.399423696547831e-6 hit=TerrainSweepHit { collider: 42, node: TerrainNodeId { coordinates: BrickCoord { x: -67108864, y: -67108864, z: -67108864 }, level: 27 }, triangle: 1, fraction: 0.0005289455403652245, separation: -2.7755575615628914e-16 }
event refinement dt=8.324528357189286e-3 elapsed=8.804976144046903e-6 hit=TerrainSweepHit { collider: 42, node: TerrainNodeId { coordinates: BrickCoord { x: -67108864, y: -67108864, z: -67108864 }, level: 27 }, triangle: 1, fraction: 0.0005293766187067305, separation: -1.1102230246251565e-16 }
event refinement dt=8.320121546515229e-3 elapsed=1.3211786818104061e-5 hit=TerrainSweepHit { collider: 42, node: TerrainNodeId { coordinates: BrickCoord { x: -67108864, y: -67108864, z: -67108864 }, level: 27 }, triangle: 1, fraction: 0.0005292219629685505, separation: 1.6653345369377348e-16 }
event refinement dt=8.315718355458246e-3 elapsed=1.7614977875087783e-5 hit=TerrainSweepHit { collider: 42, node: TerrainNodeId { coordinates: BrickCoord { x: -67108864, y: -67108864, z: -67108864 }, level: 27 }, triangle: 1, fraction: 0.000528482284747252, separation: -2.220446049250313e-16 }
event refinement dt=8.311323645622438e-3 elapsed=2.2009687710895018e-5 hit=TerrainSweepHit { collider: 42, node: TerrainNodeId { coordinates: BrickCoord { x: -67108864, y: -67108864, z: -67108864 }, level: 27 }, triangle: 1, fraction: 0.0005271608730317461, separation: 4.440892098500626e-16 }
event refinement dt=8.306942240993362e-3 elapsed=2.6391092339970738e-5 hit=TerrainSweepHit { collider: 42, node: TerrainNodeId { coordinates: BrickCoord { x: -67108864, y: -67108864, z: -67108864 }, level: 27 }, triangle: 1, fraction: 0.0005252635742545698, separation: 0.0 }
event refinement dt=8.302578906820733e-3 elapsed=3.0754426512601174e-5 hit=TerrainSweepHit { collider: 42, node: TerrainNodeId { coordinates: BrickCoord { x: -67108864, y: -67108864, z: -67108864 }, level: 27 }, triangle: 1, fraction: 0.0005227987271598626, separation: -3.885780586188048e-16 }
event refinement dt=8.298238329136102e-3 elapsed=3.509500419723138e-5 hit=TerrainSweepHit { collider: 42, node: TerrainNodeId { coordinates: BrickCoord { x: -67108864, y: -67108864, z: -67108864 }, level: 27 }, triangle: 1, fraction: 0.0005197770916111378, separation: -5.551115123125783e-17 }
event refinement dt=8.293925094951887e-3 elapsed=3.940823838144581e-5 hit=TerrainSweepHit { collider: 42, node: TerrainNodeId { coordinates: BrickCoord { x: -67108864, y: -67108864, z: -67108864 }, level: 27 }, triangle: 1, fraction: 0.0005162117477559248, separation: -2.7755575615628914e-16 }
event refinement dt=8.289643673382866e-3 elapsed=4.368965995046765e-5 hit=TerrainSweepHit { collider: 42, node: TerrainNodeId { coordinates: BrickCoord { x: -67108864, y: -67108864, z: -67108864 }, level: 27 }, triangle: 1, fraction: 0.0005121179759016581, separation: 1.6653345369377348e-16 }
event refinement dt=8.285398397843906e-3 elapsed=4.793493548942647e-5 hit=TerrainSweepHit { collider: 42, node: TerrainNodeId { coordinates: BrickCoord { x: -67108864, y: -67108864, z: -67108864 }, level: 27 }, triangle: 1, fraction: 0.0005075131235242561, separation: -1.6653345369377348e-16 }
event refinement dt=8.281193449423374e-3 elapsed=5.21398839099591e-5 hit=TerrainSweepHit { collider: 42, node: TerrainNodeId { coordinates: BrickCoord { x: -67108864, y: -67108864, z: -67108864 }, level: 27 }, triangle: 1, fraction: 0.0005024164450268206, separation: -1.1102230246251565e-16 }
event refinement dt=8.277032841649936e-3 elapsed=5.6300491683397786e-5 hit=TerrainSweepHit { collider: 42, node: TerrainNodeId { coordinates: BrickCoord { x: -67108864, y: -67108864, z: -67108864 }, level: 27 }, triangle: 1, fraction: 0.0004968489404145597, separation: 2.220446049250313e-16 }
event refinement dt=8.272920406652786e-3 elapsed=6.041292668054807e-5 hit=TerrainSweepHit { collider: 42, node: TerrainNodeId { coordinates: BrickCoord { x: -67108864, y: -67108864, z: -67108864 }, level: 27 }, triangle: 1, fraction: 0.0004908331738994066, separation: 2.220446049250313e-16 }
event refinement dt=8.26885978287217e-3 elapsed=6.447355046116263e-5 hit=TerrainSweepHit { collider: 42, node: TerrainNodeId { coordinates: BrickCoord { x: -67108864, y: -67108864, z: -67108864 }, level: 27 }, triangle: 1, fraction: 0.00048439308747813537, separation: 0.0 }
event refinement dt=8.264854404352021e-3 elapsed=6.847892898131187e-5 hit=TerrainSweepHit { collider: 42, node: TerrainNodeId { coordinates: BrickCoord { x: -67108864, y: -67108864, z: -67108864 }, level: 27 }, triangle: 1, fraction: 0.00047755380621715757, separation: 1.1102230246251565e-16 }
event refinement dt=8.260907491673393e-3 elapsed=7.242584165994081e-5 hit=TerrainSweepHit { collider: 42, node: TerrainNodeId { coordinates: BrickCoord { x: -67108864, y: -67108864, z: -67108864 }, level: 27 }, triangle: 1, fraction: 0.0004703414432881818, separation: -1.1102230246251565e-16 }
event refinement dt=8.257022044520888e-3 elapsed=7.631128881244463e-5 hit=TerrainSweepHit { collider: 42, node: TerrainNodeId { coordinates: BrickCoord { x: -67108864, y: -67108864, z: -67108864 }, level: 27 }, triangle: 1, fraction: 0.00046278289673774213, separation: 1.1102230246251565e-16 }
event refinement dt=8.253200835940697e-3 elapsed=8.01324973926354e-5 hit=TerrainSweepHit { collider: 42, node: TerrainNodeId { coordinates: BrickCoord { x: -67108864, y: -67108864, z: -67108864 }, level: 27 }, triangle: 1, fraction: 0.0004549056580455221, separation: 1.1102230246251565e-16 }
event refinement dt=8.249446408183442e-3 elapsed=8.388692514989086e-5 hit=TerrainSweepHit { collider: 42, node: TerrainNodeId { coordinates: BrickCoord { x: -67108864, y: -67108864, z: -67108864 }, level: 27 }, triangle: 1, fraction: 0.00044673761240787474, separation: -2.220446049250313e-16 }
event refinement dt=8.245761070191364e-3 elapsed=8.757226314196946e-5 hit=TerrainSweepHit { collider: 42, node: TerrainNodeId { coordinates: BrickCoord { x: -67108864, y: -67108864, z: -67108864 }, level: 27 }, triangle: 1, fraction: 0.0004383068505740141, separation: -5.551115123125783e-17 }
event refinement dt=8.242146896626102e-3 elapsed=9.118643670723085e-5 hit=TerrainSweepHit { collider: 42, node: TerrainNodeId { coordinates: BrickCoord { x: -67108864, y: -67108864, z: -67108864 }, level: 27 }, triangle: 1, fraction: 0.00042964149307484075, separation: -5.551115123125783e-17 }
event refinement dt=8.238605728327294e-3 elapsed=9.472760500603945e-5 hit=TerrainSweepHit { collider: 42, node: TerrainNodeId { coordinates: BrickCoord { x: -67108864, y: -67108864, z: -67108864 }, level: 27 }, triangle: 1, fraction: 0.0004207695106635893, separation: -1.6653345369377348e-16 }
event refinement dt=8.235139174226436e-3 elapsed=9.819415910689797e-5 hit=TerrainSweepHit { collider: 42, node: TerrainNodeId { coordinates: BrickCoord { x: -67108864, y: -67108864, z: -67108864 }, level: 27 }, triangle: 1, fraction: 0.0004117185664073571, separation: 5.551115123125783e-17 }
event refinement dt=8.231748614531458e-3 elapsed=1.0158471880187555e-4 hit=TerrainSweepHit { collider: 42, node: TerrainNodeId { coordinates: BrickCoord { x: -67108864, y: -67108864, z: -67108864 }, level: 27 }, triangle: 1, fraction: 0.00040251586456791416, separation: 1.1102230246251565e-16 }
event refinement dt=8.228435205120973e-3 elapsed=1.048981282123594e-4 hit=TerrainSweepHit { collider: 42, node: TerrainNodeId { coordinates: BrickCoord { x: -67108864, y: -67108864, z: -67108864 }, level: 27 }, triangle: 1, fraction: 0.0003931880132650605, separation: 1.1102230246251565e-16 }
event refinement dt=8.225199883030393e-3 elapsed=1.0813345030294119e-4 hit=TerrainSweepHit { collider: 42, node: TerrainNodeId { coordinates: BrickCoord { x: -67108864, y: -67108864, z: -67108864 }, level: 27 }, triangle: 1, fraction: 0.000383760896894062, separation: 5.551115123125783e-17 }
event refinement dt=8.222043372946148e-3 elapsed=1.1128996038718587e-4 hit=TerrainSweepHit { collider: 42, node: TerrainNodeId { coordinates: BrickCoord { x: -67108864, y: -67108864, z: -67108864 }, level: 27 }, triangle: 1, fraction: 0.00037425956970058857, separation: -1.1102230246251565e-16 }
event refinement dt=8.21896619453133e-3 elapsed=1.1436713880200427e-4 hit=TerrainSweepHit { collider: 42, node: TerrainNodeId { coordinates: BrickCoord { x: -67108864, y: -67108864, z: -67108864 }, level: 27 }, triangle: 1, fraction: 0.00036470815421793285, separation: 1.1102230246251565e-16 }
event refinement dt=8.215968670540941e-3 elapsed=1.1736466279239137e-4 hit=TerrainSweepHit { collider: 42, node: TerrainNodeId { coordinates: BrickCoord { x: -67108864, y: -67108864, z: -67108864 }, level: 27 }, triangle: 1, fraction: 0.0003551297616263821, separation: 3.3306690738754696e-16 }
event refinement dt=8.213050935545443e-3 elapsed=1.2028239778789041e-4 hit=TerrainSweepHit { collider: 42, node: TerrainNodeId { coordinates: BrickCoord { x: -67108864, y: -67108864, z: -67108864 }, level: 27 }, triangle: 1, fraction: 0.00034554641850764614, separation: 1.1102230246251565e-16 }
event refinement dt=8.210212945209645e-3 elapsed=1.23120388123689e-4 hit=TerrainSweepHit { collider: 42, node: TerrainNodeId { coordinates: BrickCoord { x: -67108864, y: -67108864, z: -67108864 }, level: 27 }, triangle: 1, fraction: 0.0003359790127422149, separation: 1.1102230246251565e-16 }
event refinement dt=8.20745448596991e-3 elapsed=1.258788473634239e-4 hit=TerrainSweepHit { collider: 42, node: TerrainNodeId { coordinates: BrickCoord { x: -67108864, y: -67108864, z: -67108864 }, level: 27 }, triangle: 1, fraction: 0.0003264472500203234, separation: 0.0 }
event refinement dt=8.204775185023298e-3 elapsed=1.2855814831003575e-4 hit=TerrainSweepHit { collider: 42, node: TerrainNodeId { coordinates: BrickCoord { x: -67108864, y: -67108864, z: -67108864 }, level: 27 }, triangle: 1, fraction: 0.0003169696202969704, separation: 1.1102230246251565e-16 }
event refinement dt=8.20217452054828e-3 elapsed=1.3115881278505457e-4 hit=TerrainSweepHit { collider: 42, node: TerrainNodeId { coordinates: BrickCoord { x: -67108864, y: -67108864, z: -67108864 }, level: 27 }, triangle: 1, fraction: 0.00030756338262669114, separation: -1.6653345369377348e-16 }
event refinement dt=8.199651832007845e-3 elapsed=1.3368150132548885e-4 hit=TerrainSweepHit { collider: 42, node: TerrainNodeId { coordinates: BrickCoord { x: -67108864, y: -67108864, z: -67108864 }, level: 27 }, triangle: 1, fraction: 0.00029824454969053845, separation: -5.551115123125783e-17 }
event refinement dt=8.197206330539587e-3 elapsed=1.3612700279374524e-4 hit=TerrainSweepHit { collider: 42, node: TerrainNodeId { coordinates: BrickCoord { x: -67108864, y: -67108864, z: -67108864 }, level: 27 }, triangle: 1, fraction: 0.0002890278937734145, separation: -3.3306690738754696e-16 }
event refinement dt=8.194837109259046e-3 elapsed=1.384962240742872e-4 hit=TerrainSweepHit { collider: 42, node: TerrainNodeId { coordinates: BrickCoord { x: -67108864, y: -67108864, z: -67108864 }, level: 27 }, triangle: 1, fraction: 0.00027992695425850853, separation: -5.551115123125783e-17 }
event refinement dt=8.192543153466406e-3 elapsed=1.4079017986692668e-4 hit=TerrainSweepHit { collider: 42, node: TerrainNodeId { coordinates: BrickCoord { x: -67108864, y: -67108864, z: -67108864 }, level: 27 }, triangle: 1, fraction: 0.0002709540563209012, separation: 1.6653345369377348e-16 }
event refinement dt=8.19032335066739e-3 elapsed=1.4300998266594242e-4 hit=TerrainSweepHit { collider: 42, node: TerrainNodeId { coordinates: BrickCoord { x: -67108864, y: -67108864, z: -67108864 }, level: 27 }, triangle: 1, fraction: 0.0002621203363177492, separation: 2.220446049250313e-16 }
event refinement dt=8.188176500356163e-3 elapsed=1.4515683297717047e-4 hit=TerrainSweepHit { collider: 42, node: TerrainNodeId { coordinates: BrickCoord { x: -67108864, y: -67108864, z: -67108864 }, level: 27 }, triangle: 1, fraction: 0.0002534357703307635, separation: -1.1102230246251565e-16 }
event refinement dt=8.186101323537191e-3 elapsed=1.4723200979614248e-4 hit=TerrainSweepHit { collider: 42, node: TerrainNodeId { coordinates: BrickCoord { x: -67108864, y: -67108864, z: -67108864 }, level: 27 }, triangle: 1, fraction: 0.00024490921276341027, separation: 0.0 }
event refinement dt=8.184096471906441e-3 elapsed=1.4923686142689148e-4 hit=TerrainSweepHit { collider: 42, node: TerrainNodeId { coordinates: BrickCoord { x: -67108864, y: -67108864, z: -67108864 }, level: 27 }, triangle: 1, fraction: 0.000236548440969044, separation: -2.7755575615628914e-16 }
event refinement dt=8.182160536645272e-3 elapsed=1.511727966880612e-4 hit=TerrainSweepHit { collider: 42, node: TerrainNodeId { coordinates: BrickCoord { x: -67108864, y: -67108864, z: -67108864 }, level: 27 }, triangle: 1, fraction: 0.00022836019009797357, separation: -3.885780586188048e-16 }
event refinement dt=8.180292056909712e-3 elapsed=1.5304127642362165e-4 hit=TerrainSweepHit { collider: 42, node: TerrainNodeId { coordinates: BrickCoord { x: -67108864, y: -67108864, z: -67108864 }, level: 27 }, triangle: 1, fraction: 0.0002203502120922259, separation: -4.440892098500626e-16 }
event refinement dt=8.178489527819995e-3 elapsed=1.5484380551333805e-4 hit=TerrainSweepHit { collider: 42, node: TerrainNodeId { coordinates: BrickCoord { x: -67108864, y: -67108864, z: -67108864 }, level: 27 }, triangle: 1, fraction: 0.00021252331828885136, separation: 5.551115123125783e-17 }
event refinement dt=8.176751408086953e-3 elapsed=1.5658192524638096e-4 hit=TerrainSweepHit { collider: 42, node: TerrainNodeId { coordinates: BrickCoord { x: -67108864, y: -67108864, z: -67108864 }, level: 27 }, triangle: 1, fraction: 0.00020488343400152411, separation: 2.7755575615628914e-16 }
event refinement dt=8.175076127179487e-3 elapsed=1.5825720615384662e-4 hit=TerrainSweepHit { collider: 42, node: TerrainNodeId { coordinates: BrickCoord { x: -67108864, y: -67108864, z: -67108864 }, level: 27 }, triangle: 1, fraction: 0.00019743365051371256, separation: 3.885780586188048e-16 }
event refinement dt=8.17346209205647e-3 elapsed=1.5987124127686317e-4 hit=TerrainSweepHit { collider: 42, node: TerrainNodeId { coordinates: BrickCoord { x: -67108864, y: -67108864, z: -67108864 }, level: 27 }, triangle: 1, fraction: 0.00019017627726351463, separation: 5.551115123125783e-17 }
event refinement dt=8.171907693463449e-3 elapsed=1.6142563986988492e-4 hit=TerrainSweepHit { collider: 42, node: TerrainNodeId { coordinates: BrickCoord { x: -67108864, y: -67108864, z: -67108864 }, level: 27 }, triangle: 1, fraction: 0.00018311289307079665, separation: 1.6653345369377348e-16 }
event refinement dt=8.17041131180379e-3 elapsed=1.6292202152954252e-4 hit=TerrainSweepHit { collider: 42, node: TerrainNodeId { coordinates: BrickCoord { x: -67108864, y: -67108864, z: -67108864 }, level: 27 }, triangle: 1, fraction: 0.00017624440397846278, separation: 5.551115123125783e-17 }
event refinement dt=8.168971322531884e-3 elapsed=1.6436201080145027e-4 hit=TerrainSweepHit { collider: 42, node: TerrainNodeId { coordinates: BrickCoord { x: -67108864, y: -67108864, z: -67108864 }, level: 27 }, triangle: 1, fraction: 0.00016957066445150027, separation: 2.457478665007784e-13 }
event refinement dt=8.167586104636837e-3 elapsed=1.6574722869649726e-4 hit=TerrainSweepHit { collider: 42, node: TerrainNodeId { coordinates: BrickCoord { x: -67108864, y: -67108864, z: -67108864 }, level: 27 }, triangle: 1, fraction: 0.0001630922774844067, separation: 2.2754020889692583e-13 }
event refinement dt=8.16625403441748e-3 elapsed=1.6707929891585248e-4 hit=TerrainSweepHit { collider: 42, node: TerrainNodeId { coordinates: BrickCoord { x: -67108864, y: -67108864, z: -67108864 }, level: 27 }, triangle: 1, fraction: 0.00015680794517981562, separation: 2.0983215165415459e-13 }
event refinement dt=8.164973500902527e-3 elapsed=1.6835983243080588e-4 hit=TerrainSweepHit { collider: 42, node: TerrainNodeId { coordinates: BrickCoord { x: -67108864, y: -67108864, z: -67108864 }, level: 27 }, triangle: 1, fraction: 0.0001507163698751761, separation: 1.9434454046063365e-13 }
event refinement dt=8.163742905736345e-3 elapsed=1.695904275969889e-4 hit=TerrainSweepHit { collider: 42, node: TerrainNodeId { coordinates: BrickCoord { x: -67108864, y: -67108864, z: -67108864 }, level: 27 }, triangle: 1, fraction: 0.00014481582139323843, separation: 1.7930101847696278e-13 }
event refinement dt=8.162560666601808e-3 elapsed=1.7077266673152635e-4 hit=TerrainSweepHit { collider: 42, node: TerrainNodeId { coordinates: BrickCoord { x: -67108864, y: -67108864, z: -67108864 }, level: 27 }, triangle: 1, fraction: 0.00013910417831626966, separation: 1.6542323066914832e-13 }
event refinement dt=8.161425220307323e-3 elapsed=1.719081130260107e-4 hit=TerrainSweepHit { collider: 42, node: TerrainNodeId { coordinates: BrickCoord { x: -67108864, y: -67108864, z: -67108864 }, level: 27 }, triangle: 1, fraction: 0.00013357897232961155, separation: 1.5221157667610896e-13 }
event refinement dt=8.16033502551365e-3 elapsed=1.7299830781968432e-4 hit=TerrainSweepHit { collider: 42, node: TerrainNodeId { coordinates: BrickCoord { x: -67108864, y: -67108864, z: -67108864 }, level: 27 }, triangle: 1, fraction: 0.0001282374272007147, separation: 1.404432126150823e-13 }
event refinement dt=8.159288565144881e-3 elapsed=1.7404476818845207e-4 hit=TerrainSweepHit { collider: 42, node: TerrainNodeId { coordinates: BrickCoord { x: -67108864, y: -67108864, z: -67108864 }, level: 27 }, triangle: 1, fraction: 0.0001230764942145257, separation: 1.2856382625159313e-13 }
event refinement dt=8.158284348512998e-3 elapsed=1.750489848203348e-4 hit=TerrainSweepHit { collider: 42, node: TerrainNodeId { coordinates: BrickCoord { x: -67108864, y: -67108864, z: -67108864 }, level: 27 }, triangle: 1, fraction: 0.0001180928866527545, separation: 1.191269305422793e-13 }
event refinement dt=8.15732091316415e-3 elapsed=1.7601242016918468e-4 hit=TerrainSweepHit { collider: 42, node: TerrainNodeId { coordinates: BrickCoord { x: -67108864, y: -67108864, z: -67108864 }, level: 27 }, triangle: 1, fraction: 0.00011328311647964396, separation: 1.0941247907680918e-13 }
event refinement dt=8.15639682642898e-3 elapsed=1.769365069043525e-4 hit=TerrainSweepHit { collider: 42, node: TerrainNodeId { coordinates: BrickCoord { x: -67108864, y: -67108864, z: -67108864 }, level: 27 }, triangle: 1, fraction: 0.00010864352039165675, separation: 1.0080825063596421e-13 }
event refinement dt=4.166666666666667e-3 elapsed=0e0 hit=TerrainSweepHit { collider: 42, node: TerrainNodeId { coordinates: BrickCoord { x: -67108864, y: -67108864, z: -67108864 }, level: 27 }, triangle: 1, fraction: 0.0020685635438736695, separation: -1.6653345369377348e-16 }
event refinement dt=4.158047651900526e-3 elapsed=8.61901476614029e-6 hit=TerrainSweepHit { collider: 42, node: TerrainNodeId { coordinates: BrickCoord { x: -67108864, y: -67108864, z: -67108864 }, level: 27 }, triangle: 1, fraction: 0.002074200689679803, separation: -2.220446049250313e-16 }
event refinement dt=4.149423026593233e-3 elapsed=1.7243640073433848e-5 hit=TerrainSweepHit { collider: 42, node: TerrainNodeId { coordinates: BrickCoord { x: -67108864, y: -67108864, z: -67108864 }, level: 27 }, triangle: 1, fraction: 0.002071065147036331, separation: -2.220446049250313e-16 }
event refinement dt=4.1408293011825454e-3 elapsed=2.58373654841211e-5 hit=TerrainSweepHit { collider: 42, node: TerrainNodeId { coordinates: BrickCoord { x: -67108864, y: -67108864, z: -67108864 }, level: 27 }, triangle: 1, fraction: 0.002059209593403102, separation: 2.220446049250313e-16 }
event refinement dt=4.1323024657609056e-3 elapsed=3.436420090576086e-5 hit=TerrainSweepHit { collider: 42, node: TerrainNodeId { coordinates: BrickCoord { x: -67108864, y: -67108864, z: -67108864 }, level: 27 }, triangle: 1, fraction: 0.002038833490152172, separation: 2.220446049250313e-16 }
event refinement dt=4.123877389102274e-3 elapsed=4.278927756439259e-5 hit=TerrainSweepHit { collider: 42, node: TerrainNodeId { coordinates: BrickCoord { x: -67108864, y: -67108864, z: -67108864 }, level: 27 }, triangle: 1, fraction: 0.0020102751088722707, separation: 5.551115123125783e-17 }
event refinement dt=4.115587261034921e-3 elapsed=5.1079405631746064e-5 hit=TerrainSweepHit { collider: 42, node: TerrainNodeId { coordinates: BrickCoord { x: -67108864, y: -67108864, z: -67108864 }, level: 27 }, triangle: 1, fraction: 0.0019739997523987663, separation: -4.440892098500626e-16 }
event refinement dt=4.107463092800662e-3 elapsed=5.9203573866004516e-5 hit=TerrainSweepHit { collider: 42, node: TerrainNodeId { coordinates: BrickCoord { x: -67108864, y: -67108864, z: -67108864 }, level: 27 }, triangle: 1, fraction: 0.0019305839409710474, separation: 1.6653345369377348e-16 }
event refinement dt=4.09953329051557e-3 elapsed=6.713337615109674e-5 hit=TerrainSweepHit { collider: 42, node: TerrainNodeId { coordinates: BrickCoord { x: -67108864, y: -67108864, z: -67108864 }, level: 27 }, triangle: 1, fraction: 0.0018806964685511088, separation: 4.440892098500626e-16 }
event refinement dt=4.091823312733389e-3 elapsed=7.484335393327708e-5 hit=TerrainSweepHit { collider: 42, node: TerrainNodeId { coordinates: BrickCoord { x: -67108864, y: -67108864, z: -67108864 }, level: 27 }, triangle: 1, fraction: 0.001825077386219547, separation: 3.3306690738754696e-16 }
event refinement dt=4.084355418536914e-3 elapsed=8.231124812975275e-5 hit=TerrainSweepHit { collider: 42, node: TerrainNodeId { coordinates: BrickCoord { x: -67108864, y: -67108864, z: -67108864 }, level: 27 }, triangle: 1, fraction: 0.0017645161773281153, separation: 3.3306690738754696e-16 }
event refinement dt=4.077148507326948e-3 elapsed=8.951815933971889e-5 hit=TerrainSweepHit { collider: 42, node: TerrainNodeId { coordinates: BrickCoord { x: -67108864, y: -67108864, z: -67108864 }, level: 27 }, triangle: 1, fraction: 0.0016998294339810305, separation: 3.885780586188048e-16 }
event refinement dt=4.070218050287481e-3 elapsed=9.644861637918506e-5 hit=TerrainSweepHit { collider: 42, node: TerrainNodeId { coordinates: BrickCoord { x: -67108864, y: -67108864, z: -67108864 }, level: 27 }, triangle: 1, fraction: 0.001631840099653443, separation: -2.220446049250313e-16 }
event refinement dt=4.063576105258689e-3 elapsed=1.0309056140797743e-4 hit=TerrainSweepHit { collider: 42, node: TerrainNodeId { coordinates: BrickCoord { x: -67108864, y: -67108864, z: -67108864 }, level: 27 }, triangle: 1, fraction: 0.001561358216091123, separation: 5.551115123125783e-17 }
event refinement dt=4.0572314073200316e-3 elapsed=1.0943525934663465e-4 hit=TerrainSweepHit { collider: 42, node: TerrainNodeId { coordinates: BrickCoord { x: -67108864, y: -67108864, z: -67108864 }, level: 27 }, triangle: 1, fraction: 0.0014891640752233654, separation: -1.6653345369377348e-16 }
event refinement dt=4.051189524063383e-3 elapsed=1.1547714260328357e-4 hit=TerrainSweepHit { collider: 42, node: TerrainNodeId { coordinates: BrickCoord { x: -67108864, y: -67108864, z: -67108864 }, level: 27 }, triangle: 1, fraction: 0.0014159941859938983, separation: 5.551115123125783e-17 }
event refinement dt=4.04545306325095e-3 elapsed=1.212136034157167e-4 hit=TerrainSweepHit { collider: 42, node: TerrainNodeId { coordinates: BrickCoord { x: -67108864, y: -67108864, z: -67108864 }, level: 27 }, triangle: 1, fraction: 0.0013425301952678336, separation: 2.220446049250313e-16 }
event refinement dt=4.040021920359997e-3 elapsed=1.2664474630666987e-4 hit=TerrainSweepHit { collider: 42, node: TerrainNodeId { coordinates: BrickCoord { x: -67108864, y: -67108864, z: -67108864 }, level: 27 }, triangle: 1, fraction: 0.0012693908079882627, separation: -1.1102230246251565e-16 }
event refinement dt=4.03489355367022e-3 elapsed=1.3177311299644593e-4 hit=TerrainSweepHit { collider: 42, node: TerrainNodeId { coordinates: BrickCoord { x: -67108864, y: -67108864, z: -67108864 }, level: 27 }, triangle: 1, fraction: 0.0011971266033896037, separation: -5.551115123125783e-17 }
event refinement dt=4.030063275255276e-3 elapsed=1.3660339141138977e-4 hit=TerrainSweepHit { collider: 42, node: TerrainNodeId { coordinates: BrickCoord { x: -67108864, y: -67108864, z: -67108864 }, level: 27 }, triangle: 1, fraction: 0.0011262174394108036, separation: 4.440892098500626e-16 }
event refinement dt=4.025524547712755e-3 elapsed=1.4114211895391128e-4 hit=TerrainSweepHit { collider: 42, node: TerrainNodeId { coordinates: BrickCoord { x: -67108864, y: -67108864, z: -67108864 }, level: 27 }, triangle: 1, fraction: 0.001057072207301553, separation: -1.6653345369377348e-16 }
event refinement dt=4.0212692775935584e-3 elapsed=1.453973890731086e-4 hit=TerrainSweepHit { collider: 42, node: TerrainNodeId { coordinates: BrickCoord { x: -67108864, y: -67108864, z: -67108864 }, level: 27 }, triangle: 1, fraction: 0.0009900304615927604, separation: 0.0 }
event refinement dt=4.017288098514473e-3 elapsed=1.4937856815219335e-4 hit=TerrainSweepHit { collider: 42, node: TerrainNodeId { coordinates: BrickCoord { x: -67108864, y: -67108864, z: -67108864 }, level: 27 }, triangle: 1, fraction: 0.0009253656287581145, separation: 1.6653345369377348e-16 }
event refinement dt=4.013570638187289e-3 elapsed=1.5309602847937768e-4 hit=TerrainSweepHit { collider: 42, node: TerrainNodeId { coordinates: BrickCoord { x: -67108864, y: -67108864, z: -67108864 }, level: 27 }, triangle: 1, fraction: 0.0008632893675244862, separation: -2.7755575615628914e-16 }
event refinement dt=4.010105765329533e-3 elapsed=1.5656090133713324e-4 hit=TerrainSweepHit { collider: 42, node: TerrainNodeId { coordinates: BrickCoord { x: -67108864, y: -67108864, z: -67108864 }, level: 27 }, triangle: 1, fraction: 0.0008039567226356774, separation: -5.551115123125783e-17 }
event refinement dt=4.006881813841017e-3 elapsed=1.5978485282565e-4 hit=TerrainSweepHit { collider: 42, node: TerrainNodeId { coordinates: BrickCoord { x: -67108864, y: -67108864, z: -67108864 }, level: 27 }, triangle: 1, fraction: 0.0007474718095131141, separation: 1.1102230246251565e-16 }
event refinement dt=4.003886782641119e-3 elapsed=1.6277988402554693e-4 hit=TerrainSweepHit { collider: 42, node: TerrainNodeId { coordinates: BrickCoord { x: -67108864, y: -67108864, z: -67108864 }, level: 27 }, triangle: 1, fraction: 0.0006938936767527788, separation: 5.551115123125783e-17 }
event refinement dt=4.001108510920211e-3 elapsed=1.6555815574645564e-4 hit=TerrainSweepHit { collider: 42, node: TerrainNodeId { coordinates: BrickCoord { x: -67108864, y: -67108864, z: -67108864 }, level: 27 }, triangle: 1, fraction: 0.000643242214671463, separation: 5.551115123125783e-17 }
event refinement dt=3.998534829020506e-3 elapsed=1.681318376461608e-4 hit=TerrainSweepHit { collider: 42, node: TerrainNodeId { coordinates: BrickCoord { x: -67108864, y: -67108864, z: -67108864 }, level: 27 }, triangle: 1, fraction: 0.0005955038701648026, separation: 5.551115123125783e-17 }
event refinement dt=3.996153686054835e-3 elapsed=1.7051298061183126e-4 hit=TerrainSweepHit { collider: 42, node: TerrainNodeId { coordinates: BrickCoord { x: -67108864, y: -67108864, z: -67108864 }, level: 27 }, triangle: 1, fraction: 0.0005506370702134492, separation: -1.1102230246251565e-16 }
event refinement dt=3.993953255697023e-3 elapsed=1.7271341096964317e-4 hit=TerrainSweepHit { collider: 42, node: TerrainNodeId { coordinates: BrickCoord { x: -67108864, y: -67108864, z: -67108864 }, level: 27 }, triangle: 1, fraction: 0.0005085772590549608, separation: 0.0 }
event refinement dt=3.991922021897448e-3 elapsed=1.747446447692192e-4 hit=TerrainSweepHit { collider: 42, node: TerrainNodeId { coordinates: BrickCoord { x: -67108864, y: -67108864, z: -67108864 }, level: 27 }, triangle: 1, fraction: 0.000469241487406517, separation: -5.551115123125783e-17 }
event refinement dt=3.990048846470281e-3 elapsed=1.7661782019638518e-4 hit=TerrainSweepHit { collider: 42, node: TerrainNodeId { coordinates: BrickCoord { x: -67108864, y: -67108864, z: -67108864 }, level: 27 }, triangle: 1, fraction: 0.00043253252631249577, separation: 2.220446049250313e-16 }
event refinement dt=3.988323020562607e-3 elapsed=1.7834364610405922e-4 hit=TerrainSweepHit { collider: 42, node: TerrainNodeId { coordinates: BrickCoord { x: -67108864, y: -67108864, z: -67108864 }, level: 27 }, triangle: 1, fraction: 0.0003983425004018786, separation: -3.3306690738754696e-16 }
event refinement dt=3.9867343019981865e-3 elapsed=1.799323646684805e-4 hit=TerrainSweepHit { collider: 42, node: TerrainNodeId { coordinates: BrickCoord { x: -67108864, y: -67108864, z: -67108864 }, level: 27 }, triangle: 1, fraction: 0.0003665560466777372, separation: -2.7755575615628914e-16 }
event refinement dt=3.985272940433291e-3 elapsed=1.8139372623337548e-4 hit=TerrainSweepHit { collider: 42, node: TerrainNodeId { coordinates: BrickCoord { x: -67108864, y: -67108864, z: -67108864 }, level: 27 }, triangle: 1, fraction: 0.0003370530332398927, separation: 0.0 }
event refinement dt=3.983929692100429e-3 elapsed=1.8273697456623738e-4 hit=TerrainSweepHit { collider: 42, node: TerrainNodeId { coordinates: BrickCoord { x: -67108864, y: -67108864, z: -67108864 }, level: 27 }, triangle: 1, fraction: 0.0003097093840392441, separation: 2.156053113822054e-13 }
event refinement dt=3.982695831689433e-3 elapsed=1.8397083497723348e-4 hit=TerrainSweepHit { collider: 42, node: TerrainNodeId { coordinates: BrickCoord { x: -67108864, y: -67108864, z: -67108864 }, level: 27 }, triangle: 1, fraction: 0.00028440518282119064, separation: 1.8146595337498184e-13 }
event refinement dt=3.981563132353301e-3 elapsed=1.851035343133663e-4 hit=TerrainSweepHit { collider: 42, node: TerrainNodeId { coordinates: BrickCoord { x: -67108864, y: -67108864, z: -67108864 }, level: 27 }, triangle: 1, fraction: 0.000261016354475958, separation: 1.5276668818842154e-13 }
event refinement dt=3.980523879259378e-3 elapsed=1.8614278740728904e-4 hit=TerrainSweepHit { collider: 42, node: TerrainNodeId { coordinates: BrickCoord { x: -67108864, y: -67108864, z: -67108864 }, level: 27 }, triangle: 1, fraction: 0.00023942296223668032, separation: 1.284528039491306e-13 }
event refinement dt=3.979570850440951e-3 elapsed=1.8709581622571516e-4 hit=TerrainSweepHit { collider: 42, node: TerrainNodeId { coordinates: BrickCoord { x: -67108864, y: -67108864, z: -67108864 }, level: 27 }, triangle: 1, fraction: 0.00021950829368372094, separation: 1.081912337497215e-13 }
event refinement dt=3.978697301633978e-3 elapsed=1.8796936503268893e-4 hit=TerrainSweepHit { collider: 42, node: TerrainNodeId { coordinates: BrickCoord { x: -67108864, y: -67108864, z: -67108864 }, level: 27 }, triangle: 1, fraction: 0.00020115963244650263, separation: 9.070522111187529e-14 }
event refinement dt=3.977896948347165e-3 elapsed=1.8876971831950152e-4 hit=TerrainSweepHit { collider: 42, node: TerrainNodeId { coordinates: BrickCoord { x: -67108864, y: -67108864, z: -67108864 }, level: 27 }, triangle: 1, fraction: 0.00018426880001075157, separation: 7.627232179174825e-14 }
event refinement dt=3.9771639460499265e-3 elapsed=1.895027206167399e-4 hit=TerrainSweepHit { collider: 42, node: TerrainNodeId { coordinates: BrickCoord { x: -67108864, y: -67108864, z: -67108864 }, level: 27 }, triangle: 1, fraction: 0.0001687325544329155, separation: 6.356026815979021e-14 }
event refinement dt=3.976492869017911e-3 elapsed=1.901737976487554e-4 hit=TerrainSweepHit { collider: 42, node: TerrainNodeId { coordinates: BrickCoord { x: -67108864, y: -67108864, z: -67108864 }, level: 27 }, triangle: 1, fraction: 0.00015445282297914606, separation: 5.3734794391857577e-14 }
event refinement dt=3.975878688468735e-3 elapsed=1.9078797819793166e-4 hit=TerrainSweepHit { collider: 42, node: TerrainNodeId { coordinates: BrickCoord { x: -67108864, y: -67108864, z: -67108864 }, level: 27 }, triangle: 1, fraction: 0.00014133685554036613, separation: 4.490852134608758e-14 }
event refinement dt=3.975316750276897e-3 elapsed=1.9134991638976979e-4 hit=TerrainSweepHit { collider: 42, node: TerrainNodeId { coordinates: BrickCoord { x: -67108864, y: -67108864, z: -67108864 }, level: 27 }, triangle: 1, fraction: 0.0001292972480447254, separation: 3.7414515929867775e-14 }
event refinement dt=3.97480275276098e-3 elapsed=1.9186391390568669e-4 hit=TerrainSweepHit { collider: 42, node: TerrainNodeId { coordinates: BrickCoord { x: -67108864, y: -67108864, z: -67108864 }, level: 27 }, triangle: 1, fraction: 0.00011825189340984196, separation: 3.108624468950438e-14 }
event refinement dt=3.974332724809535e-3 elapsed=1.923339418571313e-4 hit=TerrainSweepHit { collider: 42, node: TerrainNodeId { coordinates: BrickCoord { x: -67108864, y: -67108864, z: -67108864 }, level: 27 }, triangle: 1, fraction: 0.00010812390818604772, separation: 2.609024107869118e-14 }
event refinement dt=3.973903004422897e-3 elapsed=1.9276366224376944e-4 hit=TerrainSweepHit { collider: 42, node: TerrainNodeId { coordinates: BrickCoord { x: -67108864, y: -67108864, z: -67108864 }, level: 27 }, triangle: 1, fraction: 9.88414600619658e-5, separation: 2.225997164373439e-14 }
event refinement dt=3.9735102180477955e-3 elapsed=1.9315644861887124e-4 hit=TerrainSweepHit { collider: 42, node: TerrainNodeId { coordinates: BrickCoord { x: -67108864, y: -67108864, z: -67108864 }, level: 27 }, triangle: 1, fraction: 9.03376218666052e-5, separation: 1.8596235662471372e-14 }
event refinement dt=3.973151260584234e-3 elapsed=1.9351540608243234e-4 hit=TerrainSweepHit { collider: 42, node: TerrainNodeId { coordinates: BrickCoord { x: -67108864, y: -67108864, z: -67108864 }, level: 27 }, triangle: 1, fraction: 8.255013135799691e-5, separation: 1.559863349598345e-14 }
event refinement dt=3.972823276425768e-3 elapsed=1.9384339024089875e-4 hit=TerrainSweepHit { collider: 42, node: TerrainNodeId { coordinates: BrickCoord { x: -67108864, y: -67108864, z: -67108864 }, level: 27 }, triangle: 1, fraction: 7.542120349795591e-5, separation: 1.2601031329495527e-14 }
event refinement dt=3.972523641312975e-3 elapsed=1.9414302535369148e-4 hit=TerrainSweepHit { collider: 42, node: TerrainNodeId { coordinates: BrickCoord { x: -67108864, y: -67108864, z: -67108864 }, level: 27 }, triangle: 1, fraction: 6.889727149243498e-5, separation: 1.0658141036401503e-14 }
event refinement dt=3.972249945273149e-3 elapsed=1.9441672139351712e-4 hit=TerrainSweepHit { collider: 42, node: TerrainNodeId { coordinates: BrickCoord { x: -67108864, y: -67108864, z: -67108864 }, level: 27 }, triangle: 1, fraction: 6.292877809827168e-5, separation: 8.93729534823251e-15 }
event refinement dt=3.971999976437792e-3 elapsed=1.9466669022887408e-4 hit=TerrainSweepHit { collider: 42, node: TerrainNodeId { coordinates: BrickCoord { x: -67108864, y: -67108864, z: -67108864 }, level: 27 }, triangle: 1, fraction: 5.7469917919132564e-5, separation: 7.438494264988549e-15 }
event refinement dt=3.971771705925171e-3 elapsed=1.9489496074149475e-4 hit=TerrainSweepHit { collider: 42, node: TerrainNodeId { coordinates: BrickCoord { x: -67108864, y: -67108864, z: -67108864 }, level: 27 }, triangle: 1, fraction: 5.2478419092169234e-5, separation: 6.050715484207103e-15 }
event refinement dt=3.97156327362505e-3 elapsed=1.9510339304161671e-4 hit=TerrainSweepHit { collider: 42, node: TerrainNodeId { coordinates: BrickCoord { x: -67108864, y: -67108864, z: -67108864 }, level: 27 }, triangle: 1, fraction: 4.791529893469731e-5, separation: 4.884981308350689e-15 }
event refinement dt=3.9713729749835565e-3 elapsed=1.9529369168311053e-4 hit=TerrainSweepHit { collider: 42, node: TerrainNodeId { coordinates: BrickCoord { x: -67108864, y: -67108864, z: -67108864 }, level: 27 }, triangle: 1, fraction: 4.3744657879139234e-5, separation: 4.274358644806853e-15 }
event refinement dt=3.971199248631455e-3 elapsed=1.9546741803521165e-4 hit=TerrainSweepHit { collider: 42, node: TerrainNodeId { coordinates: BrickCoord { x: -67108864, y: -67108864, z: -67108864 }, level: 27 }, triangle: 1, fraction: 3.993345679340131e-5, separation: 3.774758283725532e-15 }
event refinement dt=3.971040664917842e-3 elapsed=1.9562600174882487e-4 hit=TerrainSweepHit { collider: 42, node: TerrainNodeId { coordinates: BrickCoord { x: -67108864, y: -67108864, z: -67108864 }, level: 27 }, triangle: 1, fraction: 3.645132320667509e-5, separation: 2.6645352591003757e-15 }
event refinement dt=3.970895915231098e-3 elapsed=1.9577075143556864e-4 hit=TerrainSweepHit { collider: 42, node: TerrainNodeId { coordinates: BrickCoord { x: -67108864, y: -67108864, z: -67108864 }, level: 27 }, triangle: 1, fraction: 3.3270337928800934e-5, separation: 2.831068712794149e-15 }
event refinement dt=3.970763802182118e-3 elapsed=1.9590286448454848e-4 hit=TerrainSweepHit { collider: 42, node: TerrainNodeId { coordinates: BrickCoord { x: -67108864, y: -67108864, z: -67108864 }, level: 27 }, triangle: 1, fraction: 3.0364878423761318e-5, separation: 2.0539125955565396e-15 }
event refinement dt=3.970643230422015e-3 elapsed=1.9602343624465122e-4 hit=TerrainSweepHit { collider: 42, node: TerrainNodeId { coordinates: BrickCoord { x: -67108864, y: -67108864, z: -67108864 }, level: 27 }, triangle: 1, fraction: 2.7711424912021604e-5, separation: 2.1094237467877974e-15 }
event refinement dt=2.0833333333333333e-3 elapsed=0e0 hit=TerrainSweepHit { collider: 42, node: TerrainNodeId { coordinates: BrickCoord { x: -67108864, y: -67108864, z: -67108864 }, level: 27 }, triangle: 1, fraction: 0.008215739689868749, separation: 2.220446049250313e-16 }
event refinement dt=2.06621720897944e-3 elapsed=1.7116124353893228e-5 hit=TerrainSweepHit { collider: 42, node: TerrainNodeId { coordinates: BrickCoord { x: -67108864, y: -67108864, z: -67108864 }, level: 27 }, triangle: 1, fraction: 0.008226189411814787, separation: -1.1102230246251565e-16 }
event refinement dt=2.049220114852424e-3 elapsed=3.41132184809094e-5 hit=TerrainSweepHit { collider: 42, node: TerrainNodeId { coordinates: BrickCoord { x: -67108864, y: -67108864, z: -67108864 }, level: 27 }, triangle: 1, fraction: 0.008101506451697748, separation: 1.1102230246251565e-16 }
event refinement dt=2.032618344870998e-3 elapsed=5.071498846233511e-5 hit=TerrainSweepHit { collider: 42, node: TerrainNodeId { coordinates: BrickCoord { x: -67108864, y: -67108864, z: -67108864 }, level: 27 }, triangle: 1, fraction: 0.007849742083236307, separation: 2.7755575615628914e-16 }
event refinement dt=2.0166628151101064e-3 elapsed=6.667051822322712e-5 hit=TerrainSweepHit { collider: 42, node: TerrainNodeId { coordinates: BrickCoord { x: -67108864, y: -67108864, z: -67108864 }, level: 27 }, triangle: 1, fraction: 0.00748659019639597, separation: 2.7755575615628914e-16 }
event refinement dt=2.0015648870490665e-3 elapsed=8.176844628426674e-5 hit=TerrainSweepHit { collider: 42, node: TerrainNodeId { coordinates: BrickCoord { x: -67108864, y: -67108864, z: -67108864 }, level: 27 }, triangle: 1, fraction: 0.0070333803369515445, separation: -2.220446049250313e-16 }
event refinement dt=1.987487119929363e-3 elapsed=9.584621340397028e-5 hit=TerrainSweepHit { collider: 42, node: TerrainNodeId { coordinates: BrickCoord { x: -67108864, y: -67108864, z: -67108864 }, level: 27 }, triangle: 1, fraction: 0.006514569206777125, separation: 0.0 }
event refinement dt=1.974539497539005e-3 elapsed=1.0879383579432826e-4 hit=TerrainSweepHit { collider: 42, node: TerrainNodeId { coordinates: BrickCoord { x: -67108864, y: -67108864, z: -67108864 }, level: 27 }, triangle: 1, fraction: 0.005955200140654308, separation: -1.6653345369377348e-16 }
event refinement dt=1.962780719645533e-3 elapsed=1.2055261368780003e-4 hit=TerrainSweepHit { collider: 42, node: TerrainNodeId { coordinates: BrickCoord { x: -67108864, y: -67108864, z: -67108864 }, level: 27 }, triangle: 1, fraction: 0.005378729004820532, separation: 3.3306690738754696e-16 }
event refinement dt=1.9522234540586734e-3 elapsed=1.3110987927466e-4 hit=TerrainSweepHit { collider: 42, node: TerrainNodeId { coordinates: BrickCoord { x: -67108864, y: -67108864, z: -67108864 }, level: 27 }, triangle: 1, fraction: 0.004805463061902393, separation: 2.220446049250313e-16 }
event refinement dt=1.942842116361615e-3 elapsed=1.4049121697171844e-4 hit=TerrainSweepHit { collider: 42, node: TerrainNodeId { coordinates: BrickCoord { x: -67108864, y: -67108864, z: -67108864 }, level: 27 }, triangle: 1, fraction: 0.004251686722172292, separation: 2.7755575615628914e-16 }
event refinement dt=1.9345817603322031e-3 elapsed=1.4875157300113024e-4 hit=TerrainSweepHit { collider: 42, node: TerrainNodeId { coordinates: BrickCoord { x: -67108864, y: -67108864, z: -67108864 }, level: 27 }, triangle: 1, fraction: 0.0037294105167417625, separation: 1.1102230246251565e-16 }
event refinement dt=1.9273669107697233e-3 elapsed=1.5596642256360995e-4 hit=TerrainSweepHit { collider: 42, node: TerrainNodeId { coordinates: BrickCoord { x: -67108864, y: -67108864, z: -67108864 }, level: 27 }, triangle: 1, fraction: 0.0032465958426866146, separation: 5.551115123125783e-17 }
event refinement dt=1.9211095293698867e-3 elapsed=1.6222380396344667e-4 hit=TerrainSweepHit { collider: 42, node: TerrainNodeId { coordinates: BrickCoord { x: -67108864, y: -67108864, z: -67108864 }, level: 27 }, triangle: 1, fraction: 0.0028076832073774477, separation: 1.1102230246251565e-16 }
event refinement dt=1.915715662404742e-3 elapsed=1.676176709285913e-4 hit=TerrainSweepHit { collider: 42, node: TerrainNodeId { coordinates: BrickCoord { x: -67108864, y: -67108864, z: -67108864 }, level: 27 }, triangle: 1, fraction: 0.0024142649832897046, separation: 0.0 }
event refinement dt=1.9110906171630586e-3 elapsed=1.7224271617027472e-4 hit=TerrainSweepHit { collider: 42, node: TerrainNodeId { coordinates: BrickCoord { x: -67108864, y: -67108864, z: -67108864 }, level: 27 }, triangle: 1, fraction: 0.002065782880176839, separation: 1.1102230246251565e-16 }
event refinement dt=1.9071427188836565e-3 elapsed=1.7619061444967675e-4 hit=TerrainSweepHit { collider: 42, node: TerrainNodeId { coordinates: BrickCoord { x: -67108864, y: -67108864, z: -67108864 }, level: 27 }, triangle: 1, fraction: 0.0017601684739499033, separation: -2.7755575615628914e-16 }
event refinement dt=1.9037858263945544e-3 elapsed=1.7954750693877886e-4 hit=TerrainSweepHit { collider: 42, node: TerrainNodeId { coordinates: BrickCoord { x: -67108864, y: -67108864, z: -67108864 }, level: 27 }, triangle: 1, fraction: 0.0014943875197562532, separation: -2.7755575615628914e-16 }
event refinement dt=1.9009408326153016e-3 elapsed=1.8239250071803173e-4 hit=TerrainSweepHit { collider: 42, node: TerrainNodeId { coordinates: BrickCoord { x: -67108864, y: -67108864, z: -67108864 }, level: 27 }, triangle: 1, fraction: 0.0012648716130338965, separation: -1.1102230246251565e-16 }
event refinement dt=1.8985363865180694e-3 elapsed=1.8479694681526384e-4 hit=TerrainSweepHit { collider: 42, node: TerrainNodeId { coordinates: BrickCoord { x: -67108864, y: -67108864, z: -67108864 }, level: 27 }, triangle: 1, fraction: 0.001067841708673323, separation: -5.551115123125783e-17 }
event refinement dt=1.8965090501791115e-3 elapsed=1.868242831542218e-4 hit=TerrainSweepHit { collider: 42, node: TerrainNodeId { coordinates: BrickCoord { x: -67108864, y: -67108864, z: -67108864 }, level: 27 }, triangle: 1, fraction: 0.000899536888392328, separation: -1.1102230246251565e-16 }
event refinement dt=1.8948030703293056e-3 elapsed=1.885302630040278e-4 hit=TerrainSweepHit { collider: 42, node: TerrainNodeId { coordinates: BrickCoord { x: -67108864, y: -67108864, z: -67108864 }, level: 27 }, triangle: 1, fraction: 0.0007563657906632953, separation: -1.6653345369377348e-16 }
event refinement dt=1.8933699061068647e-3 elapsed=1.8996342722646866e-4 hit=TerrainSweepHit { collider: 42, node: TerrainNodeId { coordinates: BrickCoord { x: -67108864, y: -67108864, z: -67108864 }, level: 27 }, triangle: 1, fraction: 0.0006349924714617065, separation: 2.1505019986989282e-13 }
event refinement dt=1.8921676304707946e-3 elapsed=1.9116570286253868e-4 hit=TerrainSweepHit { collider: 42, node: TerrainNodeId { coordinates: BrickCoord { x: -67108864, y: -67108864, z: -67108864 }, level: 27 }, triangle: 1, fraction: 0.000532409927019797, separation: 1.511013536514838e-13 }
event refinement dt=1.8911602216407464e-3 elapsed=1.9217311169258687e-4 hit=TerrainSweepHit { collider: 42, node: TerrainNodeId { coordinates: BrickCoord { x: -67108864, y: -67108864, z: -67108864 }, level: 27 }, triangle: 1, fraction: 0.0004459129074994776, separation: 1.053046538856961e-13 }
event refinement dt=1.8903169288877672e-3 elapsed=1.9301640444556605e-4 hit=TerrainSweepHit { collider: 42, node: TerrainNodeId { coordinates: BrickCoord { x: -67108864, y: -67108864, z: -67108864 }, level: 27 }, triangle: 1, fraction: 0.0003731273986436244, separation: 7.382983113757291e-14 }
event refinement dt=1.8896115998494794e-3 elapsed=1.9372173348385395e-4 hit=TerrainSweepHit { collider: 42, node: TerrainNodeId { coordinates: BrickCoord { x: -67108864, y: -67108864, z: -67108864 }, level: 27 }, triangle: 1, fraction: 0.0003119838826904836, separation: 5.190292640122607e-14 }
event refinement dt=1.8890220714857815e-3 elapsed=1.9431126184755196e-4 hit=TerrainSweepHit { collider: 42, node: TerrainNodeId { coordinates: BrickCoord { x: -67108864, y: -67108864, z: -67108864 }, level: 27 }, triangle: 1, fraction: 0.00026069305805434507, separation: 3.624878175401136e-14 }
event refinement dt=1.8885296165452336e-3 elapsed=1.9480371678809975e-4 hit=TerrainSweepHit { collider: 42, node: TerrainNodeId { coordinates: BrickCoord { x: -67108864, y: -67108864, z: -67108864 }, level: 27 }, triangle: 1, fraction: 0.00021771817729363213, separation: 2.5202062658991053e-14 }
event refinement dt=1.8881184493193543e-3 elapsed=1.9521488401397902e-4 hit=TerrainSweepHit { collider: 42, node: TerrainNodeId { coordinates: BrickCoord { x: -67108864, y: -67108864, z: -67108864 }, level: 27 }, triangle: 1, fraction: 0.0001817464998867243, separation: 1.759703494030873e-14 }
event refinement dt=1.887775290399819e-3 elapsed=1.9555804293351436e-4 hit=TerrainSweepHit { collider: 42, node: TerrainNodeId { coordinates: BrickCoord { x: -67108864, y: -67108864, z: -67108864 }, level: 27 }, triangle: 1, fraction: 0.00015166157419622272, separation: 1.2101430968414206e-14 }
event refinement dt=1.8874889874275482e-3 elapsed=1.958443459057851e-4 hit=TerrainSweepHit { collider: 42, node: TerrainNodeId { coordinates: BrickCoord { x: -67108864, y: -67108864, z: -67108864 }, level: 27 }, triangle: 1, fraction: 0.00012651734511283014, separation: 8.548717289613705e-15 }
event refinement dt=1.887250187331929e-3 elapsed=1.9608314600140416e-4 hit=TerrainSweepHit { collider: 42, node: TerrainNodeId { coordinates: BrickCoord { x: -67108864, y: -67108864, z: -67108864 }, level: 27 }, triangle: 1, fraction: 0.00010551442965824524, separation: 6.050715484207103e-15 }
event refinement dt=1.8870510552047904e-3 elapsed=1.9628227812854292e-4 hit=TerrainSweepHit { collider: 42, node: TerrainNodeId { coordinates: BrickCoord { x: -67108864, y: -67108864, z: -67108864 }, level: 27 }, triangle: 1, fraction: 8.797912601022723e-5, separation: 4.385380947269368e-15 }
event refinement dt=1.8868850341022167e-3 elapsed=1.964482992311165e-4 hit=TerrainSweepHit { collider: 42, node: TerrainNodeId { coordinates: BrickCoord { x: -67108864, y: -67108864, z: -67108864 }, level: 27 }, triangle: 1, fraction: 7.334477008198709e-5, separation: 2.7200464103316335e-15 }
event refinement dt=1.8867466409532194e-3 elapsed=1.9658669238011386e-4 hit=TerrainSweepHit { collider: 42, node: TerrainNodeId { coordinates: BrickCoord { x: -67108864, y: -67108864, z: -67108864 }, level: 27 }, triangle: 1, fraction: 6.113547738476459e-5, separation: 1.9984014443252818e-15 }
event refinement dt=1.8866312937966207e-3 elapsed=1.9670203953671262e-4 hit=TerrainSweepHit { collider: 42, node: TerrainNodeId { coordinates: BrickCoord { x: -67108864, y: -67108864, z: -67108864 }, level: 27 }, triangle: 1, fraction: 5.095219417222697e-5, separation: 1.7208456881689926e-15 }
event refinement dt=1.8865351657926077e-3 elapsed=1.9679816754072555e-4 hit=TerrainSweepHit { collider: 42, node: TerrainNodeId { coordinates: BrickCoord { x: -67108864, y: -67108864, z: -67108864 }, level: 27 }, triangle: 1, fraction: 4.246071389792821e-5, separation: 9.992007221626409e-16 }
event refinement dt=1.8864550621626747e-3 elapsed=1.9687827117065865e-4 hit=TerrainSweepHit { collider: 42, node: TerrainNodeId { coordinates: BrickCoord { x: -67108864, y: -67108864, z: -67108864 }, level: 27 }, triangle: 1, fraction: 3.538130010180728e-5, separation: 6.661338147750939e-16 }
event refinement dt=1.8863883169299917e-3 elapsed=1.969450164033416e-4 hit=TerrainSweepHit { collider: 42, node: TerrainNodeId { coordinates: BrickCoord { x: -67108864, y: -67108864, z: -67108864 }, level: 27 }, triangle: 1, fraction: 2.9480088065409514e-5, separation: 5.551115123125783e-16 }
event refinement dt=1.886332706036283e-3 elapsed=1.9700062729705026e-4 hit=TerrainSweepHit { collider: 42, node: TerrainNodeId { coordinates: BrickCoord { x: -67108864, y: -67108864, z: -67108864 }, level: 27 }, triangle: 1, fraction: 2.4561646059480386e-5, separation: 4.440892098500626e-16 }
event refinement dt=1.8862863746000069e-3 elapsed=1.9704695873332635e-4 hit=TerrainSweepHit { collider: 42, node: TerrainNodeId { coordinates: BrickCoord { x: -67108864, y: -67108864, z: -67108864 }, level: 27 }, triangle: 1, fraction: 2.0462762053818237e-5, separation: 4.440892098500626e-16 }
event refinement dt=1.886247775970758e-3 elapsed=1.9708555736257515e-4 hit=TerrainSweepHit { collider: 42, node: TerrainNodeId { coordinates: BrickCoord { x: -67108864, y: -67108864, z: -67108864 }, level: 27 }, triangle: 1, fraction: 1.704719214703054e-5, separation: 3.885780586188048e-16 }
event refinement dt=1.8862156207424842e-3 elapsed=1.9711771259084903e-4 hit=TerrainSweepHit { collider: 42, node: TerrainNodeId { coordinates: BrickCoord { x: -67108864, y: -67108864, z: -67108864 }, level: 27 }, triangle: 1, fraction: 1.4201240520272298e-5, separation: 4.996003610813204e-16 }
event refinement dt=1.886188834140781e-3 elapsed=1.971444991925523e-4 hit=TerrainSweepHit { collider: 42, node: TerrainNodeId { coordinates: BrickCoord { x: -67108864, y: -67108864, z: -67108864 }, level: 27 }, triangle: 1, fraction: 1.1830057076355381e-5, separation: 1.6653345369377348e-16 }
event refinement dt=1.8861665204192163e-3 elapsed=1.9716681291411696e-4 hit=TerrainSweepHit { collider: 42, node: TerrainNodeId { coordinates: BrickCoord { x: -67108864, y: -67108864, z: -67108864 }, level: 27 }, triangle: 1, fraction: 9.854564356634122e-6, separation: 0.0 }
event refinement dt=1.8861479330698535e-3 elapsed=1.9718540026347975e-4 hit=TerrainSweepHit { collider: 42, node: TerrainNodeId { coordinates: BrickCoord { x: -67108864, y: -67108864, z: -67108864 }, level: 27 }, triangle: 1, fraction: 8.208785413961346e-6, separation: -1.6653345369377348e-16 }
event refinement dt=1.886132450086212e-3 elapsed=1.972008832471213e-4 hit=TerrainSweepHit { collider: 42, node: TerrainNodeId { coordinates: BrickCoord { x: -67108864, y: -67108864, z: -67108864 }, level: 27 }, triangle: 1, fraction: 6.837733659088348e-6, separation: 5.551115123125783e-16 }
event refinement dt=1.8861195532148725e-3 elapsed=1.9721378011846075e-4 hit=TerrainSweepHit { collider: 42, node: TerrainNodeId { coordinates: BrickCoord { x: -67108864, y: -67108864, z: -67108864 }, level: 27 }, triangle: 1, fraction: 5.695616707205619e-6, separation: 2.220446049250313e-16 }
event refinement dt=1.8861088106008335e-3 elapsed=1.9722452273249983e-4 hit=TerrainSweepHit { collider: 42, node: TerrainNodeId { coordinates: BrickCoord { x: -67108864, y: -67108864, z: -67108864 }, level: 27 }, triangle: 1, fraction: 4.7442129660862475e-6, separation: 1.1102230246251565e-16 }
event refinement dt=1.8860998624989588e-3 elapsed=1.9723347083437453e-4 hit=TerrainSweepHit { collider: 42, node: TerrainNodeId { coordinates: BrickCoord { x: -67108864, y: -67108864, z: -67108864 }, level: 27 }, triangle: 1, fraction: 3.951690139571208e-6, separation: 1.6653345369377348e-16 }
event refinement dt=1.88609240921673e-3 elapsed=1.9724092411660342e-4 hit=TerrainSweepHit { collider: 42, node: TerrainNodeId { coordinates: BrickCoord { x: -67108864, y: -67108864, z: -67108864 }, level: 27 }, triangle: 1, fraction: 3.2915304024352306e-6, separation: -1.1102230246251565e-16 }
event refinement dt=1.8860862010862231e-3 elapsed=1.9724713224711016e-4 hit=TerrainSweepHit { collider: 42, node: TerrainNodeId { coordinates: BrickCoord { x: -67108864, y: -67108864, z: -67108864 }, level: 27 }, triangle: 1, fraction: 2.7416344374170676e-6, separation: 2.220446049250313e-16 }
event refinement dt=1.8860810301273424e-3 elapsed=1.97252303205991e-4 hit=TerrainSweepHit { collider: 42, node: TerrainNodeId { coordinates: BrickCoord { x: -67108864, y: -67108864, z: -67108864 }, level: 27 }, triangle: 1, fraction: 2.2835968335508927e-6, separation: 1.6653345369377348e-16 }
event refinement dt=1.8860767230786742e-3 elapsed=1.972566102546592e-4 hit=TerrainSweepHit { collider: 42, node: TerrainNodeId { coordinates: BrickCoord { x: -67108864, y: -67108864, z: -67108864 }, level: 27 }, triangle: 1, fraction: 1.9020776823901037e-6, separation: 1.1102230246251565e-16 }
event refinement dt=1.886073135614232e-3 elapsed=1.9726019771910145e-4 hit=TerrainSweepHit { collider: 42, node: TerrainNodeId { coordinates: BrickCoord { x: -67108864, y: -67108864, z: -67108864 }, level: 27 }, triangle: 1, fraction: 1.5842884227100003e-6, separation: -1.6653345369377348e-16 }
event refinement dt=1.8860701475303988e-3 elapsed=1.9726318580293457e-4 hit=TerrainSweepHit { collider: 42, node: TerrainNodeId { coordinates: BrickCoord { x: -67108864, y: -67108864, z: -67108864 }, level: 27 }, triangle: 1, fraction: 1.319588928426978e-6, separation: -5.551115123125783e-17 }
event refinement dt=1.886067658693114e-3 elapsed=1.972656746402195e-4 hit=TerrainSweepHit { collider: 42, node: TerrainNodeId { coordinates: BrickCoord { x: -67108864, y: -67108864, z: -67108864 }, level: 27 }, triangle: 1, fraction: 1.099116168001349e-6, separation: 5.551115123125783e-17 }
event refinement dt=1.8860655856856561e-3 elapsed=1.972677476476771e-4 hit=TerrainSweepHit { collider: 42, node: TerrainNodeId { coordinates: BrickCoord { x: -67108864, y: -67108864, z: -67108864 }, level: 27 }, triangle: 1, fraction: 9.154744941788927e-7, separation: 0.0 }
event refinement dt=1.8860638590407182e-3 elapsed=1.9726947429261516e-4 hit=TerrainSweepHit { collider: 42, node: TerrainNodeId { coordinates: BrickCoord { x: -67108864, y: -67108864, z: -67108864 }, level: 27 }, triangle: 1, fraction: 7.62508625795347e-7, separation: 1.6653345369377348e-16 }
event refinement dt=1.886062420900757e-3 elapsed=1.9727091243257648e-4 hit=TerrainSweepHit { collider: 42, node: TerrainNodeId { coordinates: BrickCoord { x: -67108864, y: -67108864, z: -67108864 }, level: 27 }, triangle: 1, fraction: 6.351021853538847e-7, separation: 2.220446049250313e-16 }
event refinement dt=1.8860612230583917e-3 elapsed=1.972721102749417e-4 hit=TerrainSweepHit { collider: 42, node: TerrainNodeId { coordinates: BrickCoord { x: -67108864, y: -67108864, z: -67108864 }, level: 27 }, triangle: 1, fraction: 5.289882626225827e-7, separation: 3.885780586188048e-16 }
event refinement dt=1.886060225354142e-3 elapsed=1.972731079791913e-4 hit=TerrainSweepHit { collider: 42, node: TerrainNodeId { coordinates: BrickCoord { x: -67108864, y: -67108864, z: -67108864 }, level: 27 }, triangle: 1, fraction: 4.40606585275112e-7, separation: 2.220446049250313e-16 }
event refinement dt=1.8860593943435865e-3 elapsed=1.972739389897468e-4 hit=TerrainSweepHit { collider: 42, node: TerrainNodeId { coordinates: BrickCoord { x: -67108864, y: -67108864, z: -67108864 }, level: 27 }, triangle: 1, fraction: 3.669817376034433e-7, separation: 1.6653345369377348e-16 }

thread 'joint_machine::tests::terrain_ticks::saved_car::saved_car_cold_drop_remains_bounded_through_settling' (10701954) panicked at crates/mechanic-physics/src/joint_machine/tests/terrain_ticks/saved_car.rs:270:9:
tick=5 result=Err(NotConverged) diagnostics=JointTickDiagnostics { published: false, attempts: 4, substeps: 8, factorizations: 512, dynamics_assemblies: 12114, response_preparation_solves: 3072, constraint_factor_solves: 5673, force_factor_solves: 11346, position_factor_solves: 0, force_iterations: 5673, constraint_iterations: 7585, constraint_rows_prepared: 3072, surface_points: 0, surface_manifolds: 0, terrain_contact_queries: 512, terrain_path_queries: 512, terrain_correction_paths: 0, terrain_path_poses: 107175, terrain_envelopes: 34816, terrain_certified_intervals: 34816, terrain_chunk_candidates: 52224, terrain_triangle_candidates: 104448, terrain_path_rejections: 256, terrain_sweep_queries: 512, terrain_separation_evaluations: 71335, terrain_initial_contact_evaluations: 69632, terrain_linear_sweep_evaluations: 0, terrain_quadratic_sweep_evaluations: 3096, terrain_velocity_evaluations: 3096, terrain_impact_holds: 4, event_trials: 512, event_refinements: 256, release_refinements: 0, joint_stop_refinements: 0, last_joint_stop_coordinate: None, released_surface_points: 0, accepted_intervals: 64, accepted_seconds: 0.00019727463113910056, impact_attempts: 0, impact_events: 0, impact_rows_prepared: 0, impact_factor_solves: 0, impact_iterations: 0, newton_attempts: 4991, newton_accepts: 4991, newton_applications: 0, newton_local_factorizations: 0, newton_generalized_factorizations: 0, newton_reduced_storage: 0, newton_contact_factorizations: 4991, newton_contact_storage: 36, newton_line_searches: 4991, residual: 9.938726243384277e-9, drive_impulses: [0.0, 0.012535409741988397, -0.011526468289946471, 0.0, -0.011607004504727465, 0.011481396855519225, 0.0, -0.011449238910364697, 0.0, 0.0114492374854184] }
note: run with `RUST_BACKTRACE=1` environment variable to display a backtrace
test joint_machine::tests::terrain_ticks::saved_car::saved_car_cold_drop_remains_bounded_through_settling ... FAILED

failures:

failures:
    joint_machine::tests::terrain_ticks::saved_car::saved_car_cold_drop_remains_bounded_through_settling

test result: FAILED. 0 passed; 1 failed; 0 ignored; 0 measured; 96 filtered out; finished in 1.69s

error: test failed, to rerun pass `-p mechanic-physics --lib`
